{
  "meta": {
    "n_cells": 1009
  },
  "population_stats": {
    "average_age": 0.0,
    "generation_count": 0,
    "grid_occupancy": 0.17777777777777778,
    "phenotype_counts": {
      "Quiescent": 1009
    },
    "total_cells": 1009
  },
  "substance_stats": {
    "FGF": {
      "max": 0.0,
      "mean": 0.0,
      "min": 0.0,
      "std": 0.0
    },
    "GI": {
      "max": 0.0,
      "mean": 0.0,
      "min": 0.0,
      "std": 0.0
    },
    "Glucose": {
      "max": 4.999941288961043,
      "mean": 4.963429941896449,
      "min": 4.8832502329539755,
      "std": 0.03232693946281517
    },
    "H": {
      "max": 6.879801165063671e-05,
      "mean": 4.9128637059902926e-05,
      "min": 4.001487512918578e-05,
      "std": 8.044910638806142e-06
    },
    "HGF": {
      "max": 1.9999950766098568e-06,
      "mean": 1.996967954105662e-06,
      "min": 1.9903719120532163e-06,
      "std": 2.689226526128113e-09
    },
    "Lactate": {
      "max": 34.125524959800906,
      "mean": 11.353192190346457,
      "min": 1.0165760600567757,
      "std": 9.156294148356373
    },
    "Oxygen": {
      "max": 0.06995032157832531,
      "mean": 0.04085403718030517,
      "min": 0.0,
      "std": 0.023766363056766993
    },
    "TGFA": {
      "max": 0.000494317681390917,
      "mean": 0.0004935048260069754,
      "min": 0.0004925605417547285,
      "std": 3.070344210728138e-07
    }
  }
}