{
  "Oxygen": {
    "min": [
      0.07,
      0.07,
      0.06990047236470152
    ],
    "max": [
      0.07,
      0.07,
      0.06999999999999965
    ],
    "mean": [
      0.07000000000000002,
      0.07000000000000002,
      0.06999652585356407
    ]
  },
  "Glucose": {
    "min": [
      5.0,
      5.0,
      4.347832743045236
    ],
    "max": [
      5.0,
      5.0,
      5.000000000000001
    ],
    "mean": [
      5.0,
      5.0,
      4.978279753354481
    ]
  },
  "Lactate": {
    "min": [
      5.0,
      5.0,
      4.190717751978237
    ],
    "max": [
      5.0,
      5.0,
      5.749986155205051
    ],
    "mean": [
      5.0,
      5.0,
      4.977499963011919
    ]
  },
  "H": {
    "min": [
      4e-05,
      4e-05,
      3.49849964696921e-05
    ],
    "max": [
      4e-05,
      4e-05,
      3.9999999999981416e-05
    ],
    "mean": [
      4e-05,
      4e-05,
      3.982160783070891e-05
    ]
  },
  "FGF": {
    "min": [
      0.0,
      0.0,
      0.0
    ],
    "max": [
      0.0,
      0.0,
      0.0
    ],
    "mean": [
      0.0,
      0.0,
      0.0
    ]
  },
  "TGFA": {
    "min": [
      0.0,
      0.0,
      0.0
    ],
    "max": [
      0.0,
      0.0,
      0.0
    ],
    "mean": [
      0.0,
      0.0,
      0.0
    ]
  },
  "HGF": {
    "min": [
      2e-06,
      2e-06,
      1.9998000296250954e-06
    ],
    "max": [
      2e-06,
      2e-06,
      2.0000000000000003e-06
    ],
    "mean": [
      2.0000000000000003e-06,
      2.0000000000000003e-06,
      1.9999933756295277e-06
    ]
  }
}