# cell_size_um=20.0, domain_size_um=3000.0, description="Spheroid pattern with 9000 cells"
x,y,phenotype,gene_Proliferation,gene_glycoATP,gene_mitoATP
47,49,Proliferation,true,false,true
95,62,Growth_Arrest,false,false,false
56,51,Proliferation,true,true,false
113,50,Growth_Arrest,false,true,false
111,51,Proliferation,true,true,true
120,74,Proliferation,true,false,true
39,88,Proliferation,true,true,false
76,95,Proliferation,true,false,true
95,109,Growth_Arrest,false,false,false
58,50,Growth_Arrest,false,true,true
107,94,Proliferation,true,true,true
115,95,Proliferation,true,false,false
112,97,Proliferation,true,false,true
52,59,Growth_Arrest,false,false,true
45,52,Growth_Arrest,false,false,false
122,71,Proliferation,true,false,true
26,97,Proliferation,true,true,true
63,103,Proliferation,true,false,false
56,57,Growth_Arrest,false,true,true
99,69,Proliferation,true,true,false
58,60,Growth_Arrest,false,true,true
96,79,Proliferation,true,false,false
74,109,Growth_Arrest,false,true,true
89,48,Growth_Arrest,false,true,false
95,37,Growth_Arrest,false,false,false
97,45,Proliferation,true,true,false
82,56,Proliferation,true,false,true
57,31,Growth_Arrest,false,true,false
36,56,Proliferation,true,false,false
51,37,Growth_Arrest,false,false,false
53,68,Proliferation,true,true,false
73,103,Proliferation,true,false,true
85,57,Growth_Arrest,false,true,false
67,73,Proliferation,true,false,true
88,111,Proliferation,true,false,true
62,93,Growth_Arrest,false,true,true
98,84,Proliferation,true,true,true
87,74,Growth_Arrest,false,false,true
50,122,Proliferation,true,true,true
36,82,Proliferation,true,false,false
84,91,Growth_Arrest,false,false,true
100,111,Growth_Arrest,false,false,false
117,96,Proliferation,true,true,false
40,95,Proliferation,true,true,false
52,75,Growth_Arrest,false,false,true
100,69,Proliferation,true,false,false
96,63,Proliferation,true,false,false
97,119,Proliferation,true,true,false
82,93,Proliferation,true,true,true
121,53,Proliferation,true,true,false
72,51,Proliferation,true,false,false
85,29,Proliferation,true,true,true
102,118,Proliferation,true,true,false
66,77,Growth_Arrest,false,false,false
69,87,Proliferation,true,false,true
89,63,Growth_Arrest,false,true,false
49,46,Growth_Arrest,false,false,true
87,88,Growth_Arrest,false,true,false
82,95,Proliferation,true,true,true
51,43,Growth_Arrest,false,false,true
95,57,Proliferation,true,false,true
61,50,Proliferation,true,true,true
80,95,Growth_Arrest,false,true,false
115,92,Proliferation,true,false,false
46,60,Proliferation,true,true,false
102,81,Proliferation,true,false,false
99,36,Proliferation,true,true,false
86,37,Proliferation,true,true,true
67,112,Proliferation,true,false,false
41,84,Growth_Arrest,false,false,false
87,113,Proliferation,true,true,true
74,101,Growth_Arrest,false,true,false
26,72,Proliferation,true,false,true
107,57,Proliferation,true,true,true
37,60,Proliferation,true,false,false
101,93,Growth_Arrest,false,false,false
59,81,Growth_Arrest,false,true,false
102,110,Growth_Arrest,false,false,false
80,45,Growth_Arrest,false,false,false
33,92,Growth_Arrest,false,true,false
124,84,Proliferation,true,true,false
116,63,Growth_Arrest,false,false,true
72,106,Proliferation,true,true,true
73,120,Growth_Arrest,false,false,true
39,40,Proliferation,true,true,true
66,51,Proliferation,true,true,true
23,80,Proliferation,true,true,false
32,80,Proliferation,true,true,true
101,99,Growth_Arrest,false,true,true
107,43,Proliferation,true,false,true
45,80,Growth_Arrest,false,false,true
73,97,Growth_Arrest,false,true,false
40,96,Growth_Arrest,false,true,false
61,71,Proliferation,true,false,false
28,62,Proliferation,true,true,false
60,62,Proliferation,true,false,false
69,67,Proliferation,true,true,true
105,112,Proliferation,true,true,true
82,23,Proliferation,true,false,true
89,79,Growth_Arrest,false,false,true
47,38,Proliferation,true,false,false
49,90,Proliferation,true,false,true
85,118,Growth_Arrest,false,true,true
32,46,Growth_Arrest,false,false,false
31,87,Growth_Arrest,false,false,false
98,44,Growth_Arrest,false,false,true
110,98,Growth_Arrest,false,false,false
59,64,Growth_Arrest,false,false,false
126,67,Proliferation,true,true,true
55,53,Proliferation,true,true,true
95,86,Growth_Arrest,false,true,true
86,102,Growth_Arrest,false,true,true
57,43,Proliferation,true,true,false
37,75,Proliferation,true,true,true
112,69,Proliferation,true,true,true
108,93,Proliferation,true,false,true
93,92,Growth_Arrest,false,true,false
96,90,Growth_Arrest,false,false,false
41,92,Proliferation,true,false,true
25,94,Proliferation,true,true,false
69,35,Growth_Arrest,false,true,false
97,28,Proliferation,true,true,true
41,76,Proliferation,true,false,true
66,93,Proliferation,true,false,false
81,122,Proliferation,true,false,false
36,73,Proliferation,true,false,false
119,84,Growth_Arrest,false,true,true
117,95,Proliferation,true,false,false
124,81,Proliferation,true,true,true
90,63,Proliferation,true,false,true
65,73,Proliferation,true,true,false
111,111,Growth_Arrest,false,true,false
56,48,Growth_Arrest,false,true,false
76,43,Proliferation,true,false,true
82,52,Growth_Arrest,false,false,true
28,85,Proliferation,true,true,true
103,53,Proliferation,true,true,true
79,114,Proliferation,true,true,true
88,59,Proliferation,true,false,false
48,56,Growth_Arrest,false,false,true
97,109,Growth_Arrest,false,true,true
63,111,Proliferation,true,true,false
67,125,Proliferation,true,true,false
123,89,Proliferation,true,false,false
111,109,Proliferation,true,false,false
55,47,Proliferation,true,false,false
50,87,Growth_Arrest,false,false,false
45,81,Proliferation,true,false,true
69,107,Proliferation,true,true,true
62,119,Proliferation,true,true,true
44,82,Proliferation,true,false,false
92,95,Growth_Arrest,false,false,false
79,93,Proliferation,true,false,false
111,98,Growth_Arrest,false,false,true
107,85,Proliferation,true,true,true
90,36,Proliferation,true,true,true
90,68,Proliferation,true,false,true
92,32,Proliferation,true,true,true
98,69,Proliferation,true,false,false
66,64,Growth_Arrest,false,true,true
98,81,Proliferation,true,true,true
50,30,Proliferation,true,false,false
29,81,Growth_Arrest,false,true,false
33,89,Growth_Arrest,false,true,true
123,84,Proliferation,true,false,true
68,33,Growth_Arrest,false,false,false
120,58,Growth_Arrest,false,true,false
64,57,Proliferation,true,false,false
100,42,Proliferation,true,false,true
51,39,Proliferation,true,false,true
95,110,Proliferation,true,false,true
80,125,Proliferation,true,true,true
73,37,Growth_Arrest,false,false,true
71,97,Proliferation,true,false,true
83,74,Proliferation,true,false,true
69,55,Proliferation,true,false,false
26,77,Proliferation,true,true,true
103,115,Growth_Arrest,false,false,true
65,23,Proliferation,true,false,false
25,64,Proliferation,true,true,false
86,56,Proliferation,true,true,true
72,38,Growth_Arrest,false,false,true
97,84,Proliferation,true,false,false
53,33,Proliferation,true,true,false
124,72,Proliferation,true,false,true
101,103,Growth_Arrest,false,false,false
67,77,Proliferation,true,true,true
90,100,Proliferation,true,false,false
89,52,Growth_Arrest,false,false,true
116,77,Proliferation,true,false,false
87,24,Proliferation,true,false,true
48,100,Growth_Arrest,false,true,false
120,93,Proliferation,true,false,false
83,83,Proliferation,true,true,true
103,68,Proliferation,true,true,true
79,121,Proliferation,true,false,true
86,66,Proliferation,true,false,false
52,82,Proliferation,true,true,true
65,69,Proliferation,true,false,false
58,64,Proliferation,true,false,false
63,74,Growth_Arrest,false,true,true
71,116,Proliferation,true,true,false
69,28,Growth_Arrest,false,true,true
96,60,Proliferation,true,true,true
63,105,Proliferation,true,false,false
68,34,Growth_Arrest,false,false,true
111,69,Growth_Arrest,false,true,true
59,102,Proliferation,true,true,false
67,89,Proliferation,true,false,true
57,101,Proliferation,true,true,false
67,108,Proliferation,true,true,true
79,50,Proliferation,true,true,true
58,70,Proliferation,true,false,true
98,52,Growth_Arrest,false,true,false
91,45,Proliferation,true,false,true
82,54,Proliferation,true,true,false
126,60,Growth_Arrest,false,false,true
70,57,Proliferation,true,true,true
70,52,Growth_Arrest,false,false,false
58,27,Proliferation,true,false,true
103,42,Growth_Arrest,false,false,true
73,63,Growth_Arrest,false,false,true
102,90,Growth_Arrest,false,true,false
118,67,Growth_Arrest,false,true,true
73,123,Proliferation,true,false,true
44,92,Proliferation,true,true,false
124,65,Proliferation,true,false,false
55,65,Proliferation,true,false,false
48,72,Proliferation,true,false,true
49,36,Proliferation,true,false,false
94,118,Growth_Arrest,false,true,true
41,43,Growth_Arrest,false,false,false
52,50,Proliferation,true,true,true
51,44,Growth_Arrest,false,false,false
111,112,Proliferation,true,true,true
63,83,Proliferation,true,false,false
123,88,Proliferation,true,true,true
39,107,Growth_Arrest,false,false,false
102,33,Proliferation,true,true,false
45,103,Growth_Arrest,false,true,false
55,30,Proliferation,true,true,true
47,111,Growth_Arrest,false,false,false
89,34,Growth_Arrest,false,true,false
92,26,Proliferation,true,true,false
99,44,Proliferation,true,true,true
71,68,Proliferation,true,false,true
87,29,Proliferation,true,true,true
92,100,Proliferation,true,true,false
81,50,Growth_Arrest,false,false,false
60,55,Growth_Arrest,false,false,false
60,29,Proliferation,true,false,true
29,60,Proliferation,true,false,false
93,70,Growth_Arrest,false,false,false
115,93,Growth_Arrest,false,false,false
56,68,Growth_Arrest,false,true,true
35,54,Proliferation,true,true,false
63,45,Proliferation,true,false,true
90,75,Growth_Arrest,false,false,true
90,27,Proliferation,true,false,true
100,114,Proliferation,true,true,false
46,53,Proliferation,true,true,false
107,51,Proliferation,true,false,true
35,73,Growth_Arrest,false,false,false
87,53,Proliferation,true,true,true
69,59,Proliferation,true,true,true
68,84,Proliferation,true,true,false
104,46,Growth_Arrest,false,false,true
99,87,Growth_Arrest,false,true,false
119,98,Growth_Arrest,false,true,true
66,22,Proliferation,true,false,true
64,86,Proliferation,true,true,false
97,123,Proliferation,true,true,false
67,127,Proliferation,true,false,false
116,75,Proliferation,true,true,true
79,98,Growth_Arrest,false,true,false
93,114,Proliferation,true,false,false
79,104,Growth_Arrest,false,false,true
92,78,Growth_Arrest,false,false,true
75,120,Proliferation,true,true,false
52,98,Growth_Arrest,false,true,true
24,85,Proliferation,true,true,false
100,54,Proliferation,true,true,false
76,67,Growth_Arrest,false,true,false
94,108,Proliferation,true,false,false
112,98,Growth_Arrest,false,false,true
107,56,Proliferation,true,true,false
57,92,Proliferation,true,false,false
65,58,Proliferation,true,false,true
106,68,Proliferation,true,false,false
71,124,Proliferation,true,true,false
37,96,Proliferation,true,true,false
68,23,Growth_Arrest,false,true,true
67,29,Growth_Arrest,false,true,true
28,92,Proliferation,true,false,true
50,95,Proliferation,true,true,true
102,64,Proliferation,true,false,false
40,60,Growth_Arrest,false,true,true
44,49,Growth_Arrest,false,false,true
96,88,Growth_Arrest,false,false,false
73,117,Proliferation,true,false,false
82,62,Growth_Arrest,false,true,true
62,74,Proliferation,true,true,true
58,42,Proliferation,true,true,false
78,96,Proliferation,true,true,true
50,33,Proliferation,true,true,true
64,79,Proliferation,true,true,false
60,42,Growth_Arrest,false,false,false
57,24,Proliferation,true,true,false
86,86,Proliferation,true,false,true
51,115,Proliferation,true,true,false
45,109,Proliferation,true,false,false
69,104,Proliferation,true,false,false
44,79,Proliferation,true,true,false
73,48,Proliferation,true,true,true
92,122,Proliferation,true,false,false
89,35,Growth_Arrest,false,true,false
89,64,Growth_Arrest,false,true,false
69,113,Growth_Arrest,false,true,false
56,84,Proliferation,true,false,false
106,107,Proliferation,true,false,true
52,105,Proliferation,true,true,false
77,63,Growth_Arrest,false,false,false
62,108,Proliferation,true,true,true
88,65,Growth_Arrest,false,false,false
41,44,Growth_Arrest,false,false,false
77,53,Growth_Arrest,false,false,false
26,55,Proliferation,true,false,false
33,83,Growth_Arrest,false,false,true
84,52,Proliferation,true,false,false
53,69,Proliferation,true,false,true
40,112,Growth_Arrest,false,false,true
47,56,Proliferation,true,true,true
49,83,Growth_Arrest,false,true,false
125,76,Proliferation,true,true,false
65,114,Proliferation,true,false,false
36,74,Growth_Arrest,false,false,false
76,114,Proliferation,true,false,true
80,34,Growth_Arrest,false,true,true
57,88,Proliferation,true,false,false
115,85,Proliferation,true,false,true
33,81,Proliferation,true,true,true
69,22,Proliferation,true,false,false
99,117,Proliferation,true,false,true
85,32,Proliferation,true,false,true
90,96,Growth_Arrest,false,true,true
69,98,Proliferation,true,true,true
46,69,Proliferation,true,false,false
72,112,Proliferation,true,false,false
53,72,Proliferation,true,true,false
40,73,Proliferation,true,false,true
99,72,Proliferation,true,true,true
115,103,Growth_Arrest,false,true,false
71,52,Proliferation,true,false,false
96,92,Proliferation,true,true,true
52,68,Proliferation,true,true,true
36,49,Growth_Arrest,false,false,false
94,74,Growth_Arrest,false,true,false
85,54,Proliferation,true,true,true
34,76,Proliferation,true,true,false
35,42,Proliferation,true,false,true
115,41,Growth_Arrest,false,true,true
88,67,Growth_Arrest,false,true,false
86,106,Growth_Arrest,false,true,false
58,46,Growth_Arrest,false,true,true
60,27,Proliferation,true,true,true
76,76,Growth_Arrest,false,false,false
55,56,Growth_Arrest,false,true,true
86,93,Growth_Arrest,false,true,true
89,39,Proliferation,true,true,true
71,79,Proliferation,true,false,false
97,82,Proliferation,true,true,false
94,81,Proliferation,true,false,true
65,70,Proliferation,true,true,false
39,85,Growth_Arrest,false,true,true
40,97,Proliferation,true,true,false
76,99,Proliferation,true,false,true
70,30,Proliferation,true,false,false
105,64,Proliferation,true,true,true
82,53,Proliferation,true,true,false
78,36,Growth_Arrest,false,true,true
101,88,Growth_Arrest,false,true,false
83,61,Proliferation,true,false,true
120,79,Growth_Arrest,false,true,true
23,65,Growth_Arrest,false,true,true
66,81,Proliferation,true,true,false
61,76,Growth_Arrest,false,false,false
60,33,Growth_Arrest,false,true,true
75,95,Proliferation,true,false,true
114,57,Growth_Arrest,false,false,false
103,113,Proliferation,true,false,false
120,60,Growth_Arrest,false,true,false
88,119,Growth_Arrest,false,false,false
59,95,Proliferation,true,false,true
69,44,Proliferation,true,false,true
33,107,Growth_Arrest,false,true,false
94,112,Growth_Arrest,false,true,true
111,78,Proliferation,true,false,true
61,104,Proliferation,true,true,false
117,70,Proliferation,true,false,true
52,69,Growth_Arrest,false,true,false
63,102,Growth_Arrest,false,true,false
49,91,Growth_Arrest,false,false,false
115,76,Growth_Arrest,false,false,false
120,73,Proliferation,true,true,false
94,84,Proliferation,true,false,true
74,68,Proliferation,true,true,true
73,23,Proliferation,true,true,false
24,79,Growth_Arrest,false,false,false
86,90,Growth_Arrest,false,true,true
66,105,Growth_Arrest,false,false,true
105,65,Proliferation,true,false,true
72,22,Growth_Arrest,false,true,true
82,102,Growth_Arrest,false,false,true
50,43,Growth_Arrest,false,false,false
47,32,Proliferation,true,true,false
85,23,Growth_Arrest,false,false,true
85,70,Growth_Arrest,false,true,true
85,71,Proliferation,true,false,false
117,44,Proliferation,true,true,true
59,92,Proliferation,true,true,true
103,102,Growth_Arrest,false,false,true
89,121,Proliferation,true,false,true
101,107,Proliferation,true,false,false
66,117,Proliferation,true,false,true
123,75,Growth_Arrest,false,false,false
63,36,Proliferation,true,true,false
54,47,Proliferation,true,false,true
44,45,Proliferation,true,true,true
69,74,Proliferation,true,false,false
122,53,Growth_Arrest,false,true,true
44,35,Proliferation,true,true,false
90,103,Proliferation,true,true,false
92,101,Proliferation,true,true,false
118,57,Proliferation,true,false,false
50,62,Growth_Arrest,false,true,false
114,93,Growth_Arrest,false,true,true
99,94,Proliferation,true,false,false
110,40,Proliferation,true,true,false
65,60,Proliferation,true,false,false
41,98,Growth_Arrest,false,true,true
42,46,Proliferation,true,false,false
52,63,Growth_Arrest,false,false,false
113,41,Proliferation,true,false,false
97,55,Growth_Arrest,false,true,true
55,73,Proliferation,true,true,false
85,64,Proliferation,true,true,false
81,83,Proliferation,true,false,true
59,99,Growth_Arrest,false,true,false
23,88,Proliferation,true,false,false
52,36,Growth_Arrest,false,true,true
74,44,Proliferation,true,true,true
69,126,Proliferation,true,true,true
88,54,Growth_Arrest,false,false,false
96,118,Proliferation,true,true,true
112,83,Proliferation,true,false,true
78,105,Proliferation,true,true,false
125,80,Proliferation,true,false,true
31,76,Proliferation,true,false,true
34,85,Proliferation,true,false,false
62,75,Growth_Arrest,false,true,true
68,115,Proliferation,true,false,true
51,100,Proliferation,true,false,true
116,66,Proliferation,true,true,true
104,110,Proliferation,true,false,false
65,67,Growth_Arrest,false,false,false
43,79,Growth_Arrest,false,true,true
76,82,Growth_Arrest,false,true,true
68,74,Proliferation,true,true,true
68,25,Growth_Arrest,false,true,false
82,99,Growth_Arrest,false,false,true
30,82,Growth_Arrest,false,false,false
72,24,Growth_Arrest,false,true,true
104,53,Proliferation,true,true,false
89,57,Growth_Arrest,false,true,false
86,123,Proliferation,true,false,true
83,126,Proliferation,true,false,true
40,103,Proliferation,true,false,false
32,43,Proliferation,true,true,false
87,58,Proliferation,true,true,false
73,33,Proliferation,true,true,true
74,45,Proliferation,true,false,false
97,59,Proliferation,true,false,true
58,39,Proliferation,true,false,true
125,82,Proliferation,true,false,false
58,119,Proliferation,true,true,false
88,109,Growth_Arrest,false,false,false
86,89,Proliferation,true,false,true
82,116,Proliferation,true,true,true
54,107,Proliferation,true,true,false
126,73,Growth_Arrest,false,true,true
95,97,Proliferation,true,false,false
70,78,Proliferation,true,false,true
123,94,Growth_Arrest,false,true,false
111,96,Proliferation,true,false,true
100,60,Growth_Arrest,false,false,true
104,75,Proliferation,true,false,false
91,96,Growth_Arrest,false,false,true
52,113,Proliferation,true,false,true
97,91,Growth_Arrest,false,false,false
72,127,Proliferation,true,false,true
29,62,Proliferation,true,false,true
44,88,Proliferation,true,true,true
103,100,Proliferation,true,true,true
74,106,Proliferation,true,false,false
72,34,Growth_Arrest,false,false,true
102,31,Proliferation,true,true,false
51,61,Growth_Arrest,false,true,false
109,87,Growth_Arrest,false,false,true
39,67,Growth_Arrest,false,false,false
53,38,Proliferation,true,false,false
81,49,Proliferation,true,false,false
68,56,Proliferation,true,false,true
92,120,Proliferation,true,false,false
54,115,Proliferation,true,true,false
58,103,Growth_Arrest,false,true,false
64,91,Growth_Arrest,false,false,false
97,90,Proliferation,true,true,true
65,72,Proliferation,true,true,false
24,60,Proliferation,true,false,true
84,26,Proliferation,true,false,true
49,96,Proliferation,true,false,false
74,30,Growth_Arrest,false,false,true
40,66,Proliferation,true,true,true
91,102,Growth_Arrest,false,false,false
77,67,Proliferation,true,true,false
45,99,Proliferation,true,true,false
94,79,Proliferation,true,false,false
44,64,Proliferation,true,false,false
80,96,Proliferation,true,false,false
85,87,Growth_Arrest,false,false,true
44,116,Proliferation,true,false,true
108,68,Proliferation,true,false,false
111,71,Proliferation,true,false,false
26,81,Proliferation,true,false,true
75,100,Growth_Arrest,false,false,false
89,117,Proliferation,true,false,true
65,52,Proliferation,true,true,true
72,26,Proliferation,true,true,false
33,103,Proliferation,true,false,true
68,55,Growth_Arrest,false,false,true
69,122,Proliferation,true,true,false
81,34,Growth_Arrest,false,true,true
61,67,Proliferation,true,true,false
84,70,Growth_Arrest,false,true,true
22,67,Growth_Arrest,false,false,false
75,96,Proliferation,true,true,true
47,63,Growth_Arrest,false,true,true
81,103,Proliferation,true,true,false
105,101,Proliferation,true,true,false
58,113,Growth_Arrest,false,true,false
42,32,Proliferation,true,false,false
22,71,Proliferation,true,true,false
86,100,Proliferation,true,true,false
88,85,Growth_Arrest,false,false,false
77,74,Growth_Arrest,false,true,false
89,59,Growth_Arrest,false,true,false
51,120,Proliferation,true,true,true
91,65,Proliferation,true,true,false
73,88,Growth_Arrest,false,true,true
34,51,Proliferation,true,true,true
32,85,Proliferation,true,false,false
89,46,Proliferation,true,true,false
60,54,Proliferation,true,true,false
61,88,Growth_Arrest,false,true,false
37,54,Proliferation,true,false,false
108,77,Proliferation,true,false,false
94,88,Growth_Arrest,false,true,false
69,88,Proliferation,true,true,false
53,83,Growth_Arrest,false,true,true
111,100,Proliferation,true,true,false
91,123,Proliferation,true,true,true
64,96,Growth_Arrest,false,true,true
124,70,Proliferation,true,false,true
79,74,Proliferation,true,false,false
101,85,Proliferation,true,false,true
122,76,Growth_Arrest,false,true,true
32,64,Proliferation,true,false,true
57,42,Proliferation,true,false,false
82,98,Proliferation,true,true,true
88,87,Proliferation,true,true,true
65,105,Growth_Arrest,false,true,true
108,109,Proliferation,true,false,true
62,94,Growth_Arrest,false,false,false
41,57,Proliferation,true,false,false
69,45,Growth_Arrest,false,false,true
103,108,Proliferation,true,true,true
54,119,Growth_Arrest,false,false,false
111,88,Proliferation,true,true,true
63,52,Proliferation,true,false,true
82,30,Proliferation,true,false,false
98,37,Growth_Arrest,false,false,false
39,105,Growth_Arrest,false,false,true
103,83,Growth_Arrest,false,false,true
62,30,Growth_Arrest,false,true,false
60,31,Proliferation,true,true,false
75,43,Growth_Arrest,false,true,true
70,97,Growth_Arrest,false,true,true
83,57,Proliferation,true,true,true
71,39,Proliferation,true,false,true
80,126,Proliferation,true,true,true
67,118,Growth_Arrest,false,true,true
83,123,Growth_Arrest,false,false,true
46,54,Proliferation,true,true,false
107,53,Proliferation,true,true,false
67,80,Proliferation,true,true,false
113,54,Proliferation,true,true,false
47,120,Proliferation,true,true,true
92,88,Proliferation,true,false,false
63,100,Proliferation,true,true,false
86,119,Proliferation,true,false,true
98,99,Proliferation,true,true,false
54,94,Proliferation,true,false,false
119,100,Growth_Arrest,false,true,true
48,70,Proliferation,true,false,false
121,51,Proliferation,true,false,false
75,52,Proliferation,true,false,false
107,87,Proliferation,true,false,false
103,45,Growth_Arrest,false,true,false
103,85,Growth_Arrest,false,true,true
41,63,Growth_Arrest,false,true,true
63,116,Proliferation,true,false,true
111,104,Proliferation,true,false,false
124,89,Proliferation,true,true,false
54,100,Proliferation,true,true,true
40,39,Growth_Arrest,false,true,true
118,82,Growth_Arrest,false,false,true
69,77,Proliferation,true,true,false
85,53,Growth_Arrest,false,false,true
46,44,Proliferation,true,true,false
29,74,Proliferation,true,false,false
71,66,Proliferation,true,true,true
66,55,Proliferation,true,false,false
86,25,Growth_Arrest,false,true,false
58,122,Proliferation,true,false,false
113,46,Proliferation,true,true,false
83,44,Proliferation,true,false,true
57,99,Proliferation,true,false,false
106,106,Proliferation,true,false,true
114,40,Proliferation,true,false,true
81,32,Proliferation,true,false,false
55,46,Proliferation,true,false,true
101,84,Proliferation,true,false,false
68,65,Proliferation,true,false,false
109,100,Proliferation,true,false,false
106,35,Growth_Arrest,false,true,false
90,71,Proliferation,true,true,false
53,88,Proliferation,true,true,true
116,72,Proliferation,true,false,false
47,48,Proliferation,true,false,true
87,67,Growth_Arrest,false,false,true
83,40,Proliferation,true,false,false
32,105,Growth_Arrest,false,false,false
113,45,Proliferation,true,false,true
73,29,Proliferation,true,false,false
28,68,Growth_Arrest,false,false,false
75,23,Proliferation,true,false,true
73,51,Proliferation,true,false,true
112,41,Proliferation,true,false,true
85,99,Proliferation,true,true,false
118,47,Proliferation,true,true,false
46,71,Proliferation,true,false,false
33,71,Proliferation,true,true,false
54,36,Proliferation,true,true,false
76,92,Growth_Arrest,false,false,false
81,110,Growth_Arrest,false,false,false
50,90,Growth_Arrest,false,true,true
108,101,Proliferation,true,true,false
96,100,Proliferation,true,false,true
78,110,Proliferation,true,false,true
32,61,Proliferation,true,true,true
40,79,Proliferation,true,false,true
106,44,Proliferation,true,false,false
36,66,Proliferation,true,true,false
74,103,Growth_Arrest,false,true,false
119,51,Proliferation,true,true,true
102,52,Proliferation,true,true,true
23,70,Proliferation,true,true,true
89,101,Growth_Arrest,false,false,false
55,33,Proliferation,true,false,false
22,77,Growth_Arrest,false,false,true
43,99,Proliferation,true,false,false
45,72,Proliferation,true,false,true
35,45,Proliferation,true,true,false
74,64,Proliferation,true,true,false
73,96,Proliferation,true,false,false
62,95,Growth_Arrest,false,true,false
78,65,Proliferation,true,false,false
90,91,Growth_Arrest,false,true,true
122,79,Proliferation,true,false,false
110,90,Proliferation,true,true,false
88,99,Proliferation,true,true,true
77,34,Proliferation,true,false,true
71,37,Proliferation,true,false,true
87,95,Proliferation,true,true,false
102,72,Proliferation,true,true,false
44,62,Proliferation,true,true,false
58,93,Growth_Arrest,false,true,false
119,59,Proliferation,true,true,true
65,101,Growth_Arrest,false,false,true
89,44,Proliferation,true,false,true
82,72,Proliferation,true,false,true
34,96,Proliferation,true,false,true
106,112,Proliferation,true,false,true
75,91,Growth_Arrest,false,true,true
62,78,Proliferation,true,false,true
112,73,Proliferation,true,true,true
72,52,Proliferation,true,false,false
47,35,Growth_Arrest,false,false,true
91,90,Proliferation,true,true,true
46,42,Proliferation,true,false,true
106,104,Growth_Arrest,false,true,true
119,53,Growth_Arrest,false,true,true
81,89,Growth_Arrest,false,true,true
115,63,Proliferation,true,true,false
101,56,Proliferation,true,true,false
84,27,Proliferation,true,false,false
29,65,Proliferation,true,false,false
42,103,Proliferation,true,false,true
107,41,Growth_Arrest,false,false,false
111,80,Proliferation,true,false,true
32,47,Proliferation,true,true,false
114,102,Proliferation,true,false,true
64,33,Proliferation,true,true,true
47,30,Proliferation,true,false,true
43,66,Proliferation,true,true,true
87,93,Proliferation,true,false,true
67,63,Growth_Arrest,false,false,true
116,99,Proliferation,true,true,true
76,89,Proliferation,true,false,true
84,30,Proliferation,true,false,false
35,68,Proliferation,true,true,true
64,31,Growth_Arrest,false,false,false
49,28,Proliferation,true,true,false
124,71,Proliferation,true,false,false
78,71,Growth_Arrest,false,true,false
79,40,Proliferation,true,true,true
26,57,Growth_Arrest,false,false,false
30,46,Proliferation,true,false,false
28,76,Proliferation,true,true,false
55,77,Proliferation,true,false,true
121,58,Proliferation,true,true,false
105,69,Growth_Arrest,false,false,true
111,90,Growth_Arrest,false,true,false
36,67,Growth_Arrest,false,false,false
60,30,Proliferation,true,true,true
99,105,Growth_Arrest,false,false,true
93,28,Growth_Arrest,false,false,true
60,107,Growth_Arrest,false,false,false
57,53,Growth_Arrest,false,true,true
103,52,Proliferation,true,true,false
99,38,Proliferation,true,true,false
119,69,Proliferation,true,true,true
55,72,Proliferation,true,true,false
79,117,Proliferation,true,false,false
111,91,Proliferation,true,false,false
53,60,Growth_Arrest,false,true,true
78,88,Growth_Arrest,false,true,true
33,46,Growth_Arrest,false,false,false
88,66,Growth_Arrest,false,true,true
82,29,Proliferation,true,false,true
55,80,Proliferation,true,false,false
78,38,Proliferation,true,true,false
90,24,Proliferation,true,true,false
93,46,Proliferation,true,true,false
47,107,Proliferation,true,true,true
79,44,Growth_Arrest,false,true,false
67,55,Proliferation,true,true,false
68,38,Growth_Arrest,false,false,false
73,113,Growth_Arrest,false,true,true
117,69,Proliferation,true,false,false
90,45,Growth_Arrest,false,false,false
107,75,Growth_Arrest,false,true,true
110,97,Proliferation,true,true,true
57,36,Growth_Arrest,false,true,false
54,58,Growth_Arrest,false,false,false
113,52,Growth_Arrest,false,false,false
51,86,Growth_Arrest,false,true,true
114,83,Proliferation,true,true,false
101,83,Proliferation,true,false,false
87,82,Proliferation,true,false,true
31,79,Proliferation,true,false,false
76,32,Proliferation,true,true,true
78,22,Growth_Arrest,false,true,false
75,113,Proliferation,true,true,true
64,122,Growth_Arrest,false,true,false
68,104,Proliferation,true,false,false
83,53,Proliferation,true,false,false
121,86,Proliferation,true,false,false
72,60,Proliferation,true,true,false
67,28,Proliferation,true,false,true
97,52,Proliferation,true,true,true
83,50,Proliferation,true,false,true
112,92,Growth_Arrest,false,false,true
121,90,Proliferation,true,true,false
55,25,Proliferation,true,true,true
32,51,Proliferation,true,false,true
118,87,Growth_Arrest,false,true,true
116,95,Proliferation,true,false,true
100,84,Proliferation,true,true,true
64,34,Growth_Arrest,false,true,false
38,40,Proliferation,true,true,true
100,115,Proliferation,true,false,false
108,55,Proliferation,true,true,true
25,77,Growth_Arrest,false,true,false
38,77,Proliferation,true,true,false
35,47,Proliferation,true,true,false
42,108,Proliferation,true,false,false
47,94,Proliferation,true,true,true
85,59,Proliferation,true,false,true
57,54,Proliferation,true,false,true
30,63,Proliferation,true,true,true
51,121,Proliferation,true,false,false
76,68,Proliferation,true,true,true
61,116,Proliferation,true,true,true
90,49,Proliferation,true,true,true
127,67,Proliferation,true,false,false
25,58,Proliferation,true,true,false
93,84,Proliferation,true,false,true
46,72,Growth_Arrest,false,false,true
84,87,Proliferation,true,false,true
127,77,Growth_Arrest,false,false,true
25,62,Proliferation,true,false,true
65,116,Growth_Arrest,false,false,false
104,41,Growth_Arrest,false,false,true
66,127,Proliferation,true,false,true
78,126,Proliferation,true,true,true
115,90,Growth_Arrest,false,true,false
68,92,Growth_Arrest,false,false,true
69,100,Growth_Arrest,false,false,false
53,106,Proliferation,true,true,true
88,31,Growth_Arrest,false,false,true
53,36,Proliferation,true,false,true
81,113,Proliferation,true,true,false
91,44,Proliferation,true,true,true
104,36,Proliferation,true,true,false
55,74,Proliferation,true,false,false
86,60,Proliferation,true,true,false
119,72,Growth_Arrest,false,true,true
67,107,Proliferation,true,false,true
113,99,Proliferation,true,false,true
89,87,Proliferation,true,false,false
23,61,Proliferation,true,false,false
25,69,Growth_Arrest,false,false,false
97,89,Proliferation,true,false,false
66,100,Growth_Arrest,false,true,false
61,29,Proliferation,true,false,false
118,77,Growth_Arrest,false,true,true
116,105,Proliferation,true,true,true
109,92,Proliferation,true,false,false
102,49,Growth_Arrest,false,true,true
117,104,Growth_Arrest,false,false,false
101,69,Growth_Arrest,false,true,false
50,65,Proliferation,true,true,true
90,42,Proliferation,true,false,false
108,71,Proliferation,true,false,true
65,121,Proliferation,true,false,true
61,64,Proliferation,true,false,false
44,114,Proliferation,true,true,true
75,67,Growth_Arrest,false,true,false
53,99,Growth_Arrest,false,true,true
32,78,Proliferation,true,true,true
120,72,Proliferation,true,false,true
101,91,Growth_Arrest,false,false,false
37,72,Proliferation,true,true,false
57,123,Proliferation,true,true,false
35,97,Growth_Arrest,false,true,true
88,92,Growth_Arrest,false,true,true
67,126,Proliferation,true,true,true
100,87,Proliferation,true,true,true
116,103,Proliferation,true,false,false
24,68,Proliferation,true,false,false
60,49,Proliferation,true,false,false
49,49,Growth_Arrest,false,false,true
99,46,Growth_Arrest,false,true,false
38,43,Growth_Arrest,false,false,false
98,104,Proliferation,true,true,true
105,108,Growth_Arrest,false,false,false
66,61,Proliferation,true,false,false
47,71,Proliferation,true,false,false
38,89,Proliferation,true,true,true
104,111,Proliferation,true,true,true
62,92,Proliferation,true,false,false
104,81,Growth_Arrest,false,true,true
57,72,Growth_Arrest,false,true,true
54,121,Proliferation,true,true,false
47,70,Growth_Arrest,false,false,true
99,104,Proliferation,true,true,true
99,77,Growth_Arrest,false,false,false
65,81,Proliferation,true,true,false
55,51,Growth_Arrest,false,false,true
44,117,Proliferation,true,false,false
71,72,Proliferation,true,true,true
82,57,Proliferation,true,false,true
111,84,Growth_Arrest,false,true,false
101,60,Proliferation,true,true,false
42,40,Proliferation,true,false,false
90,116,Proliferation,true,true,false
28,65,Proliferation,true,false,false
107,86,Proliferation,true,true,false
114,60,Proliferation,true,true,true
52,39,Proliferation,true,false,true
108,36,Proliferation,true,true,true
63,126,Proliferation,true,false,false
52,74,Proliferation,true,false,true
50,56,Proliferation,true,true,true
98,119,Proliferation,true,true,true
106,102,Proliferation,true,true,true
71,109,Growth_Arrest,false,true,true
100,31,Growth_Arrest,false,true,true
35,57,Growth_Arrest,false,true,true
53,117,Proliferation,true,true,true
86,124,Proliferation,true,true,true
122,64,Proliferation,true,true,true
123,64,Proliferation,true,true,true
107,80,Proliferation,true,true,true
81,47,Proliferation,true,false,false
81,119,Proliferation,true,true,true
119,45,Proliferation,true,true,false
107,65,Growth_Arrest,false,false,true
62,32,Proliferation,true,false,false
95,34,Proliferation,true,false,false
121,88,Proliferation,true,true,false
102,75,Proliferation,true,false,true
94,63,Growth_Arrest,false,false,true
107,95,Proliferation,true,true,false
71,82,Proliferation,true,false,true
65,125,Growth_Arrest,false,false,false
77,82,Proliferation,true,false,true
84,50,Growth_Arrest,false,true,false
89,30,Proliferation,true,false,true
105,88,Proliferation,true,true,false
99,80,Proliferation,true,false,true
127,68,Proliferation,true,false,false
67,68,Proliferation,true,false,false
105,77,Growth_Arrest,false,true,false
85,89,Growth_Arrest,false,false,true
104,77,Proliferation,true,true,true
44,78,Proliferation,true,true,false
94,99,Proliferation,true,false,false
24,90,Proliferation,true,false,true
75,102,Proliferation,true,false,false
43,68,Proliferation,true,false,false
45,79,Proliferation,true,false,true
53,65,Growth_Arrest,false,true,true
65,62,Proliferation,true,true,false
109,81,Growth_Arrest,false,false,false
110,41,Growth_Arrest,false,false,false
26,53,Growth_Arrest,false,false,true
83,26,Proliferation,true,true,false
65,88,Proliferation,true,true,true
70,74,Proliferation,true,true,true
82,86,Proliferation,true,true,false
92,44,Proliferation,true,true,false
119,87,Proliferation,true,false,true
27,60,Proliferation,true,false,true
87,117,Proliferation,true,false,true
88,121,Proliferation,true,false,true
112,77,Proliferation,true,false,true
87,23,Growth_Arrest,false,true,false
64,43,Proliferation,true,true,false
90,32,Growth_Arrest,false,false,false
58,79,Proliferation,true,true,false
76,28,Proliferation,true,false,true
117,91,Growth_Arrest,false,false,true
97,68,Proliferation,true,false,true
69,110,Proliferation,true,false,false
98,96,Proliferation,true,false,true
52,122,Proliferation,true,false,true
72,83,Growth_Arrest,false,true,true
71,35,Proliferation,true,true,false
118,59,Proliferation,true,false,false
94,56,Proliferation,true,true,true
28,70,Proliferation,true,true,true
70,53,Proliferation,true,true,false
63,61,Growth_Arrest,false,false,false
81,84,Proliferation,true,false,false
76,83,Growth_Arrest,false,true,true
56,79,Growth_Arrest,false,false,false
111,101,Growth_Arrest,false,true,false
51,95,Growth_Arrest,false,true,false
77,84,Proliferation,true,false,false
60,70,Proliferation,true,false,true
81,67,Growth_Arrest,false,false,true
37,110,Proliferation,true,false,true
25,60,Proliferation,true,false,false
96,115,Proliferation,true,true,true
87,87,Proliferation,true,false,true
71,65,Proliferation,true,true,true
78,23,Proliferation,true,false,true
74,29,Proliferation,true,true,false
111,65,Growth_Arrest,false,true,false
108,81,Proliferation,true,false,false
98,102,Proliferation,true,true,false
90,31,Proliferation,true,false,false
25,86,Proliferation,true,false,true
36,68,Growth_Arrest,false,false,true
75,30,Growth_Arrest,false,false,true
101,92,Proliferation,true,false,true
78,107,Proliferation,true,true,true
75,48,Proliferation,true,false,false
81,66,Growth_Arrest,false,false,true
50,46,Proliferation,true,true,true
35,53,Proliferation,true,true,true
73,115,Growth_Arrest,false,false,false
122,59,Growth_Arrest,false,true,true
95,72,Proliferation,true,false,true
97,98,Proliferation,true,true,true
82,103,Growth_Arrest,false,false,false
44,63,Proliferation,true,false,true
28,54,Proliferation,true,false,true
33,54,Proliferation,true,false,true
25,89,Growth_Arrest,false,false,false
41,50,Growth_Arrest,false,false,true
68,86,Proliferation,true,true,false
119,101,Proliferation,true,false,false
31,49,Growth_Arrest,false,false,false
46,33,Growth_Arrest,false,false,true
46,108,Proliferation,true,true,false
39,113,Proliferation,true,true,false
50,86,Proliferation,true,true,true
59,74,Proliferation,true,false,false
55,104,Proliferation,true,true,false
74,113,Proliferation,true,false,false
73,92,Proliferation,true,false,true
75,77,Proliferation,true,true,true
31,100,Proliferation,true,false,false
60,26,Proliferation,true,false,true
84,56,Proliferation,true,false,false
90,73,Proliferation,true,false,false
100,50,Growth_Arrest,false,true,true
60,101,Proliferation,true,true,true
110,53,Growth_Arrest,false,true,true
88,118,Proliferation,true,false,false
52,89,Proliferation,true,true,true
61,43,Growth_Arrest,false,true,false
24,89,Proliferation,true,false,true
85,90,Proliferation,true,true,false
102,77,Proliferation,true,false,false
79,24,Growth_Arrest,false,true,false
55,39,Proliferation,true,true,false
38,47,Growth_Arrest,false,false,false
107,32,Proliferation,true,true,false
86,41,Proliferation,true,false,false
58,29,Proliferation,true,true,false
111,36,Proliferation,true,true,false
47,118,Growth_Arrest,false,true,false
85,50,Growth_Arrest,false,false,true
53,44,Proliferation,true,true,false
59,38,Growth_Arrest,false,true,false
72,84,Proliferation,true,true,true
100,80,Proliferation,true,true,true
66,116,Growth_Arrest,false,true,true
77,117,Growth_Arrest,false,true,false
67,67,Growth_Arrest,false,false,true
61,69,Proliferation,true,false,true
95,64,Proliferation,true,true,false
44,61,Growth_Arrest,false,true,false
85,115,Proliferation,true,true,true
31,88,Growth_Arrest,false,true,false
113,71,Proliferation,true,false,false
84,33,Proliferation,true,true,false
94,123,Proliferation,true,false,false
45,89,Proliferation,true,false,false
63,63,Growth_Arrest,false,false,false
107,78,Proliferation,true,true,true
63,57,Growth_Arrest,false,true,true
98,66,Proliferation,true,true,true
55,76,Growth_Arrest,false,false,true
68,122,Proliferation,true,true,false
82,117,Proliferation,true,true,true
113,74,Proliferation,true,true,true
94,31,Proliferation,true,false,true
44,59,Proliferation,true,true,false
108,72,Growth_Arrest,false,true,true
75,121,Proliferation,true,true,true
77,32,Proliferation,true,false,true
93,76,Proliferation,true,true,false
74,27,Proliferation,true,false,false
74,72,Proliferation,true,false,false
68,22,Proliferation,true,false,false
94,98,Proliferation,true,false,true
95,108,Proliferation,true,true,false
49,111,Proliferation,true,false,true
54,28,Proliferation,true,false,true
68,93,Growth_Arrest,false,true,false
98,115,Growth_Arrest,false,true,true
60,85,Proliferation,true,false,true
28,100,Proliferation,true,true,true
48,77,Proliferation,true,false,true
109,80,Proliferation,true,true,true
58,72,Growth_Arrest,false,false,false
73,107,Proliferation,true,true,false
54,75,Proliferation,true,true,true
58,125,Growth_Arrest,false,false,true
68,120,Proliferation,true,true,false
80,91,Proliferation,true,true,false
117,61,Growth_Arrest,false,false,false
54,91,Proliferation,true,true,true
94,27,Growth_Arrest,false,true,true
25,81,Proliferation,true,false,false
91,24,Proliferation,true,false,false
70,50,Proliferation,true,true,true
41,85,Growth_Arrest,false,false,true
105,93,Growth_Arrest,false,true,true
39,53,Proliferation,true,true,false
70,62,Growth_Arrest,false,true,false
76,30,Proliferation,true,true,false
33,84,Growth_Arrest,false,false,true
111,47,Proliferation,true,true,true
121,93,Growth_Arrest,false,false,true
71,29,Proliferation,true,false,false
80,50,Growth_Arrest,false,false,true
43,91,Proliferation,true,false,false
77,56,Growth_Arrest,false,false,true
113,60,Proliferation,true,true,true
47,110,Proliferation,true,false,true
86,74,Growth_Arrest,false,true,true
89,54,Proliferation,true,true,false
32,82,Proliferation,true,true,false
53,27,Proliferation,true,false,false
76,104,Proliferation,true,false,true
114,51,Proliferation,true,false,true
58,76,Growth_Arrest,false,true,true
67,51,Proliferation,true,false,true
109,54,Proliferation,true,true,true
121,66,Growth_Arrest,false,false,true
74,57,Growth_Arrest,false,false,false
55,69,Proliferation,true,true,true
48,93,Growth_Arrest,false,false,false
69,43,Proliferation,true,true,false
113,95,Growth_Arrest,false,false,true
68,30,Growth_Arrest,false,true,false
29,50,Proliferation,true,false,false
73,46,Proliferation,true,true,false
35,39,Proliferation,true,false,false
50,44,Growth_Arrest,false,false,false
37,71,Proliferation,true,true,false
96,48,Growth_Arrest,false,true,false
110,44,Growth_Arrest,false,true,false
82,66,Growth_Arrest,false,false,false
23,73,Proliferation,true,false,false
76,101,Growth_Arrest,false,false,false
44,95,Proliferation,true,false,false
78,56,Growth_Arrest,false,false,true
48,53,Proliferation,true,false,true
73,73,Proliferation,true,false,true
117,53,Proliferation,true,true,false
48,33,Growth_Arrest,false,false,false
115,86,Proliferation,true,true,true
112,48,Proliferation,true,true,true
63,123,Proliferation,true,true,true
113,70,Proliferation,true,true,false
115,54,Proliferation,true,true,false
55,89,Proliferation,true,true,false
107,97,Proliferation,true,false,true
34,102,Proliferation,true,false,true
27,99,Growth_Arrest,false,true,true
88,104,Proliferation,true,false,false
55,67,Growth_Arrest,false,true,false
108,66,Proliferation,true,false,false
69,124,Proliferation,true,false,false
69,127,Proliferation,true,true,false
97,50,Proliferation,true,true,true
62,112,Growth_Arrest,false,true,false
24,81,Proliferation,true,false,false
25,74,Growth_Arrest,false,false,true
79,96,Proliferation,true,true,false
57,112,Growth_Arrest,false,true,true
66,54,Growth_Arrest,false,false,false
73,22,Proliferation,true,false,false
75,116,Proliferation,true,false,false
68,66,Proliferation,true,false,true
107,92,Proliferation,true,true,false
103,41,Growth_Arrest,false,true,false
80,43,Growth_Arrest,false,false,true
40,35,Growth_Arrest,false,false,true
31,91,Proliferation,true,true,false
60,23,Growth_Arrest,false,true,false
126,61,Proliferation,true,false,true
50,104,Proliferation,true,false,true
55,48,Growth_Arrest,false,true,true
90,50,Proliferation,true,false,false
68,98,Growth_Arrest,false,true,false
58,106,Proliferation,true,false,true
41,45,Growth_Arrest,false,true,true
45,31,Proliferation,true,true,false
75,40,Proliferation,true,true,true
108,88,Proliferation,true,true,true
74,116,Proliferation,true,false,false
107,83,Proliferation,true,false,true
83,43,Growth_Arrest,false,true,true
122,57,Proliferation,true,true,false
54,92,Proliferation,true,false,false
105,54,Proliferation,true,false,false
44,80,Proliferation,true,false,false
45,55,Proliferation,true,true,false
122,51,Growth_Arrest,false,false,true
60,120,Proliferation,true,false,true
28,81,Growth_Arrest,false,false,false
79,85,Proliferation,true,false,true
40,37,Proliferation,true,true,true
94,32,Proliferation,true,false,true
124,79,Growth_Arrest,false,false,false
44,34,Proliferation,true,true,false
102,39,Proliferation,true,false,true
102,29,Proliferation,true,true,true
99,110,Growth_Arrest,false,true,false
78,34,Proliferation,true,true,false
74,49,Proliferation,true,false,false
67,115,Proliferation,true,false,false
66,58,Proliferation,true,true,true
38,39,Proliferation,true,true,false
95,96,Growth_Arrest,false,true,true
93,106,Proliferation,true,true,true
43,111,Growth_Arrest,false,false,false
52,100,Growth_Arrest,false,false,true
52,72,Proliferation,true,false,false
93,100,Proliferation,true,false,true
69,37,Proliferation,true,true,true
120,76,Growth_Arrest,false,false,true
21,76,Proliferation,true,false,true
94,114,Proliferation,true,false,false
47,89,Proliferation,true,true,false
90,112,Growth_Arrest,false,false,false
79,90,Proliferation,true,false,false
65,35,Proliferation,true,true,true
38,60,Growth_Arrest,false,false,false
29,92,Proliferation,true,false,false
114,41,Growth_Arrest,false,false,false
62,115,Proliferation,true,true,false
86,54,Proliferation,true,false,false
108,53,Proliferation,true,true,false
42,97,Proliferation,true,true,true
67,40,Proliferation,true,false,false
41,58,Growth_Arrest,false,false,false
46,49,Growth_Arrest,false,true,true
22,74,Growth_Arrest,false,false,true
58,90,Proliferation,true,true,true
88,52,Proliferation,true,false,true
81,52,Growth_Arrest,false,false,false
97,78,Growth_Arrest,false,false,false
44,98,Growth_Arrest,false,false,true
74,24,Proliferation,true,true,true
81,61,Growth_Arrest,false,true,true
111,85,Proliferation,true,false,false
60,45,Proliferation,true,true,true
119,94,Proliferation,true,false,false
104,51,Proliferation,true,false,true
118,66,Proliferation,true,true,false
30,86,Proliferation,true,false,false
87,52,Proliferation,true,true,true
103,109,Proliferation,true,false,true
57,90,Growth_Arrest,false,true,false
125,75,Growth_Arrest,false,false,true
113,98,Growth_Arrest,false,false,true
46,64,Proliferation,true,false,true
45,92,Growth_Arrest,false,true,false
114,109,Proliferation,true,true,true
79,65,Proliferation,true,true,true
36,106,Growth_Arrest,false,true,false
67,54,Proliferation,true,false,false
74,42,Growth_Arrest,false,false,false
41,81,Proliferation,true,false,true
62,121,Growth_Arrest,false,true,true
83,58,Growth_Arrest,false,false,false
92,85,Proliferation,true,true,true
56,69,Proliferation,true,true,false
40,78,Proliferation,true,true,false
71,101,Proliferation,true,false,false
99,119,Proliferation,true,false,true
65,78,Growth_Arrest,false,false,false
115,98,Proliferation,true,false,false
28,51,Proliferation,true,true,true
88,23,Proliferation,true,false,false
83,29,Proliferation,true,true,false
100,83,Growth_Arrest,false,false,true
52,91,Growth_Arrest,false,false,true
87,60,Proliferation,true,true,true
49,73,Proliferation,true,false,true
120,96,Proliferation,true,false,false
93,64,Growth_Arrest,false,true,false
87,75,Proliferation,true,true,true
81,42,Proliferation,true,true,false
70,91,Growth_Arrest,false,true,true
86,53,Growth_Arrest,false,true,true
114,62,Proliferation,true,true,false
85,30,Proliferation,true,true,false
61,49,Growth_Arrest,false,false,false
36,108,Proliferation,true,false,true
96,83,Proliferation,true,false,true
86,121,Proliferation,true,true,true
57,73,Proliferation,true,false,false
69,90,Proliferation,true,false,false
64,98,Proliferation,true,false,true
119,82,Proliferation,true,false,true
83,111,Proliferation,true,false,true
78,24,Growth_Arrest,false,true,true
69,25,Growth_Arrest,false,false,false
42,43,Growth_Arrest,false,false,false
37,112,Growth_Arrest,false,true,true
122,82,Proliferation,true,false,false
84,31,Proliferation,true,false,false
49,103,Growth_Arrest,false,false,true
85,96,Growth_Arrest,false,false,false
94,93,Growth_Arrest,false,false,false
48,52,Growth_Arrest,false,false,true
68,100,Proliferation,true,false,false
56,43,Proliferation,true,false,true
89,33,Proliferation,true,false,true
65,48,Growth_Arrest,false,false,true
54,89,Growth_Arrest,false,true,true
71,73,Growth_Arrest,false,false,false
44,115,Proliferation,true,false,false
92,89,Proliferation,true,true,true
108,47,Proliferation,true,true,true
73,24,Proliferation,true,false,true
112,89,Growth_Arrest,false,false,false
68,58,Growth_Arrest,false,true,true
115,83,Proliferation,true,false,true
84,102,Growth_Arrest,false,false,false
81,39,Proliferation,true,false,false
61,86,Growth_Arrest,false,true,false
89,78,Proliferation,true,false,false
117,79,Proliferation,true,false,true
71,102,Proliferation,true,false,true
60,79,Proliferation,true,false,true
43,115,Growth_Arrest,false,false,true
56,27,Proliferation,true,true,true
92,67,Growth_Arrest,false,true,false
89,58,Proliferation,true,false,false
41,102,Proliferation,true,true,true
98,48,Proliferation,true,false,false
72,49,Proliferation,true,false,false
125,62,Proliferation,true,false,false
52,99,Proliferation,true,true,true
37,103,Proliferation,true,false,true
93,35,Proliferation,true,true,false
33,72,Proliferation,true,true,false
102,79,Growth_Arrest,false,false,false
108,94,Growth_Arrest,false,true,false
71,127,Proliferation,true,false,true
114,104,Proliferation,true,true,false
38,103,Proliferation,true,true,false
102,107,Proliferation,true,true,true
60,92,Proliferation,true,false,false
32,57,Proliferation,true,true,false
113,38,Proliferation,true,true,false
64,66,Proliferation,true,false,true
57,57,Growth_Arrest,false,false,true
113,69,Growth_Arrest,false,false,false
117,54,Proliferation,true,false,true
119,56,Proliferation,true,true,true
56,42,Proliferation,true,false,false
115,97,Proliferation,true,false,true
69,116,Proliferation,true,true,true
97,74,Proliferation,true,true,false
66,74,Growth_Arrest,false,true,false
85,126,Proliferation,true,false,true
86,126,Proliferation,true,false,true
55,97,Proliferation,true,true,false
117,67,Proliferation,true,true,false
89,110,Proliferation,true,false,false
97,41,Proliferation,true,false,true
55,59,Growth_Arrest,false,false,false
38,94,Proliferation,true,true,true
38,53,Proliferation,true,true,true
33,93,Proliferation,true,true,false
67,111,Proliferation,true,false,true
104,79,Proliferation,true,false,false
99,40,Growth_Arrest,false,false,true
93,42,Proliferation,true,true,false
62,111,Proliferation,true,false,false
66,33,Proliferation,true,false,true
70,70,Proliferation,true,true,false
74,97,Proliferation,true,true,true
113,84,Proliferation,true,true,false
83,36,Proliferation,true,true,true
34,77,Proliferation,true,true,false
32,95,Growth_Arrest,false,true,true
78,57,Proliferation,true,true,true
94,50,Growth_Arrest,false,true,true
91,48,Proliferation,true,true,true
104,119,Proliferation,true,true,true
81,72,Proliferation,true,true,false
66,114,Growth_Arrest,false,true,false
66,31,Proliferation,true,false,false
33,73,Growth_Arrest,false,true,true
84,35,Growth_Arrest,false,true,false
89,42,Proliferation,true,true,false
74,77,Proliferation,true,false,true
113,73,Proliferation,true,true,false
81,81,Proliferation,true,false,true
86,122,Proliferation,true,true,false
32,107,Proliferation,true,true,false
106,115,Proliferation,true,true,true
67,30,Proliferation,true,false,true
40,46,Growth_Arrest,false,false,false
119,50,Growth_Arrest,false,true,true
89,68,Proliferation,true,true,true
84,65,Proliferation,true,true,false
49,29,Growth_Arrest,false,true,true
86,95,Growth_Arrest,false,true,true
71,25,Growth_Arrest,false,false,false
52,30,Proliferation,true,true,true
38,105,Proliferation,true,false,false
114,90,Proliferation,true,true,true
83,69,Growth_Arrest,false,false,true
43,54,Proliferation,true,true,true
41,89,Growth_Arrest,false,true,true
63,73,Growth_Arrest,false,false,false
84,124,Proliferation,true,false,false
103,89,Growth_Arrest,false,false,true
36,94,Proliferation,true,false,false
35,80,Growth_Arrest,false,true,true
68,96,Proliferation,true,true,false
59,69,Proliferation,true,true,false
104,117,Growth_Arrest,false,true,true
36,110,Proliferation,true,false,true
48,116,Proliferation,true,true,true
115,44,Proliferation,true,false,false
84,43,Proliferation,true,true,true
56,45,Growth_Arrest,false,false,true
62,50,Proliferation,true,false,false
93,95,Proliferation,true,true,false
73,93,Proliferation,true,false,true
53,57,Growth_Arrest,false,true,false
73,45,Growth_Arrest,false,true,true
39,97,Growth_Arrest,false,false,true
79,52,Growth_Arrest,false,true,true
58,105,Growth_Arrest,false,true,false
114,66,Proliferation,true,true,true
63,68,Growth_Arrest,false,true,true
126,87,Proliferation,true,true,false
79,25,Growth_Arrest,false,false,false
25,71,Growth_Arrest,false,false,true
57,39,Growth_Arrest,false,false,false
36,62,Proliferation,true,true,true
79,118,Proliferation,true,false,true
116,49,Proliferation,true,true,false
86,82,Growth_Arrest,false,false,false
80,79,Proliferation,true,true,false
48,79,Proliferation,true,false,false
45,112,Proliferation,true,false,true
59,97,Proliferation,true,true,true
61,115,Growth_Arrest,false,false,true
101,86,Growth_Arrest,false,false,true
22,80,Proliferation,true,false,false
35,49,Proliferation,true,false,true
43,38,Proliferation,true,true,false
26,54,Proliferation,true,true,false
23,62,Proliferation,true,true,true
53,45,Proliferation,true,false,false
70,40,Growth_Arrest,false,false,true
91,115,Proliferation,true,false,true
59,36,Proliferation,true,false,true
72,78,Proliferation,true,false,false
85,91,Proliferation,true,false,true
67,96,Growth_Arrest,false,false,true
104,109,Proliferation,true,false,true
66,89,Proliferation,true,true,false
44,55,Proliferation,true,false,true
108,50,Proliferation,true,true,true
40,92,Growth_Arrest,false,false,false
93,79,Growth_Arrest,false,false,false
27,98,Proliferation,true,false,true
83,25,Growth_Arrest,false,true,true
118,83,Growth_Arrest,false,true,false
64,25,Growth_Arrest,false,true,true
96,76,Proliferation,true,true,false
65,36,Growth_Arrest,false,true,true
58,84,Proliferation,true,false,false
60,35,Proliferation,true,false,true
118,56,Growth_Arrest,false,false,false
83,114,Growth_Arrest,false,false,true
48,110,Proliferation,true,true,false
65,51,Proliferation,true,false,true
26,52,Proliferation,true,false,true
35,78,Growth_Arrest,false,false,true
90,92,Proliferation,true,false,true
92,93,Proliferation,true,true,true
55,61,Proliferation,true,true,false
69,58,Proliferation,true,true,true
33,77,Proliferation,true,true,true
70,43,Proliferation,true,false,true
113,88,Growth_Arrest,false,true,true
68,124,Proliferation,true,false,true
45,88,Growth_Arrest,false,false,true
112,81,Growth_Arrest,false,false,true
49,75,Growth_Arrest,false,true,true
89,43,Proliferation,true,true,false
61,26,Proliferation,true,false,true
35,66,Proliferation,true,true,true
54,66,Proliferation,true,false,true
60,112,Proliferation,true,false,false
98,113,Growth_Arrest,false,false,true
116,83,Growth_Arrest,false,false,true
95,93,Proliferation,true,true,true
91,50,Proliferation,true,false,true
81,106,Proliferation,true,false,false
99,47,Proliferation,true,true,false
88,42,Proliferation,true,true,false
69,30,Proliferation,true,false,false
69,101,Proliferation,true,true,false
80,59,Proliferation,true,false,false
84,57,Proliferation,true,false,true
46,107,Proliferation,true,true,false
75,24,Growth_Arrest,false,true,false
124,59,Proliferation,true,true,true
120,47,Proliferation,true,false,true
35,70,Proliferation,true,false,false
75,60,Proliferation,true,false,false
42,87,Growth_Arrest,false,true,false
108,46,Growth_Arrest,false,false,true
79,42,Proliferation,true,false,true
76,57,Proliferation,true,false,true
104,95,Proliferation,true,false,false
69,125,Proliferation,true,true,false
77,37,Growth_Arrest,false,true,false
92,115,Growth_Arrest,false,true,true
58,73,Proliferation,true,true,false
85,25,Proliferation,true,true,false
58,57,Proliferation,true,false,false
88,86,Proliferation,true,true,true
57,38,Proliferation,true,false,true
113,101,Proliferation,true,false,true
63,109,Proliferation,true,true,false
52,79,Growth_Arrest,false,false,true
114,48,Proliferation,true,false,true
32,81,Proliferation,true,true,true
103,110,Growth_Arrest,false,false,true
46,84,Growth_Arrest,false,true,false
119,80,Proliferation,true,true,false
66,37,Growth_Arrest,false,true,false
96,119,Growth_Arrest,false,false,true
43,60,Proliferation,true,true,false
55,35,Proliferation,true,true,true
107,114,Growth_Arrest,false,true,true
48,48,Growth_Arrest,false,true,false
86,62,Proliferation,true,true,true
62,51,Growth_Arrest,false,true,true
33,52,Proliferation,true,false,false
59,43,Proliferation,true,true,false
56,49,Proliferation,true,false,false
52,84,Proliferation,true,true,false
107,36,Proliferation,true,false,false
53,91,Proliferation,true,false,true
72,90,Growth_Arrest,false,true,false
80,55,Proliferation,true,false,false
94,25,Proliferation,true,true,false
116,67,Proliferation,true,false,true
115,42,Proliferation,true,false,false
49,116,Growth_Arrest,false,true,true
97,121,Proliferation,true,true,false
55,31,Proliferation,true,false,true
52,73,Proliferation,true,false,true
110,83,Growth_Arrest,false,true,true
77,50,Growth_Arrest,false,true,false
35,86,Growth_Arrest,false,false,true
83,92,Proliferation,true,true,false
62,113,Growth_Arrest,false,true,true
115,52,Growth_Arrest,false,false,false
100,81,Growth_Arrest,false,true,true
89,109,Proliferation,true,true,false
63,118,Proliferation,true,true,true
105,75,Proliferation,true,false,false
82,58,Growth_Arrest,false,false,false
99,70,Proliferation,true,false,true
82,112,Proliferation,true,false,false
33,58,Proliferation,true,false,false
50,35,Proliferation,true,false,false
101,79,Growth_Arrest,false,false,true
72,39,Growth_Arrest,false,true,false
26,93,Growth_Arrest,false,true,false
86,39,Growth_Arrest,false,true,true
65,96,Growth_Arrest,false,false,false
64,28,Growth_Arrest,false,true,false
62,73,Growth_Arrest,false,false,true
46,67,Proliferation,true,false,false
35,76,Proliferation,true,true,false
98,34,Proliferation,true,false,false
86,78,Proliferation,true,false,false
40,107,Proliferation,true,false,false
61,124,Proliferation,true,false,true
42,68,Proliferation,true,true,true
86,120,Growth_Arrest,false,true,false
79,34,Proliferation,true,false,true
114,73,Proliferation,true,true,true
50,42,Proliferation,true,true,true
111,59,Growth_Arrest,false,true,true
53,73,Growth_Arrest,false,false,false
91,104,Proliferation,true,true,false
97,70,Growth_Arrest,false,true,false
80,28,Proliferation,true,false,false
53,41,Growth_Arrest,false,false,false
85,110,Proliferation,true,true,true
61,126,Proliferation,true,false,true
34,61,Growth_Arrest,false,true,false
118,49,Proliferation,true,true,true
108,90,Proliferation,true,false,true
36,111,Proliferation,true,false,false
52,31,Growth_Arrest,false,false,false
49,118,Proliferation,true,false,false
45,115,Proliferation,true,true,false
59,104,Proliferation,true,false,true
56,73,Proliferation,true,true,false
89,80,Growth_Arrest,false,true,false
64,76,Proliferation,true,true,false
85,102,Proliferation,true,false,false
77,124,Growth_Arrest,false,false,false
49,53,Proliferation,true,true,true
68,90,Proliferation,true,false,false
26,62,Growth_Arrest,false,false,false
98,92,Proliferation,true,true,false
48,64,Proliferation,true,true,true
66,108,Proliferation,true,true,false
106,33,Proliferation,true,true,false
103,107,Proliferation,true,false,false
81,60,Growth_Arrest,false,false,true
103,84,Proliferation,true,true,false
76,37,Growth_Arrest,false,true,true
88,27,Proliferation,true,true,true
34,88,Proliferation,true,false,true
39,68,Proliferation,true,false,false
97,103,Proliferation,true,false,true
52,33,Proliferation,true,false,true
65,77,Growth_Arrest,false,true,false
70,26,Growth_Arrest,false,false,false
115,109,Growth_Arrest,false,false,true
28,73,Proliferation,true,true,true
118,63,Growth_Arrest,false,true,false
34,56,Growth_Arrest,false,false,true
82,32,Growth_Arrest,false,false,false
76,64,Proliferation,true,true,true
109,101,Proliferation,true,true,false
78,111,Proliferation,true,true,true
58,68,Growth_Arrest,false,true,true
66,40,Proliferation,true,true,true
104,108,Proliferation,true,false,false
59,27,Proliferation,true,false,true
42,114,Proliferation,true,false,false
60,84,Proliferation,true,true,false
120,78,Growth_Arrest,false,true,false
40,104,Proliferation,true,false,true
98,67,Proliferation,true,false,true
101,46,Growth_Arrest,false,false,false
70,100,Proliferation,true,false,true
83,62,Proliferation,true,false,false
79,73,Growth_Arrest,false,true,true
91,43,Proliferation,true,false,true
28,59,Proliferation,true,true,true
93,30,Proliferation,true,false,false
42,81,Proliferation,true,false,false
41,88,Proliferation,true,true,true
53,50,Proliferation,true,true,true
102,55,Proliferation,true,true,true
29,95,Proliferation,true,true,false
104,59,Proliferation,true,false,false
108,78,Growth_Arrest,false,false,false
42,66,Proliferation,true,false,true
93,62,Proliferation,true,false,true
88,97,Proliferation,true,true,true
94,61,Proliferation,true,true,true
53,77,Proliferation,true,false,false
78,55,Proliferation,true,false,false
123,76,Proliferation,true,true,false
29,68,Growth_Arrest,false,false,false
60,108,Proliferation,true,false,true
102,109,Proliferation,true,true,true
45,96,Proliferation,true,true,true
73,111,Proliferation,true,true,false
78,127,Proliferation,true,false,false
54,93,Proliferation,true,true,false
31,97,Proliferation,true,false,true
86,35,Proliferation,true,false,false
104,84,Growth_Arrest,false,true,false
72,59,Proliferation,true,true,false
71,103,Growth_Arrest,false,false,false
106,89,Proliferation,true,true,false
39,69,Growth_Arrest,false,true,true
88,123,Proliferation,true,false,false
65,38,Growth_Arrest,false,true,true
81,91,Growth_Arrest,false,false,true
79,108,Growth_Arrest,false,false,true
121,68,Proliferation,true,true,true
123,66,Growth_Arrest,false,true,true
37,69,Proliferation,true,true,false
108,96,Growth_Arrest,false,true,true
65,37,Proliferation,true,true,false
105,58,Growth_Arrest,false,false,false
50,94,Proliferation,true,false,false
97,56,Proliferation,true,true,false
59,120,Proliferation,true,true,true
76,96,Proliferation,true,true,false
96,94,Proliferation,true,true,false
67,69,Proliferation,true,true,true
64,106,Proliferation,true,true,true
50,64,Proliferation,true,true,false
75,56,Growth_Arrest,false,false,true
106,90,Proliferation,true,false,false
98,56,Growth_Arrest,false,false,true
99,68,Proliferation,true,true,false
54,111,Proliferation,true,false,false
90,40,Proliferation,true,false,false
68,72,Proliferation,true,true,false
25,61,Proliferation,true,false,false
119,79,Proliferation,true,true,false
75,38,Proliferation,true,true,false
45,39,Proliferation,true,false,true
122,88,Growth_Arrest,false,false,false
27,89,Growth_Arrest,false,true,true
43,70,Growth_Arrest,false,true,false
109,75,Proliferation,true,false,true
96,96,Proliferation,true,true,true
106,92,Proliferation,true,true,false
61,119,Proliferation,true,true,false
88,94,Proliferation,true,true,false
102,113,Proliferation,true,true,false
56,89,Growth_Arrest,false,false,false
106,117,Proliferation,true,false,true
41,110,Growth_Arrest,false,true,false
94,115,Proliferation,true,true,false
58,26,Proliferation,true,false,false
59,62,Proliferation,true,false,false
122,69,Proliferation,true,true,true
91,99,Growth_Arrest,false,true,false
84,42,Proliferation,true,false,false
47,57,Growth_Arrest,false,true,true
30,101,Proliferation,true,false,false
57,35,Proliferation,true,true,false
99,79,Proliferation,true,false,false
47,69,Growth_Arrest,false,true,true
63,107,Growth_Arrest,false,true,false
110,114,Proliferation,true,false,false
39,37,Growth_Arrest,false,false,false
40,93,Proliferation,true,false,true
46,104,Proliferation,true,true,false
55,111,Proliferation,true,false,false
83,46,Proliferation,true,false,false
115,81,Proliferation,true,false,true
47,29,Growth_Arrest,false,false,false
64,88,Growth_Arrest,false,true,true
41,40,Proliferation,true,false,true
24,88,Proliferation,true,false,true
63,76,Proliferation,true,false,true
70,85,Proliferation,true,true,true
90,111,Proliferation,true,true,false
100,99,Proliferation,true,true,true
121,95,Proliferation,true,true,false
39,63,Growth_Arrest,false,true,false
79,125,Proliferation,true,true,true
112,58,Proliferation,true,false,true
48,65,Proliferation,true,true,true
105,66,Growth_Arrest,false,false,false
46,73,Proliferation,true,true,true
69,71,Proliferation,true,true,true
95,66,Proliferation,true,true,true
107,44,Growth_Arrest,false,false,false
66,98,Growth_Arrest,false,false,true
99,82,Growth_Arrest,false,true,true
34,60,Proliferation,true,true,true
84,47,Proliferation,true,false,true
117,88,Growth_Arrest,false,false,false
94,124,Growth_Arrest,false,true,true
79,32,Growth_Arrest,false,false,true
109,108,Proliferation,true,true,true
73,25,Proliferation,true,true,false
116,65,Proliferation,true,false,true
60,119,Proliferation,true,false,true
98,112,Proliferation,true,false,true
59,49,Growth_Arrest,false,true,false
59,84,Proliferation,true,true,false
56,66,Proliferation,true,true,true
48,86,Proliferation,true,false,false
87,81,Growth_Arrest,false,false,true
60,118,Growth_Arrest,false,false,true
126,86,Proliferation,true,false,false
37,44,Proliferation,true,false,false
43,48,Proliferation,true,true,false
111,52,Proliferation,true,true,true
101,47,Proliferation,true,false,false
111,63,Growth_Arrest,false,true,false
22,73,Proliferation,true,false,false
51,94,Proliferation,true,true,true
27,86,Proliferation,true,false,false
86,98,Growth_Arrest,false,false,true
67,65,Proliferation,true,false,true
109,98,Proliferation,true,true,true
44,60,Proliferation,true,false,false
106,70,Proliferation,true,false,false
34,80,Proliferation,true,true,false
34,68,Growth_Arrest,false,false,true
41,67,Proliferation,true,false,false
86,125,Proliferation,true,false,true
105,90,Proliferation,true,true,false
99,98,Proliferation,true,false,true
64,59,Proliferation,true,true,false
42,106,Growth_Arrest,false,false,true
108,57,Proliferation,true,true,true
92,110,Proliferation,true,false,true
102,83,Growth_Arrest,false,false,false
91,30,Proliferation,true,false,true
45,54,Growth_Arrest,false,true,false
75,33,Proliferation,true,true,false
42,58,Growth_Arrest,false,true,true
84,36,Proliferation,true,true,true
92,83,Proliferation,true,true,true
65,57,Proliferation,true,true,false
28,72,Proliferation,true,false,false
110,62,Proliferation,true,true,true
103,94,Proliferation,true,true,false
102,120,Proliferation,true,true,false
119,92,Growth_Arrest,false,true,false
58,111,Proliferation,true,false,false
64,39,Proliferation,true,true,true
52,62,Proliferation,true,true,true
59,114,Growth_Arrest,false,true,false
91,37,Growth_Arrest,false,false,false
89,115,Growth_Arrest,false,true,false
119,63,Proliferation,true,false,false
77,65,Proliferation,true,false,true
37,100,Proliferation,true,true,true
64,52,Growth_Arrest,false,false,true
32,94,Proliferation,true,false,true
74,48,Growth_Arrest,false,false,true
76,49,Proliferation,true,false,true
24,92,Proliferation,true,true,false
53,29,Proliferation,true,false,true
107,55,Proliferation,true,false,false
122,62,Proliferation,true,false,true
69,39,Proliferation,true,true,true
110,75,Proliferation,true,false,true
102,104,Proliferation,true,true,false
86,71,Proliferation,true,false,false
56,118,Growth_Arrest,false,false,true
125,67,Proliferation,true,true,true
100,74,Growth_Arrest,false,true,false
109,88,Proliferation,true,false,true
95,89,Proliferation,true,true,true
118,64,Growth_Arrest,false,true,false
85,34,Growth_Arrest,false,false,true
81,28,Proliferation,true,true,false
91,89,Proliferation,true,true,false
90,118,Growth_Arrest,false,true,false
91,101,Proliferation,true,false,true
112,60,Proliferation,true,true,false
71,49,Proliferation,true,true,true
50,78,Proliferation,true,false,false
54,34,Proliferation,true,true,true
99,75,Growth_Arrest,false,false,false
41,66,Proliferation,true,true,false
25,75,Growth_Arrest,false,false,false
31,81,Proliferation,true,false,false
99,52,Growth_Arrest,false,false,true
72,62,Proliferation,true,true,false
68,106,Growth_Arrest,false,false,false
73,105,Proliferation,true,false,true
86,40,Proliferation,true,true,false
30,94,Proliferation,true,true,false
92,55,Proliferation,true,true,false
76,36,Growth_Arrest,false,false,true
37,48,Proliferation,true,true,false
30,75,Proliferation,true,false,false
91,77,Proliferation,true,true,true
43,117,Proliferation,true,false,true
114,87,Proliferation,true,false,true
60,53,Proliferation,true,false,false
75,88,Proliferation,true,false,true
70,125,Growth_Arrest,false,true,true
31,74,Growth_Arrest,false,true,true
59,33,Growth_Arrest,false,false,true
54,73,Proliferation,true,false,false
79,63,Proliferation,true,false,false
59,86,Proliferation,true,true,false
73,71,Proliferation,true,true,false
41,90,Proliferation,true,true,true
112,56,Proliferation,true,false,false
41,101,Proliferation,true,true,false
111,43,Proliferation,true,true,true
39,94,Proliferation,true,true,true
88,48,Growth_Arrest,false,true,false
24,73,Proliferation,true,true,true
109,46,Growth_Arrest,false,false,false
39,72,Proliferation,true,false,false
97,37,Growth_Arrest,false,false,true
82,101,Growth_Arrest,false,true,false
41,75,Proliferation,true,false,false
51,116,Proliferation,true,true,true
110,52,Growth_Arrest,false,true,true
56,99,Proliferation,true,true,true
26,88,Growth_Arrest,false,false,false
106,98,Proliferation,true,true,false
120,91,Growth_Arrest,false,false,true
80,76,Growth_Arrest,false,false,true
45,30,Proliferation,true,false,true
44,75,Proliferation,true,true,false
50,32,Proliferation,true,false,true
42,115,Proliferation,true,true,true
52,108,Proliferation,true,true,false
125,58,Proliferation,true,true,false
41,83,Proliferation,true,true,false
51,82,Growth_Arrest,false,true,true
62,106,Proliferation,true,false,true
92,59,Proliferation,true,false,true
38,86,Proliferation,true,true,false
66,41,Growth_Arrest,false,false,false
108,83,Proliferation,true,false,false
31,89,Proliferation,true,true,true
44,69,Proliferation,true,true,true
38,81,Proliferation,true,false,true
24,59,Growth_Arrest,false,true,false
85,37,Proliferation,true,false,false
55,118,Proliferation,true,false,false
89,26,Proliferation,true,true,true
44,96,Growth_Arrest,false,true,true
51,56,Proliferation,true,true,false
65,89,Proliferation,true,false,true
106,79,Proliferation,true,true,false
83,22,Growth_Arrest,false,true,false
53,53,Growth_Arrest,false,true,true
46,57,Proliferation,true,false,true
50,97,Proliferation,true,true,false
118,44,Proliferation,true,true,false
118,104,Proliferation,true,true,true
97,116,Growth_Arrest,false,false,true
101,78,Proliferation,true,false,true
31,73,Proliferation,true,false,true
85,106,Proliferation,true,false,false
122,74,Proliferation,true,false,false
97,60,Growth_Arrest,false,true,false
91,34,Proliferation,true,true,true
98,76,Proliferation,true,false,true
106,61,Proliferation,true,false,false
123,62,Growth_Arrest,false,true,false
86,105,Proliferation,true,false,false
66,28,Growth_Arrest,false,true,false
126,79,Growth_Arrest,false,true,true
95,99,Proliferation,true,true,false
83,51,Proliferation,true,false,false
80,109,Proliferation,true,true,false
110,64,Proliferation,true,true,true
97,118,Proliferation,true,true,false
86,63,Proliferation,true,true,false
106,82,Proliferation,true,false,false
61,90,Growth_Arrest,false,true,true
47,81,Growth_Arrest,false,false,false
91,62,Proliferation,true,true,true
96,36,Growth_Arrest,false,true,false
91,92,Growth_Arrest,false,true,true
43,55,Proliferation,true,false,false
36,48,Proliferation,true,false,false
66,120,Proliferation,true,false,false
59,66,Growth_Arrest,false,false,false
51,48,Proliferation,true,false,false
69,80,Proliferation,true,false,true
47,86,Growth_Arrest,false,true,false
92,73,Growth_Arrest,false,false,false
67,98,Growth_Arrest,false,true,true
37,78,Growth_Arrest,false,true,true
112,62,Growth_Arrest,false,false,false
54,113,Growth_Arrest,false,true,false
50,37,Proliferation,true,true,true
69,83,Proliferation,true,false,true
86,48,Proliferation,true,true,true
56,94,Proliferation,true,true,true
87,78,Growth_Arrest,false,false,true
75,118,Growth_Arrest,false,false,true
114,44,Proliferation,true,true,false
50,36,Growth_Arrest,false,true,true
41,111,Growth_Arrest,false,false,true
87,70,Growth_Arrest,false,false,true
29,75,Proliferation,true,true,false
112,75,Proliferation,true,false,false
110,68,Proliferation,true,false,false
29,83,Proliferation,true,false,true
85,44,Growth_Arrest,false,true,false
44,101,Proliferation,true,true,false
68,64,Proliferation,true,true,true
116,107,Proliferation,true,false,true
67,121,Growth_Arrest,false,false,true
80,44,Proliferation,true,true,false
43,105,Growth_Arrest,false,true,true
64,60,Growth_Arrest,false,false,true
55,115,Proliferation,true,false,true
51,109,Proliferation,true,false,false
120,59,Proliferation,true,false,false
30,85,Proliferation,true,false,true
82,39,Growth_Arrest,false,false,false
63,71,Growth_Arrest,false,false,true
118,98,Proliferation,true,true,false
96,66,Proliferation,true,true,false
88,89,Proliferation,true,true,true
68,46,Growth_Arrest,false,true,true
56,36,Proliferation,true,false,true
34,65,Proliferation,true,false,true
81,48,Proliferation,true,false,true
34,75,Proliferation,true,false,true
45,34,Proliferation,true,true,false
30,68,Proliferation,true,false,true
60,110,Proliferation,true,false,true
65,80,Proliferation,true,true,true
82,64,Proliferation,true,false,false
70,107,Growth_Arrest,false,true,false
100,88,Proliferation,true,false,false
92,75,Proliferation,true,true,false
114,70,Proliferation,true,false,true
82,22,Growth_Arrest,false,true,false
38,78,Growth_Arrest,false,false,true
77,58,Proliferation,true,true,true
99,120,Growth_Arrest,false,false,false
41,59,Proliferation,true,true,false
70,88,Proliferation,true,true,true
65,108,Growth_Arrest,false,true,false
101,29,Proliferation,true,true,false
95,85,Growth_Arrest,false,true,false
85,63,Growth_Arrest,false,false,false
107,102,Growth_Arrest,false,true,true
68,103,Proliferation,true,false,true
118,52,Growth_Arrest,false,true,false
74,93,Proliferation,true,true,false
116,101,Growth_Arrest,false,false,false
113,100,Proliferation,true,false,true
107,46,Proliferation,true,false,false
41,108,Proliferation,true,false,true
33,55,Proliferation,true,false,false
67,87,Growth_Arrest,false,true,false
59,30,Proliferation,true,true,true
35,109,Growth_Arrest,false,false,true
104,89,Proliferation,true,false,false
83,64,Proliferation,true,true,false
40,36,Proliferation,true,true,true
96,42,Proliferation,true,false,false
41,36,Proliferation,true,true,false
92,108,Proliferation,true,false,false
83,24,Proliferation,true,true,false
78,28,Proliferation,true,false,false
41,106,Growth_Arrest,false,true,true
117,64,Proliferation,true,false,false
70,60,Growth_Arrest,false,false,true
80,101,Proliferation,true,true,true
28,84,Proliferation,true,true,false
72,70,Proliferation,true,true,true
114,42,Proliferation,true,false,true
41,51,Proliferation,true,false,false
82,24,Proliferation,true,true,false
100,63,Growth_Arrest,false,false,false
101,64,Growth_Arrest,false,true,false
30,69,Growth_Arrest,false,true,true
123,71,Growth_Arrest,false,true,false
93,86,Proliferation,true,true,true
93,113,Proliferation,true,false,true
48,97,Growth_Arrest,false,true,false
98,53,Proliferation,true,true,false
62,24,Proliferation,true,false,true
77,121,Growth_Arrest,false,true,false
99,109,Proliferation,true,false,false
76,40,Proliferation,true,true,true
74,98,Growth_Arrest,false,true,false
49,114,Growth_Arrest,false,true,true
115,102,Growth_Arrest,false,true,true
73,112,Proliferation,true,false,true
27,63,Proliferation,true,true,true
120,77,Proliferation,true,false,true
109,115,Proliferation,true,true,true
94,110,Growth_Arrest,false,false,false
103,38,Proliferation,true,true,false
49,89,Proliferation,true,false,true
89,71,Growth_Arrest,false,false,false
94,119,Proliferation,true,true,false
32,77,Proliferation,true,false,true
82,71,Proliferation,true,false,true
66,126,Proliferation,true,true,false
38,72,Proliferation,true,true,true
65,110,Proliferation,true,true,false
97,76,Growth_Arrest,false,false,true
29,102,Growth_Arrest,false,false,false
128,75,Proliferation,true,false,false
71,110,Growth_Arrest,false,false,true
56,60,Proliferation,true,false,false
100,71,Growth_Arrest,false,false,true
37,97,Proliferation,true,false,false
76,125,Proliferation,true,true,false
43,112,Proliferation,true,false,true
82,108,Proliferation,true,false,false
97,48,Growth_Arrest,false,false,true
63,51,Proliferation,true,false,false
101,41,Proliferation,true,false,false
95,112,Proliferation,true,true,true
39,83,Proliferation,true,true,true
31,67,Growth_Arrest,false,true,false
106,51,Growth_Arrest,false,false,false
106,57,Proliferation,true,false,true
38,38,Growth_Arrest,false,true,true
90,97,Proliferation,true,false,true
104,54,Proliferation,true,true,true
78,104,Growth_Arrest,false,false,true
30,70,Growth_Arrest,false,false,false
96,80,Growth_Arrest,false,true,true
72,79,Growth_Arrest,false,false,true
127,84,Proliferation,true,false,false
81,90,Proliferation,true,false,false
74,65,Proliferation,true,false,true
72,63,Proliferation,true,true,false
60,68,Growth_Arrest,false,false,false
112,63,Proliferation,true,false,false
72,53,Proliferation,true,true,false
52,60,Proliferation,true,true,false
73,119,Proliferation,true,true,false
44,42,Proliferation,true,true,true
63,42,Proliferation,true,true,true
60,37,Growth_Arrest,false,false,false
66,32,Growth_Arrest,false,true,true
110,95,Proliferation,true,true,true
35,107,Proliferation,true,true,true
117,103,Growth_Arrest,false,false,true
74,37,Proliferation,true,false,false
118,99,Proliferation,true,false,true
66,102,Proliferation,true,false,false
28,93,Growth_Arrest,false,false,true
49,50,Growth_Arrest,false,false,false
37,39,Growth_Arrest,false,true,false
95,120,Proliferation,true,true,false
63,60,Proliferation,true,false,true
42,74,Proliferation,true,false,true
73,52,Proliferation,true,true,false
53,76,Proliferation,true,false,true
31,104,Proliferation,true,true,true
73,38,Proliferation,true,true,true
88,78,Growth_Arrest,false,true,false
38,85,Proliferation,true,false,false
69,72,Proliferation,true,false,true
114,58,Proliferation,true,true,false
113,106,Proliferation,true,false,true
57,75,Proliferation,true,false,true
46,101,Proliferation,true,true,true
34,40,Proliferation,true,true,false
58,65,Proliferation,true,true,false
108,59,Growth_Arrest,false,true,false
48,81,Growth_Arrest,false,false,true
82,114,Growth_Arrest,false,true,true
62,123,Proliferation,true,true,true
118,93,Proliferation,true,true,true
43,58,Growth_Arrest,false,false,true
61,39,Proliferation,true,true,false
81,121,Proliferation,true,false,false
94,66,Proliferation,true,true,false
32,65,Proliferation,true,false,true
104,33,Proliferation,true,true,true
113,40,Proliferation,true,true,true
41,46,Proliferation,true,true,false
58,71,Proliferation,true,true,true
41,104,Proliferation,true,true,true
31,61,Proliferation,true,false,false
32,83,Growth_Arrest,false,false,true
49,119,Proliferation,true,false,false
65,63,Growth_Arrest,false,false,true
87,64,Proliferation,true,false,false
99,59,Proliferation,true,true,true
39,39,Growth_Arrest,false,false,false
111,89,Proliferation,true,true,true
53,92,Proliferation,true,false,true
117,71,Proliferation,true,true,true
32,71,Proliferation,true,true,true
49,88,Proliferation,true,true,false
50,99,Proliferation,true,false,false
82,105,Growth_Arrest,false,true,false
116,102,Proliferation,true,true,true
59,103,Proliferation,true,false,true
107,37,Proliferation,true,true,false
104,48,Growth_Arrest,false,false,true
48,84,Proliferation,true,true,false
106,72,Proliferation,true,true,true
34,100,Growth_Arrest,false,true,false
96,77,Proliferation,true,false,false
95,100,Proliferation,true,false,true
37,79,Proliferation,true,true,false
36,103,Proliferation,true,true,true
91,85,Proliferation,true,false,true
45,105,Proliferation,true,false,true
111,62,Proliferation,true,false,true
92,33,Proliferation,true,true,true
47,61,Proliferation,true,false,true
84,118,Growth_Arrest,false,false,false
76,58,Proliferation,true,true,false
66,44,Growth_Arrest,false,false,false
98,73,Proliferation,true,false,true
71,118,Growth_Arrest,false,false,true
99,78,Proliferation,true,false,false
68,78,Proliferation,true,false,false
100,105,Proliferation,true,false,true
66,112,Growth_Arrest,false,false,true
108,110,Proliferation,true,true,false
102,80,Growth_Arrest,false,false,true
112,64,Proliferation,true,true,true
83,31,Proliferation,true,true,true
55,102,Growth_Arrest,false,true,false
83,39,Proliferation,true,true,true
123,93,Proliferation,true,false,true
74,25,Growth_Arrest,false,true,false
67,61,Proliferation,true,false,false
89,125,Proliferation,true,true,true
43,61,Proliferation,true,false,true
47,105,Proliferation,true,false,true
112,39,Growth_Arrest,false,false,true
99,85,Proliferation,true,false,false
80,80,Growth_Arrest,false,false,true
90,46,Proliferation,true,false,false
51,91,Proliferation,true,true,false
117,107,Growth_Arrest,false,true,true
69,47,Proliferation,true,true,false
101,36,Growth_Arrest,false,true,true
101,96,Proliferation,true,false,false
69,68,Proliferation,true,false,true
83,28,Growth_Arrest,false,false,false
28,48,Proliferation,true,true,true
67,88,Growth_Arrest,false,false,true
61,89,Proliferation,true,false,true
52,58,Proliferation,true,false,false
47,62,Proliferation,true,false,true
118,75,Proliferation,true,true,false
30,54,Proliferation,true,false,true
64,38,Growth_Arrest,false,false,false
63,54,Growth_Arrest,false,true,false
55,57,Growth_Arrest,false,true,false
73,75,Proliferation,true,false,false
84,85,Proliferation,true,false,true
29,98,Growth_Arrest,false,false,true
126,83,Proliferation,true,true,true
103,90,Growth_Arrest,false,true,true
110,84,Growth_Arrest,false,false,true
32,67,Proliferation,true,true,true
35,103,Proliferation,true,true,false
31,92,Proliferation,true,true,true
82,111,Growth_Arrest,false,true,false
49,32,Proliferation,true,false,true
57,109,Growth_Arrest,false,false,true
43,100,Proliferation,true,true,true
82,87,Proliferation,true,false,false
66,69,Proliferation,true,true,true
37,57,Proliferation,true,true,true
80,64,Proliferation,true,true,false
85,68,Proliferation,true,false,true
90,66,Proliferation,true,true,false
78,83,Proliferation,true,true,true
63,90,Proliferation,true,false,true
66,50,Proliferation,true,false,true
89,89,Proliferation,true,true,true
61,123,Growth_Arrest,false,false,true
33,53,Growth_Arrest,false,true,false
87,115,Proliferation,true,true,false
74,110,Growth_Arrest,false,true,false
84,62,Proliferation,true,false,true
60,69,Growth_Arrest,false,false,false
119,77,Growth_Arrest,false,false,false
63,110,Proliferation,true,false,false
73,77,Growth_Arrest,false,true,false
99,100,Proliferation,true,false,true
45,42,Proliferation,true,true,false
60,41,Growth_Arrest,false,false,false
85,28,Proliferation,true,true,false
38,113,Proliferation,true,true,false
41,86,Growth_Arrest,false,false,false
121,61,Growth_Arrest,false,true,false
126,62,Proliferation,true,true,false
44,113,Growth_Arrest,false,true,false
76,54,Proliferation,true,true,true
43,104,Proliferation,true,false,true
52,87,Proliferation,true,true,true
37,95,Proliferation,true,false,true
119,57,Growth_Arrest,false,true,false
110,107,Growth_Arrest,false,true,false
40,43,Proliferation,true,true,false
113,89,Proliferation,true,true,false
116,47,Proliferation,true,false,true
40,86,Proliferation,true,false,true
49,38,Proliferation,true,false,false
97,42,Growth_Arrest,false,true,false
54,122,Proliferation,true,false,true
75,76,Proliferation,true,true,false
42,77,Proliferation,true,true,false
123,91,Growth_Arrest,false,true,false
32,54,Proliferation,true,false,true
62,77,Proliferation,true,false,false
104,105,Growth_Arrest,false,false,true
97,58,Growth_Arrest,false,true,false
45,97,Growth_Arrest,false,true,true
102,87,Proliferation,true,false,true
58,31,Proliferation,true,false,false
76,74,Proliferation,true,true,false
76,77,Proliferation,true,false,false
77,89,Proliferation,true,true,true
51,40,Growth_Arrest,false,true,true
36,100,Growth_Arrest,false,false,true
94,120,Proliferation,true,false,false
67,24,Proliferation,true,true,true
74,35,Growth_Arrest,false,true,false
36,93,Proliferation,true,false,false
31,56,Proliferation,true,true,true
68,71,Proliferation,true,true,true
70,105,Growth_Arrest,false,true,true
65,82,Proliferation,true,true,true
66,24,Proliferation,true,false,false
80,118,Proliferation,true,false,false
89,91,Proliferation,true,false,false
43,36,Proliferation,true,true,false
115,94,Proliferation,true,false,true
80,104,Proliferation,true,true,true
68,41,Proliferation,true,false,false
35,58,Growth_Arrest,false,false,true
95,50,Proliferation,true,false,false
107,49,Proliferation,true,false,true
71,75,Proliferation,true,false,true
122,77,Proliferation,true,false,true
114,81,Proliferation,true,true,true
62,81,Proliferation,true,false,false
116,44,Proliferation,true,false,true
110,104,Proliferation,true,false,false
77,125,Proliferation,true,true,false
103,55,Proliferation,true,false,false
79,28,Growth_Arrest,false,true,true
52,112,Proliferation,true,true,false
88,61,Growth_Arrest,false,true,true
77,115,Proliferation,true,true,true
106,42,Proliferation,true,true,true
67,70,Proliferation,true,true,true
81,55,Growth_Arrest,false,true,true
62,37,Proliferation,true,false,false
57,29,Proliferation,true,false,false
71,70,Proliferation,true,true,true
105,113,Growth_Arrest,false,false,true
105,81,Proliferation,true,true,false
79,45,Proliferation,true,false,true
51,71,Proliferation,true,true,true
55,71,Growth_Arrest,false,true,true
61,83,Proliferation,true,false,true
88,53,Proliferation,true,false,true
29,70,Proliferation,true,true,false
98,62,Proliferation,true,true,false
100,66,Proliferation,true,true,true
72,92,Proliferation,true,true,true
84,107,Proliferation,true,true,false
91,119,Proliferation,true,true,false
67,79,Proliferation,true,true,true
63,31,Growth_Arrest,false,true,true
48,60,Proliferation,true,true,false
117,94,Growth_Arrest,false,false,false
63,82,Proliferation,true,true,true
90,54,Proliferation,true,false,false
60,123,Proliferation,true,true,false
71,85,Proliferation,true,false,true
115,57,Growth_Arrest,false,false,false
89,62,Growth_Arrest,false,false,true
47,74,Proliferation,true,false,false
64,78,Proliferation,true,true,true
74,83,Growth_Arrest,false,true,false
31,46,Proliferation,true,true,false
31,52,Proliferation,true,false,false
36,71,Proliferation,true,true,true
65,94,Proliferation,true,true,true
100,104,Growth_Arrest,false,true,false
87,107,Proliferation,true,false,true
81,86,Proliferation,true,false,true
30,47,Proliferation,true,true,true
48,74,Proliferation,true,false,false
91,107,Proliferation,true,true,false
31,48,Growth_Arrest,false,true,true
84,122,Proliferation,true,false,true
76,78,Proliferation,true,false,true
61,52,Proliferation,true,false,false
74,22,Growth_Arrest,false,true,true
83,72,Proliferation,true,true,false
72,72,Growth_Arrest,false,true,true
94,46,Growth_Arrest,false,true,true
113,55,Proliferation,true,true,true
103,88,Proliferation,true,true,false
100,92,Proliferation,true,false,true
36,59,Proliferation,true,true,false
91,41,Proliferation,true,true,false
31,103,Proliferation,true,false,false
63,40,Growth_Arrest,false,true,false
122,58,Growth_Arrest,false,false,true
117,51,Proliferation,true,false,true
78,73,Proliferation,true,true,true
31,66,Growth_Arrest,false,true,true
47,73,Growth_Arrest,false,true,true
73,30,Growth_Arrest,false,false,false
116,50,Growth_Arrest,false,true,false
112,99,Proliferation,true,false,true
60,64,Proliferation,true,false,true
64,123,Growth_Arrest,false,true,false
48,121,Proliferation,true,false,true
66,29,Proliferation,true,false,true
104,113,Proliferation,true,true,true
29,82,Proliferation,true,false,true
83,107,Growth_Arrest,false,true,true
77,80,Proliferation,true,false,true
93,123,Growth_Arrest,false,false,false
74,128,Proliferation,true,true,true
75,54,Proliferation,true,false,true
81,62,Proliferation,true,true,false
66,125,Proliferation,true,false,false
121,81,Proliferation,true,true,true
94,60,Growth_Arrest,false,false,true
47,76,Growth_Arrest,false,true,true
84,46,Growth_Arrest,false,true,true
36,51,Proliferation,true,false,true
71,93,Proliferation,true,true,true
91,75,Proliferation,true,false,true
25,67,Proliferation,true,true,true
70,71,Proliferation,true,false,true
81,114,Growth_Arrest,false,true,true
104,107,Proliferation,true,false,false
76,69,Proliferation,true,false,true
123,97,Proliferation,true,false,true
84,25,Proliferation,true,false,true
87,110,Proliferation,true,false,true
90,88,Proliferation,true,true,true
122,92,Proliferation,true,true,false
60,89,Proliferation,true,false,true
56,91,Growth_Arrest,false,false,false
44,65,Proliferation,true,true,true
101,71,Proliferation,true,false,true
59,70,Growth_Arrest,false,false,true
88,50,Proliferation,true,true,false
93,105,Growth_Arrest,false,true,false
102,67,Proliferation,true,false,true
82,67,Growth_Arrest,false,true,true
75,27,Proliferation,true,false,true
41,52,Growth_Arrest,false,true,true
63,97,Growth_Arrest,false,false,true
24,76,Proliferation,true,true,false
100,28,Growth_Arrest,false,true,false
42,33,Proliferation,true,false,false
89,106,Growth_Arrest,false,false,false
81,88,Growth_Arrest,false,true,false
96,73,Growth_Arrest,false,true,false
85,52,Proliferation,true,false,false
61,72,Proliferation,true,true,true
90,48,Proliferation,true,true,true
104,104,Proliferation,true,true,false
74,38,Proliferation,true,true,false
100,47,Proliferation,true,true,true
24,75,Proliferation,true,false,false
36,101,Proliferation,true,false,true
95,46,Proliferation,true,true,false
75,51,Growth_Arrest,false,true,true
39,99,Proliferation,true,false,false
56,90,Growth_Arrest,false,true,true
98,78,Proliferation,true,false,false
99,121,Proliferation,true,true,false
77,46,Growth_Arrest,false,false,true
38,69,Proliferation,true,false,true
111,74,Proliferation,true,true,false
60,63,Proliferation,true,true,true
48,44,Growth_Arrest,false,false,false
86,67,Growth_Arrest,false,false,false
99,60,Proliferation,true,false,true
83,125,Proliferation,true,false,false
87,98,Growth_Arrest,false,false,true
61,46,Proliferation,true,false,true
48,101,Proliferation,true,false,true
81,124,Growth_Arrest,false,true,true
29,90,Proliferation,true,true,false
57,64,Proliferation,true,true,true
67,72,Proliferation,true,true,false
88,116,Proliferation,true,false,true
121,84,Growth_Arrest,false,false,true
37,89,Growth_Arrest,false,true,false
79,126,Proliferation,true,true,true
126,65,Proliferation,true,true,false
88,36,Proliferation,true,false,false
86,77,Growth_Arrest,false,false,true
117,105,Proliferation,true,true,true
122,72,Growth_Arrest,false,true,false
89,41,Proliferation,true,true,false
72,121,Proliferation,true,true,true
53,110,Growth_Arrest,false,true,true
70,42,Proliferation,true,true,true
74,84,Proliferation,true,true,false
93,61,Proliferation,true,true,true
58,66,Proliferation,true,true,false
40,85,Growth_Arrest,false,false,false
48,99,Proliferation,true,true,false
106,73,Proliferation,true,false,true
38,65,Proliferation,true,true,true
88,40,Proliferation,true,false,true
85,76,Proliferation,true,false,false
23,82,Proliferation,true,true,true
119,68,Proliferation,true,false,true
76,106,Growth_Arrest,false,true,false
71,33,Proliferation,true,false,false
88,113,Proliferation,true,false,true
110,106,Growth_Arrest,false,true,false
113,65,Proliferation,true,false,true
115,62,Proliferation,true,false,false
61,80,Proliferation,true,false,false
98,64,Proliferation,true,true,true
115,91,Proliferation,true,false,false
96,61,Proliferation,true,true,true
113,92,Growth_Arrest,false,true,false
36,39,Growth_Arrest,false,true,false
118,78,Proliferation,true,false,false
92,125,Proliferation,true,false,false
61,111,Proliferation,true,true,false
55,95,Proliferation,true,true,true
23,63,Growth_Arrest,false,true,false
105,33,Proliferation,true,false,false
58,63,Growth_Arrest,false,true,true
77,39,Proliferation,true,true,false
86,32,Proliferation,true,false,false
49,99,Growth_Arrest,false,true,false
125,71,Growth_Arrest,false,true,true
42,48,Proliferation,true,false,true
39,104,Growth_Arrest,false,false,false
117,59,Proliferation,true,true,true
116,69,Proliferation,true,true,false
63,25,Growth_Arrest,false,false,true
43,94,Proliferation,true,true,false
26,87,Proliferation,true,false,true
69,40,Proliferation,true,true,true
112,111,Proliferation,true,true,false
50,113,Proliferation,true,false,true
94,97,Proliferation,true,false,false
90,70,Proliferation,true,false,false
123,77,Growth_Arrest,false,false,false
81,98,Proliferation,true,false,true
66,45,Growth_Arrest,false,false,true
64,54,Growth_Arrest,false,true,false
110,88,Growth_Arrest,false,true,false
87,121,Proliferation,true,false,false
30,100,Growth_Arrest,false,false,true
64,81,Proliferation,true,true,true
97,62,Growth_Arrest,false,true,false
121,100,Proliferation,true,false,true
51,122,Growth_Arrest,false,true,false
89,104,Proliferation,true,false,true
102,66,Proliferation,true,false,true
50,77,Proliferation,true,false,true
108,73,Growth_Arrest,false,false,false
45,84,Growth_Arrest,false,true,true
96,112,Proliferation,true,false,true
40,54,Growth_Arrest,false,false,true
59,87,Proliferation,true,false,true
61,102,Proliferation,true,false,true
69,38,Proliferation,true,false,false
70,99,Proliferation,true,false,false
111,54,Proliferation,true,false,true
62,31,Proliferation,true,true,true
55,60,Growth_Arrest,false,false,false
97,39,Growth_Arrest,false,false,true
53,58,Proliferation,true,false,true
102,41,Proliferation,true,true,true
69,63,Proliferation,true,false,true
26,56,Proliferation,true,true,true
51,47,Growth_Arrest,false,false,false
84,78,Proliferation,true,true,false
80,72,Growth_Arrest,false,true,true
48,91,Growth_Arrest,false,false,false
101,75,Proliferation,true,true,false
97,97,Proliferation,true,true,false
80,87,Growth_Arrest,false,true,true
46,79,Proliferation,true,true,false
34,105,Proliferation,true,false,false
84,59,Proliferation,true,true,false
105,72,Proliferation,true,false,false
65,102,Proliferation,true,true,true
56,101,Proliferation,true,true,true
40,113,Proliferation,true,true,false
90,106,Growth_Arrest,false,false,true
109,50,Proliferation,true,true,true
92,35,Proliferation,true,false,true
65,54,Growth_Arrest,false,true,false
40,88,Proliferation,true,true,true
73,61,Growth_Arrest,false,true,false
64,107,Growth_Arrest,false,true,false
62,124,Proliferation,true,false,false
56,53,Proliferation,true,false,false
60,51,Growth_Arrest,false,true,true
45,60,Proliferation,true,false,true
106,93,Growth_Arrest,false,true,true
27,74,Proliferation,true,true,false
83,115,Proliferation,true,false,false
91,80,Proliferation,true,true,false
103,34,Growth_Arrest,false,true,false
110,35,Proliferation,true,false,true
60,76,Proliferation,true,false,true
96,108,Proliferation,true,false,false
48,90,Growth_Arrest,false,false,false
82,40,Proliferation,true,true,false
26,73,Growth_Arrest,false,true,true
117,50,Proliferation,true,true,true
79,82,Growth_Arrest,false,true,false
56,77,Proliferation,true,true,false
85,85,Growth_Arrest,false,true,true
64,24,Proliferation,true,true,false
58,101,Proliferation,true,false,false
127,65,Proliferation,true,false,true
60,116,Growth_Arrest,false,true,false
76,62,Proliferation,true,false,true
94,87,Proliferation,true,true,true
71,122,Proliferation,true,true,true
119,76,Growth_Arrest,false,true,true
50,66,Growth_Arrest,false,true,false
103,47,Proliferation,true,true,false
42,100,Proliferation,true,true,false
37,58,Proliferation,true,true,false
51,51,Growth_Arrest,false,false,true
85,26,Proliferation,true,false,true
92,68,Proliferation,true,true,false
69,60,Proliferation,true,false,true
75,78,Proliferation,true,false,true
95,29,Proliferation,true,true,false
117,48,Proliferation,true,false,false
86,49,Growth_Arrest,false,true,false
90,90,Proliferation,true,true,false
54,105,Growth_Arrest,false,false,true
127,82,Proliferation,true,true,true
82,70,Proliferation,true,true,true
113,61,Proliferation,true,true,true
116,61,Proliferation,true,true,false
75,84,Proliferation,true,false,true
93,27,Proliferation,true,false,false
74,78,Proliferation,true,true,true
62,79,Proliferation,true,false,false
63,26,Growth_Arrest,false,true,false
111,61,Proliferation,true,true,true
39,114,Growth_Arrest,false,false,false
32,86,Proliferation,true,false,false
75,82,Proliferation,true,false,false
118,90,Proliferation,true,false,false
99,103,Growth_Arrest,false,false,true
107,48,Proliferation,true,true,false
34,70,Proliferation,true,true,true
100,57,Proliferation,true,true,false
108,113,Growth_Arrest,false,false,false
120,64,Growth_Arrest,false,true,true
99,113,Proliferation,true,false,true
78,74,Proliferation,true,true,true
32,52,Proliferation,true,true,true
55,88,Growth_Arrest,false,false,false
31,72,Growth_Arrest,false,false,true
101,66,Growth_Arrest,false,false,true
47,84,Proliferation,true,true,false
59,79,Proliferation,true,true,true
58,102,Proliferation,true,false,false
49,52,Growth_Arrest,false,true,true
65,85,Proliferation,true,true,true
45,83,Proliferation,true,false,true
117,83,Growth_Arrest,false,true,true
120,92,Growth_Arrest,false,true,false
86,104,Proliferation,true,true,false
94,95,Growth_Arrest,false,true,true
119,104,Proliferation,true,false,true
107,35,Proliferation,true,false,false
52,46,Proliferation,true,false,true
63,65,Proliferation,true,false,false
107,107,Growth_Arrest,false,true,true
63,44,Proliferation,true,true,false
76,75,Proliferation,true,false,false
67,106,Proliferation,true,true,true
78,69,Proliferation,true,true,false
113,68,Proliferation,true,false,true
27,85,Proliferation,true,true,false
45,61,Growth_Arrest,false,false,false
35,90,Proliferation,true,false,true
71,86,Proliferation,true,false,false
59,55,Proliferation,true,true,false
84,48,Proliferation,true,true,false
54,38,Proliferation,true,false,false
51,49,Proliferation,true,false,false
76,70,Proliferation,true,false,true
70,44,Proliferation,true,true,true
70,31,Proliferation,true,false,false
53,55,Proliferation,true,false,true
76,48,Proliferation,true,true,true
53,108,Growth_Arrest,false,false,true
39,77,Growth_Arrest,false,false,false
56,109,Proliferation,true,true,false
81,29,Proliferation,true,false,true
53,35,Growth_Arrest,false,true,true
67,113,Growth_Arrest,false,true,true
65,74,Proliferation,true,true,true
26,60,Proliferation,true,false,false
69,102,Proliferation,true,false,false
122,50,Proliferation,true,true,true
97,43,Growth_Arrest,false,false,false
30,61,Proliferation,true,false,true
45,49,Proliferation,true,false,true
53,82,Proliferation,true,true,true
47,68,Proliferation,true,true,false
73,118,Proliferation,true,false,true
24,78,Proliferation,true,true,false
78,93,Proliferation,true,false,true
98,45,Proliferation,true,true,false
61,91,Proliferation,true,false,false
46,74,Proliferation,true,false,true
121,75,Proliferation,true,false,false
86,83,Growth_Arrest,false,false,true
84,34,Proliferation,true,true,true
103,51,Growth_Arrest,false,false,false
39,93,Proliferation,true,true,true
91,82,Proliferation,true,true,false
55,110,Proliferation,true,true,true
76,110,Growth_Arrest,false,true,false
87,69,Proliferation,true,true,false
87,68,Proliferation,true,true,true
75,110,Proliferation,true,false,true
26,84,Proliferation,true,true,true
98,93,Proliferation,true,false,true
56,100,Proliferation,true,true,false
127,76,Proliferation,true,true,true
95,98,Growth_Arrest,false,true,true
96,51,Proliferation,true,true,false
90,72,Proliferation,true,false,true
27,87,Growth_Arrest,false,false,true
67,123,Growth_Arrest,false,true,false
49,92,Proliferation,true,false,true
118,96,Growth_Arrest,false,false,false
60,86,Growth_Arrest,false,true,false
60,36,Growth_Arrest,false,false,true
81,38,Proliferation,true,false,true
123,73,Growth_Arrest,false,true,true
97,75,Growth_Arrest,false,true,false
49,68,Growth_Arrest,false,true,false
83,113,Growth_Arrest,false,true,true
81,44,Growth_Arrest,false,false,true
78,31,Proliferation,true,true,true
77,120,Growth_Arrest,false,true,false
97,102,Growth_Arrest,false,true,true
51,57,Growth_Arrest,false,false,false
35,108,Proliferation,true,false,true
96,62,Proliferation,true,true,false
115,101,Proliferation,true,false,false
39,57,Growth_Arrest,false,true,false
103,36,Growth_Arrest,false,false,true
38,106,Growth_Arrest,false,false,true
62,101,Proliferation,true,true,true
52,80,Proliferation,true,false,false
35,75,Proliferation,true,false,false
58,28,Proliferation,true,true,true
121,82,Proliferation,true,false,true
106,47,Growth_Arrest,false,true,true
39,103,Proliferation,true,true,true
107,64,Proliferation,true,false,true
57,30,Growth_Arrest,false,false,false
59,80,Proliferation,true,false,true
98,108,Proliferation,true,false,true
31,96,Proliferation,true,false,false
118,103,Proliferation,true,true,false
106,76,Growth_Arrest,false,false,false
80,114,Proliferation,true,true,false
45,94,Proliferation,true,true,false
96,104,Growth_Arrest,false,false,false
94,116,Proliferation,true,true,true
104,32,Proliferation,true,true,true
92,117,Proliferation,true,true,false
66,75,Proliferation,true,false,false
71,89,Proliferation,true,true,true
87,102,Proliferation,true,false,false
41,114,Proliferation,true,false,false
29,86,Proliferation,true,true,true
101,82,Proliferation,true,false,false
57,46,Growth_Arrest,false,true,false
77,61,Proliferation,true,true,true
90,125,Proliferation,true,true,true
47,52,Proliferation,true,true,true
38,73,Proliferation,true,true,false
85,107,Proliferation,true,true,true
61,41,Proliferation,true,false,true
101,118,Growth_Arrest,false,true,true
48,113,Proliferation,true,false,true
47,72,Proliferation,true,true,true
79,106,Proliferation,true,true,true
127,79,Proliferation,true,true,true
86,110,Proliferation,true,true,false
54,61,Growth_Arrest,false,true,true
48,119,Proliferation,true,false,false
88,91,Proliferation,true,true,false
74,36,Growth_Arrest,false,false,true
103,82,Proliferation,true,true,false
49,56,Proliferation,true,true,true
114,95,Growth_Arrest,false,true,true
69,61,Growth_Arrest,false,false,true
24,83,Proliferation,true,true,false
116,73,Proliferation,true,true,false
59,123,Proliferation,true,true,true
107,98,Growth_Arrest,false,false,true
92,57,Growth_Arrest,false,true,false
62,59,Proliferation,true,true,true
105,83,Proliferation,true,false,true
22,81,Proliferation,true,true,true
92,56,Proliferation,true,true,true
78,116,Proliferation,true,true,false
108,111,Growth_Arrest,false,false,true
106,97,Proliferation,true,false,false
39,78,Proliferation,true,false,false
71,96,Proliferation,true,true,true
82,33,Proliferation,true,true,true
38,111,Proliferation,true,true,true
89,56,Proliferation,true,false,true
126,78,Growth_Arrest,false,false,true
67,122,Proliferation,true,true,true
123,60,Growth_Arrest,false,false,true
76,23,Proliferation,true,true,false
57,83,Growth_Arrest,false,false,true
64,37,Proliferation,true,true,false
108,108,Proliferation,true,false,false
96,37,Proliferation,true,false,false
89,49,Proliferation,true,false,true
116,59,Proliferation,true,false,false
55,50,Growth_Arrest,false,true,false
98,85,Proliferation,true,true,false
105,95,Growth_Arrest,false,true,true
84,112,Growth_Arrest,false,false,false
99,33,Growth_Arrest,false,true,true
61,112,Proliferation,true,true,false
97,83,Growth_Arrest,false,true,true
109,83,Proliferation,true,true,true
93,119,Proliferation,true,false,true
80,37,Proliferation,true,true,true
57,89,Proliferation,true,false,false
72,114,Growth_Arrest,false,true,false
112,93,Proliferation,true,true,false
68,47,Proliferation,true,true,true
85,24,Proliferation,true,false,true
47,115,Proliferation,true,true,false
104,49,Proliferation,true,false,false
48,105,Proliferation,true,true,true
35,67,Proliferation,true,false,true
32,102,Proliferation,true,true,true
58,35,Proliferation,true,true,true
74,74,Proliferation,true,false,false
42,82,Proliferation,true,true,false
58,121,Growth_Arrest,false,false,false
89,66,Growth_Arrest,false,true,true
59,119,Growth_Arrest,false,true,false
116,57,Proliferation,true,false,false
73,67,Proliferation,true,false,false
28,60,Proliferation,true,false,true
88,117,Proliferation,true,false,false
59,75,Proliferation,true,true,true
112,100,Proliferation,true,false,true
42,70,Growth_Arrest,false,false,true
54,41,Growth_Arrest,false,false,false
71,112,Proliferation,true,true,true
123,65,Growth_Arrest,false,false,false
118,68,Proliferation,true,false,false
59,26,Proliferation,true,true,true
60,105,Proliferation,true,false,true
71,114,Growth_Arrest,false,true,false
103,46,Growth_Arrest,false,false,true
68,99,Proliferation,true,true,true
106,91,Growth_Arrest,false,false,true
42,64,Proliferation,true,true,true
27,96,Proliferation,true,false,false
38,96,Proliferation,true,true,true
52,93,Growth_Arrest,false,true,true
69,51,Growth_Arrest,false,false,true
67,91,Proliferation,true,true,true
78,99,Growth_Arrest,false,true,false
94,85,Proliferation,true,true,true
25,92,Proliferation,true,true,true
62,100,Proliferation,true,true,true
110,108,Proliferation,true,false,true
75,28,Proliferation,true,true,true
48,43,Growth_Arrest,false,false,true
52,32,Growth_Arrest,false,false,false
25,82,Growth_Arrest,false,false,false
29,48,Proliferation,true,true,true
125,70,Growth_Arrest,false,false,false
95,81,Proliferation,true,true,true
111,66,Proliferation,true,true,true
70,84,Growth_Arrest,false,true,true
65,106,Growth_Arrest,false,true,true
120,49,Proliferation,true,true,true
80,119,Proliferation,true,false,true
109,34,Growth_Arrest,false,true,false
106,55,Growth_Arrest,false,false,false
59,61,Proliferation,true,false,true
74,127,Growth_Arrest,false,false,true
113,90,Proliferation,true,false,false
65,113,Proliferation,true,true,false
70,81,Proliferation,true,false,false
64,58,Proliferation,true,false,false
73,91,Proliferation,true,true,false
45,100,Proliferation,true,true,true
116,79,Proliferation,true,false,false
40,84,Proliferation,true,false,true
110,50,Proliferation,true,true,false
96,54,Growth_Arrest,false,true,true
38,68,Proliferation,true,true,true
125,60,Proliferation,true,true,false
75,73,Proliferation,true,false,false
54,54,Growth_Arrest,false,true,true
116,54,Proliferation,true,false,false
72,61,Growth_Arrest,false,false,true
92,113,Proliferation,true,true,false
76,84,Proliferation,true,false,true
122,61,Proliferation,true,true,true
82,36,Growth_Arrest,false,false,true
112,54,Proliferation,true,false,true
100,39,Proliferation,true,true,false
113,44,Proliferation,true,false,true
88,82,Proliferation,true,false,true
54,56,Proliferation,true,true,true
75,83,Proliferation,true,true,true
98,117,Proliferation,true,false,true
70,41,Proliferation,true,false,false
93,72,Proliferation,true,true,true
67,93,Proliferation,true,false,true
114,86,Proliferation,true,false,true
74,94,Growth_Arrest,false,false,false
74,50,Proliferation,true,true,false
39,60,Proliferation,true,true,true
46,35,Growth_Arrest,false,true,false
101,111,Proliferation,true,true,true
72,123,Proliferation,true,true,true
110,45,Proliferation,true,true,false
95,58,Proliferation,true,false,false
108,87,Growth_Arrest,false,false,false
74,91,Proliferation,true,true,true
117,89,Growth_Arrest,false,false,false
98,107,Proliferation,true,true,false
87,92,Growth_Arrest,false,false,false
35,61,Proliferation,true,true,false
104,82,Growth_Arrest,false,false,false
82,76,Growth_Arrest,false,true,false
97,49,Proliferation,true,false,true
99,84,Growth_Arrest,false,true,false
42,35,Proliferation,true,false,true
107,59,Proliferation,true,true,true
70,86,Growth_Arrest,false,true,false
83,96,Growth_Arrest,false,false,false
59,107,Growth_Arrest,false,true,false
100,106,Growth_Arrest,false,false,true
51,119,Growth_Arrest,false,false,false
79,48,Proliferation,true,false,false
38,61,Proliferation,true,true,false
44,58,Proliferation,true,false,false
84,84,Growth_Arrest,false,false,true
123,83,Proliferation,true,false,false
74,99,Proliferation,true,true,false
95,69,Growth_Arrest,false,false,false
116,108,Growth_Arrest,false,false,false
65,45,Proliferation,true,false,true
108,58,Proliferation,true,true,true
95,43,Proliferation,true,false,true
37,111,Growth_Arrest,false,true,true
51,72,Proliferation,true,false,false
59,35,Proliferation,true,true,false
103,72,Proliferation,true,false,true
58,112,Proliferation,true,true,true
89,29,Growth_Arrest,false,false,true
109,86,Growth_Arrest,false,true,false
34,59,Proliferation,true,true,false
66,72,Proliferation,true,true,false
33,82,Proliferation,true,true,true
46,112,Proliferation,true,false,true
52,81,Proliferation,true,false,true
90,60,Growth_Arrest,false,true,true
121,83,Growth_Arrest,false,false,false
37,101,Proliferation,true,false,true
80,22,Proliferation,true,true,true
116,106,Proliferation,true,false,true
62,45,Growth_Arrest,false,true,false
26,89,Proliferation,true,true,false
35,87,Growth_Arrest,false,true,true
85,48,Proliferation,true,true,true
44,73,Proliferation,true,true,false
106,56,Proliferation,true,true,true
32,76,Proliferation,true,true,false
41,82,Growth_Arrest,false,false,false
64,40,Growth_Arrest,false,true,false
72,125,Proliferation,true,true,true
26,75,Proliferation,true,false,true
34,49,Proliferation,true,true,true
86,107,Growth_Arrest,false,false,true
91,64,Proliferation,true,false,true
34,95,Proliferation,true,false,false
120,54,Proliferation,true,false,false
37,47,Proliferation,true,false,true
78,118,Proliferation,true,false,true
114,75,Proliferation,true,false,true
37,105,Proliferation,true,true,false
73,26,Proliferation,true,true,false
72,105,Growth_Arrest,false,true,false
69,109,Growth_Arrest,false,true,true
90,35,Growth_Arrest,false,false,true
91,55,Proliferation,true,true,true
83,79,Proliferation,true,true,true
100,95,Proliferation,true,false,true
76,109,Proliferation,true,false,true
47,113,Proliferation,true,false,true
61,96,Growth_Arrest,false,true,true
37,64,Growth_Arrest,false,true,false
80,86,Growth_Arrest,false,true,true
46,31,Growth_Arrest,false,true,true
57,27,Growth_Arrest,false,true,false
99,37,Proliferation,true,false,true
45,46,Growth_Arrest,false,false,true
94,47,Proliferation,true,true,true
68,53,Growth_Arrest,false,false,true
109,93,Proliferation,true,true,false
116,70,Proliferation,true,true,false
116,86,Proliferation,true,false,true
45,87,Growth_Arrest,false,true,false
79,51,Proliferation,true,false,true
39,43,Growth_Arrest,false,false,true
81,100,Proliferation,true,false,true
86,88,Proliferation,true,true,true
82,81,Proliferation,true,false,true
66,85,Proliferation,true,true,true
42,84,Proliferation,true,true,true
93,87,Growth_Arrest,false,true,false
67,86,Proliferation,true,false,false
96,45,Proliferation,true,true,true
72,88,Growth_Arrest,false,true,true
88,124,Proliferation,true,false,false
110,79,Proliferation,true,true,true
127,70,Growth_Arrest,false,false,true
82,127,Growth_Arrest,false,true,true
61,122,Proliferation,true,false,true
81,101,Growth_Arrest,false,true,false
44,38,Proliferation,true,false,true
60,71,Proliferation,true,false,false
101,32,Proliferation,true,false,true
72,107,Proliferation,true,true,true
50,102,Growth_Arrest,false,false,true
108,64,Proliferation,true,false,true
113,64,Proliferation,true,false,false
88,58,Proliferation,true,true,false
101,48,Growth_Arrest,false,false,true
60,25,Proliferation,true,true,true
62,65,Proliferation,true,true,false
108,34,Proliferation,true,false,false
32,49,Growth_Arrest,false,true,false
72,103,Growth_Arrest,false,true,false
112,53,Proliferation,true,false,true
74,21,Growth_Arrest,false,false,false
121,69,Proliferation,true,false,false
76,44,Proliferation,true,true,false
38,46,Growth_Arrest,false,true,false
77,122,Proliferation,true,true,true
52,104,Growth_Arrest,false,true,true
79,56,Proliferation,true,true,false
37,81,Growth_Arrest,false,false,false
104,67,Proliferation,true,false,true
53,101,Growth_Arrest,false,true,false
91,61,Proliferation,true,false,false
68,75,Growth_Arrest,false,true,false
72,75,Growth_Arrest,false,true,false
101,54,Proliferation,true,false,true
54,85,Proliferation,true,true,true
72,71,Growth_Arrest,false,false,false
78,86,Proliferation,true,true,false
78,64,Proliferation,true,false,true
92,60,Proliferation,true,true,true
70,116,Proliferation,true,true,false
32,58,Growth_Arrest,false,false,true
80,25,Proliferation,true,true,true
77,78,Proliferation,true,true,false
102,56,Growth_Arrest,false,true,true
81,118,Proliferation,true,true,false
123,78,Proliferation,true,false,true
54,108,Proliferation,true,true,true
65,30,Growth_Arrest,false,true,false
48,107,Proliferation,true,false,false
55,120,Proliferation,true,true,false
110,87,Proliferation,true,false,true
56,40,Proliferation,true,false,true
123,53,Proliferation,true,false,true
39,44,Proliferation,true,true,false
24,70,Proliferation,true,true,false
69,64,Proliferation,true,true,false
99,43,Proliferation,true,false,true
31,45,Proliferation,true,false,true
119,85,Growth_Arrest,false,false,true
78,46,Growth_Arrest,false,true,true
109,64,Proliferation,true,true,false
97,114,Proliferation,true,false,false
103,75,Proliferation,true,true,true
114,54,Proliferation,true,true,false
50,31,Growth_Arrest,false,true,false
62,96,Proliferation,true,true,true
63,56,Growth_Arrest,false,false,true
123,96,Growth_Arrest,false,false,false
53,107,Proliferation,true,true,false
64,62,Growth_Arrest,false,false,false
66,99,Proliferation,true,false,false
127,83,Growth_Arrest,false,false,true
64,93,Proliferation,true,true,true
85,93,Proliferation,true,false,false
94,39,Proliferation,true,false,false
33,85,Proliferation,true,true,false
114,91,Proliferation,true,false,true
120,71,Proliferation,true,true,true
72,102,Proliferation,true,false,true
74,119,Proliferation,true,false,true
93,69,Proliferation,true,true,false
40,101,Proliferation,true,false,false
34,69,Growth_Arrest,false,true,false
78,82,Proliferation,true,false,false
45,85,Proliferation,true,false,true
68,36,Proliferation,true,false,false
113,56,Proliferation,true,false,true
68,97,Proliferation,true,false,false
50,57,Growth_Arrest,false,false,true
89,28,Growth_Arrest,false,true,true
23,74,Proliferation,true,true,false
45,33,Proliferation,true,true,true
36,87,Proliferation,true,false,false
34,109,Proliferation,true,false,false
121,65,Growth_Arrest,false,false,false
102,68,Growth_Arrest,false,false,false
106,43,Proliferation,true,false,true
114,78,Proliferation,true,false,true
81,120,Growth_Arrest,false,false,false
120,55,Proliferation,true,true,false
51,34,Proliferation,true,true,false
102,76,Growth_Arrest,false,false,true
48,75,Proliferation,true,true,false
29,84,Growth_Arrest,false,false,false
40,90,Proliferation,true,true,true
45,41,Growth_Arrest,false,true,false
60,114,Growth_Arrest,false,false,true
75,63,Proliferation,true,true,true
108,49,Proliferation,true,true,true
53,31,Proliferation,true,true,true
37,85,Proliferation,true,true,false
72,100,Proliferation,true,true,true
107,50,Proliferation,true,true,false
56,82,Proliferation,true,true,false
73,44,Proliferation,true,true,true
103,93,Proliferation,true,false,true
64,69,Proliferation,true,true,true
57,81,Proliferation,true,false,true
66,70,Proliferation,true,false,false
50,58,Proliferation,true,false,true
112,47,Growth_Arrest,false,false,false
44,31,Growth_Arrest,false,true,true
61,94,Proliferation,true,false,false
63,78,Proliferation,true,true,false
119,70,Proliferation,true,false,true
49,109,Proliferation,true,true,false
56,92,Proliferation,true,false,true
92,42,Growth_Arrest,false,true,false
75,61,Proliferation,true,false,false
49,85,Growth_Arrest,false,false,false
109,53,Proliferation,true,true,false
125,65,Growth_Arrest,false,false,false
112,94,Proliferation,true,false,false
85,36,Proliferation,true,false,false
103,79,Proliferation,true,false,false
81,30,Proliferation,true,true,true
105,35,Proliferation,true,true,true
41,49,Growth_Arrest,false,false,false
68,77,Growth_Arrest,false,false,true
114,99,Proliferation,true,true,false
67,100,Growth_Arrest,false,true,false
35,72,Growth_Arrest,false,true,false
36,54,Proliferation,true,true,true
82,110,Proliferation,true,true,true
84,127,Growth_Arrest,false,false,false
42,83,Proliferation,true,false,false
34,42,Proliferation,true,true,false
117,102,Proliferation,true,true,true
49,82,Growth_Arrest,false,false,false
41,35,Proliferation,true,false,true
57,51,Growth_Arrest,false,false,false
123,63,Proliferation,true,false,true
110,96,Proliferation,true,true,false
99,90,Proliferation,true,true,false
92,107,Proliferation,true,false,true
125,79,Growth_Arrest,false,false,true
99,31,Proliferation,true,false,false
58,41,Proliferation,true,false,true
107,108,Proliferation,true,true,false
38,70,Proliferation,true,false,true
77,66,Proliferation,true,false,true
43,64,Proliferation,true,false,true
42,45,Proliferation,true,false,false
92,112,Proliferation,true,false,false
40,48,Proliferation,true,false,false
69,50,Proliferation,true,true,true
68,119,Proliferation,true,true,true
43,63,Growth_Arrest,false,true,false
48,46,Proliferation,true,true,true
91,72,Growth_Arrest,false,true,true
79,37,Proliferation,true,true,false
51,41,Proliferation,true,false,false
78,101,Growth_Arrest,false,false,true
27,75,Proliferation,true,true,false
104,50,Proliferation,true,false,false
105,85,Proliferation,true,true,true
105,102,Proliferation,true,false,true
34,58,Growth_Arrest,false,true,false
53,32,Proliferation,true,true,false
81,107,Proliferation,true,true,true
95,31,Proliferation,true,true,false
50,40,Growth_Arrest,false,false,false
56,67,Growth_Arrest,false,false,false
123,68,Proliferation,true,true,false
98,47,Proliferation,true,false,false
70,33,Proliferation,true,true,true
95,79,Growth_Arrest,false,false,true
56,107,Growth_Arrest,false,false,true
72,91,Proliferation,true,true,false
35,88,Proliferation,true,true,false
24,84,Proliferation,true,true,false
73,72,Growth_Arrest,false,true,false
50,111,Proliferation,true,false,true
45,50,Growth_Arrest,false,true,true
113,97,Proliferation,true,true,true
79,33,Growth_Arrest,false,false,true
56,110,Proliferation,true,true,false
106,52,Proliferation,true,true,true
61,109,Proliferation,true,false,true
76,124,Proliferation,true,false,true
82,125,Proliferation,true,false,true
92,79,Growth_Arrest,false,true,false
88,114,Proliferation,true,true,false
69,52,Growth_Arrest,false,false,true
30,49,Growth_Arrest,false,true,true
99,73,Growth_Arrest,false,false,true
80,42,Proliferation,true,false,false
77,113,Proliferation,true,true,false
88,79,Growth_Arrest,false,true,false
79,72,Proliferation,true,false,false
63,86,Growth_Arrest,false,false,true
44,104,Proliferation,true,true,true
113,39,Proliferation,true,true,false
60,113,Proliferation,true,true,true
48,76,Growth_Arrest,false,true,true
100,102,Proliferation,true,false,false
109,47,Proliferation,true,true,true
107,67,Proliferation,true,true,true
46,87,Proliferation,true,true,false
41,73,Growth_Arrest,false,true,false
86,31,Proliferation,true,true,true
50,47,Proliferation,true,false,true
37,70,Growth_Arrest,false,true,true
38,52,Proliferation,true,true,true
45,118,Proliferation,true,true,false
58,109,Proliferation,true,false,false
66,66,Proliferation,true,false,true
102,43,Proliferation,true,true,true
81,59,Growth_Arrest,false,false,true
102,106,Growth_Arrest,false,true,true
79,57,Proliferation,true,true,true
99,45,Proliferation,true,true,true
56,30,Proliferation,true,true,false
88,76,Growth_Arrest,false,true,false
59,59,Growth_Arrest,false,true,true
56,56,Growth_Arrest,false,false,false
112,104,Proliferation,true,false,false
94,69,Proliferation,true,true,true
79,38,Proliferation,true,true,false
62,42,Growth_Arrest,false,true,true
111,41,Growth_Arrest,false,true,true
38,107,Proliferation,true,true,true
32,60,Growth_Arrest,false,false,true
77,92,Growth_Arrest,false,false,true
79,59,Growth_Arrest,false,false,true
112,43,Proliferation,true,true,false
84,120,Growth_Arrest,false,true,true
35,99,Proliferation,true,true,false
38,112,Proliferation,true,false,true
101,98,Proliferation,true,false,false
110,51,Growth_Arrest,false,true,true
86,114,Growth_Arrest,false,true,false
100,120,Proliferation,true,true,true
53,97,Proliferation,true,true,true
79,78,Proliferation,true,true,true
74,32,Proliferation,true,false,true
98,31,Growth_Arrest,false,true,false
78,75,Proliferation,true,false,true
53,104,Proliferation,true,false,false
64,45,Growth_Arrest,false,false,false
34,108,Growth_Arrest,false,true,false
90,117,Proliferation,true,false,true
104,69,Growth_Arrest,false,false,false
107,38,Proliferation,true,false,true
92,66,Proliferation,true,false,true
80,35,Growth_Arrest,false,false,true
119,62,Growth_Arrest,false,true,true
48,62,Proliferation,true,true,false
102,54,Growth_Arrest,false,false,true
124,74,Growth_Arrest,false,false,false
110,70,Growth_Arrest,false,false,false
24,74,Growth_Arrest,false,false,false
94,94,Proliferation,true,false,true
47,65,Proliferation,true,true,false
102,85,Growth_Arrest,false,true,true
74,95,Proliferation,true,true,true
71,30,Proliferation,true,true,true
106,101,Proliferation,true,false,false
61,106,Proliferation,true,false,false
72,32,Proliferation,true,false,true
39,42,Proliferation,true,true,false
105,34,Proliferation,true,true,false
60,44,Proliferation,true,false,false
23,75,Growth_Arrest,false,false,false
82,45,Growth_Arrest,false,true,true
27,69,Proliferation,true,false,true
112,96,Proliferation,true,true,true
57,104,Proliferation,true,false,false
71,59,Proliferation,true,true,false
81,43,Growth_Arrest,false,false,true
102,98,Proliferation,true,false,true
37,90,Growth_Arrest,false,true,true
54,110,Proliferation,true,true,false
113,76,Proliferation,true,false,true
93,36,Proliferation,true,false,true
41,94,Proliferation,true,false,true
94,58,Proliferation,true,true,true
121,57,Growth_Arrest,false,true,true
39,65,Growth_Arrest,false,true,true
78,41,Proliferation,true,false,false
95,76,Proliferation,true,false,false
73,87,Growth_Arrest,false,false,false
118,69,Proliferation,true,true,true
67,46,Proliferation,true,true,false
30,93,Proliferation,true,true,true
63,23,Proliferation,true,true,true
110,91,Proliferation,true,false,true
76,22,Proliferation,true,true,true
66,95,Proliferation,true,true,true
107,52,Proliferation,true,false,true
120,70,Proliferation,true,false,true
44,91,Growth_Arrest,false,false,false
33,78,Proliferation,true,true,false
50,51,Proliferation,true,true,true
53,54,Growth_Arrest,false,false,true
82,82,Growth_Arrest,false,false,true
92,72,Proliferation,true,true,true
105,55,Growth_Arrest,false,false,false
72,54,Growth_Arrest,false,true,false
116,78,Proliferation,true,false,true
102,94,Proliferation,true,false,false
113,86,Proliferation,true,true,true
45,63,Growth_Arrest,false,true,true
78,27,Proliferation,true,false,false
104,114,Proliferation,true,true,false
91,56,Proliferation,true,false,true
91,124,Proliferation,true,false,true
83,90,Proliferation,true,false,true
116,84,Proliferation,true,true,false
45,36,Growth_Arrest,false,true,true
33,87,Proliferation,true,true,false
34,63,Proliferation,true,true,false
40,91,Proliferation,true,false,true
48,30,Proliferation,true,true,false
66,38,Growth_Arrest,false,true,true
70,38,Proliferation,true,false,false
98,77,Growth_Arrest,false,false,false
62,48,Growth_Arrest,false,true,true
91,70,Proliferation,true,true,true
93,124,Proliferation,true,false,true
27,72,Growth_Arrest,false,false,true
115,80,Growth_Arrest,false,false,false
60,90,Growth_Arrest,false,false,true
61,59,Proliferation,true,false,false
123,69,Proliferation,true,true,true
42,76,Proliferation,true,true,false
49,78,Growth_Arrest,false,true,false
38,56,Growth_Arrest,false,false,true
37,73,Proliferation,true,true,false
61,110,Growth_Arrest,false,false,true
85,101,Growth_Arrest,false,true,true
43,85,Proliferation,true,false,false
65,83,Proliferation,true,true,false
56,97,Proliferation,true,true,false
54,72,Proliferation,true,false,true
46,78,Growth_Arrest,false,true,true
35,60,Proliferation,true,true,false
93,41,Proliferation,true,false,true
29,71,Proliferation,true,true,true
110,80,Proliferation,true,false,false
38,67,Proliferation,true,true,true
93,68,Proliferation,true,false,true
93,40,Proliferation,true,false,false
31,98,Proliferation,true,false,false
34,81,Proliferation,true,true,true
50,53,Proliferation,true,true,false
66,78,Proliferation,true,true,false
45,71,Growth_Arrest,false,true,false
84,106,Growth_Arrest,false,true,false
49,112,Proliferation,true,false,false
61,87,Growth_Arrest,false,true,true
80,93,Proliferation,true,false,false
64,49,Proliferation,true,true,true
84,71,Proliferation,true,false,false
81,40,Proliferation,true,false,false
63,46,Growth_Arrest,false,false,false
96,85,Growth_Arrest,false,false,true
49,69,Proliferation,true,false,true
58,99,Proliferation,true,true,false
96,47,Proliferation,true,false,false
29,52,Growth_Arrest,false,true,true
42,101,Proliferation,true,false,true
54,45,Proliferation,true,false,false
91,91,Growth_Arrest,false,false,true
75,58,Proliferation,true,true,false
41,54,Proliferation,true,false,true
52,118,Growth_Arrest,false,true,true
77,123,Growth_Arrest,false,true,true
91,73,Growth_Arrest,false,true,true
113,94,Proliferation,true,false,false
40,42,Proliferation,true,false,true
76,42,Proliferation,true,false,false
69,120,Growth_Arrest,false,true,false
123,74,Proliferation,true,true,true
117,93,Growth_Arrest,false,false,false
24,57,Proliferation,true,true,false
38,83,Proliferation,true,true,false
87,83,Growth_Arrest,false,true,true
65,124,Growth_Arrest,false,true,false
28,57,Proliferation,true,false,false
78,115,Growth_Arrest,false,true,true
113,104,Proliferation,true,false,true
123,58,Proliferation,true,false,false
51,53,Growth_Arrest,false,false,false
77,60,Proliferation,true,false,false
45,73,Proliferation,true,true,true
53,47,Proliferation,true,false,true
93,63,Proliferation,true,true,true
37,74,Proliferation,true,false,false
88,106,Proliferation,true,false,false
80,122,Growth_Arrest,false,false,true
90,93,Proliferation,true,true,false
116,88,Proliferation,true,false,false
104,30,Proliferation,true,true,false
107,66,Proliferation,true,true,false
98,60,Proliferation,true,false,false
101,72,Proliferation,true,false,true
43,41,Proliferation,true,true,true
76,123,Proliferation,true,false,true
87,114,Proliferation,true,false,true
116,55,Proliferation,true,false,true
87,46,Growth_Arrest,false,true,true
47,112,Proliferation,true,true,false
78,84,Proliferation,true,false,false
46,30,Proliferation,true,true,false
74,69,Proliferation,true,false,true
38,42,Growth_Arrest,false,true,true
55,92,Proliferation,true,false,true
92,38,Proliferation,true,false,false
77,33,Growth_Arrest,false,false,false
99,95,Growth_Arrest,false,false,false
102,59,Proliferation,true,false,false
76,117,Growth_Arrest,false,true,true
63,43,Proliferation,true,false,false
81,63,Growth_Arrest,false,true,false
56,28,Proliferation,true,true,true
56,86,Proliferation,true,false,false
62,85,Growth_Arrest,false,true,true
66,56,Proliferation,true,true,false
116,41,Proliferation,true,true,true
94,28,Proliferation,true,false,true
56,61,Proliferation,true,true,true
60,122,Growth_Arrest,false,false,false
65,119,Proliferation,true,true,false
110,60,Proliferation,true,true,true
22,84,Proliferation,true,true,false
74,63,Proliferation,true,true,false
126,84,Proliferation,true,false,true
116,80,Proliferation,true,false,true
117,100,Proliferation,true,true,true
97,111,Growth_Arrest,false,true,false
121,55,Proliferation,true,true,false
38,102,Proliferation,true,true,true
106,45,Proliferation,true,true,false
106,80,Growth_Arrest,false,false,true
127,81,Proliferation,true,false,true
57,61,Growth_Arrest,false,true,true
49,86,Growth_Arrest,false,false,true
59,91,Proliferation,true,false,true
83,78,Growth_Arrest,false,true,true
74,33,Growth_Arrest,false,true,true
40,105,Proliferation,true,false,true
86,27,Proliferation,true,true,false
64,80,Growth_Arrest,false,true,true
93,56,Growth_Arrest,false,false,false
59,77,Proliferation,true,true,false
88,77,Growth_Arrest,false,true,false
81,94,Proliferation,true,true,true
42,41,Growth_Arrest,false,true,true
80,82,Growth_Arrest,false,true,false
121,94,Growth_Arrest,false,false,false
60,38,Growth_Arrest,false,true,true
65,68,Proliferation,true,true,true
64,35,Proliferation,true,false,false
30,64,Growth_Arrest,false,true,false
91,40,Proliferation,true,false,false
64,102,Proliferation,true,false,true
125,74,Proliferation,true,true,false
44,94,Proliferation,true,false,false
82,124,Growth_Arrest,false,false,true
73,106,Growth_Arrest,false,true,false
54,118,Proliferation,true,true,false
93,33,Proliferation,true,false,false
127,72,Growth_Arrest,false,false,true
46,38,Growth_Arrest,false,false,true
50,108,Growth_Arrest,false,true,false
70,90,Proliferation,true,true,true
112,108,Proliferation,true,false,false
73,84,Growth_Arrest,false,true,true
115,100,Proliferation,true,false,false
67,62,Growth_Arrest,false,true,false
82,79,Proliferation,true,false,false
85,35,Proliferation,true,true,true
74,124,Proliferation,true,true,true
111,72,Proliferation,true,true,true
37,104,Proliferation,true,false,true
86,87,Proliferation,true,false,true
53,89,Proliferation,true,false,true
39,59,Proliferation,true,false,false
115,104,Proliferation,true,true,false
110,76,Proliferation,true,true,true
103,50,Proliferation,true,false,true
78,90,Proliferation,true,false,false
62,47,Proliferation,true,false,true
49,54,Proliferation,true,false,true
121,56,Proliferation,true,true,true
41,47,Growth_Arrest,false,true,false
77,31,Proliferation,true,true,false
78,91,Growth_Arrest,false,false,true
29,94,Growth_Arrest,false,true,false
66,30,Proliferation,true,true,true
111,76,Growth_Arrest,false,true,false
104,35,Growth_Arrest,false,false,false
91,93,Proliferation,true,false,false
23,77,Proliferation,true,true,false
107,42,Growth_Arrest,false,true,true
106,48,Growth_Arrest,false,false,true
71,90,Proliferation,true,true,false
112,101,Proliferation,true,true,true
95,118,Growth_Arrest,false,false,false
97,115,Proliferation,true,true,false
55,94,Growth_Arrest,false,true,false
54,77,Growth_Arrest,false,false,false
49,76,Growth_Arrest,false,false,true
83,82,Proliferation,true,true,true
64,117,Proliferation,true,true,true
77,85,Proliferation,true,false,false
85,86,Proliferation,true,true,false
91,76,Proliferation,true,false,true
89,51,Proliferation,true,true,false
115,60,Growth_Arrest,false,true,false
63,50,Growth_Arrest,false,true,true
96,72,Proliferation,true,true,false
56,105,Proliferation,true,true,false
106,81,Proliferation,true,true,false
74,108,Proliferation,true,false,false
113,105,Growth_Arrest,false,false,false
93,81,Growth_Arrest,false,false,false
65,76,Growth_Arrest,false,true,false
120,100,Proliferation,true,true,false
115,59,Proliferation,true,true,false
95,42,Proliferation,true,true,true
59,53,Proliferation,true,false,true
69,85,Proliferation,true,true,true
29,47,Growth_Arrest,false,false,false
75,89,Proliferation,true,false,false
92,30,Proliferation,true,false,true
55,105,Growth_Arrest,false,false,true
89,98,Proliferation,true,true,false
98,116,Proliferation,true,false,false
104,43,Proliferation,true,false,true
67,82,Growth_Arrest,false,true,true
42,80,Proliferation,true,false,false
35,77,Growth_Arrest,false,true,false
113,93,Proliferation,true,true,false
76,26,Growth_Arrest,false,false,false
87,84,Proliferation,true,true,false
49,37,Proliferation,true,false,false
84,108,Growth_Arrest,false,true,false
39,98,Growth_Arrest,false,true,false
57,108,Growth_Arrest,false,true,true
68,112,Growth_Arrest,false,false,true
32,100,Proliferation,true,true,false
50,120,Proliferation,true,true,false
32,53,Proliferation,true,false,false
99,118,Growth_Arrest,false,true,false
99,74,Proliferation,true,false,true
64,47,Proliferation,true,true,true
93,99,Proliferation,true,false,false
67,116,Proliferation,true,true,true
106,111,Proliferation,true,false,true
78,98,Proliferation,true,false,false
92,62,Proliferation,true,true,false
94,49,Proliferation,true,true,true
48,57,Proliferation,true,false,false
63,101,Growth_Arrest,false,false,true
71,125,Growth_Arrest,false,true,false
103,54,Proliferation,true,false,false
54,97,Growth_Arrest,false,false,false
62,40,Proliferation,true,true,false
51,62,Proliferation,true,true,true
66,96,Proliferation,true,true,false
113,59,Proliferation,true,false,true
43,33,Growth_Arrest,false,true,false
48,29,Growth_Arrest,false,true,false
90,124,Proliferation,true,false,false
27,83,Proliferation,true,false,true
40,111,Proliferation,true,true,true
98,49,Proliferation,true,true,true
43,39,Growth_Arrest,false,true,false
51,60,Growth_Arrest,false,false,true
46,92,Growth_Arrest,false,false,true
95,90,Proliferation,true,false,false
124,75,Proliferation,true,false,false
97,85,Growth_Arrest,false,true,true
108,51,Proliferation,true,true,false
57,70,Proliferation,true,true,false
70,120,Proliferation,true,false,false
25,68,Proliferation,true,true,false
42,113,Proliferation,true,true,false
88,93,Proliferation,true,false,false
105,103,Growth_Arrest,false,false,true
24,71,Proliferation,true,false,false
60,115,Proliferation,true,true,false
38,36,Growth_Arrest,false,false,true
51,87,Proliferation,true,true,true
71,83,Proliferation,true,false,false
56,112,Growth_Arrest,false,true,false
65,84,Growth_Arrest,false,false,true
65,117,Proliferation,true,false,true
118,45,Proliferation,true,true,false
93,60,Proliferation,true,false,false
83,27,Proliferation,true,true,false
73,31,Proliferation,true,true,false
104,57,Proliferation,true,true,true
109,35,Growth_Arrest,false,false,true
101,94,Proliferation,true,false,false
68,76,Proliferation,true,false,true
68,52,Proliferation,true,false,true
52,34,Proliferation,true,false,true
85,61,Proliferation,true,true,false
48,120,Proliferation,true,true,false
69,62,Proliferation,true,true,true
94,35,Proliferation,true,true,false
46,62,Proliferation,true,true,true
62,61,Proliferation,true,true,false
85,67,Growth_Arrest,false,false,false
99,106,Proliferation,true,false,true
66,34,Proliferation,true,false,false
126,64,Proliferation,true,false,false
80,102,Proliferation,true,true,false
110,103,Growth_Arrest,false,true,false
94,30,Growth_Arrest,false,true,true
91,69,Growth_Arrest,false,true,true
108,43,Proliferation,true,true,false
103,43,Growth_Arrest,false,true,true
52,121,Growth_Arrest,false,true,false
99,101,Proliferation,true,true,false
100,64,Proliferation,true,true,true
103,73,Proliferation,true,true,true
104,68,Proliferation,true,false,true
81,123,Proliferation,true,false,false
60,47,Growth_Arrest,false,true,false
93,26,Growth_Arrest,false,false,true
33,97,Growth_Arrest,false,false,true
33,90,Proliferation,true,false,true
85,117,Proliferation,true,false,true
52,95,Proliferation,true,true,true
71,47,Proliferation,true,false,true
44,118,Proliferation,true,true,false
94,113,Proliferation,true,true,true
81,25,Proliferation,true,false,true
33,95,Proliferation,true,false,true
105,97,Proliferation,true,false,true
81,117,Proliferation,true,true,true
56,80,Proliferation,true,true,true
71,108,Proliferation,true,true,false
95,88,Growth_Arrest,false,true,false
93,120,Growth_Arrest,false,true,false
55,85,Growth_Arrest,false,true,true
90,115,Proliferation,true,true,true
58,56,Growth_Arrest,false,false,false
89,94,Proliferation,true,false,false
56,58,Proliferation,true,true,true
43,97,Growth_Arrest,false,true,false
58,108,Growth_Arrest,false,false,true
36,72,Growth_Arrest,false,true,false
82,109,Growth_Arrest,false,false,true
94,38,Growth_Arrest,false,false,true
30,67,Proliferation,true,true,true
79,39,Proliferation,true,false,true
50,76,Proliferation,true,false,true
50,59,Growth_Arrest,false,false,false
93,82,Proliferation,true,true,false
45,59,Proliferation,true,false,false
74,85,Proliferation,true,false,true
52,111,Proliferation,true,false,false
81,46,Proliferation,true,false,true
69,48,Proliferation,true,true,true
73,122,Proliferation,true,true,false
90,113,Proliferation,true,false,false
68,82,Proliferation,true,false,false
117,72,Proliferation,true,false,true
63,115,Proliferation,true,true,true
43,107,Proliferation,true,false,true
34,103,Proliferation,true,true,false
93,91,Proliferation,true,true,true
88,32,Proliferation,true,false,false
52,77,Proliferation,true,true,true
104,44,Proliferation,true,true,true
34,41,Growth_Arrest,false,false,true
125,66,Proliferation,true,false,true
44,108,Growth_Arrest,false,false,false
78,77,Proliferation,true,true,false
72,67,Proliferation,true,true,true
50,103,Growth_Arrest,false,true,false
101,30,Proliferation,true,true,true
63,119,Growth_Arrest,false,false,true
122,81,Proliferation,true,true,true
112,42,Proliferation,true,false,true
67,64,Proliferation,true,false,true
106,41,Proliferation,true,false,false
95,115,Proliferation,true,true,false
44,109,Growth_Arrest,false,true,true
73,47,Proliferation,true,false,false
119,49,Proliferation,true,false,false
48,61,Proliferation,true,false,true
37,94,Proliferation,true,true,true
96,74,Proliferation,true,true,false
48,112,Growth_Arrest,false,false,true
80,112,Proliferation,true,true,false
66,48,Proliferation,true,true,false
105,117,Proliferation,true,false,false
37,84,Proliferation,true,true,true
57,77,Growth_Arrest,false,false,true
109,41,Growth_Arrest,false,true,true
37,68,Growth_Arrest,false,true,false
43,101,Proliferation,true,false,true
83,38,Growth_Arrest,false,true,false
96,40,Proliferation,true,true,true
95,38,Proliferation,true,true,true
49,44,Growth_Arrest,false,false,true
39,87,Proliferation,true,false,false
30,55,Proliferation,true,false,true
71,61,Proliferation,true,false,false
95,84,Proliferation,true,false,true
104,96,Growth_Arrest,false,true,false
45,86,Proliferation,true,false,true
108,82,Growth_Arrest,false,false,true
103,78,Proliferation,true,false,true
44,53,Proliferation,true,false,true
100,100,Proliferation,true,false,true
118,91,Growth_Arrest,false,false,true
124,64,Proliferation,true,false,false
97,73,Proliferation,true,false,false
64,30,Proliferation,true,false,false
35,100,Growth_Arrest,false,false,false
61,35,Growth_Arrest,false,true,true
93,74,Growth_Arrest,false,true,true
114,49,Proliferation,true,false,false
44,67,Proliferation,true,false,true
70,29,Proliferation,true,true,false
86,69,Proliferation,true,false,false
96,103,Proliferation,true,true,true
52,44,Proliferation,true,true,false
124,55,Proliferation,true,true,true
36,83,Proliferation,true,false,true
73,114,Proliferation,true,false,false
29,97,Growth_Arrest,false,true,false
63,67,Proliferation,true,true,false
79,102,Proliferation,true,false,false
92,63,Proliferation,true,true,true
67,32,Proliferation,true,true,true
22,72,Growth_Arrest,false,true,true
95,71,Growth_Arrest,false,false,false
68,32,Growth_Arrest,false,true,true
34,97,Proliferation,true,true,true
42,73,Growth_Arrest,false,true,false
114,53,Proliferation,true,false,false
103,59,Proliferation,true,true,false
68,126,Proliferation,true,false,false
50,82,Proliferation,true,true,true
29,58,Proliferation,true,false,true
100,67,Proliferation,true,false,true
70,112,Proliferation,true,false,true
36,40,Growth_Arrest,false,false,false
100,41,Proliferation,true,false,false
53,81,Growth_Arrest,false,false,true
106,60,Proliferation,true,true,true
104,38,Proliferation,true,false,true
62,118,Proliferation,true,true,false
26,79,Proliferation,true,false,false
96,91,Proliferation,true,true,true
89,77,Proliferation,true,true,false
72,69,Growth_Arrest,false,true,true
97,36,Growth_Arrest,false,false,false
37,42,Proliferation,true,false,true
30,92,Growth_Arrest,false,false,true
102,73,Proliferation,true,false,true
119,86,Growth_Arrest,false,true,false
101,81,Proliferation,true,true,false
95,106,Proliferation,true,false,true
24,65,Proliferation,true,false,true
65,86,Proliferation,true,false,true
91,39,Proliferation,true,false,false
83,30,Growth_Arrest,false,true,true
27,81,Proliferation,true,false,true
73,74,Proliferation,true,false,false
58,51,Growth_Arrest,false,true,true
109,91,Proliferation,true,true,true
93,94,Proliferation,true,true,true
52,83,Proliferation,true,false,true
74,73,Proliferation,true,true,false
116,96,Growth_Arrest,false,false,false
80,99,Proliferation,true,false,true
123,56,Proliferation,true,true,false
45,93,Proliferation,true,true,false
91,94,Proliferation,true,false,true
54,95,Proliferation,true,false,true
105,41,Proliferation,true,true,false
58,24,Proliferation,true,false,true
99,88,Proliferation,true,false,false
93,83,Growth_Arrest,false,true,false
78,50,Proliferation,true,true,false
92,25,Proliferation,true,false,true
21,74,Growth_Arrest,false,false,true
26,67,Proliferation,true,false,true
73,104,Proliferation,true,true,true
61,54,Proliferation,true,false,true
112,90,Proliferation,true,true,true
83,37,Growth_Arrest,false,false,false
118,61,Proliferation,true,false,false
73,60,Growth_Arrest,false,true,true
82,28,Growth_Arrest,false,true,false
60,59,Growth_Arrest,false,false,false
93,75,Proliferation,true,false,true
57,115,Proliferation,true,false,false
45,38,Growth_Arrest,false,true,false
122,75,Proliferation,true,true,true
34,84,Proliferation,true,true,true
90,26,Proliferation,true,false,true
113,103,Proliferation,true,true,true
94,121,Proliferation,true,true,true
68,108,Growth_Arrest,false,true,true
76,112,Proliferation,true,true,true
97,120,Growth_Arrest,false,false,true
88,96,Proliferation,true,true,false
42,60,Growth_Arrest,false,false,true
48,85,Proliferation,true,false,false
65,26,Growth_Arrest,false,false,false
109,99,Proliferation,true,false,true
73,101,Proliferation,true,true,true
103,60,Proliferation,true,true,false
65,71,Proliferation,true,true,true
22,76,Proliferation,true,false,true
84,23,Proliferation,true,true,false
88,29,Proliferation,true,false,true
77,90,Growth_Arrest,false,false,true
60,126,Proliferation,true,true,false
89,53,Proliferation,true,true,false
79,31,Proliferation,true,false,true
57,107,Proliferation,true,true,true
94,44,Growth_Arrest,false,true,false
109,90,Proliferation,true,false,true
39,111,Proliferation,true,true,false
111,75,Proliferation,true,true,false
87,56,Proliferation,true,false,true
32,44,Growth_Arrest,false,false,true
92,37,Proliferation,true,true,false
59,112,Proliferation,true,true,true
115,68,Growth_Arrest,false,true,false
74,51,Proliferation,true,true,true
92,39,Growth_Arrest,false,true,true
57,47,Proliferation,true,false,false
76,93,Proliferation,true,true,true
54,27,Proliferation,true,true,false
68,114,Proliferation,true,false,false
81,75,Growth_Arrest,false,false,true
29,93,Proliferation,true,false,true
30,89,Proliferation,true,false,true
55,28,Growth_Arrest,false,true,false
84,76,Proliferation,true,true,true
125,59,Proliferation,true,true,false
60,104,Growth_Arrest,false,true,false
123,95,Proliferation,true,true,true
75,44,Proliferation,true,false,false
100,43,Proliferation,true,true,true
50,60,Growth_Arrest,false,false,true
30,90,Proliferation,true,true,false
92,90,Proliferation,true,false,true
94,55,Proliferation,true,true,false
112,78,Proliferation,true,true,true
68,94,Growth_Arrest,false,true,true
77,104,Proliferation,true,true,true
97,53,Proliferation,true,false,false
87,35,Proliferation,true,false,false
32,56,Proliferation,true,true,false
76,127,Growth_Arrest,false,true,true
51,110,Proliferation,true,true,true
108,61,Proliferation,true,false,true
63,28,Growth_Arrest,false,false,false
69,26,Growth_Arrest,false,false,false
56,116,Growth_Arrest,false,true,true
30,62,Growth_Arrest,false,true,true
96,99,Proliferation,true,false,false
90,44,Growth_Arrest,false,false,false
34,54,Growth_Arrest,false,false,false
73,70,Proliferation,true,false,false
34,92,Proliferation,true,true,false
87,125,Proliferation,true,false,false
42,71,Growth_Arrest,false,false,true
50,93,Proliferation,true,false,false
78,120,Growth_Arrest,false,false,false
48,117,Proliferation,true,true,true
83,127,Proliferation,true,true,true
75,122,Growth_Arrest,false,false,true
38,63,Growth_Arrest,false,true,false
52,102,Growth_Arrest,false,false,true
63,37,Proliferation,true,false,true
32,91,Proliferation,true,false,false
22,68,Proliferation,true,false,false
73,81,Growth_Arrest,false,true,false
83,91,Growth_Arrest,false,true,false
116,56,Growth_Arrest,false,false,true
71,41,Proliferation,true,false,true
124,93,Growth_Arrest,false,false,true
98,121,Growth_Arrest,false,false,true
95,27,Growth_Arrest,false,true,true
45,74,Growth_Arrest,false,true,true
76,115,Growth_Arrest,false,true,true
66,97,Proliferation,true,false,false
84,100,Growth_Arrest,false,true,true
71,126,Proliferation,true,true,false
85,103,Proliferation,true,false,true
74,54,Proliferation,true,false,false
86,76,Proliferation,true,true,true
71,62,Proliferation,true,false,true
86,28,Growth_Arrest,false,true,true
100,97,Growth_Arrest,false,true,true
102,50,Proliferation,true,true,true
64,65,Growth_Arrest,false,false,true
39,52,Proliferation,true,true,false
102,37,Growth_Arrest,false,true,true
82,78,Proliferation,true,true,false
111,48,Growth_Arrest,false,true,true
63,108,Proliferation,true,false,false
76,63,Growth_Arrest,false,false,true
103,116,Proliferation,true,false,true
33,98,Growth_Arrest,false,false,true
23,78,Proliferation,true,false,false
119,60,Proliferation,true,false,false
23,69,Growth_Arrest,false,false,false
92,103,Proliferation,true,false,true
95,117,Proliferation,true,true,true
35,63,Proliferation,true,true,true
114,97,Proliferation,true,false,true
83,49,Proliferation,true,true,true
61,108,Proliferation,true,true,true
122,54,Proliferation,true,true,true
107,58,Growth_Arrest,false,true,true
68,39,Proliferation,true,false,false
113,57,Proliferation,true,true,true
56,117,Growth_Arrest,false,true,true
54,44,Proliferation,true,true,false
33,108,Proliferation,true,false,true
40,75,Proliferation,true,false,true
42,63,Proliferation,true,true,true
78,72,Growth_Arrest,false,true,true
53,109,Proliferation,true,true,true
113,43,Proliferation,true,false,true
33,60,Proliferation,true,false,true
66,113,Proliferation,true,false,false
76,60,Proliferation,true,true,true
98,122,Growth_Arrest,false,true,false
82,107,Proliferation,true,true,false
42,105,Growth_Arrest,false,true,false
72,41,Growth_Arrest,false,false,false
120,97,Proliferation,true,true,false
124,82,Proliferation,true,false,true
58,89,Growth_Arrest,false,true,true
74,62,Proliferation,true,true,false
77,88,Proliferation,true,false,true
113,109,Proliferation,true,true,false
65,50,Proliferation,true,false,true
49,30,Growth_Arrest,false,true,true
43,56,Growth_Arrest,false,true,false
64,112,Growth_Arrest,false,true,false
63,33,Growth_Arrest,false,true,false
35,43,Growth_Arrest,false,false,true
83,52,Growth_Arrest,false,true,false
97,72,Growth_Arrest,false,true,false
41,87,Proliferation,true,true,false
95,35,Proliferation,true,true,true
91,117,Growth_Arrest,false,true,false
32,92,Growth_Arrest,false,false,true
93,110,Proliferation,true,true,true
35,96,Proliferation,true,true,false
39,47,Proliferation,true,false,false
70,54,Growth_Arrest,false,true,false
32,62,Proliferation,true,true,true
50,34,Proliferation,true,true,true
59,82,Proliferation,true,false,true
44,107,Proliferation,true,true,true
55,107,Proliferation,true,true,false
105,68,Growth_Arrest,false,true,true
71,120,Growth_Arrest,false,false,false
72,56,Proliferation,true,true,false
41,37,Proliferation,true,false,false
92,29,Proliferation,true,true,false
28,80,Proliferation,true,true,false
50,27,Proliferation,true,true,false
68,121,Proliferation,true,true,false
78,54,Growth_Arrest,false,false,false
69,69,Proliferation,true,true,false
98,97,Proliferation,true,true,true
106,116,Proliferation,true,true,true
117,74,Growth_Arrest,false,true,false
94,80,Growth_Arrest,false,false,true
91,67,Proliferation,true,false,false
46,109,Proliferation,true,false,true
93,52,Proliferation,true,true,true
109,113,Proliferation,true,false,false
89,123,Proliferation,true,true,false
87,37,Growth_Arrest,false,true,false
117,62,Proliferation,true,true,true
58,117,Proliferation,true,false,false
60,73,Proliferation,true,false,true
95,52,Proliferation,true,true,true
37,62,Proliferation,true,false,true
90,98,Proliferation,true,true,false
105,56,Proliferation,true,false,false
97,108,Growth_Arrest,false,true,true
50,29,Growth_Arrest,false,false,false
82,92,Proliferation,true,false,true
93,112,Growth_Arrest,false,true,true
80,90,Proliferation,true,false,false
111,83,Proliferation,true,false,true
36,61,Proliferation,true,false,false
54,81,Growth_Arrest,false,true,true
56,32,Proliferation,true,true,false
37,53,Growth_Arrest,false,false,true
113,85,Growth_Arrest,false,false,true
79,79,Growth_Arrest,false,true,true
76,59,Proliferation,true,true,true
52,42,Growth_Arrest,false,true,true
74,55,Proliferation,true,false,false
75,86,Proliferation,true,false,false
89,73,Proliferation,true,false,true
95,92,Proliferation,true,true,true
77,41,Proliferation,true,true,true
28,101,Proliferation,true,false,true
126,82,Proliferation,true,true,true
67,45,Proliferation,true,true,false
75,128,Proliferation,true,true,false
47,117,Proliferation,true,true,false
102,101,Proliferation,true,true,true
88,56,Growth_Arrest,false,true,true
84,61,Proliferation,true,false,false
76,126,Proliferation,true,true,true
98,63,Proliferation,true,false,true
36,105,Proliferation,true,true,true
87,100,Proliferation,true,false,true
31,102,Proliferation,true,false,false
79,119,Growth_Arrest,false,true,true
73,69,Proliferation,true,false,false
94,77,Proliferation,true,false,true
57,25,Proliferation,true,false,true
80,40,Proliferation,true,true,true
124,86,Proliferation,true,true,true
103,39,Proliferation,true,true,false
46,85,Growth_Arrest,false,false,false
26,76,Proliferation,true,false,true
110,67,Proliferation,true,false,false
49,64,Proliferation,true,true,false
92,53,Proliferation,true,true,true
101,49,Proliferation,true,false,false
52,96,Proliferation,true,false,false
59,110,Growth_Arrest,false,true,true
58,44,Growth_Arrest,false,false,true
103,61,Proliferation,true,true,false
94,57,Proliferation,true,true,false
107,101,Growth_Arrest,false,false,false
57,91,Growth_Arrest,false,false,false
126,89,Growth_Arrest,false,false,false
91,71,Proliferation,true,true,true
83,63,Growth_Arrest,false,false,false
52,27,Proliferation,true,false,false
62,99,Proliferation,true,false,false
67,66,Growth_Arrest,false,false,true
87,54,Proliferation,true,true,true
66,87,Proliferation,true,true,true
52,97,Proliferation,true,false,false
67,92,Proliferation,true,true,true
73,125,Proliferation,true,false,false
59,57,Growth_Arrest,false,false,false
80,23,Proliferation,true,true,false
77,98,Growth_Arrest,false,false,true
27,50,Growth_Arrest,false,false,true
121,63,Proliferation,true,false,false
53,100,Proliferation,true,false,false
85,119,Proliferation,true,false,false
55,26,Proliferation,true,true,true
85,114,Proliferation,true,true,true
47,43,Proliferation,true,false,true
49,87,Proliferation,true,true,false
92,49,Proliferation,true,false,true
81,97,Growth_Arrest,false,false,false
94,105,Growth_Arrest,false,true,true
61,34,Proliferation,true,true,false
33,74,Proliferation,true,false,false
75,112,Proliferation,true,true,true
74,60,Growth_Arrest,false,true,true
28,79,Proliferation,true,false,false
61,31,Growth_Arrest,false,true,false
63,85,Growth_Arrest,false,false,false
52,26,Proliferation,true,true,true
42,96,Growth_Arrest,false,true,false
87,41,Proliferation,true,true,false
85,94,Proliferation,true,false,false
100,68,Proliferation,true,true,true
123,92,Proliferation,true,false,false
95,123,Growth_Arrest,false,true,false
58,82,Growth_Arrest,false,false,false
116,76,Proliferation,true,true,true
45,102,Proliferation,true,false,false
69,57,Proliferation,true,true,true
39,79,Proliferation,true,false,true
107,105,Growth_Arrest,false,false,true
78,67,Proliferation,true,true,false
44,86,Proliferation,true,false,false
109,59,Proliferation,true,true,true
59,85,Proliferation,true,true,false
102,95,Growth_Arrest,false,false,true
96,31,Proliferation,true,true,false
105,73,Growth_Arrest,false,true,true
87,116,Proliferation,true,false,true
89,69,Proliferation,true,true,true
27,71,Growth_Arrest,false,true,true
36,90,Proliferation,true,true,false
98,43,Proliferation,true,false,true
101,108,Proliferation,true,false,false
65,91,Growth_Arrest,false,true,false
72,104,Proliferation,true,false,false
82,59,Proliferation,true,false,false
99,66,Proliferation,true,true,true
89,67,Proliferation,true,true,false
51,85,Proliferation,true,true,false
101,31,Proliferation,true,false,false
98,41,Proliferation,true,false,true
90,41,Proliferation,true,true,false
63,55,Growth_Arrest,false,true,false
124,80,Proliferation,true,false,true
67,103,Growth_Arrest,false,false,false
118,65,Growth_Arrest,false,false,true
88,33,Proliferation,true,true,false
68,110,Proliferation,true,false,true
68,85,Proliferation,true,false,true
61,66,Proliferation,true,false,true
122,78,Growth_Arrest,false,false,true
58,67,Proliferation,true,false,false
65,40,Proliferation,true,true,false
84,75,Growth_Arrest,false,false,false
92,69,Proliferation,true,false,false
32,106,Proliferation,true,true,true
42,91,Growth_Arrest,false,false,false
97,71,Proliferation,true,true,true
91,47,Proliferation,true,false,true
27,97,Growth_Arrest,false,true,true
110,94,Proliferation,true,true,true
114,47,Growth_Arrest,false,false,true
59,76,Growth_Arrest,false,false,true
38,58,Proliferation,true,false,true
78,106,Growth_Arrest,false,false,false
75,97,Proliferation,true,true,true
48,80,Proliferation,true,true,false
86,34,Proliferation,true,false,false
101,35,Proliferation,true,true,false
59,83,Proliferation,true,true,true
61,118,Proliferation,true,true,true
51,113,Proliferation,true,false,true
37,106,Proliferation,true,true,true
95,95,Growth_Arrest,false,true,true
77,77,Growth_Arrest,false,true,true
47,93,Proliferation,true,true,true
70,96,Proliferation,true,true,true
77,102,Proliferation,true,true,false
23,84,Proliferation,true,false,false
66,94,Proliferation,true,true,true
29,51,Proliferation,true,true,false
119,46,Growth_Arrest,false,false,false
98,80,Growth_Arrest,false,false,true
125,72,Proliferation,true,true,false
40,74,Growth_Arrest,false,true,true
39,41,Proliferation,true,false,false
38,92,Growth_Arrest,false,false,false
86,43,Proliferation,true,false,true
103,56,Proliferation,true,false,false
82,119,Proliferation,true,false,false
108,35,Proliferation,true,true,true
110,58,Proliferation,true,true,true
68,113,Proliferation,true,true,true
106,103,Growth_Arrest,false,false,true
57,124,Proliferation,true,false,false
105,87,Proliferation,true,false,false
65,90,Growth_Arrest,false,false,false
110,61,Proliferation,true,true,false
49,67,Proliferation,true,true,false
70,77,Proliferation,true,false,false
73,39,Growth_Arrest,false,false,false
100,78,Proliferation,true,false,true
47,114,Proliferation,true,true,true
72,55,Growth_Arrest,false,false,false
34,45,Proliferation,true,true,false
63,24,Proliferation,true,true,false
50,101,Proliferation,true,true,true
80,54,Growth_Arrest,false,false,true
88,62,Proliferation,true,true,true
72,40,Proliferation,true,false,true
29,69,Proliferation,true,false,false
68,51,Growth_Arrest,false,true,false
45,104,Proliferation,true,false,false
65,92,Proliferation,true,true,false
98,32,Proliferation,true,true,false
117,98,Proliferation,true,false,true
66,104,Proliferation,true,false,true
58,55,Proliferation,true,true,true
120,61,Proliferation,true,false,false
78,87,Proliferation,true,false,false
107,91,Growth_Arrest,false,true,true
64,110,Proliferation,true,true,true
27,92,Proliferation,true,false,true
96,105,Proliferation,true,false,false
74,92,Proliferation,true,true,false
117,77,Growth_Arrest,false,false,true
64,119,Proliferation,true,false,false
125,88,Proliferation,true,true,false
63,49,Proliferation,true,false,false
112,91,Growth_Arrest,false,false,true
40,69,Proliferation,true,true,false
27,62,Growth_Arrest,false,true,false
40,98,Proliferation,true,false,false
56,98,Proliferation,true,true,true
57,67,Growth_Arrest,false,false,false
59,113,Proliferation,true,true,true
84,123,Proliferation,true,false,true
77,79,Proliferation,true,true,true
26,58,Growth_Arrest,false,false,false
73,109,Growth_Arrest,false,false,false
53,98,Proliferation,true,false,true
114,85,Proliferation,true,true,false
71,53,Growth_Arrest,false,true,false
81,54,Proliferation,true,true,true
58,47,Growth_Arrest,false,false,true
22,79,Proliferation,true,true,false
87,38,Growth_Arrest,false,true,true
62,72,Proliferation,true,true,true
108,38,Proliferation,true,false,false
114,76,Proliferation,true,true,false
90,79,Growth_Arrest,false,false,false
46,106,Proliferation,true,false,false
125,85,Growth_Arrest,false,true,false
58,94,Growth_Arrest,false,false,false
77,100,Proliferation,true,false,true
54,51,Proliferation,true,false,false
64,108,Proliferation,true,true,true
87,105,Proliferation,true,true,false
122,93,Proliferation,true,true,true
83,48,Growth_Arrest,false,false,false
76,53,Proliferation,true,false,false
34,64,Growth_Arrest,false,false,false
24,67,Growth_Arrest,false,false,true
109,38,Growth_Arrest,false,true,false
119,95,Proliferation,true,true,true
102,92,Proliferation,true,false,false
65,29,Growth_Arrest,false,true,false
85,77,Proliferation,true,true,false
104,93,Growth_Arrest,false,true,false
48,109,Proliferation,true,true,false
109,39,Proliferation,true,false,true
37,83,Growth_Arrest,false,false,true
30,45,Proliferation,true,true,false
93,59,Proliferation,true,false,true
32,63,Proliferation,true,true,true
86,45,Proliferation,true,true,true
94,103,Proliferation,true,true,false
104,63,Growth_Arrest,false,true,false
95,121,Growth_Arrest,false,true,false
70,113,Proliferation,true,true,true
112,88,Growth_Arrest,false,true,false
76,105,Proliferation,true,false,false
50,69,Proliferation,true,true,false
108,79,Proliferation,true,true,true
35,93,Proliferation,true,false,false
64,103,Proliferation,true,false,false
117,106,Growth_Arrest,false,false,false
40,59,Growth_Arrest,false,true,false
86,36,Proliferation,true,false,false
103,77,Growth_Arrest,false,true,false
40,70,Growth_Arrest,false,false,true
85,60,Proliferation,true,true,true
40,55,Growth_Arrest,false,true,false
54,90,Proliferation,true,false,false
97,88,Growth_Arrest,false,false,true
97,110,Proliferation,true,true,true
40,108,Proliferation,true,true,true
51,108,Proliferation,true,true,true
61,113,Proliferation,true,true,true
77,118,Proliferation,true,false,false
91,57,Proliferation,true,true,false
106,84,Proliferation,true,false,true
97,61,Proliferation,true,true,true
109,77,Growth_Arrest,false,false,false
40,57,Proliferation,true,false,false
54,62,Proliferation,true,true,true
65,127,Proliferation,true,false,false
83,56,Proliferation,true,false,false
51,59,Proliferation,true,false,false
45,69,Growth_Arrest,false,false,false
77,70,Proliferation,true,true,true
101,105,Growth_Arrest,false,true,false
52,123,Proliferation,true,false,true
116,104,Growth_Arrest,false,false,false
75,126,Growth_Arrest,false,false,false
123,79,Growth_Arrest,false,true,false
81,92,Growth_Arrest,false,false,false
76,38,Proliferation,true,true,true
93,116,Proliferation,true,true,true
123,70,Proliferation,true,true,true
108,107,Growth_Arrest,false,true,false
105,106,Proliferation,true,true,false
85,78,Growth_Arrest,false,false,false
73,98,Proliferation,true,false,true
79,124,Growth_Arrest,false,false,false
34,83,Proliferation,true,true,false
83,47,Growth_Arrest,false,false,true
35,55,Proliferation,true,false,false
23,87,Proliferation,true,true,false
48,103,Proliferation,true,true,false
28,61,Proliferation,true,false,false
33,105,Proliferation,true,true,true
84,60,Proliferation,true,false,false
77,47,Proliferation,true,true,true
41,42,Proliferation,true,true,true
90,108,Proliferation,true,true,false
83,68,Proliferation,true,false,true
71,50,Growth_Arrest,false,true,false
34,47,Proliferation,true,true,false
32,97,Proliferation,true,false,true
61,61,Proliferation,true,false,false
99,108,Growth_Arrest,false,false,true
75,69,Growth_Arrest,false,false,true
42,49,Proliferation,true,true,false
34,48,Growth_Arrest,false,false,true
54,49,Proliferation,true,true,false
118,50,Proliferation,true,false,true
119,74,Growth_Arrest,false,true,false
89,25,Proliferation,true,false,true
43,73,Proliferation,true,false,false
35,105,Proliferation,true,true,false
60,60,Proliferation,true,true,true
67,102,Proliferation,true,true,true
48,83,Proliferation,true,false,false
107,109,Proliferation,true,true,false
89,114,Proliferation,true,false,true
69,118,Proliferation,true,true,true
88,88,Proliferation,true,false,false
101,73,Growth_Arrest,false,false,false
33,44,Proliferation,true,false,true
21,75,Proliferation,true,false,true
53,40,Proliferation,true,false,true
73,127,Proliferation,true,false,false
66,27,Proliferation,true,true,false
108,70,Growth_Arrest,false,true,false
68,40,Growth_Arrest,false,true,false
66,23,Growth_Arrest,false,true,false
97,32,Proliferation,true,false,true
47,40,Proliferation,true,true,true
74,31,Growth_Arrest,false,true,true
82,51,Proliferation,true,false,true
105,100,Growth_Arrest,false,true,false
82,90,Growth_Arrest,false,false,false
34,82,Growth_Arrest,false,true,false
94,78,Growth_Arrest,false,false,true
64,46,Growth_Arrest,false,true,false
28,58,Proliferation,true,false,false
68,91,Proliferation,true,true,true
84,99,Growth_Arrest,false,false,false
58,95,Proliferation,true,false,true
100,55,Proliferation,true,true,false
91,105,Growth_Arrest,false,true,false
89,38,Growth_Arrest,false,true,false
98,120,Growth_Arrest,false,false,true
54,88,Proliferation,true,true,false
52,76,Proliferation,true,true,true
47,31,Proliferation,true,true,true
103,96,Growth_Arrest,false,true,true
43,32,Proliferation,true,false,true
78,26,Proliferation,true,true,true
34,90,Proliferation,true,false,false
87,90,Proliferation,true,true,true
49,55,Proliferation,true,true,true
99,116,Proliferation,true,true,true
28,53,Growth_Arrest,false,false,false
119,91,Growth_Arrest,false,false,true
56,124,Proliferation,true,false,false
88,108,Proliferation,true,false,false
76,56,Proliferation,true,false,false
127,74,Proliferation,true,false,false
109,89,Proliferation,true,false,false
103,32,Proliferation,true,true,false
47,108,Proliferation,true,true,false
73,57,Proliferation,true,true,true
119,73,Proliferation,true,false,false
106,100,Growth_Arrest,false,false,false
79,55,Growth_Arrest,false,true,true
44,71,Growth_Arrest,false,true,true
72,43,Proliferation,true,false,true
120,84,Growth_Arrest,false,true,true
89,108,Proliferation,true,false,false
120,48,Proliferation,true,false,true
69,103,Proliferation,true,false,true
100,72,Proliferation,true,false,true
80,26,Growth_Arrest,false,true,true
33,86,Proliferation,true,true,true
97,35,Growth_Arrest,false,false,true
111,102,Proliferation,true,true,false
86,79,Proliferation,true,true,true
78,92,Proliferation,true,false,false
86,80,Proliferation,true,true,true
70,45,Proliferation,true,true,false
27,94,Growth_Arrest,false,false,false
63,124,Growth_Arrest,false,false,false
54,31,Growth_Arrest,false,true,true
26,64,Growth_Arrest,false,false,true
87,63,Growth_Arrest,false,true,true
52,29,Growth_Arrest,false,true,true
95,47,Growth_Arrest,false,true,true
35,52,Proliferation,true,false,false
90,74,Proliferation,true,false,true
79,81,Proliferation,true,false,false
29,85,Proliferation,true,false,true
70,73,Proliferation,true,true,true
43,89,Proliferation,true,false,false
64,50,Growth_Arrest,false,true,true
47,106,Growth_Arrest,false,false,false
62,104,Growth_Arrest,false,false,false
80,33,Proliferation,true,false,true
93,55,Proliferation,true,true,true
108,86,Growth_Arrest,false,true,false
52,52,Proliferation,true,false,false
81,65,Growth_Arrest,false,true,true
53,59,Proliferation,true,true,true
60,40,Proliferation,true,false,false
100,49,Growth_Arrest,false,false,true
23,71,Growth_Arrest,false,false,true
104,72,Proliferation,true,true,true
111,37,Proliferation,true,true,true
48,59,Growth_Arrest,false,true,true
124,90,Growth_Arrest,false,true,true
109,104,Proliferation,true,true,true
63,70,Proliferation,true,false,false
31,51,Proliferation,true,false,false
46,94,Growth_Arrest,false,false,false
66,82,Proliferation,true,false,true
69,91,Proliferation,true,true,true
58,54,Proliferation,true,false,true
110,77,Growth_Arrest,false,false,false
75,125,Growth_Arrest,false,true,true
56,46,Proliferation,true,false,true
47,97,Proliferation,true,true,false
112,107,Proliferation,true,false,true
48,55,Growth_Arrest,false,true,true
71,36,Proliferation,true,true,false
91,59,Proliferation,true,false,false
91,60,Proliferation,true,false,false
64,32,Proliferation,true,true,true
35,89,Proliferation,true,true,true
103,63,Growth_Arrest,false,true,true
126,75,Proliferation,true,true,true
108,44,Proliferation,true,false,false
34,66,Growth_Arrest,false,true,true
42,88,Growth_Arrest,false,false,true
42,36,Proliferation,true,false,false
49,35,Growth_Arrest,false,true,true
83,54,Growth_Arrest,false,true,false
53,62,Proliferation,true,false,false
56,37,Proliferation,true,true,true
71,111,Growth_Arrest,false,false,false
39,35,Growth_Arrest,false,true,true
44,90,Growth_Arrest,false,true,false
86,42,Proliferation,true,true,true
76,86,Proliferation,true,false,false
60,77,Growth_Arrest,false,true,false
50,115,Growth_Arrest,false,true,true
91,109,Proliferation,true,false,true
121,72,Proliferation,true,false,true
81,111,Growth_Arrest,false,false,true
74,80,Growth_Arrest,false,true,true
78,109,Proliferation,true,false,false
111,73,Proliferation,true,false,true
95,111,Proliferation,true,false,false
59,50,Proliferation,true,false,true
118,54,Proliferation,true,true,false
121,97,Proliferation,true,false,true
112,46,Proliferation,true,false,false
81,69,Proliferation,true,false,true
103,111,Proliferation,true,false,true
54,55,Proliferation,true,true,true
114,59,Growth_Arrest,false,false,false
65,31,Proliferation,true,false,false
40,38,Proliferation,true,true,false
76,107,Proliferation,true,false,true
84,92,Proliferation,true,true,false
91,27,Proliferation,true,false,false
49,79,Growth_Arrest,false,true,true
82,48,Proliferation,true,false,false
40,67,Proliferation,true,true,true
54,43,Growth_Arrest,false,true,true
43,74,Proliferation,true,false,false
82,61,Proliferation,true,false,true
56,33,Proliferation,true,true,false
72,101,Proliferation,true,true,false
73,41,Proliferation,true,true,false
60,106,Proliferation,true,false,false
75,106,Proliferation,true,false,false
31,93,Proliferation,true,false,true
38,71,Proliferation,true,true,true
55,62,Proliferation,true,false,false
83,34,Proliferation,true,true,true
111,79,Growth_Arrest,false,false,true
55,112,Proliferation,true,false,true
38,76,Growth_Arrest,false,true,false
111,93,Growth_Arrest,false,false,false
84,28,Proliferation,true,false,false
45,40,Growth_Arrest,false,false,false
101,40,Proliferation,true,false,true
69,73,Proliferation,true,true,false
58,58,Proliferation,true,true,false
61,99,Growth_Arrest,false,true,true
41,77,Growth_Arrest,false,true,true
95,67,Proliferation,true,true,true
99,48,Growth_Arrest,false,true,false
85,105,Proliferation,true,true,false
65,46,Proliferation,true,true,true
31,64,Proliferation,true,false,false
120,50,Proliferation,true,false,false
89,93,Proliferation,true,true,true
98,114,Growth_Arrest,false,false,false
63,98,Proliferation,true,false,false
98,88,Growth_Arrest,false,false,true
37,55,Growth_Arrest,false,false,true
26,78,Growth_Arrest,false,false,false
95,55,Growth_Arrest,false,true,true
61,27,Proliferation,true,true,false
76,52,Growth_Arrest,false,true,true
79,110,Proliferation,true,true,false
65,33,Proliferation,true,true,false
115,107,Growth_Arrest,false,true,false
94,37,Growth_Arrest,false,false,false
58,124,Proliferation,true,true,true
122,67,Growth_Arrest,false,true,true
72,73,Proliferation,true,false,false
113,78,Growth_Arrest,false,true,false
62,52,Proliferation,true,false,true
74,52,Growth_Arrest,false,false,true
88,107,Proliferation,true,false,true
118,105,Proliferation,true,true,true
28,86,Proliferation,true,true,false
108,114,Proliferation,true,false,false
61,24,Proliferation,true,true,true
97,95,Proliferation,true,false,false
59,41,Proliferation,true,true,true
70,110,Growth_Arrest,false,false,false
124,78,Growth_Arrest,false,true,false
65,111,Proliferation,true,false,true
120,85,Proliferation,true,false,false
52,55,Proliferation,true,false,true
77,112,Growth_Arrest,false,false,false
39,49,Proliferation,true,true,true
57,80,Proliferation,true,true,false
62,27,Proliferation,true,true,false
44,66,Proliferation,true,true,true
41,113,Proliferation,true,false,true
24,62,Proliferation,true,true,false
75,35,Growth_Arrest,false,true,false
44,89,Growth_Arrest,false,true,false
100,45,Proliferation,true,false,true
92,82,Proliferation,true,false,true
60,67,Proliferation,true,true,false
78,97,Proliferation,true,false,false
58,34,Proliferation,true,true,false
121,70,Growth_Arrest,false,true,true
47,33,Proliferation,true,true,true
28,71,Growth_Arrest,false,true,true
100,29,Proliferation,true,true,true
78,81,Proliferation,true,false,true
79,100,Growth_Arrest,false,true,false
77,99,Growth_Arrest,false,true,true
25,87,Proliferation,true,true,true
115,58,Proliferation,true,false,false
75,79,Proliferation,true,true,false
54,82,Growth_Arrest,false,true,false
62,120,Proliferation,true,false,false
100,109,Proliferation,true,true,true
72,77,Proliferation,true,true,false
102,48,Proliferation,true,false,false
35,40,Proliferation,true,true,false
34,44,Proliferation,true,true,true
56,121,Proliferation,true,false,true
79,94,Proliferation,true,true,false
67,120,Proliferation,true,true,true
113,75,Growth_Arrest,false,true,false
95,33,Proliferation,true,true,true
80,73,Proliferation,true,false,true
49,31,Growth_Arrest,false,false,false
106,53,Growth_Arrest,false,false,false
58,88,Proliferation,true,true,true
127,71,Proliferation,true,true,true
120,94,Proliferation,true,false,true
99,28,Proliferation,true,false,false
77,101,Proliferation,true,true,false
32,73,Growth_Arrest,false,true,true
112,82,Growth_Arrest,false,true,true
56,106,Proliferation,true,false,false
51,78,Growth_Arrest,false,false,false
77,110,Proliferation,true,true,false
95,113,Proliferation,true,true,false
106,71,Proliferation,true,true,false
126,85,Proliferation,true,false,false
102,61,Proliferation,true,false,true
88,49,Growth_Arrest,false,false,true
71,106,Proliferation,true,true,true
43,106,Growth_Arrest,false,false,false
33,101,Proliferation,true,false,true
33,47,Growth_Arrest,false,false,true
86,96,Proliferation,true,true,true
39,48,Growth_Arrest,false,false,false
50,52,Growth_Arrest,false,true,true
64,120,Proliferation,true,true,false
99,67,Proliferation,true,false,false
43,75,Growth_Arrest,false,true,true
94,67,Growth_Arrest,false,true,false
61,117,Proliferation,true,false,true
99,115,Proliferation,true,true,false
82,46,Growth_Arrest,false,false,false
43,93,Proliferation,true,false,false
77,45,Growth_Arrest,false,false,false
117,68,Proliferation,true,true,true
47,92,Growth_Arrest,false,false,true
70,92,Proliferation,true,false,true
70,63,Growth_Arrest,false,false,false
122,91,Proliferation,true,true,false
86,72,Proliferation,true,false,true
68,49,Proliferation,true,false,false
60,48,Proliferation,true,true,true
103,64,Proliferation,true,true,false
68,118,Proliferation,true,false,false
39,46,Growth_Arrest,false,true,false
60,80,Proliferation,true,true,true
110,73,Proliferation,true,true,true
65,39,Growth_Arrest,false,true,true
75,62,Proliferation,true,true,true
82,38,Proliferation,true,false,false
75,107,Growth_Arrest,false,true,false
111,92,Growth_Arrest,false,false,true
47,41,Growth_Arrest,false,true,false
42,104,Proliferation,true,true,true
103,76,Growth_Arrest,false,false,false
39,38,Growth_Arrest,false,true,true
100,90,Proliferation,true,true,true
78,68,Proliferation,true,false,true
61,25,Proliferation,true,true,true
49,102,Proliferation,true,true,false
112,79,Proliferation,true,false,false
83,105,Growth_Arrest,false,true,true
44,110,Growth_Arrest,false,true,false
55,122,Proliferation,true,false,true
59,39,Growth_Arrest,false,false,false
40,50,Growth_Arrest,false,false,true
52,64,Proliferation,true,true,true
77,51,Growth_Arrest,false,false,false
47,85,Proliferation,true,false,false
68,44,Growth_Arrest,false,true,false
76,29,Proliferation,true,false,false
110,39,Growth_Arrest,false,false,false
77,103,Proliferation,true,false,true
82,88,Growth_Arrest,false,true,true
62,126,Proliferation,true,false,false
82,63,Proliferation,true,false,false
48,34,Proliferation,true,false,true
38,110,Growth_Arrest,false,true,true
60,91,Proliferation,true,false,false
87,86,Proliferation,true,false,false
107,33,Proliferation,true,false,true
127,66,Proliferation,true,false,false
86,58,Proliferation,true,true,true
53,85,Growth_Arrest,false,true,true
102,78,Proliferation,true,true,false
89,72,Proliferation,true,true,false
28,64,Growth_Arrest,false,false,false
71,69,Growth_Arrest,false,false,false
125,64,Proliferation,true,true,false
98,86,Proliferation,true,false,true
96,55,Proliferation,true,true,false
77,42,Proliferation,true,true,false
46,41,Proliferation,true,true,true
41,109,Proliferation,true,true,true
107,88,Growth_Arrest,false,false,true
61,95,Proliferation,true,false,true
87,91,Growth_Arrest,false,true,true
111,39,Proliferation,true,false,true
29,56,Proliferation,true,false,false
52,38,Growth_Arrest,false,true,false
35,82,Proliferation,true,true,true
22,78,Proliferation,true,true,true
72,68,Growth_Arrest,false,true,true
89,112,Growth_Arrest,false,false,true
97,96,Proliferation,true,true,true
79,86,Proliferation,true,true,false
113,102,Growth_Arrest,false,false,false
38,99,Proliferation,true,true,false
87,124,Growth_Arrest,false,false,false
27,88,Proliferation,true,true,false
118,55,Growth_Arrest,false,false,false
112,66,Proliferation,true,true,true
44,70,Proliferation,true,false,false
66,124,Proliferation,true,true,false
127,78,Proliferation,true,true,false
55,52,Growth_Arrest,false,true,false
114,64,Growth_Arrest,false,false,true
42,116,Proliferation,true,true,false
56,108,Proliferation,true,false,false
78,49,Proliferation,true,true,false
103,104,Proliferation,true,false,true
47,66,Proliferation,true,true,true
77,107,Proliferation,true,false,true
49,33,Proliferation,true,true,false
69,81,Proliferation,true,false,true
67,27,Proliferation,true,true,false
79,111,Growth_Arrest,false,true,true
80,52,Proliferation,true,true,true
61,23,Proliferation,true,true,true
98,90,Growth_Arrest,false,true,false
101,34,Proliferation,true,false,false
44,33,Proliferation,true,true,false
63,114,Proliferation,true,false,false
36,78,Proliferation,true,true,false
55,68,Proliferation,true,false,true
86,46,Proliferation,true,false,true
92,54,Proliferation,true,true,false
79,99,Growth_Arrest,false,true,false
61,70,Growth_Arrest,false,true,false
70,61,Proliferation,true,true,false
85,83,Growth_Arrest,false,true,true
29,49,Growth_Arrest,false,true,true
83,86,Proliferation,true,false,false
54,33,Proliferation,true,true,false
58,48,Growth_Arrest,false,true,false
117,86,Proliferation,true,true,false
113,72,Growth_Arrest,false,true,true
110,113,Proliferation,true,true,true
102,112,Proliferation,true,true,true
101,51,Proliferation,true,true,true
70,49,Growth_Arrest,false,true,true
50,116,Proliferation,true,true,false
92,94,Proliferation,true,true,true
80,60,Proliferation,true,true,false
110,86,Growth_Arrest,false,true,false
61,28,Growth_Arrest,false,false,false
49,40,Growth_Arrest,false,false,false
30,53,Proliferation,true,true,true
93,118,Proliferation,true,true,true
113,111,Proliferation,true,false,true
47,44,Proliferation,true,true,true
89,61,Proliferation,true,true,false
73,54,Growth_Arrest,false,true,false
46,52,Growth_Arrest,false,true,true
118,89,Proliferation,true,true,true
40,61,Growth_Arrest,false,false,true
63,72,Proliferation,true,false,true
123,85,Growth_Arrest,false,true,true
89,116,Proliferation,true,true,true
102,57,Proliferation,true,false,true
37,98,Proliferation,true,true,false
53,43,Proliferation,true,true,false
103,37,Proliferation,true,true,true
124,57,Proliferation,true,true,false
58,118,Proliferation,true,true,false
25,79,Proliferation,true,true,false
56,76,Growth_Arrest,false,false,true
48,68,Growth_Arrest,false,true,true
54,109,Proliferation,true,false,true
47,59,Proliferation,true,false,true
77,29,Proliferation,true,true,true
54,29,Proliferation,true,true,false
76,94,Proliferation,true,false,false
88,55,Proliferation,true,true,false
59,124,Growth_Arrest,false,false,false
60,72,Proliferation,true,false,false
66,63,Proliferation,true,false,true
118,48,Growth_Arrest,false,false,false
63,96,Growth_Arrest,false,true,true
28,99,Proliferation,true,true,true
103,106,Proliferation,true,false,false
105,36,Proliferation,true,false,false
74,125,Proliferation,true,false,true
38,95,Proliferation,true,true,true
98,59,Proliferation,true,true,true
86,52,Growth_Arrest,false,true,true
33,41,Proliferation,true,true,true
65,75,Proliferation,true,true,true
66,43,Proliferation,true,true,true
57,98,Proliferation,true,true,true
113,108,Proliferation,true,true,false
74,102,Proliferation,true,true,true
87,49,Proliferation,true,true,false
25,93,Growth_Arrest,false,false,true
76,87,Growth_Arrest,false,true,true
33,49,Growth_Arrest,false,false,true
73,78,Proliferation,true,true,true
106,37,Proliferation,true,true,false
104,39,Proliferation,true,false,false
49,34,Growth_Arrest,false,true,true
111,77,Growth_Arrest,false,true,true
71,117,Proliferation,true,false,true
107,99,Growth_Arrest,false,true,true
88,75,Proliferation,true,true,true
43,53,Proliferation,true,false,false
67,23,Growth_Arrest,false,false,true
54,106,Proliferation,true,true,false
44,102,Proliferation,true,false,false
42,86,Proliferation,true,false,false
62,44,Proliferation,true,false,true
45,77,Proliferation,true,true,true
106,113,Growth_Arrest,false,false,true
121,74,Proliferation,true,true,true
24,91,Growth_Arrest,false,false,false
86,68,Growth_Arrest,false,true,true
100,52,Proliferation,true,false,false
109,52,Growth_Arrest,false,false,true
42,44,Proliferation,true,false,false
43,52,Proliferation,true,false,true
91,51,Proliferation,true,true,true
28,55,Growth_Arrest,false,false,false
43,50,Proliferation,true,true,false
78,102,Proliferation,true,false,true
46,61,Proliferation,true,false,false
81,73,Growth_Arrest,false,false,true
91,86,Growth_Arrest,false,true,false
89,90,Proliferation,true,false,true
89,32,Growth_Arrest,false,false,false
104,65,Proliferation,true,false,false
34,78,Growth_Arrest,false,true,true
54,98,Proliferation,true,false,true
120,86,Proliferation,true,false,false
78,62,Proliferation,true,false,true
110,93,Growth_Arrest,false,true,true
100,33,Growth_Arrest,false,true,false
93,66,Proliferation,true,false,false
50,70,Growth_Arrest,false,true,false
59,111,Growth_Arrest,false,false,true
42,94,Proliferation,true,false,true
55,82,Proliferation,true,true,true
58,38,Growth_Arrest,false,false,true
29,54,Proliferation,true,false,false
105,109,Proliferation,true,false,false
53,90,Proliferation,true,false,false
47,98,Proliferation,true,false,true
43,71,Growth_Arrest,false,true,true
99,93,Proliferation,true,false,false
76,116,Proliferation,true,false,true
47,78,Proliferation,true,false,true
43,47,Growth_Arrest,false,true,true
24,87,Growth_Arrest,false,true,false
109,40,Proliferation,true,true,false
41,64,Proliferation,true,false,false
78,29,Growth_Arrest,false,true,false
106,114,Proliferation,true,true,false
51,84,Proliferation,true,true,true
72,89,Growth_Arrest,false,true,false
58,43,Proliferation,true,true,true
103,112,Growth_Arrest,false,true,false
76,34,Proliferation,true,true,false
48,63,Proliferation,true,true,true
87,80,Proliferation,true,false,true
36,92,Growth_Arrest,false,false,true
66,91,Growth_Arrest,false,true,false
104,86,Growth_Arrest,false,true,false
64,85,Proliferation,true,true,true
46,34,Proliferation,true,false,false
79,107,Proliferation,true,false,true
37,88,Proliferation,true,false,true
67,42,Growth_Arrest,false,false,false
40,114,Proliferation,true,true,false
41,91,Growth_Arrest,false,false,true
66,53,Growth_Arrest,false,false,false
72,117,Growth_Arrest,false,true,true
106,75,Proliferation,true,true,true
84,64,Proliferation,true,true,false
82,74,Proliferation,true,true,true
101,95,Proliferation,true,true,true
41,61,Growth_Arrest,false,true,true
44,40,Proliferation,true,false,false
46,81,Growth_Arrest,false,true,false
58,30,Growth_Arrest,false,false,true
38,75,Growth_Arrest,false,false,false
70,65,Proliferation,true,true,true
87,103,Proliferation,true,true,false
43,34,Proliferation,true,true,true
114,80,Proliferation,true,false,false
72,44,Growth_Arrest,false,false,false
96,110,Growth_Arrest,false,false,true
46,98,Proliferation,true,false,false
74,67,Growth_Arrest,false,false,true
83,80,Proliferation,true,true,true
69,84,Proliferation,true,false,true
93,45,Growth_Arrest,false,true,true
94,70,Growth_Arrest,false,false,true
125,78,Proliferation,true,true,false
105,80,Growth_Arrest,false,false,false
122,63,Proliferation,true,true,true
43,37,Growth_Arrest,false,false,false
107,74,Proliferation,true,false,false
72,42,Growth_Arrest,false,true,false
95,41,Growth_Arrest,false,true,false
54,104,Proliferation,true,false,false
112,59,Growth_Arrest,false,true,false
58,59,Proliferation,true,true,false
28,89,Proliferation,true,false,false
108,116,Proliferation,true,false,false
105,50,Growth_Arrest,false,true,false
106,67,Proliferation,true,true,false
59,93,Proliferation,true,true,true
54,71,Proliferation,true,true,false
110,110,Proliferation,true,true,false
58,78,Proliferation,true,true,true
101,59,Proliferation,true,true,false
40,82,Growth_Arrest,false,false,true
36,79,Growth_Arrest,false,false,false
73,85,Growth_Arrest,false,true,false
91,106,Growth_Arrest,false,false,false
57,48,Proliferation,true,false,false
84,90,Proliferation,true,true,true
112,84,Proliferation,true,false,false
30,88,Proliferation,true,true,false
51,79,Proliferation,true,false,true
82,96,Proliferation,true,true,true
84,66,Growth_Arrest,false,false,false
97,65,Proliferation,true,true,false
28,98,Proliferation,true,true,false
47,58,Growth_Arrest,false,false,false
108,42,Growth_Arrest,false,false,true
78,112,Proliferation,true,true,true
116,52,Proliferation,true,true,false
82,69,Growth_Arrest,false,false,false
53,46,Growth_Arrest,false,true,true
58,104,Proliferation,true,true,false
113,107,Proliferation,true,false,false
88,51,Proliferation,true,false,false
89,85,Proliferation,true,false,true
109,103,Proliferation,true,false,true
63,106,Proliferation,true,true,true
87,57,Growth_Arrest,false,false,true
101,50,Growth_Arrest,false,false,true
78,113,Growth_Arrest,false,false,false
97,80,Proliferation,true,false,false
81,109,Proliferation,true,false,true
65,115,Proliferation,true,false,true
31,86,Growth_Arrest,false,true,false
72,64,Proliferation,true,false,true
35,50,Proliferation,true,true,false
100,91,Proliferation,true,false,true
61,68,Growth_Arrest,false,true,true
67,57,Proliferation,true,false,true
90,89,Proliferation,true,false,false
30,87,Proliferation,true,true,true
77,96,Proliferation,true,false,true
88,90,Proliferation,true,false,false
41,65,Proliferation,true,true,false
75,29,Proliferation,true,true,false
57,41,Proliferation,true,true,true
61,105,Proliferation,true,true,true
62,39,Growth_Arrest,false,false,false
83,108,Proliferation,true,true,true
71,113,Proliferation,true,false,true
51,30,Proliferation,true,true,true
97,44,Proliferation,true,false,false
42,37,Growth_Arrest,false,false,true
42,93,Proliferation,true,true,true
94,92,Proliferation,true,false,false
29,80,Proliferation,true,true,true
63,88,Proliferation,true,true,false
46,40,Proliferation,true,true,false
53,114,Proliferation,true,false,true
76,108,Proliferation,true,false,false
26,92,Growth_Arrest,false,false,false
41,55,Proliferation,true,true,false
47,53,Growth_Arrest,false,true,true
119,66,Proliferation,true,true,true
60,87,Growth_Arrest,false,true,true
41,79,Growth_Arrest,false,true,false
74,34,Proliferation,true,true,true
22,65,Growth_Arrest,false,true,false
109,111,Growth_Arrest,false,false,true
75,46,Proliferation,true,true,false
63,41,Proliferation,true,true,true
27,55,Proliferation,true,false,false
65,42,Proliferation,true,false,false
48,111,Proliferation,true,false,true
43,82,Proliferation,true,false,false
49,42,Proliferation,true,false,true
29,100,Growth_Arrest,false,false,false
40,109,Growth_Arrest,false,false,false
103,98,Proliferation,true,true,false
56,119,Proliferation,true,false,true
71,43,Proliferation,true,false,false
55,86,Proliferation,true,false,false
62,54,Growth_Arrest,false,false,false
59,42,Proliferation,true,true,true
30,71,Proliferation,true,true,true
87,85,Growth_Arrest,false,false,true
78,39,Growth_Arrest,false,true,true
53,37,Proliferation,true,false,true
77,44,Growth_Arrest,false,true,true
33,63,Proliferation,true,false,false
68,48,Proliferation,true,false,true
54,35,Proliferation,true,true,true
88,74,Growth_Arrest,false,true,false
29,79,Proliferation,true,true,true
41,93,Proliferation,true,true,true
111,44,Proliferation,true,true,true
58,52,Proliferation,true,false,true
96,39,Growth_Arrest,false,true,true
114,88,Proliferation,true,true,true
56,34,Growth_Arrest,false,false,true
46,45,Proliferation,true,true,true
28,63,Growth_Arrest,false,true,true
53,56,Proliferation,true,false,false
116,100,Proliferation,true,false,false
76,79,Growth_Arrest,false,true,false
88,46,Proliferation,true,false,true
53,87,Proliferation,true,true,false
25,83,Growth_Arrest,false,true,false
65,97,Proliferation,true,false,true
80,115,Proliferation,true,true,false
38,104,Growth_Arrest,false,false,false
100,119,Proliferation,true,true,true
89,83,Growth_Arrest,false,true,true
105,78,Proliferation,true,true,true
33,88,Proliferation,true,true,false
103,119,Proliferation,true,true,false
50,28,Proliferation,true,true,false
114,72,Proliferation,true,false,true
69,108,Proliferation,true,false,true
26,80,Proliferation,true,true,false
70,48,Proliferation,true,true,false
94,33,Growth_Arrest,false,false,true
44,77,Proliferation,true,false,false
54,52,Growth_Arrest,false,true,true
55,114,Proliferation,true,true,true
42,90,Proliferation,true,false,true
118,51,Proliferation,true,true,true
68,31,Proliferation,true,true,true
40,62,Proliferation,true,true,true
91,58,Proliferation,true,false,true
72,113,Proliferation,true,true,false
47,83,Proliferation,true,false,false
51,46,Proliferation,true,false,false
95,68,Proliferation,true,true,true
122,87,Growth_Arrest,false,true,false
99,61,Growth_Arrest,false,true,true
75,90,Proliferation,true,false,false
48,31,Proliferation,true,false,true
79,120,Growth_Arrest,false,false,true
53,79,Growth_Arrest,false,false,false
109,57,Proliferation,true,true,true
26,71,Proliferation,true,true,false
61,79,Proliferation,true,false,false
29,59,Growth_Arrest,false,true,true
77,26,Proliferation,true,true,false
54,40,Proliferation,true,true,true
68,63,Proliferation,true,true,true
40,83,Growth_Arrest,false,false,false
63,27,Proliferation,true,true,true
90,101,Growth_Arrest,false,false,false
114,79,Growth_Arrest,false,false,true
80,30,Proliferation,true,false,false
43,59,Proliferation,true,false,false
89,81,Proliferation,true,true,false
84,126,Proliferation,true,false,true
101,74,Proliferation,true,true,true
40,115,Proliferation,true,true,false
52,43,Proliferation,true,true,true
47,102,Proliferation,true,false,true
104,85,Growth_Arrest,false,true,true
67,37,Proliferation,true,false,true
109,102,Proliferation,true,true,false
43,81,Proliferation,true,false,true
37,61,Proliferation,true,false,true
44,93,Proliferation,true,false,true
57,52,Proliferation,true,false,false
37,56,Proliferation,true,false,false
91,35,Proliferation,true,true,true
93,111,Proliferation,true,true,true
38,79,Proliferation,true,false,true
77,23,Proliferation,true,false,false
77,62,Proliferation,true,false,false
83,110,Proliferation,true,false,false
38,50,Proliferation,true,true,false
110,37,Proliferation,true,false,true
32,96,Proliferation,true,false,true
64,124,Growth_Arrest,false,true,true
85,49,Proliferation,true,true,true
67,84,Proliferation,true,true,true
59,106,Proliferation,true,true,false
37,59,Growth_Arrest,false,true,false
61,56,Growth_Arrest,false,true,false
62,76,Proliferation,true,false,false
45,62,Growth_Arrest,false,false,false
80,117,Growth_Arrest,false,true,false
35,59,Proliferation,true,true,true
56,70,Proliferation,true,true,true
46,66,Proliferation,true,true,false
75,26,Proliferation,true,false,true
87,66,Growth_Arrest,false,false,false
37,92,Growth_Arrest,false,false,true
49,58,Proliferation,true,true,false
78,100,Growth_Arrest,false,false,true
63,80,Growth_Arrest,false,false,true
35,85,Proliferation,true,false,true
71,78,Growth_Arrest,false,true,false
95,60,Proliferation,true,true,false
76,24,Growth_Arrest,false,true,false
57,82,Proliferation,true,true,false
23,89,Proliferation,true,true,true
92,46,Growth_Arrest,false,false,true
99,53,Proliferation,true,false,false
105,44,Proliferation,true,false,false
49,81,Growth_Arrest,false,false,false
41,97,Proliferation,true,false,false
73,27,Proliferation,true,false,false
77,24,Proliferation,true,true,true
57,37,Proliferation,true,true,true
90,61,Proliferation,true,true,false
91,100,Growth_Arrest,false,true,false
73,28,Proliferation,true,true,false
93,31,Proliferation,true,true,false
60,111,Proliferation,true,true,true
87,59,Proliferation,true,false,false
71,107,Proliferation,true,true,true
65,122,Proliferation,true,true,true
41,71,Growth_Arrest,false,true,false
66,57,Proliferation,true,true,false
65,41,Proliferation,true,false,false
39,58,Growth_Arrest,false,false,true
66,111,Growth_Arrest,false,false,false
69,93,Proliferation,true,true,false
81,126,Proliferation,true,false,false
66,107,Proliferation,true,false,true
83,116,Growth_Arrest,false,false,false
102,65,Proliferation,true,false,false
56,102,Growth_Arrest,false,false,true
101,76,Proliferation,true,false,false
46,77,Proliferation,true,false,true
102,30,Proliferation,true,false,true
56,64,Proliferation,true,false,true
108,112,Proliferation,true,false,false
68,89,Growth_Arrest,false,true,true
70,32,Proliferation,true,true,true
84,72,Proliferation,true,false,false
87,27,Proliferation,true,false,true
42,98,Growth_Arrest,false,true,false
115,108,Proliferation,true,true,true
48,54,Proliferation,true,true,false
54,79,Proliferation,true,true,false
102,36,Proliferation,true,false,true
83,55,Proliferation,true,false,false
62,55,Growth_Arrest,false,false,true
82,120,Proliferation,true,true,false
98,98,Proliferation,true,true,false
107,84,Proliferation,true,true,true
84,54,Growth_Arrest,false,false,false
28,69,Proliferation,true,false,false
97,46,Proliferation,true,false,false
36,102,Proliferation,true,true,false
96,97,Proliferation,true,true,true
77,114,Proliferation,true,false,true
54,37,Proliferation,true,true,false
74,43,Proliferation,true,false,false
105,45,Growth_Arrest,false,true,true
24,61,Proliferation,true,true,false
97,33,Proliferation,true,false,true
75,55,Growth_Arrest,false,true,true
63,38,Proliferation,true,false,false
116,91,Growth_Arrest,false,false,false
56,62,Proliferation,true,true,true
103,74,Growth_Arrest,false,true,false
57,49,Proliferation,true,true,false
104,42,Proliferation,true,false,true
69,66,Proliferation,true,true,true
67,39,Growth_Arrest,false,true,true
46,37,Proliferation,true,true,false
53,84,Growth_Arrest,false,false,true
55,54,Proliferation,true,true,false
64,99,Proliferation,true,false,true
74,75,Growth_Arrest,false,true,false
52,109,Growth_Arrest,false,true,false
67,90,Proliferation,true,false,false
77,68,Proliferation,true,false,false
106,85,Growth_Arrest,false,false,true
73,94,Proliferation,true,false,true
84,24,Proliferation,true,true,true
106,36,Proliferation,true,true,true
43,87,Proliferation,true,true,false
56,47,Proliferation,true,false,false
89,122,Proliferation,true,true,true
87,96,Growth_Arrest,false,false,false
77,22,Proliferation,true,false,false
114,52,Proliferation,true,false,true
32,89,Growth_Arrest,false,true,false
31,101,Growth_Arrest,false,false,false
33,50,Proliferation,true,true,false
70,94,Growth_Arrest,false,false,false
67,44,Proliferation,true,true,false
54,48,Proliferation,true,true,true
115,74,Growth_Arrest,false,false,true
62,122,Proliferation,true,true,true
57,110,Growth_Arrest,false,false,true
114,108,Growth_Arrest,false,false,true
39,81,Growth_Arrest,false,false,false
76,88,Proliferation,true,false,true
56,87,Proliferation,true,false,true
30,102,Growth_Arrest,false,true,true
115,78,Proliferation,true,true,false
51,45,Growth_Arrest,false,true,false
81,125,Proliferation,true,false,false
37,76,Proliferation,true,true,true
70,72,Proliferation,true,false,true
108,37,Proliferation,true,false,true
85,47,Growth_Arrest,false,true,false
95,78,Proliferation,true,false,true
56,114,Proliferation,true,true,false
58,61,Proliferation,true,true,false
29,53,Proliferation,true,false,false
104,83,Proliferation,true,true,false
88,34,Proliferation,true,false,true
81,26,Proliferation,true,true,false
97,101,Proliferation,true,true,false
43,92,Proliferation,true,true,true
93,47,Proliferation,true,true,true
27,82,Growth_Arrest,false,false,false
33,45,Proliferation,true,true,true
88,63,Proliferation,true,false,false
96,98,Proliferation,true,false,true
121,89,Growth_Arrest,false,true,true
105,104,Proliferation,true,true,true
91,108,Proliferation,true,false,false
119,102,Proliferation,true,false,true
95,102,Proliferation,true,false,true
51,81,Proliferation,true,false,false
36,57,Proliferation,true,false,true
107,89,Growth_Arrest,false,false,false
70,51,Proliferation,true,false,true
48,47,Proliferation,true,false,true
75,66,Proliferation,true,true,false
57,62,Growth_Arrest,false,true,false
89,40,Growth_Arrest,false,false,true
90,25,Growth_Arrest,false,true,true
89,75,Proliferation,true,false,true
45,98,Proliferation,true,false,false
86,91,Proliferation,true,true,true
103,97,Growth_Arrest,false,false,false
104,118,Proliferation,true,true,true
42,39,Proliferation,true,false,true
103,30,Proliferation,true,false,false
75,45,Proliferation,true,true,false
79,95,Proliferation,true,true,true
112,68,Proliferation,true,true,false
81,79,Proliferation,true,true,false
65,59,Proliferation,true,true,true
104,106,Growth_Arrest,false,false,true
65,120,Proliferation,true,false,false
121,62,Proliferation,true,true,true
101,115,Proliferation,true,false,false
51,69,Proliferation,true,true,false
115,72,Proliferation,true,false,false
72,115,Growth_Arrest,false,true,true
62,90,Growth_Arrest,false,false,false
103,101,Growth_Arrest,false,false,true
100,107,Proliferation,true,false,false
83,42,Growth_Arrest,false,true,false
68,35,Proliferation,true,false,false
87,79,Proliferation,true,true,true
27,58,Growth_Arrest,false,false,false
121,73,Proliferation,true,false,false
90,64,Proliferation,true,false,true
43,45,Proliferation,true,true,true
124,77,Growth_Arrest,false,true,false
87,77,Growth_Arrest,false,false,false
73,43,Proliferation,true,false,false
49,70,Proliferation,true,true,true
55,79,Proliferation,true,true,false
79,109,Proliferation,true,false,false
60,98,Growth_Arrest,false,true,false
64,84,Growth_Arrest,false,false,true
94,100,Growth_Arrest,false,true,true
40,89,Growth_Arrest,false,true,true
38,62,Growth_Arrest,false,true,false
59,54,Growth_Arrest,false,true,true
58,115,Proliferation,true,true,true
78,94,Proliferation,true,false,true
109,65,Growth_Arrest,false,false,true
63,39,Proliferation,true,false,true
101,90,Growth_Arrest,false,true,false
46,48,Proliferation,true,true,false
97,81,Proliferation,true,true,true
51,31,Proliferation,true,true,true
48,37,Proliferation,true,false,false
66,121,Proliferation,true,true,true
71,51,Growth_Arrest,false,true,false
39,95,Growth_Arrest,false,true,false
45,37,Growth_Arrest,false,false,false
95,107,Proliferation,true,false,true
109,42,Proliferation,true,false,false
61,97,Growth_Arrest,false,false,true
36,107,Proliferation,true,false,false
53,102,Growth_Arrest,false,false,false
109,58,Growth_Arrest,false,false,true
99,71,Proliferation,true,true,true
108,40,Growth_Arrest,false,false,false
67,25,Proliferation,true,false,false
84,82,Proliferation,true,false,true
67,26,Proliferation,true,true,false
26,86,Proliferation,true,false,true
62,87,Proliferation,true,true,true
66,67,Proliferation,true,true,false
66,52,Proliferation,true,true,false
76,27,Proliferation,true,false,true
64,126,Growth_Arrest,false,false,false
106,86,Proliferation,true,true,false
64,77,Growth_Arrest,false,true,false
50,83,Proliferation,true,false,true
107,68,Proliferation,true,false,false
80,58,Proliferation,true,false,true
74,86,Proliferation,true,true,false
63,125,Growth_Arrest,false,false,false
42,62,Growth_Arrest,false,false,true
71,80,Proliferation,true,true,true
62,58,Proliferation,true,false,true
86,75,Proliferation,true,true,false
72,111,Growth_Arrest,false,true,true
102,53,Proliferation,true,false,true
35,83,Growth_Arrest,false,false,false
52,35,Growth_Arrest,false,false,true
42,59,Proliferation,true,false,false
63,113,Proliferation,true,true,true
109,61,Proliferation,true,true,false
87,104,Growth_Arrest,false,false,false
23,68,Proliferation,true,false,true
100,116,Proliferation,true,true,false
119,83,Growth_Arrest,false,false,true
52,94,Growth_Arrest,false,false,true
91,95,Growth_Arrest,false,true,false
50,41,Proliferation,true,false,false
73,100,Proliferation,true,false,false
36,53,Growth_Arrest,false,false,true
74,96,Growth_Arrest,false,false,false
106,59,Growth_Arrest,false,false,false
69,65,Growth_Arrest,false,true,false
57,45,Proliferation,true,true,true
70,115,Proliferation,true,false,true
95,114,Proliferation,true,false,true
36,104,Growth_Arrest,false,true,false
29,76,Growth_Arrest,false,true,true
86,85,Proliferation,true,false,true
66,123,Proliferation,true,false,true
57,105,Proliferation,true,false,false
80,61,Growth_Arrest,false,true,true
76,100,Proliferation,true,false,true
102,103,Proliferation,true,false,false
74,121,Proliferation,true,false,true
34,57,Proliferation,true,false,false
100,76,Proliferation,true,false,true
69,54,Proliferation,true,true,true
55,106,Growth_Arrest,false,false,true
124,62,Proliferation,true,true,true
38,57,Growth_Arrest,false,true,true
72,108,Proliferation,true,true,true
87,39,Growth_Arrest,false,true,true
57,71,Proliferation,true,true,false
82,113,Growth_Arrest,false,true,false
68,83,Proliferation,true,true,false
90,51,Growth_Arrest,false,true,true
88,60,Proliferation,true,false,false
80,77,Growth_Arrest,false,true,true
110,111,Proliferation,true,false,true
55,58,Proliferation,true,false,false
29,78,Proliferation,true,false,false
91,32,Proliferation,true,true,false
96,27,Proliferation,true,false,false
58,110,Proliferation,true,true,false
107,62,Proliferation,true,false,false
49,121,Proliferation,true,false,true
85,41,Proliferation,true,true,false
118,85,Proliferation,true,false,false
49,47,Proliferation,true,false,true
78,89,Proliferation,true,true,true
41,39,Proliferation,true,false,false
97,66,Proliferation,true,true,true
24,63,Proliferation,true,false,false
41,80,Growth_Arrest,false,true,true
35,74,Proliferation,true,true,false
94,65,Growth_Arrest,false,false,true
62,29,Proliferation,true,false,false
113,77,Proliferation,true,true,false
89,86,Growth_Arrest,false,true,true
80,127,Proliferation,true,true,false
101,33,Proliferation,true,false,false
110,46,Proliferation,true,true,false
28,67,Proliferation,true,false,false
67,48,Proliferation,true,false,false
96,29,Proliferation,true,false,false
92,97,Growth_Arrest,false,true,false
60,100,Growth_Arrest,false,false,false
26,90,Growth_Arrest,false,true,false
54,112,Proliferation,true,true,true
56,111,Proliferation,true,false,true
36,60,Proliferation,true,true,false
69,123,Growth_Arrest,false,true,true
60,56,Proliferation,true,true,true
32,93,Growth_Arrest,false,true,true
99,62,Proliferation,true,true,true
91,112,Proliferation,true,false,true
50,92,Proliferation,true,false,false
68,116,Proliferation,true,true,false
75,57,Proliferation,true,false,false
42,107,Proliferation,true,false,false
57,86,Growth_Arrest,false,true,false
29,57,Proliferation,true,true,true
83,89,Proliferation,true,false,false
42,92,Proliferation,true,false,false
108,65,Proliferation,true,false,false
83,109,Growth_Arrest,false,true,false
45,58,Growth_Arrest,false,false,false
100,73,Proliferation,true,false,true
109,76,Proliferation,true,true,true
60,75,Growth_Arrest,false,true,true
52,65,Growth_Arrest,false,true,true
51,88,Proliferation,true,false,false
76,33,Growth_Arrest,false,false,true
104,76,Proliferation,true,true,true
78,37,Growth_Arrest,false,true,false
71,55,Proliferation,true,false,false
58,74,Growth_Arrest,false,true,false
62,82,Proliferation,true,false,true
57,117,Proliferation,true,true,true
114,43,Proliferation,true,true,true
59,94,Proliferation,true,true,false
98,30,Growth_Arrest,false,true,true
68,61,Growth_Arrest,false,true,false
104,87,Growth_Arrest,false,true,true
81,104,Proliferation,true,true,false
106,46,Proliferation,true,false,false
48,45,Proliferation,true,false,true
72,35,Proliferation,true,true,true
93,93,Proliferation,true,false,false
24,86,Proliferation,true,true,true
56,38,Growth_Arrest,false,true,false
64,116,Proliferation,true,true,true
38,91,Growth_Arrest,false,true,true
102,117,Proliferation,true,true,false
64,73,Proliferation,true,false,true
52,57,Growth_Arrest,false,false,true
114,50,Proliferation,true,true,true
86,111,Proliferation,true,false,false
123,82,Proliferation,true,false,false
44,50,Proliferation,true,false,true
107,73,Growth_Arrest,false,true,false
121,98,Proliferation,true,true,false
64,100,Proliferation,true,true,false
48,58,Proliferation,true,true,false
81,51,Proliferation,true,false,false
41,116,Proliferation,true,true,true
113,87,Proliferation,true,false,true
59,58,Proliferation,true,true,true
36,50,Proliferation,true,true,false
64,48,Growth_Arrest,false,false,false
50,110,Growth_Arrest,false,false,true
47,55,Growth_Arrest,false,true,false
84,55,Proliferation,true,false,true
62,103,Growth_Arrest,false,false,false
62,34,Proliferation,true,true,false
74,23,Proliferation,true,false,false
76,118,Proliferation,true,false,false
104,61,Proliferation,true,false,false
77,119,Proliferation,true,true,false
69,24,Proliferation,true,false,true
105,86,Proliferation,true,false,false
122,89,Proliferation,true,true,false
91,103,Proliferation,true,false,true
26,95,Proliferation,true,true,false
43,102,Proliferation,true,false,true
48,49,Growth_Arrest,false,false,false
111,86,Proliferation,true,false,true
80,62,Growth_Arrest,false,false,false
113,110,Growth_Arrest,false,false,true
77,69,Proliferation,true,false,true
52,67,Growth_Arrest,false,false,true
80,32,Growth_Arrest,false,true,true
43,90,Growth_Arrest,false,true,false
126,70,Growth_Arrest,false,false,false
94,45,Growth_Arrest,false,false,true
44,46,Proliferation,true,false,false
43,77,Growth_Arrest,false,false,false
69,33,Proliferation,true,true,true
77,109,Growth_Arrest,false,false,true
43,109,Growth_Arrest,false,false,false
49,77,Proliferation,true,true,false
69,31,Proliferation,true,true,false
75,64,Proliferation,true,true,false
40,87,Growth_Arrest,false,false,false
61,74,Growth_Arrest,false,false,true
84,98,Growth_Arrest,false,false,false
49,66,Growth_Arrest,false,false,false
62,49,Growth_Arrest,false,true,false
95,77,Proliferation,true,false,true
78,121,Growth_Arrest,false,true,false
83,101,Proliferation,true,true,true
71,71,Growth_Arrest,false,true,true
68,68,Growth_Arrest,false,false,false
38,59,Growth_Arrest,false,true,false
96,43,Proliferation,true,false,false
64,36,Proliferation,true,false,true
98,55,Growth_Arrest,false,true,false
48,92,Proliferation,true,true,true
109,110,Proliferation,true,false,false
82,31,Proliferation,true,true,true
69,95,Proliferation,true,false,false
97,117,Proliferation,true,true,true
73,21,Proliferation,true,true,true
53,30,Growth_Arrest,false,true,false
119,103,Growth_Arrest,false,false,false
120,66,Growth_Arrest,false,false,true
78,52,Growth_Arrest,false,true,false
45,57,Proliferation,true,true,false
53,74,Proliferation,true,false,false
27,59,Proliferation,true,false,true
69,89,Proliferation,true,true,false
54,70,Growth_Arrest,false,false,false
95,44,Proliferation,true,false,false
82,35,Proliferation,true,true,true
55,32,Proliferation,true,false,false
96,64,Growth_Arrest,false,true,true
52,110,Proliferation,true,false,true
115,66,Proliferation,true,false,true
120,56,Growth_Arrest,false,false,false
55,103,Proliferation,true,true,false
93,89,Growth_Arrest,false,false,false
35,62,Growth_Arrest,false,false,false
63,30,Proliferation,true,true,false
40,58,Proliferation,true,true,true
55,119,Growth_Arrest,false,true,true
91,79,Proliferation,true,true,false
116,93,Proliferation,true,true,false
28,83,Proliferation,true,false,false
85,39,Proliferation,true,false,false
126,68,Proliferation,true,false,false
36,46,Growth_Arrest,false,false,false
56,65,Growth_Arrest,false,false,false
101,109,Proliferation,true,false,false
57,119,Proliferation,true,false,true
102,93,Proliferation,true,true,true
54,87,Proliferation,true,true,false
76,111,Proliferation,true,false,false
112,38,Growth_Arrest,false,false,true
101,53,Growth_Arrest,false,false,false
112,52,Proliferation,true,false,false
69,41,Growth_Arrest,false,true,true
88,26,Proliferation,true,true,false
61,101,Growth_Arrest,false,false,false
92,64,Growth_Arrest,false,true,false
84,101,Growth_Arrest,false,true,false
69,82,Proliferation,true,true,true
93,90,Proliferation,true,true,false
89,126,Proliferation,true,true,true
53,52,Growth_Arrest,false,false,true
81,36,Proliferation,true,true,false
57,120,Growth_Arrest,false,true,false
81,41,Proliferation,true,true,false
94,90,Growth_Arrest,false,true,true
47,34,Proliferation,true,true,true
69,114,Proliferation,true,true,false
110,78,Growth_Arrest,false,true,true
69,105,Proliferation,true,true,false
70,109,Proliferation,true,false,true
88,120,Growth_Arrest,false,false,false
43,110,Proliferation,true,false,false
47,99,Proliferation,true,true,true
24,77,Growth_Arrest,false,true,true
113,53,Growth_Arrest,false,false,true
101,67,Proliferation,true,false,true
41,115,Proliferation,true,true,false
124,69,Proliferation,true,false,false
126,88,Proliferation,true,false,false
40,102,Growth_Arrest,false,false,true
38,55,Proliferation,true,true,false
62,60,Proliferation,true,true,true
77,49,Proliferation,true,true,false
75,42,Growth_Arrest,false,false,false
86,44,Proliferation,true,false,true
61,98,Growth_Arrest,false,true,false
25,66,Growth_Arrest,false,false,true
39,109,Proliferation,true,true,false
55,75,Proliferation,true,true,false
90,84,Proliferation,true,true,true
114,77,Growth_Arrest,false,true,false
26,68,Proliferation,true,true,false
55,81,Proliferation,true,true,true
66,103,Proliferation,true,false,true
32,45,Proliferation,true,false,true
53,113,Growth_Arrest,false,true,true
45,64,Proliferation,true,true,false
119,90,Proliferation,true,true,false
34,94,Growth_Arrest,false,false,true
84,69,Proliferation,true,true,false
109,72,Proliferation,true,true,false
107,72,Proliferation,true,false,false
34,99,Proliferation,true,false,true
41,69,Proliferation,true,false,true
73,58,Proliferation,true,false,false
53,118,Proliferation,true,false,false
79,35,Proliferation,true,true,false
67,56,Proliferation,true,false,false
36,86,Proliferation,true,true,false
22,75,Proliferation,true,false,true
55,34,Proliferation,true,true,true
65,79,Proliferation,true,true,false
31,68,Proliferation,true,false,false
64,44,Proliferation,true,true,false
44,106,Proliferation,true,true,true
45,67,Proliferation,true,true,true
91,54,Proliferation,true,false,true
80,75,Proliferation,true,true,false
62,53,Growth_Arrest,false,false,false
94,82,Growth_Arrest,false,true,false
63,79,Proliferation,true,false,true
47,50,Proliferation,true,false,true
98,106,Proliferation,true,true,false
38,88,Proliferation,true,false,false
109,96,Proliferation,true,false,true
83,81,Proliferation,true,true,true
109,112,Proliferation,true,true,false
74,70,Proliferation,true,false,true
73,110,Growth_Arrest,false,false,true
93,34,Growth_Arrest,false,false,true
87,122,Proliferation,true,false,true
66,62,Growth_Arrest,false,false,true
108,74,Growth_Arrest,false,false,false
122,94,Growth_Arrest,false,true,false
40,40,Proliferation,true,true,true
108,60,Growth_Arrest,false,true,false
51,107,Growth_Arrest,false,true,true
71,84,Growth_Arrest,false,true,false
106,39,Proliferation,true,true,false
72,27,Proliferation,true,false,false
25,59,Growth_Arrest,false,true,false
81,115,Proliferation,true,false,false
117,65,Growth_Arrest,false,false,false
90,121,Proliferation,true,true,true
96,113,Growth_Arrest,false,false,false
49,94,Proliferation,true,false,true
102,60,Proliferation,true,true,false
71,92,Proliferation,true,false,false
51,92,Growth_Arrest,false,true,false
120,99,Growth_Arrest,false,true,false
66,39,Proliferation,true,false,false
91,66,Proliferation,true,true,true
64,90,Growth_Arrest,false,true,true
109,85,Proliferation,true,false,true
81,53,Proliferation,true,false,true
48,69,Proliferation,true,false,true
108,41,Growth_Arrest,false,true,false
39,56,Growth_Arrest,false,false,true
61,84,Growth_Arrest,false,false,true
59,96,Proliferation,true,false,false
35,71,Proliferation,true,true,true
77,25,Growth_Arrest,false,false,true
89,70,Growth_Arrest,false,false,false
124,73,Growth_Arrest,false,false,false
101,39,Proliferation,true,true,false
98,57,Growth_Arrest,false,true,true
84,116,Growth_Arrest,false,true,false
111,68,Proliferation,true,true,true
82,115,Proliferation,true,true,true
91,49,Proliferation,true,false,true
70,58,Proliferation,true,true,true
25,65,Proliferation,true,false,false
74,28,Growth_Arrest,false,false,true
102,51,Proliferation,true,true,true
63,35,Proliferation,true,false,true
61,78,Proliferation,true,false,true
66,68,Proliferation,true,true,false
72,109,Growth_Arrest,false,true,false
77,116,Proliferation,true,false,false
78,47,Proliferation,true,true,true
40,52,Proliferation,true,false,true
44,105,Proliferation,true,false,true
119,52,Proliferation,true,true,false
119,65,Proliferation,true,false,true
126,77,Proliferation,true,true,true
51,101,Proliferation,true,false,true
67,81,Proliferation,true,true,false
113,58,Proliferation,true,false,true
99,41,Proliferation,true,true,false
86,117,Proliferation,true,true,false
47,82,Proliferation,true,false,false
114,103,Proliferation,true,true,false
79,71,Proliferation,true,true,false
110,54,Proliferation,true,false,true
50,54,Proliferation,true,true,false
110,92,Proliferation,true,false,false
73,108,Proliferation,true,true,true
54,76,Growth_Arrest,false,true,true
108,92,Proliferation,true,true,true
78,35,Proliferation,true,true,true
99,97,Growth_Arrest,false,true,false
110,99,Growth_Arrest,false,true,true
25,56,Growth_Arrest,false,true,false
40,49,Proliferation,true,true,false
93,51,Growth_Arrest,false,true,false
96,30,Proliferation,true,false,true
53,34,Growth_Arrest,false,false,false
112,37,Proliferation,true,false,false
36,43,Proliferation,true,true,false
88,73,Proliferation,true,true,true
23,81,Growth_Arrest,false,false,true
53,93,Proliferation,true,false,true
52,61,Growth_Arrest,false,true,false
41,105,Proliferation,true,false,false
87,33,Proliferation,true,false,true
46,50,Proliferation,true,false,false
100,108,Proliferation,true,false,true
28,90,Proliferation,true,false,true
38,82,Proliferation,true,false,true
71,44,Proliferation,true,true,true
89,84,Proliferation,true,false,false
115,64,Proliferation,true,true,false
59,29,Proliferation,true,false,true
59,125,Proliferation,true,false,false
111,94,Proliferation,true,true,true
34,73,Proliferation,true,false,true
117,78,Proliferation,true,true,true
63,47,Growth_Arrest,false,false,false
112,45,Growth_Arrest,false,false,false
98,91,Growth_Arrest,false,false,true
108,63,Proliferation,true,true,false
36,58,Proliferation,true,true,true
51,114,Proliferation,true,true,true
75,93,Growth_Arrest,false,true,false
101,42,Proliferation,true,true,false
74,90,Proliferation,true,true,true
38,97,Growth_Arrest,false,false,true
98,111,Proliferation,true,false,true
52,103,Proliferation,true,false,false
80,49,Proliferation,true,false,false
43,88,Growth_Arrest,false,false,true
92,105,Proliferation,true,true,true
73,99,Proliferation,true,false,true
56,103,Proliferation,true,false,false
71,46,Proliferation,true,false,true
92,92,Growth_Arrest,false,true,true
108,85,Growth_Arrest,false,true,true
108,54,Proliferation,true,false,false
27,52,Proliferation,true,false,true
105,42,Proliferation,true,true,true
70,69,Proliferation,true,false,false
33,104,Growth_Arrest,false,true,false
70,67,Proliferation,true,true,true
58,97,Proliferation,true,true,true
75,109,Proliferation,true,true,false
96,111,Growth_Arrest,false,false,false
51,104,Proliferation,true,true,false
40,68,Proliferation,true,true,false
91,29,Proliferation,true,true,true
52,54,Growth_Arrest,false,true,false
122,60,Proliferation,true,false,true
40,72,Proliferation,true,true,true
51,102,Proliferation,true,true,true
45,76,Proliferation,true,false,true
97,122,Proliferation,true,false,false
33,51,Proliferation,true,true,true
57,63,Growth_Arrest,false,false,false
95,94,Growth_Arrest,false,false,true
55,27,Proliferation,true,true,true
93,58,Growth_Arrest,false,true,true
51,58,Growth_Arrest,false,false,true
76,46,Growth_Arrest,false,false,true
51,77,Proliferation,true,true,false
43,65,Proliferation,true,true,true
67,75,Growth_Arrest,false,false,true
117,42,Growth_Arrest,false,true,true
50,121,Proliferation,true,false,true
81,64,Growth_Arrest,false,false,true
81,76,Growth_Arrest,false,false,false
46,65,Proliferation,true,true,false
115,45,Growth_Arrest,false,false,false
87,36,Proliferation,true,false,true
61,63,Proliferation,true,true,true
81,87,Proliferation,true,false,false
86,26,Growth_Arrest,false,true,true
74,39,Proliferation,true,false,false
113,63,Proliferation,true,true,true
84,93,Growth_Arrest,false,true,false
106,54,Proliferation,true,true,false
84,121,Growth_Arrest,false,false,true
47,91,Proliferation,true,true,true
107,110,Proliferation,true,true,false
100,118,Growth_Arrest,false,false,false
93,38,Growth_Arrest,false,false,false
107,39,Growth_Arrest,false,false,true
118,84,Growth_Arrest,false,false,false
89,100,Proliferation,true,false,false
65,112,Proliferation,true,true,true
88,43,Proliferation,true,true,false
79,115,Proliferation,true,false,false
71,32,Growth_Arrest,false,false,true
27,80,Proliferation,true,false,false
57,84,Proliferation,true,true,false
72,33,Growth_Arrest,false,false,true
62,102,Proliferation,true,true,false
68,87,Proliferation,true,false,false
29,89,Proliferation,true,true,false
102,42,Proliferation,true,true,false
28,52,Growth_Arrest,false,false,true
78,25,Growth_Arrest,false,false,false
84,41,Proliferation,true,false,true
64,51,Proliferation,true,true,true
67,78,Proliferation,true,true,false
84,103,Growth_Arrest,false,false,false
109,56,Proliferation,true,true,false
28,87,Growth_Arrest,false,true,false
75,114,Proliferation,true,true,true
118,79,Growth_Arrest,false,true,false
62,26,Proliferation,true,false,false
74,26,Proliferation,true,true,false
44,54,Proliferation,true,false,true
109,48,Growth_Arrest,false,false,true
101,120,Growth_Arrest,false,true,false
80,88,Growth_Arrest,false,false,true
118,100,Proliferation,true,true,true
32,48,Proliferation,true,false,false
51,28,Growth_Arrest,false,true,true
62,109,Proliferation,true,true,true
67,105,Growth_Arrest,false,true,false
77,35,Growth_Arrest,false,true,false
93,102,Proliferation,true,true,true
35,110,Proliferation,true,false,false
80,103,Growth_Arrest,false,false,true
60,39,Proliferation,true,false,true
70,95,Proliferation,true,false,true
56,75,Growth_Arrest,false,false,true
99,83,Proliferation,true,false,false
48,39,Growth_Arrest,false,true,false
114,63,Proliferation,true,true,true
59,121,Proliferation,true,false,true
43,96,Growth_Arrest,false,true,true
40,41,Proliferation,true,false,true
49,62,Proliferation,true,true,true
49,115,Proliferation,true,false,true
26,94,Proliferation,true,false,false
53,48,Proliferation,true,false,true
47,119,Proliferation,true,true,false
48,78,Proliferation,true,false,false
76,47,Proliferation,true,true,false
123,81,Proliferation,true,false,true
99,49,Proliferation,true,true,false
27,53,Growth_Arrest,false,false,false
97,57,Growth_Arrest,false,false,false
107,70,Proliferation,true,false,true
98,39,Proliferation,true,false,true
67,33,Proliferation,true,false,true
80,66,Growth_Arrest,false,true,true
81,93,Proliferation,true,true,true
96,68,Growth_Arrest,false,false,true
103,81,Growth_Arrest,false,true,false
87,72,Growth_Arrest,false,false,true
96,75,Proliferation,true,false,false
71,48,Proliferation,true,false,false
103,35,Proliferation,true,true,true
90,53,Growth_Arrest,false,false,true
48,82,Growth_Arrest,false,false,true
65,34,Growth_Arrest,false,true,true
65,103,Proliferation,true,false,true
64,61,Proliferation,true,true,false
67,74,Proliferation,true,true,false
49,120,Growth_Arrest,false,true,false
91,63,Growth_Arrest,false,false,false
81,85,Growth_Arrest,false,true,false
107,106,Growth_Arrest,false,false,true
107,47,Growth_Arrest,false,false,true
85,111,Proliferation,true,true,false
40,47,Proliferation,true,true,false
63,121,Proliferation,true,false,false
46,111,Growth_Arrest,false,false,true
55,113,Proliferation,true,true,true
70,89,Proliferation,true,false,true
84,104,Proliferation,true,false,false
71,31,Proliferation,true,true,false
61,32,Proliferation,true,true,false
92,119,Proliferation,true,true,false
70,66,Proliferation,true,false,false
100,30,Proliferation,true,true,false
73,89,Growth_Arrest,false,false,true
90,56,Proliferation,true,true,false
39,71,Growth_Arrest,false,false,true
115,77,Growth_Arrest,false,true,false
103,86,Proliferation,true,true,false
47,88,Proliferation,true,false,false
104,115,Growth_Arrest,false,true,true
61,103,Proliferation,true,true,true
102,71,Proliferation,true,true,true
35,81,Proliferation,true,false,false
33,91,Growth_Arrest,false,true,false
103,48,Proliferation,true,true,true
32,70,Proliferation,true,true,false
73,42,Growth_Arrest,false,false,false
54,123,Proliferation,true,true,true
63,94,Proliferation,true,false,false
80,38,Proliferation,true,true,false
117,87,Proliferation,true,false,false
109,68,Proliferation,true,true,false
107,54,Proliferation,true,true,false
34,62,Proliferation,true,false,true
25,72,Growth_Arrest,false,false,false
48,118,Proliferation,true,false,false
30,74,Proliferation,true,false,true
90,109,Growth_Arrest,false,true,false
33,69,Growth_Arrest,false,false,true
46,99,Growth_Arrest,false,false,false
27,64,Proliferation,true,true,false
86,116,Growth_Arrest,false,true,true
46,93,Proliferation,true,false,true
33,96,Growth_Arrest,false,false,true
118,88,Proliferation,true,false,true
59,88,Growth_Arrest,false,true,false
65,64,Growth_Arrest,false,true,true
104,73,Proliferation,true,true,true
117,81,Proliferation,true,true,true
70,46,Proliferation,true,true,true
61,40,Growth_Arrest,false,false,true
102,38,Proliferation,true,true,true
40,110,Growth_Arrest,false,true,false
37,38,Proliferation,true,false,false
56,50,Growth_Arrest,false,false,false
102,58,Proliferation,true,false,true
51,67,Proliferation,true,false,false
49,106,Proliferation,true,true,true
71,87,Growth_Arrest,false,true,false
76,85,Growth_Arrest,false,false,true
111,70,Proliferation,true,false,false
125,84,Growth_Arrest,false,false,true
47,79,Proliferation,true,false,false
69,49,Proliferation,true,true,false
50,79,Proliferation,true,true,false
88,122,Proliferation,true,true,false
67,52,Proliferation,true,true,false
85,27,Proliferation,true,false,false
36,55,Proliferation,true,false,false
71,27,Proliferation,true,false,true
105,49,Growth_Arrest,false,false,false
46,118,Proliferation,true,true,true
62,25,Proliferation,true,false,true
80,98,Proliferation,true,false,false
115,99,Proliferation,true,true,true
35,104,Proliferation,true,false,false
45,117,Growth_Arrest,false,true,false
25,85,Proliferation,true,true,false
54,99,Proliferation,true,false,false
58,80,Proliferation,true,true,false
32,42,Proliferation,true,true,true
98,70,Growth_Arrest,false,false,false
123,67,Growth_Arrest,false,true,true
114,96,Proliferation,true,true,false
31,53,Proliferation,true,false,false
114,67,Growth_Arrest,false,false,true
82,47,Proliferation,true,true,false
104,102,Growth_Arrest,false,true,true
100,98,Proliferation,true,true,true
39,45,Proliferation,true,true,true
92,109,Growth_Arrest,false,true,false
108,89,Growth_Arrest,false,false,true
98,46,Proliferation,true,false,true
85,75,Growth_Arrest,false,true,true
22,69,Growth_Arrest,false,false,false
104,78,Proliferation,true,true,true
66,119,Growth_Arrest,false,false,true
126,81,Growth_Arrest,false,true,false
66,71,Proliferation,true,false,false
120,51,Proliferation,true,false,false
57,32,Proliferation,true,false,false
75,104,Proliferation,true,true,false
99,81,Growth_Arrest,false,true,false
79,43,Growth_Arrest,false,true,false
64,94,Growth_Arrest,false,true,true
30,99,Proliferation,true,true,true
122,66,Growth_Arrest,false,true,false
35,94,Growth_Arrest,false,false,true
55,99,Growth_Arrest,false,false,false
79,58,Proliferation,true,false,true
84,83,Proliferation,true,true,true
94,109,Proliferation,true,false,false
72,31,Growth_Arrest,false,false,false
74,118,Growth_Arrest,false,true,false
59,46,Proliferation,true,false,true
78,85,Proliferation,true,true,false
113,62,Proliferation,true,false,false
34,87,Proliferation,true,true,false
82,89,Growth_Arrest,false,false,true
80,29,Proliferation,true,true,true
83,102,Growth_Arrest,false,true,true
79,113,Proliferation,true,false,false
72,50,Proliferation,true,false,false
105,59,Proliferation,true,false,true
95,32,Growth_Arrest,false,true,true
96,106,Proliferation,true,false,true
107,90,Proliferation,true,true,true
37,108,Growth_Arrest,false,true,true
65,25,Proliferation,true,false,true
57,60,Growth_Arrest,false,false,true
86,50,Proliferation,true,true,true
44,57,Proliferation,true,false,true
69,97,Proliferation,true,true,true
66,79,Growth_Arrest,false,false,true
56,59,Proliferation,true,true,false
48,104,Proliferation,true,true,false
98,83,Proliferation,true,false,true
70,124,Proliferation,true,true,false
94,75,Growth_Arrest,false,true,true
98,54,Growth_Arrest,false,true,true
77,71,Proliferation,true,false,true
101,65,Proliferation,true,true,false
63,117,Proliferation,true,false,false
95,87,Proliferation,true,true,false
111,49,Proliferation,true,false,true
51,33,Proliferation,true,false,false
92,58,Proliferation,true,true,false
44,32,Proliferation,true,false,false
37,66,Proliferation,true,false,false
96,107,Growth_Arrest,false,false,false
115,71,Proliferation,true,false,false
100,112,Proliferation,true,false,false
51,96,Proliferation,true,true,false
74,115,Growth_Arrest,false,false,false
97,67,Growth_Arrest,false,true,true
73,124,Growth_Arrest,false,true,true
67,41,Growth_Arrest,false,false,false
111,67,Proliferation,true,false,false
39,84,Growth_Arrest,false,false,true
97,27,Proliferation,true,false,true
93,115,Proliferation,true,false,true
82,100,Growth_Arrest,false,true,false
92,99,Proliferation,true,true,false
60,103,Proliferation,true,true,true
77,127,Proliferation,true,false,false
86,99,Proliferation,true,true,false
84,115,Proliferation,true,true,true
43,113,Proliferation,true,true,false
104,99,Proliferation,true,true,true
78,123,Proliferation,true,false,false
49,95,Proliferation,true,true,true
92,51,Proliferation,true,false,true
42,110,Proliferation,true,false,false
109,71,Proliferation,true,true,false
66,42,Growth_Arrest,false,true,true
109,74,Proliferation,true,true,false
85,42,Growth_Arrest,false,false,false
45,91,Growth_Arrest,false,true,true
110,69,Growth_Arrest,false,false,false
77,87,Growth_Arrest,false,false,false
116,45,Proliferation,true,false,true
82,25,Growth_Arrest,false,true,false
53,116,Proliferation,true,true,false
122,73,Proliferation,true,false,false
87,55,Growth_Arrest,false,true,false
67,124,Proliferation,true,true,false
62,43,Growth_Arrest,false,false,true
43,95,Proliferation,true,true,true
59,117,Proliferation,true,false,false
67,31,Growth_Arrest,false,true,false
74,123,Proliferation,true,false,false
87,62,Proliferation,true,true,false
80,110,Proliferation,true,true,true
104,97,Proliferation,true,false,true
109,55,Proliferation,true,true,false
79,30,Proliferation,true,true,true
39,73,Growth_Arrest,false,true,false
90,119,Proliferation,true,false,false
106,40,Proliferation,true,false,false
69,119,Proliferation,true,true,false
76,66,Proliferation,true,true,true
36,89,Growth_Arrest,false,true,true
92,104,Proliferation,true,false,false
37,41,Growth_Arrest,false,false,false
80,85,Proliferation,true,true,true
117,75,Growth_Arrest,false,false,false
92,61,Proliferation,true,true,true
97,94,Proliferation,true,false,false
89,45,Growth_Arrest,false,false,false
73,53,Proliferation,true,false,false
60,93,Growth_Arrest,false,false,false
80,94,Proliferation,true,false,false
72,80,Proliferation,true,true,false
86,109,Proliferation,true,false,true
36,47,Proliferation,true,false,true
47,96,Proliferation,true,true,true
101,112,Growth_Arrest,false,false,true
125,83,Proliferation,true,true,false
70,28,Proliferation,true,false,true
93,101,Proliferation,true,false,false
96,65,Proliferation,true,true,false
81,71,Proliferation,true,false,true
51,70,Proliferation,true,true,true
48,98,Growth_Arrest,false,true,false
63,66,Proliferation,true,false,false
100,79,Proliferation,true,false,false
41,48,Proliferation,true,false,false
33,76,Proliferation,true,true,true
73,35,Proliferation,true,false,true
111,103,Proliferation,true,true,true
122,90,Proliferation,true,true,false
45,101,Growth_Arrest,false,false,false
87,106,Proliferation,true,false,true
95,49,Proliferation,true,false,false
103,103,Proliferation,true,false,false
90,47,Proliferation,true,false,false
105,37,Growth_Arrest,false,true,true
33,75,Proliferation,true,true,false
77,59,Growth_Arrest,false,false,true
58,40,Growth_Arrest,false,false,true
31,71,Proliferation,true,true,true
109,37,Proliferation,true,false,false
42,95,Proliferation,true,true,false
96,82,Growth_Arrest,false,true,false
65,87,Proliferation,true,true,false
90,55,Proliferation,true,false,true
109,94,Proliferation,true,false,false
94,106,Proliferation,true,false,true
89,55,Proliferation,true,false,true
95,56,Growth_Arrest,false,true,false
70,118,Proliferation,true,false,false
60,109,Growth_Arrest,false,true,false
37,49,Proliferation,true,false,true
29,101,Growth_Arrest,false,true,true
53,66,Growth_Arrest,false,false,true
124,88,Growth_Arrest,false,false,false
86,108,Growth_Arrest,false,true,true
67,38,Proliferation,true,false,false
75,108,Proliferation,true,false,false
67,104,Proliferation,true,true,false
70,121,Proliferation,true,true,true
96,95,Proliferation,true,false,false
75,68,Proliferation,true,false,true
57,118,Proliferation,true,false,true
81,23,Growth_Arrest,false,false,true
93,57,Proliferation,true,false,false
70,123,Proliferation,true,true,false
65,126,Proliferation,true,true,true
98,71,Growth_Arrest,false,false,false
106,34,Growth_Arrest,false,false,false
42,34,Proliferation,true,false,false
61,45,Growth_Arrest,false,false,false
70,87,Growth_Arrest,false,false,false
76,119,Proliferation,true,false,true
58,96,Proliferation,true,false,true
80,57,Proliferation,true,false,true
31,105,Proliferation,true,true,true
49,101,Proliferation,true,false,false
63,120,Proliferation,true,true,true
80,48,Growth_Arrest,false,false,true
75,117,Growth_Arrest,false,true,true
125,73,Proliferation,true,true,false
64,121,Proliferation,true,false,true
62,63,Proliferation,true,false,true
104,90,Proliferation,true,false,true
65,28,Growth_Arrest,false,true,true
82,106,Proliferation,true,true,true
51,36,Proliferation,true,false,false
62,97,Proliferation,true,false,false
104,92,Proliferation,true,false,false
62,35,Proliferation,true,false,true
70,104,Growth_Arrest,false,true,false
41,103,Proliferation,true,false,true
90,65,Proliferation,true,false,false
82,104,Proliferation,true,false,true
72,57,Proliferation,true,false,true
91,31,Proliferation,true,false,true
31,59,Proliferation,true,true,true
33,100,Growth_Arrest,false,false,true
74,59,Proliferation,true,true,false
99,65,Proliferation,true,true,true
67,117,Growth_Arrest,false,false,false
55,45,Proliferation,true,false,false
31,65,Proliferation,true,false,false
35,101,Proliferation,true,true,true
96,59,Proliferation,true,false,true
105,47,Proliferation,true,false,true
90,107,Proliferation,true,true,false
26,82,Growth_Arrest,false,true,true
70,36,Proliferation,true,true,false
68,88,Proliferation,true,true,true
98,82,Proliferation,true,true,true
80,108,Growth_Arrest,false,false,false
85,125,Growth_Arrest,false,true,true
115,47,Proliferation,true,false,true
107,63,Proliferation,true,false,true
94,51,Proliferation,true,false,true
28,96,Proliferation,true,false,true
78,33,Proliferation,true,true,false
66,76,Proliferation,true,true,false
41,72,Proliferation,true,false,false
33,48,Proliferation,true,false,true
86,81,Proliferation,true,false,false
64,72,Growth_Arrest,false,false,false
91,78,Proliferation,true,true,true
61,65,Proliferation,true,false,false
60,52,Proliferation,true,false,false
114,56,Proliferation,true,false,false
108,76,Proliferation,true,true,true
115,40,Proliferation,true,true,true
46,47,Proliferation,true,false,true
94,117,Proliferation,true,true,false
78,40,Proliferation,true,false,true
31,77,Growth_Arrest,false,true,true
77,91,Proliferation,true,true,false
78,103,Growth_Arrest,false,true,false
109,84,Growth_Arrest,false,false,true
93,96,Proliferation,true,false,true
120,82,Growth_Arrest,false,true,false
102,46,Proliferation,true,false,true
112,76,Proliferation,true,false,true
58,36,Proliferation,true,false,true
57,50,Proliferation,true,false,true
59,60,Proliferation,true,true,true
115,70,Proliferation,true,false,true
43,46,Growth_Arrest,false,false,true
26,74,Proliferation,true,true,false
89,60,Growth_Arrest,false,true,true
119,64,Proliferation,true,false,true
76,98,Growth_Arrest,false,true,false
30,51,Proliferation,true,true,true
71,60,Growth_Arrest,false,true,true
83,77,Proliferation,true,true,false
29,87,Growth_Arrest,false,true,false
126,71,Proliferation,true,false,true
89,119,Proliferation,true,true,false
116,43,Growth_Arrest,false,true,false
35,56,Growth_Arrest,false,true,false
121,71,Proliferation,true,false,true
23,72,Proliferation,true,false,true
117,52,Proliferation,true,false,false
107,82,Proliferation,true,true,false
72,120,Proliferation,true,true,true
64,97,Proliferation,true,false,false
94,72,Proliferation,true,false,true
60,74,Growth_Arrest,false,false,false
106,87,Proliferation,true,false,true
105,114,Proliferation,true,true,true
97,54,Proliferation,true,true,false
50,106,Growth_Arrest,false,false,true
119,67,Proliferation,true,false,false
74,122,Growth_Arrest,false,true,true
60,97,Growth_Arrest,false,false,true
44,87,Growth_Arrest,false,false,false
30,65,Proliferation,true,false,false
80,69,Proliferation,true,true,true
30,77,Proliferation,true,false,false
45,75,Proliferation,true,true,false
83,104,Growth_Arrest,false,true,true
48,41,Proliferation,true,true,true
80,107,Growth_Arrest,false,false,false
68,37,Growth_Arrest,false,true,false
93,85,Growth_Arrest,false,true,true
112,57,Proliferation,true,true,false
79,61,Proliferation,true,false,true
70,59,Proliferation,true,true,true
91,26,Growth_Arrest,false,false,true
93,117,Proliferation,true,false,true
99,27,Growth_Arrest,false,false,false
96,87,Growth_Arrest,false,true,true
71,63,Growth_Arrest,false,false,true
68,79,Proliferation,true,true,true
49,43,Proliferation,true,false,false
59,90,Growth_Arrest,false,true,true
103,118,Proliferation,true,true,true
95,51,Growth_Arrest,false,true,true
89,96,Proliferation,true,true,false
54,96,Proliferation,true,true,true
68,67,Growth_Arrest,false,true,false
81,22,Proliferation,true,false,true
80,120,Growth_Arrest,false,false,false
57,78,Growth_Arrest,false,true,true
102,100,Proliferation,true,true,false
90,67,Proliferation,true,true,true
105,74,Proliferation,true,false,true
110,66,Growth_Arrest,false,false,true
69,106,Growth_Arrest,false,false,true
49,63,Proliferation,true,true,false
55,55,Proliferation,true,true,false
72,48,Proliferation,true,true,false
120,69,Proliferation,true,false,false
62,28,Growth_Arrest,false,true,false
36,69,Growth_Arrest,false,false,false
103,70,Proliferation,true,true,false
96,71,Proliferation,true,true,false
33,61,Proliferation,true,true,true
50,73,Proliferation,true,true,true
112,67,Growth_Arrest,false,true,true
111,97,Growth_Arrest,false,false,false
66,106,Proliferation,true,true,true
77,76,Proliferation,true,false,true
116,42,Growth_Arrest,false,true,false
31,75,Proliferation,true,true,false
72,45,Proliferation,true,true,true
74,100,Proliferation,true,true,true
58,33,Proliferation,true,false,true
74,114,Growth_Arrest,false,true,true
49,72,Proliferation,true,false,false
33,80,Proliferation,true,false,true
58,53,Proliferation,true,false,false
57,95,Proliferation,true,false,false
79,62,Proliferation,true,false,true
123,57,Growth_Arrest,false,true,true
39,75,Growth_Arrest,false,true,false
71,94,Growth_Arrest,false,false,true
65,55,Proliferation,true,false,true
23,76,Proliferation,true,true,false
114,45,Proliferation,true,true,false
69,34,Proliferation,true,false,true
111,95,Proliferation,true,false,true
57,79,Proliferation,true,false,true
116,68,Proliferation,true,false,false
112,49,Growth_Arrest,false,false,false
35,92,Growth_Arrest,false,true,false
58,62,Growth_Arrest,false,true,true
114,84,Proliferation,true,true,true
87,48,Proliferation,true,false,true
105,118,Proliferation,true,true,false
86,57,Growth_Arrest,false,true,true
61,51,Proliferation,true,false,true
44,52,Proliferation,true,false,true
87,99,Proliferation,true,false,false
61,73,Proliferation,true,false,false
73,40,Proliferation,true,true,true
75,59,Growth_Arrest,false,true,true
112,105,Proliferation,true,true,false
93,109,Proliferation,true,false,true
110,89,Proliferation,true,true,false
43,40,Proliferation,true,true,false
43,49,Proliferation,true,false,false
35,102,Proliferation,true,false,false
77,111,Proliferation,true,true,true
86,97,Proliferation,true,true,true
97,64,Growth_Arrest,false,false,true
62,70,Growth_Arrest,false,false,true
96,41,Growth_Arrest,false,false,true
57,121,Growth_Arrest,false,true,true
70,117,Proliferation,true,true,true
87,76,Proliferation,true,true,false
100,75,Proliferation,true,false,true
70,37,Proliferation,true,true,false
22,70,Proliferation,true,false,true
60,94,Growth_Arrest,false,true,false
33,56,Proliferation,true,false,true
82,122,Proliferation,true,false,true
101,117,Proliferation,true,true,true
51,38,Growth_Arrest,false,false,true
76,102,Proliferation,true,true,false
47,116,Growth_Arrest,false,true,true
40,51,Proliferation,true,true,true
68,127,Growth_Arrest,false,true,true
48,40,Proliferation,true,false,false
39,92,Proliferation,true,true,true
117,43,Proliferation,true,false,true
110,55,Proliferation,true,false,false
23,66,Growth_Arrest,false,false,false
32,79,Proliferation,true,false,false
122,68,Proliferation,true,true,false
84,95,Proliferation,true,true,true
45,32,Growth_Arrest,false,false,true
61,44,Proliferation,true,true,false
103,62,Proliferation,true,false,false
48,28,Growth_Arrest,false,false,false
45,44,Proliferation,true,true,false
115,89,Proliferation,true,true,false
103,66,Growth_Arrest,false,true,true
42,102,Proliferation,true,false,true
114,107,Proliferation,true,true,true
110,48,Proliferation,true,true,true
39,101,Growth_Arrest,false,true,false
42,42,Growth_Arrest,false,false,false
62,64,Growth_Arrest,false,false,true
73,116,Proliferation,true,true,true
45,35,Proliferation,true,true,true
78,122,Proliferation,true,false,false
77,93,Growth_Arrest,false,true,true
43,67,Growth_Arrest,false,true,false
91,83,Growth_Arrest,false,true,false
106,69,Growth_Arrest,false,false,false
95,65,Proliferation,true,true,false
101,97,Proliferation,true,false,true
51,89,Proliferation,true,true,true
91,111,Proliferation,true,true,true
33,42,Proliferation,true,true,false
56,26,Growth_Arrest,false,true,false
72,28,Growth_Arrest,false,true,false
34,55,Growth_Arrest,false,true,false
40,94,Proliferation,true,false,true
45,68,Proliferation,true,true,false
57,33,Proliferation,true,true,true
111,64,Growth_Arrest,false,true,true
50,68,Proliferation,true,false,true
27,79,Proliferation,true,false,true
107,104,Growth_Arrest,false,false,true
98,28,Proliferation,true,false,true
62,84,Proliferation,true,false,true
91,33,Growth_Arrest,false,false,false
59,31,Proliferation,true,false,false
105,98,Growth_Arrest,false,true,true
107,76,Proliferation,true,false,false
66,83,Growth_Arrest,false,false,false
76,113,Growth_Arrest,false,true,false
70,103,Proliferation,true,true,true
85,97,Proliferation,true,false,false
59,51,Proliferation,true,true,false
110,43,Proliferation,true,false,false
66,110,Growth_Arrest,false,true,false
68,28,Proliferation,true,true,true
113,51,Proliferation,true,true,true
49,61,Proliferation,true,false,true
31,44,Proliferation,true,true,false
101,104,Proliferation,true,true,true
83,41,Growth_Arrest,false,false,true
124,83,Proliferation,true,true,true
51,103,Growth_Arrest,false,false,false
68,95,Growth_Arrest,false,false,false
57,68,Proliferation,true,true,true
26,70,Proliferation,true,false,false
93,80,Proliferation,true,false,true
61,53,Growth_Arrest,false,true,false
46,117,Proliferation,true,true,true
116,51,Growth_Arrest,false,true,false
96,33,Proliferation,true,false,false
110,49,Proliferation,true,false,true
100,101,Proliferation,true,false,false
72,82,Growth_Arrest,false,false,true
79,123,Proliferation,true,false,false
56,115,Proliferation,true,true,true
87,61,Growth_Arrest,false,true,false
91,120,Growth_Arrest,false,false,false
51,93,Proliferation,true,true,false
118,102,Proliferation,true,true,true
64,68,Growth_Arrest,false,false,true
31,62,Proliferation,true,true,true
87,32,Growth_Arrest,false,true,true
63,29,Proliferation,true,true,true
51,90,Proliferation,true,false,true
47,47,Proliferation,true,false,true
107,100,Proliferation,true,true,false
31,54,Proliferation,true,true,false
84,73,Growth_Arrest,false,false,false
46,102,Growth_Arrest,false,false,true
44,41,Proliferation,true,false,true
52,48,Proliferation,true,false,true
104,52,Proliferation,true,true,false
100,103,Proliferation,true,true,false
59,98,Proliferation,true,true,false
57,94,Proliferation,true,false,true
80,106,Growth_Arrest,false,false,true
26,65,Proliferation,true,true,false
77,75,Growth_Arrest,false,false,true
109,62,Proliferation,true,true,true
80,70,Growth_Arrest,false,false,true
52,117,Growth_Arrest,false,true,true
96,117,Proliferation,true,false,true
26,85,Proliferation,true,true,true
119,55,Proliferation,true,true,false
68,117,Proliferation,true,true,true
62,46,Proliferation,true,true,false
111,56,Proliferation,true,false,false
85,65,Proliferation,true,false,true
71,105,Proliferation,true,false,true
109,109,Growth_Arrest,false,true,false
78,30,Growth_Arrest,false,false,true
43,98,Growth_Arrest,false,false,false
90,58,Proliferation,true,false,true
27,76,Proliferation,true,true,false
87,109,Proliferation,true,false,true
26,91,Proliferation,true,false,false
83,23,Proliferation,true,false,false
23,83,Proliferation,true,false,false
77,57,Proliferation,true,true,false
105,99,Proliferation,true,false,true
103,99,Proliferation,true,true,false
27,66,Proliferation,true,false,true
108,48,Proliferation,true,true,false
59,48,Growth_Arrest,false,true,false
33,68,Growth_Arrest,false,true,true
96,84,Proliferation,true,true,true
107,45,Proliferation,true,true,false
103,91,Proliferation,true,true,true
61,92,Proliferation,true,true,false
106,63,Proliferation,true,false,true
67,110,Proliferation,true,false,true
57,93,Proliferation,true,false,true
101,80,Proliferation,true,true,false
87,44,Growth_Arrest,false,false,true
91,121,Proliferation,true,true,false
61,48,Proliferation,true,true,false
28,91,Proliferation,true,true,false
50,119,Proliferation,true,false,true
54,83,Growth_Arrest,false,false,false
33,102,Growth_Arrest,false,true,false
29,63,Proliferation,true,false,true
80,39,Proliferation,true,true,true
100,117,Proliferation,true,true,false
64,92,Proliferation,true,true,false
72,97,Proliferation,true,false,true
80,74,Proliferation,true,true,true
111,58,Proliferation,true,false,false
116,60,Proliferation,true,true,true
80,41,Proliferation,true,true,true
102,99,Proliferation,true,false,true
119,61,Growth_Arrest,false,true,false
43,83,Proliferation,true,false,true
97,104,Growth_Arrest,false,true,true
111,99,Proliferation,true,false,true
100,65,Proliferation,true,true,true
59,32,Proliferation,true,false,false
71,74,Growth_Arrest,false,false,true
42,85,Growth_Arrest,false,true,true
55,29,Proliferation,true,false,true
111,108,Proliferation,true,true,false
121,92,Growth_Arrest,false,false,true
95,28,Proliferation,true,false,true
121,96,Proliferation,true,false,true
83,75,Growth_Arrest,false,false,false
105,32,Proliferation,true,true,true
55,49,Proliferation,true,false,true
126,76,Growth_Arrest,false,false,false
53,67,Proliferation,true,false,true
37,67,Proliferation,true,false,true
57,65,Proliferation,true,false,false
54,120,Growth_Arrest,false,true,true
62,89,Growth_Arrest,false,false,true
85,121,Growth_Arrest,false,true,false
66,101,Proliferation,true,false,true
34,89,Growth_Arrest,false,true,true
26,69,Proliferation,true,true,true
125,61,Growth_Arrest,false,false,true
112,51,Proliferation,true,false,true
92,118,Proliferation,true,true,true
48,114,Proliferation,true,false,false
64,53,Proliferation,true,true,false
105,71,Proliferation,true,false,true
76,71,Proliferation,true,false,false
95,54,Growth_Arrest,false,true,false
99,57,Growth_Arrest,false,false,true
47,77,Proliferation,true,true,false
121,64,Proliferation,true,false,false
81,95,Growth_Arrest,false,false,false
109,114,Proliferation,true,false,true
110,109,Proliferation,true,true,false
108,106,Proliferation,true,false,false
93,104,Proliferation,true,false,false
64,111,Growth_Arrest,false,false,false
103,92,Proliferation,true,true,true
109,67,Growth_Arrest,false,false,false
42,47,Proliferation,true,false,false
122,70,Proliferation,true,false,false
114,92,Proliferation,true,false,true
72,86,Proliferation,true,false,true
47,103,Proliferation,true,false,false
80,113,Proliferation,true,true,false
111,106,Proliferation,true,false,true
53,64,Proliferation,true,true,false
81,96,Growth_Arrest,false,false,false
89,124,Proliferation,true,false,false
120,65,Proliferation,true,true,false
79,68,Growth_Arrest,false,true,false
52,53,Proliferation,true,true,false
111,42,Growth_Arrest,false,true,false
65,95,Proliferation,true,false,true
114,71,Growth_Arrest,false,true,true
108,115,Proliferation,true,false,true
93,54,Growth_Arrest,false,true,false
67,22,Growth_Arrest,false,true,true
39,89,Proliferation,true,false,false
83,120,Proliferation,true,false,true
75,65,Proliferation,true,true,true
105,107,Proliferation,true,true,false
46,80,Proliferation,true,false,true
114,74,Proliferation,true,false,false
46,116,Growth_Arrest,false,true,false
41,68,Growth_Arrest,false,false,false
52,78,Proliferation,true,false,false
76,50,Proliferation,true,false,false
68,80,Proliferation,true,false,true
88,44,Proliferation,true,false,false
79,49,Proliferation,true,false,true
75,74,Growth_Arrest,false,false,false
63,91,Growth_Arrest,false,true,true
102,115,Proliferation,true,true,true
110,102,Growth_Arrest,false,true,true
67,60,Proliferation,true,true,true
28,95,Proliferation,true,true,false
63,53,Proliferation,true,false,false
74,117,Growth_Arrest,false,true,false
112,72,Proliferation,true,false,false
60,96,Proliferation,true,false,true
42,75,Proliferation,true,true,false
99,114,Proliferation,true,true,false
100,53,Proliferation,true,false,false
76,97,Proliferation,true,false,false
36,45,Proliferation,true,true,true
111,50,Proliferation,true,false,true
30,58,Proliferation,true,true,false
51,50,Proliferation,true,false,false
74,107,Proliferation,true,false,true
44,81,Proliferation,true,false,false
79,75,Proliferation,true,true,true
71,57,Proliferation,true,true,false
71,40,Proliferation,true,true,true
83,60,Growth_Arrest,false,false,true
36,80,Growth_Arrest,false,true,true
91,74,Growth_Arrest,false,false,true
76,80,Proliferation,true,true,true
112,95,Proliferation,true,false,false
32,101,Proliferation,true,false,false
105,111,Proliferation,true,true,true
26,59,Proliferation,true,true,true
42,79,Proliferation,true,false,true
86,115,Proliferation,true,false,true
97,92,Proliferation,true,true,true
51,80,Growth_Arrest,false,true,true
51,68,Proliferation,true,false,true
64,118,Proliferation,true,true,false
100,40,Growth_Arrest,false,true,true
99,55,Growth_Arrest,false,false,true
71,123,Proliferation,true,false,false
45,47,Growth_Arrest,false,false,false
105,115,Proliferation,true,false,true
74,66,Growth_Arrest,false,true,false
84,44,Proliferation,true,false,true
49,74,Proliferation,true,true,false
64,67,Proliferation,true,true,true
51,65,Growth_Arrest,false,true,true
63,104,Proliferation,true,true,false
70,25,Proliferation,true,false,true
80,51,Proliferation,true,true,false
110,71,Proliferation,true,false,true
106,88,Growth_Arrest,false,true,true
110,56,Proliferation,true,false,false
113,83,Proliferation,true,true,false
92,98,Proliferation,true,true,true
69,29,Proliferation,true,true,true
100,35,Proliferation,true,true,true
111,46,Growth_Arrest,false,false,true
40,71,Proliferation,true,false,true
96,114,Proliferation,true,false,false
75,81,Proliferation,true,false,false
39,110,Growth_Arrest,false,true,true
101,43,Proliferation,true,false,true
51,54,Growth_Arrest,false,true,true
46,100,Proliferation,true,false,true
72,37,Proliferation,true,false,false
105,63,Proliferation,true,false,false
115,65,Proliferation,true,false,true
96,32,Proliferation,true,false,true
32,103,Proliferation,true,true,true
64,125,Proliferation,true,true,true
31,50,Proliferation,true,false,true
119,96,Proliferation,true,false,false
111,87,Growth_Arrest,false,true,true
113,42,Growth_Arrest,false,true,false
85,51,Proliferation,true,false,true
88,105,Growth_Arrest,false,true,true
98,94,Proliferation,true,false,true
69,96,Proliferation,true,false,false
51,42,Proliferation,true,true,true
94,36,Growth_Arrest,false,true,true
41,60,Proliferation,true,false,false
61,85,Proliferation,true,false,false
126,66,Growth_Arrest,false,false,false
100,94,Proliferation,true,false,true
72,85,Growth_Arrest,false,false,false
103,87,Proliferation,true,false,true
57,125,Proliferation,true,true,false
61,121,Proliferation,true,false,false
115,106,Proliferation,true,false,true
98,33,Growth_Arrest,false,false,true
61,58,Proliferation,true,false,true
68,59,Proliferation,true,false,false
97,77,Proliferation,true,false,false
80,97,Proliferation,true,true,false
74,104,Proliferation,true,false,false
111,82,Proliferation,true,true,false
109,43,Proliferation,true,true,true
65,44,Proliferation,true,false,false
81,33,Proliferation,true,false,false
55,40,Proliferation,true,true,true
82,60,Proliferation,true,false,true
53,111,Proliferation,true,false,true
77,43,Proliferation,true,true,false
71,34,Proliferation,true,true,true
116,48,Growth_Arrest,false,true,false
73,68,Growth_Arrest,false,true,true
67,119,Proliferation,true,false,true
86,61,Proliferation,true,true,true
47,67,Proliferation,true,true,true
80,111,Growth_Arrest,false,true,true
111,107,Growth_Arrest,false,false,true
51,97,Growth_Arrest,false,true,false
57,85,Proliferation,true,false,false
50,39,Growth_Arrest,false,true,true
85,73,Growth_Arrest,false,true,false
115,53,Proliferation,true,false,true
85,69,Proliferation,true,false,true
91,110,Proliferation,true,true,true
105,62,Proliferation,true,false,true
85,79,Proliferation,true,true,false
104,31,Growth_Arrest,false,false,false
90,122,Proliferation,true,false,false
25,57,Proliferation,true,true,false
42,57,Proliferation,true,true,false
55,70,Growth_Arrest,false,true,true
80,46,Proliferation,true,true,false
72,124,Growth_Arrest,false,false,true
31,82,Growth_Arrest,false,false,false
64,71,Proliferation,true,true,false
36,52,Proliferation,true,false,false
54,26,Proliferation,true,true,true
71,104,Growth_Arrest,false,false,true
86,84,Growth_Arrest,false,false,true
63,75,Growth_Arrest,false,false,true
30,48,Proliferation,true,false,true
96,53,Proliferation,true,true,false
113,82,Growth_Arrest,false,true,false
87,47,Growth_Arrest,false,false,false
77,72,Proliferation,true,true,false
105,53,Proliferation,true,true,false
55,90,Proliferation,true,false,false
71,24,Proliferation,true,false,true
90,99,Growth_Arrest,false,true,true
43,86,Proliferation,true,true,true
78,59,Growth_Arrest,false,false,true
48,38,Proliferation,true,false,true
39,96,Proliferation,true,false,true
90,28,Proliferation,true,false,false
57,96,Proliferation,true,true,true
120,83,Growth_Arrest,false,true,false
43,62,Growth_Arrest,false,true,false
55,36,Proliferation,true,false,true
36,63,Proliferation,true,true,false
99,91,Growth_Arrest,false,false,true
95,103,Growth_Arrest,false,false,false
31,80,Proliferation,true,false,true
121,80,Growth_Arrest,false,true,false
31,95,Growth_Arrest,false,true,false
101,58,Proliferation,true,false,false
80,83,Growth_Arrest,false,true,true
107,96,Proliferation,true,true,false
98,38,Growth_Arrest,false,false,false
127,75,Proliferation,true,false,false
112,85,Proliferation,true,true,false
68,125,Growth_Arrest,false,true,false
79,27,Proliferation,true,false,true
27,90,Proliferation,true,false,true
79,60,Proliferation,true,false,true
32,68,Proliferation,true,true,true
115,61,Proliferation,true,true,true
71,26,Proliferation,true,false,true
48,42,Growth_Arrest,false,true,true
114,106,Growth_Arrest,false,true,false
57,102,Proliferation,true,true,true
101,102,Growth_Arrest,false,false,false
47,42,Growth_Arrest,false,false,true
70,68,Proliferation,true,false,true
95,39,Proliferation,true,true,false
36,88,Growth_Arrest,false,true,false
56,44,Proliferation,true,true,true
68,50,Growth_Arrest,false,true,true
117,56,Proliferation,true,true,true
47,39,Growth_Arrest,false,true,false
50,61,Growth_Arrest,false,true,true
112,71,Growth_Arrest,false,false,true
40,106,Proliferation,true,false,false
44,37,Growth_Arrest,false,false,true
54,103,Proliferation,true,false,true
32,99,Proliferation,true,false,false
73,65,Growth_Arrest,false,true,true
63,92,Proliferation,true,false,true
55,98,Proliferation,true,false,false
75,36,Proliferation,true,false,true
68,111,Proliferation,true,false,false
119,58,Proliferation,true,false,true
97,40,Proliferation,true,false,true
79,76,Growth_Arrest,false,false,true
61,81,Proliferation,true,false,true
83,45,Growth_Arrest,false,false,false
79,46,Proliferation,true,false,true
71,38,Growth_Arrest,false,false,false
84,125,Proliferation,true,true,true
111,81,Proliferation,true,false,true
98,101,Proliferation,true,true,false
72,58,Growth_Arrest,false,false,true
72,29,Proliferation,true,true,false
83,65,Proliferation,true,false,true
46,82,Proliferation,true,false,false
74,47,Proliferation,true,true,false
81,24,Proliferation,true,false,true
110,65,Proliferation,true,false,true
65,109,Growth_Arrest,false,false,false
64,29,Growth_Arrest,false,true,true
96,28,Growth_Arrest,false,false,false
81,37,Growth_Arrest,false,true,true
32,88,Proliferation,true,true,true
47,100,Proliferation,true,false,true
103,80,Growth_Arrest,false,true,true
127,73,Growth_Arrest,false,true,true
76,25,Growth_Arrest,false,false,true
81,82,Growth_Arrest,false,true,true
75,123,Proliferation,true,true,false
42,55,Proliferation,true,true,true
43,43,Proliferation,true,true,false
49,107,Proliferation,true,true,true
102,34,Proliferation,true,false,true
116,53,Proliferation,true,true,false
46,115,Proliferation,true,false,false
39,90,Growth_Arrest,false,false,false
35,79,Proliferation,true,true,true
55,63,Proliferation,true,false,false
77,94,Proliferation,true,true,true
87,50,Growth_Arrest,false,true,false
78,63,Proliferation,true,false,true
37,87,Proliferation,true,false,true
83,84,Proliferation,true,false,true
110,38,Proliferation,true,true,true
87,108,Growth_Arrest,false,true,true
70,122,Proliferation,true,true,true
37,86,Proliferation,true,true,false
50,118,Proliferation,true,false,true
99,92,Growth_Arrest,false,false,true
35,41,Growth_Arrest,false,false,true
116,87,Proliferation,true,false,true
79,22,Growth_Arrest,false,true,false
56,81,Proliferation,true,false,false
59,78,Proliferation,true,true,true
92,87,Proliferation,true,false,true
75,103,Proliferation,true,false,false
49,117,Proliferation,true,false,true
56,39,Proliferation,true,false,true
92,41,Proliferation,true,true,true
126,74,Growth_Arrest,false,true,true
117,85,Proliferation,true,true,true
92,48,Proliferation,true,false,false
116,64,Proliferation,true,true,true
78,80,Proliferation,true,false,true
51,111,Proliferation,true,true,false
103,49,Growth_Arrest,false,true,false
58,116,Growth_Arrest,false,true,false
99,99,Proliferation,true,false,true
40,53,Growth_Arrest,false,false,true
91,81,Growth_Arrest,false,false,true
67,49,Growth_Arrest,false,true,false
61,47,Proliferation,true,true,true
44,112,Proliferation,true,false,true
52,88,Growth_Arrest,false,false,true
72,122,Proliferation,true,true,true
64,109,Growth_Arrest,false,true,false
96,56,Proliferation,true,false,true
31,94,Proliferation,true,false,true
112,86,Proliferation,true,false,false
99,112,Proliferation,true,false,true
93,77,Proliferation,true,false,false
94,43,Growth_Arrest,false,true,false
33,94,Proliferation,true,false,false
79,92,Growth_Arrest,false,true,false
45,106,Proliferation,true,false,false
96,81,Proliferation,true,false,false
27,67,Growth_Arrest,false,false,false
116,82,Proliferation,true,false,true
88,30,Proliferation,true,false,true
80,78,Proliferation,true,false,true
57,56,Growth_Arrest,false,false,false
83,87,Growth_Arrest,false,false,true
66,49,Proliferation,true,true,false
87,42,Growth_Arrest,false,false,true
86,29,Proliferation,true,false,true
45,70,Proliferation,true,true,true
94,122,Growth_Arrest,false,true,false
99,42,Proliferation,true,false,true
42,54,Growth_Arrest,false,false,true
50,72,Proliferation,true,true,false
41,107,Proliferation,true,true,false
54,101,Growth_Arrest,false,true,true
83,106,Proliferation,true,false,true
100,36,Proliferation,true,false,true
69,86,Proliferation,true,false,true
108,75,Growth_Arrest,false,true,true
53,121,Proliferation,true,false,true
79,47,Proliferation,true,false,true
84,89,Proliferation,true,false,true
72,94,Proliferation,true,false,true
37,77,Growth_Arrest,false,false,false
83,67,Proliferation,true,true,false
88,45,Growth_Arrest,false,false,true
55,93,Growth_Arrest,false,false,false
56,96,Growth_Arrest,false,true,false
38,109,Proliferation,true,false,false
84,113,Proliferation,true,true,false
29,77,Proliferation,true,true,true
55,96,Growth_Arrest,false,false,false
85,45,Proliferation,true,false,false
95,30,Proliferation,true,true,false
61,57,Growth_Arrest,false,false,true
72,93,Growth_Arrest,false,false,true
109,49,Proliferation,true,true,true
111,60,Proliferation,true,false,false
108,84,Proliferation,true,true,false
72,110,Growth_Arrest,false,true,false
105,92,Growth_Arrest,false,false,true
96,38,Proliferation,true,false,false
48,102,Proliferation,true,true,false
77,40,Proliferation,true,false,true
61,114,Proliferation,true,true,true
93,39,Proliferation,true,true,false
50,71,Proliferation,true,true,true
74,41,Growth_Arrest,false,false,false
78,76,Proliferation,true,true,false
35,98,Proliferation,true,false,false
105,61,Proliferation,true,true,true
23,86,Proliferation,true,false,true
56,54,Growth_Arrest,false,true,true
70,119,Proliferation,true,false,true
83,76,Proliferation,true,true,false
25,55,Proliferation,true,true,false
55,44,Growth_Arrest,false,true,true
98,110,Proliferation,true,true,false
56,88,Growth_Arrest,false,true,false
53,105,Proliferation,true,false,true
28,49,Growth_Arrest,false,false,true
75,71,Proliferation,true,false,false
107,71,Growth_Arrest,false,false,false
41,33,Proliferation,true,false,false
103,71,Proliferation,true,false,false
106,65,Proliferation,true,true,false
100,56,Proliferation,true,false,true
31,63,Proliferation,true,false,true
79,29,Proliferation,true,true,true
117,46,Growth_Arrest,false,true,true
125,57,Growth_Arrest,false,true,false
70,114,Proliferation,true,false,true
27,95,Proliferation,true,true,true
87,123,Proliferation,true,true,false
58,69,Proliferation,true,true,false
119,88,Proliferation,true,true,true
82,84,Proliferation,true,false,true
30,104,Proliferation,true,false,true
71,81,Growth_Arrest,false,false,true
69,92,Proliferation,true,false,true
89,120,Growth_Arrest,false,false,true
54,74,Proliferation,true,false,true
70,47,Growth_Arrest,false,false,true
77,36,Proliferation,true,false,false
75,72,Growth_Arrest,false,true,true
82,94,Growth_Arrest,false,false,false
109,106,Proliferation,true,true,false
44,111,Proliferation,true,true,false
102,82,Proliferation,true,true,true
96,102,Proliferation,true,false,true
87,30,Proliferation,true,true,false
87,51,Proliferation,true,false,true
64,70,Proliferation,true,true,false
119,97,Growth_Arrest,false,true,false
44,76,Proliferation,true,true,true
36,81,Proliferation,true,false,true
43,44,Proliferation,true,true,false
43,51,Growth_Arrest,false,false,false
51,66,Proliferation,true,true,true
106,96,Growth_Arrest,false,true,true
84,51,Proliferation,true,true,false
73,36,Proliferation,true,false,true
100,38,Proliferation,true,false,false
46,70,Proliferation,true,false,true
70,102,Proliferation,true,true,true
48,115,Proliferation,true,true,false
68,69,Proliferation,true,true,false
59,44,Proliferation,true,true,true
85,74,Proliferation,true,true,true
85,80,Proliferation,true,true,true
101,61,Proliferation,true,true,true
73,102,Growth_Arrest,false,false,true
89,50,Growth_Arrest,false,false,false
38,80,Proliferation,true,true,true
79,91,Growth_Arrest,false,false,true
118,97,Proliferation,true,true,true
118,71,Growth_Arrest,false,false,false
61,107,Proliferation,true,false,false
46,43,Proliferation,true,false,false
85,104,Proliferation,true,false,false
58,83,Proliferation,true,true,true
88,80,Proliferation,true,true,true
78,42,Proliferation,true,false,false
106,32,Proliferation,true,true,false
83,70,Growth_Arrest,false,false,false
99,39,Proliferation,true,true,true
37,45,Proliferation,true,false,true
82,121,Growth_Arrest,false,false,false
57,40,Proliferation,true,true,true
54,39,Proliferation,true,true,true
99,111,Growth_Arrest,false,false,true
115,79,Growth_Arrest,false,false,true
93,65,Proliferation,true,false,false
93,78,Proliferation,true,true,false
108,45,Proliferation,true,true,false
94,41,Growth_Arrest,false,false,false
43,72,Proliferation,true,true,false
59,108,Proliferation,true,false,true
50,114,Proliferation,true,false,false
105,91,Proliferation,true,false,true
60,121,Proliferation,true,false,false
67,35,Proliferation,true,false,true
79,112,Proliferation,true,false,true
29,61,Proliferation,true,false,true
32,66,Growth_Arrest,false,true,true
120,68,Proliferation,true,false,true
73,86,Proliferation,true,false,true
88,98,Growth_Arrest,false,false,true
101,52,Proliferation,true,true,true
87,120,Proliferation,true,true,true
30,103,Proliferation,true,true,false
117,101,Proliferation,true,false,true
72,30,Growth_Arrest,false,true,true
59,37,Proliferation,true,false,false
92,45,Growth_Arrest,false,false,false
62,36,Proliferation,true,false,true
96,69,Proliferation,true,false,true
89,36,Growth_Arrest,false,false,false
58,32,Proliferation,true,false,true
42,67,Growth_Arrest,false,false,false
78,66,Proliferation,true,false,false
73,95,Growth_Arrest,false,false,false
72,95,Proliferation,true,true,true
92,76,Proliferation,true,false,false
49,100,Proliferation,true,false,false
93,37,Proliferation,true,false,false
55,43,Proliferation,true,true,true
35,51,Proliferation,true,true,true
112,61,Growth_Arrest,false,false,false
115,46,Proliferation,true,false,true
77,52,Growth_Arrest,false,true,true
24,80,Proliferation,true,false,true
39,55,Growth_Arrest,false,true,false
76,39,Proliferation,true,true,true
100,61,Growth_Arrest,false,true,true
84,38,Proliferation,true,false,false
91,125,Proliferation,true,true,true
44,68,Growth_Arrest,false,false,false
60,88,Growth_Arrest,false,true,false
94,102,Growth_Arrest,false,true,true
22,83,Growth_Arrest,false,true,false
54,84,Growth_Arrest,false,true,true
42,72,Proliferation,true,false,false
52,86,Proliferation,true,false,true
55,66,Proliferation,true,true,true
47,109,Proliferation,true,false,true
88,69,Proliferation,true,false,false
36,91,Proliferation,true,true,false
96,52,Proliferation,true,false,false
67,76,Proliferation,true,false,false
49,48,Proliferation,true,false,true
46,68,Proliferation,true,false,true
90,69,Proliferation,true,false,false
32,55,Proliferation,true,false,false
75,41,Proliferation,true,false,true
120,95,Growth_Arrest,false,false,true
121,59,Growth_Arrest,false,true,false
84,111,Proliferation,true,true,false
38,44,Growth_Arrest,false,true,true
96,101,Proliferation,true,true,false
60,32,Proliferation,true,true,false
106,58,Proliferation,true,false,true
109,95,Proliferation,true,false,false
71,67,Proliferation,true,true,false
66,92,Growth_Arrest,false,true,true
100,86,Proliferation,true,false,true
106,95,Growth_Arrest,false,false,true
32,69,Proliferation,true,true,false
114,69,Proliferation,true,true,false
68,107,Proliferation,true,true,true
96,120,Growth_Arrest,false,true,false
82,77,Proliferation,true,false,true
38,90,Proliferation,true,true,true
67,50,Proliferation,true,true,true
110,59,Proliferation,true,true,false
46,89,Proliferation,true,false,false
65,123,Proliferation,true,false,true
62,41,Growth_Arrest,false,true,true
63,99,Proliferation,true,true,true
95,61,Proliferation,true,false,false
92,102,Proliferation,true,true,true
117,90,Proliferation,true,false,true
124,85,Proliferation,true,false,true
66,73,Proliferation,true,true,true
54,117,Proliferation,true,false,false
97,30,Growth_Arrest,false,true,true
75,25,Growth_Arrest,false,true,false
64,56,Proliferation,true,true,false
73,34,Proliferation,true,false,false
58,114,Proliferation,true,true,true
125,86,Growth_Arrest,false,false,true
104,112,Proliferation,true,true,true
116,90,Proliferation,true,false,true
46,36,Proliferation,true,false,false
100,51,Proliferation,true,false,true
118,94,Proliferation,true,false,true
79,127,Growth_Arrest,false,false,true
33,66,Proliferation,true,false,true
91,25,Proliferation,true,false,false
104,37,Proliferation,true,false,false
56,123,Proliferation,true,false,true
34,72,Proliferation,true,true,false
95,101,Proliferation,true,true,true
97,26,Growth_Arrest,false,true,true
79,26,Proliferation,true,true,false
71,23,Proliferation,true,false,false
45,110,Proliferation,true,false,true
120,52,Growth_Arrest,false,true,false
49,45,Growth_Arrest,false,true,false
44,83,Growth_Arrest,false,true,true
80,123,Growth_Arrest,false,true,false
58,98,Proliferation,true,false,true
84,49,Growth_Arrest,false,true,false
121,60,Proliferation,true,false,false
65,100,Proliferation,true,false,false
85,92,Growth_Arrest,false,false,false
30,83,Proliferation,true,true,false
92,36,Growth_Arrest,false,false,false
113,96,Proliferation,true,true,false
46,39,Growth_Arrest,false,false,true
104,40,Proliferation,true,false,false
64,82,Proliferation,true,false,true
61,42,Proliferation,true,true,true
80,81,Growth_Arrest,false,true,true
64,101,Growth_Arrest,false,true,false
69,112,Proliferation,true,true,false
87,73,Proliferation,true,true,true
54,59,Proliferation,true,false,false
118,101,Proliferation,true,true,true
122,97,Proliferation,true,false,true
120,62,Proliferation,true,false,true
31,58,Growth_Arrest,false,false,false
81,56,Growth_Arrest,false,true,false
72,65,Proliferation,true,false,true
88,110,Growth_Arrest,false,true,false
90,85,Growth_Arrest,false,true,true
74,105,Proliferation,true,false,false
92,43,Proliferation,true,true,false
112,112,Proliferation,true,true,true
73,121,Proliferation,true,true,false
115,96,Growth_Arrest,false,true,false
127,69,Proliferation,true,false,true
74,87,Proliferation,true,false,false
122,98,Proliferation,true,false,true
46,75,Proliferation,true,true,false
49,108,Proliferation,true,true,true
82,75,Proliferation,true,true,false
69,42,Proliferation,true,false,true
84,77,Growth_Arrest,false,true,false
51,83,Proliferation,true,false,true
77,48,Proliferation,true,false,true
59,56,Proliferation,true,true,false
52,106,Proliferation,true,true,true
56,120,Proliferation,true,false,true
125,87,Proliferation,true,false,true
40,80,Proliferation,true,true,true
92,24,Growth_Arrest,false,true,true
81,116,Proliferation,true,true,true
27,93,Growth_Arrest,false,true,true
78,124,Growth_Arrest,false,true,false
124,76,Proliferation,true,true,false
42,65,Proliferation,true,false,true
60,78,Proliferation,true,true,true
62,114,Proliferation,true,true,true
53,115,Proliferation,true,false,false
49,97,Proliferation,true,false,false
91,52,Proliferation,true,true,false
75,101,Growth_Arrest,false,true,true
31,90,Proliferation,true,true,true
66,122,Proliferation,true,false,false
92,28,Proliferation,true,false,true
35,46,Growth_Arrest,false,true,false
78,53,Proliferation,true,true,true
44,36,Proliferation,true,false,false
90,62,Proliferation,true,false,false
77,108,Proliferation,true,false,false
115,51,Proliferation,true,true,true
115,105,Growth_Arrest,false,false,true
120,53,Proliferation,true,false,false
102,84,Proliferation,true,true,false
71,98,Proliferation,true,false,false
86,101,Proliferation,true,true,true
58,120,Proliferation,true,false,true
67,47,Proliferation,true,false,true
99,56,Growth_Arrest,false,false,false
30,80,Growth_Arrest,false,true,false
95,48,Growth_Arrest,false,true,false
83,99,Proliferation,true,true,false
55,117,Growth_Arrest,false,true,true
59,118,Growth_Arrest,false,true,true
89,99,Proliferation,true,true,false
84,96,Growth_Arrest,false,false,false
119,54,Proliferation,true,false,false
52,115,Growth_Arrest,false,false,false
40,65,Proliferation,true,true,false
70,34,Proliferation,true,false,true
83,85,Growth_Arrest,false,true,false
54,53,Growth_Arrest,false,true,false
30,73,Growth_Arrest,false,true,true
91,46,Proliferation,true,false,true
37,63,Proliferation,true,true,false
84,32,Growth_Arrest,false,false,true
59,67,Proliferation,true,false,false
122,56,Growth_Arrest,false,true,false
60,46,Proliferation,true,false,true
102,62,Growth_Arrest,false,false,true
125,89,Proliferation,true,true,true
71,54,Proliferation,true,false,false
86,51,Growth_Arrest,false,false,false
83,35,Proliferation,true,false,false
112,103,Growth_Arrest,false,false,true
104,47,Proliferation,true,true,false
60,58,Growth_Arrest,false,false,true
77,54,Growth_Arrest,false,true,false
57,122,Proliferation,true,false,true
62,117,Proliferation,true,false,true
100,48,Proliferation,true,false,false
81,27,Proliferation,true,true,true
59,65,Proliferation,true,true,false
47,51,Proliferation,true,true,false
50,45,Proliferation,true,false,false
44,103,Proliferation,true,false,true
125,92,Proliferation,true,false,true
59,25,Proliferation,true,false,false
74,88,Proliferation,true,true,true
85,56,Proliferation,true,false,false
61,36,Proliferation,true,true,false
115,56,Proliferation,true,true,true
103,31,Growth_Arrest,false,true,false
75,31,Growth_Arrest,false,false,true
98,118,Growth_Arrest,false,true,true
40,99,Growth_Arrest,false,true,false
50,89,Proliferation,true,true,false
37,52,Proliferation,true,false,true
94,29,Proliferation,true,true,true
60,125,Proliferation,true,false,false
59,100,Proliferation,true,true,true
103,58,Proliferation,true,true,true
96,121,Growth_Arrest,false,true,false
101,113,Proliferation,true,false,false
88,38,Growth_Arrest,false,true,true
78,78,Proliferation,true,false,false
56,71,Proliferation,true,false,true
67,85,Proliferation,true,false,false
59,115,Proliferation,true,true,false
74,120,Proliferation,true,false,false
27,54,Proliferation,true,true,true
43,116,Proliferation,true,true,true
48,51,Growth_Arrest,false,false,false
85,58,Proliferation,true,false,false
120,63,Proliferation,true,true,false
62,56,Proliferation,true,false,false
48,94,Proliferation,true,true,true
84,63,Proliferation,true,false,true
79,23,Proliferation,true,true,false
96,86,Proliferation,true,false,false
66,84,Proliferation,true,false,false
115,88,Growth_Arrest,false,true,false
75,111,Proliferation,true,false,true
85,46,Proliferation,true,false,false
53,39,Proliferation,true,true,false
47,75,Growth_Arrest,false,true,false
44,44,Proliferation,true,false,true
33,67,Proliferation,true,true,true
68,57,Proliferation,true,false,true
78,32,Proliferation,true,true,true
81,78,Proliferation,true,false,true
95,91,Growth_Arrest,false,true,true
74,82,Growth_Arrest,false,true,true
85,84,Proliferation,true,true,true
62,110,Proliferation,true,true,true
28,75,Proliferation,true,false,false
38,108,Growth_Arrest,false,false,true
62,88,Proliferation,true,true,true
70,55,Growth_Arrest,false,true,true
116,46,Growth_Arrest,false,true,false
67,34,Proliferation,true,true,false
106,62,Proliferation,true,true,true
65,107,Proliferation,true,false,false
46,76,Proliferation,true,false,false
62,71,Proliferation,true,false,true
59,71,Proliferation,true,false,true
116,94,Proliferation,true,true,false
75,87,Growth_Arrest,false,true,true
109,107,Proliferation,true,false,true
97,93,Growth_Arrest,false,true,false
45,113,Proliferation,true,false,true
118,46,Growth_Arrest,false,true,false
55,123,Growth_Arrest,false,true,true
81,57,Proliferation,true,true,false
35,64,Growth_Arrest,false,true,true
67,101,Proliferation,true,false,true
34,53,Growth_Arrest,false,true,true
93,29,Proliferation,true,true,false
34,50,Proliferation,true,false,true
70,111,Proliferation,true,false,false
101,68,Proliferation,true,true,true
101,44,Growth_Arrest,false,true,true
99,64,Proliferation,true,false,true
116,85,Growth_Arrest,false,true,true
113,80,Growth_Arrest,false,true,true
93,50,Proliferation,true,true,false
31,70,Growth_Arrest,false,false,true
69,75,Proliferation,true,true,true
107,115,Growth_Arrest,false,true,false
79,36,Proliferation,true,true,true
100,93,Proliferation,true,true,true
65,104,Growth_Arrest,false,true,false
71,45,Growth_Arrest,false,false,true
55,109,Proliferation,true,false,false
63,58,Proliferation,true,false,true
90,95,Proliferation,true,true,true
95,73,Proliferation,true,false,false
40,76,Growth_Arrest,false,true,false
48,66,Proliferation,true,true,true
83,94,Proliferation,true,false,false
82,80,Proliferation,true,true,false
75,99,Proliferation,true,true,false
40,100,Proliferation,true,true,true
102,114,Proliferation,true,false,true
45,65,Growth_Arrest,false,true,false
90,110,Growth_Arrest,false,false,false
52,120,Proliferation,true,false,true
112,74,Proliferation,true,false,true
42,52,Growth_Arrest,false,false,true
105,46,Proliferation,true,false,false
124,67,Proliferation,true,true,false
40,45,Proliferation,true,false,false
102,89,Proliferation,true,false,false
31,57,Proliferation,true,true,true
46,56,Proliferation,true,true,true
90,77,Growth_Arrest,false,true,true
90,82,Growth_Arrest,false,false,false
76,91,Proliferation,true,true,false
94,73,Growth_Arrest,false,true,true
51,105,Proliferation,true,false,false
85,120,Proliferation,true,true,true
82,44,Growth_Arrest,false,true,false
51,63,Proliferation,true,true,false
25,88,Growth_Arrest,false,true,true
70,79,Proliferation,true,false,true
39,50,Proliferation,true,false,true
104,100,Proliferation,true,false,true
89,27,Growth_Arrest,false,true,false
77,73,Proliferation,true,false,false
79,122,Proliferation,true,false,true
78,114,Proliferation,true,true,true
100,70,Growth_Arrest,false,true,true
120,102,Growth_Arrest,false,false,false
49,57,Growth_Arrest,false,true,true
64,55,Growth_Arrest,false,false,false
64,63,Growth_Arrest,false,true,false
80,63,Proliferation,true,false,true
124,92,Growth_Arrest,false,false,true
92,91,Proliferation,true,true,true
92,84,Proliferation,true,true,true
124,66,Growth_Arrest,false,true,false
74,126,Proliferation,true,false,false
98,109,Growth_Arrest,false,true,true
107,34,Growth_Arrest,false,true,false
120,67,Proliferation,true,false,false
104,94,Proliferation,true,true,false
27,56,Proliferation,true,false,false
74,71,Proliferation,true,false,false
54,78,Proliferation,true,false,false
105,38,Proliferation,true,true,false
33,79,Proliferation,true,true,true
93,32,Growth_Arrest,false,true,true
54,42,Proliferation,true,false,true
63,89,Proliferation,true,true,false
39,61,Growth_Arrest,false,true,true
94,26,Proliferation,true,false,false
85,98,Proliferation,true,false,true
65,24,Proliferation,true,true,false
88,103,Proliferation,true,false,true
39,86,Proliferation,true,false,true
117,92,Proliferation,true,false,false
97,34,Growth_Arrest,false,true,false
45,82,Proliferation,true,true,true
29,73,Proliferation,true,false,false
64,26,Proliferation,true,true,false
62,98,Growth_Arrest,false,false,true
23,67,Proliferation,true,false,true
68,29,Growth_Arrest,false,false,false
86,92,Growth_Arrest,false,false,true
116,89,Proliferation,true,true,false
75,85,Proliferation,true,false,false
60,24,Proliferation,true,true,true
45,119,Proliferation,true,true,true
42,50,Proliferation,true,true,true
52,114,Growth_Arrest,false,true,true
35,44,Proliferation,true,true,true
43,42,Proliferation,true,true,false
85,124,Proliferation,true,false,false
102,119,Growth_Arrest,false,false,true
51,52,Proliferation,true,true,false
28,77,Proliferation,true,false,true
82,126,Proliferation,true,true,true
36,44,Proliferation,true,false,false
82,97,Proliferation,true,false,false
95,45,Proliferation,true,true,true
41,62,Growth_Arrest,false,false,true
38,51,Proliferation,true,true,true
26,61,Proliferation,true,false,true
66,90,Growth_Arrest,false,false,false
111,57,Growth_Arrest,false,false,false
71,91,Proliferation,true,true,false
52,56,Growth_Arrest,false,true,false
58,107,Growth_Arrest,false,false,true
72,119,Proliferation,true,true,false
94,48,Growth_Arrest,false,true,true
103,67,Proliferation,true,false,false
98,79,Proliferation,true,false,false
38,98,Proliferation,true,false,true
90,34,Proliferation,true,false,true
32,87,Proliferation,true,false,false
43,76,Proliferation,true,true,true
104,71,Proliferation,true,true,true
83,93,Proliferation,true,true,true
78,95,Proliferation,true,false,false
79,101,Growth_Arrest,false,true,false
96,122,Proliferation,true,false,false
39,108,Proliferation,true,false,true
34,106,Growth_Arrest,false,true,false
86,113,Proliferation,true,false,false
28,74,Proliferation,true,false,true
46,58,Proliferation,true,true,false
80,124,Growth_Arrest,false,true,false
24,82,Proliferation,true,false,false
33,57,Growth_Arrest,false,true,false
78,43,Proliferation,true,true,false
90,57,Proliferation,true,true,true
90,123,Proliferation,true,true,true
68,45,Growth_Arrest,false,false,false
71,64,Proliferation,true,true,false
38,41,Proliferation,true,true,true
57,76,Growth_Arrest,false,false,false
109,97,Proliferation,true,false,false
98,95,Growth_Arrest,false,true,false
56,85,Growth_Arrest,false,true,false
44,72,Proliferation,true,false,true
62,67,Proliferation,true,true,true
74,58,Proliferation,true,false,true
43,103,Proliferation,true,true,false
82,34,Proliferation,true,false,true
86,94,Growth_Arrest,false,false,false
35,69,Proliferation,true,true,true
31,85,Growth_Arrest,false,false,false
122,99,Growth_Arrest,false,true,true
29,99,Proliferation,true,false,true
68,43,Growth_Arrest,false,true,false
34,98,Proliferation,true,true,true
88,28,Proliferation,true,true,true
70,101,Growth_Arrest,false,true,true
86,30,Proliferation,true,true,true
78,58,Proliferation,true,false,true
91,116,Proliferation,true,false,false
120,75,Growth_Arrest,false,false,false
82,55,Proliferation,true,true,false
72,87,Proliferation,true,true,false
34,67,Proliferation,true,true,false
99,58,Growth_Arrest,false,false,false
124,56,Growth_Arrest,false,false,true
77,95,Proliferation,true,false,true
117,55,Proliferation,true,true,true
46,86,Growth_Arrest,false,false,false
83,95,Proliferation,true,false,false
71,115,Proliferation,true,true,true
69,36,Growth_Arrest,false,false,false
71,22,Growth_Arrest,false,true,true
53,26,Growth_Arrest,false,true,true
39,100,Proliferation,true,true,false
80,116,Proliferation,true,true,true
51,29,Proliferation,true,false,false
65,98,Proliferation,true,true,true
121,49,Growth_Arrest,false,false,false
85,108,Proliferation,true,true,true
54,65,Growth_Arrest,false,false,true
121,85,Proliferation,true,true,true
82,50,Growth_Arrest,false,false,false
103,114,Proliferation,true,false,false
93,71,Proliferation,true,true,false
40,56,Growth_Arrest,false,false,true
123,72,Proliferation,true,false,true
51,117,Proliferation,true,false,true
74,56,Proliferation,true,false,true
25,84,Growth_Arrest,false,false,true
118,70,Proliferation,true,false,true
48,89,Proliferation,true,false,false
36,38,Proliferation,true,true,true
47,104,Proliferation,true,false,true
69,23,Growth_Arrest,false,true,true
117,84,Proliferation,true,true,true
51,106,Proliferation,true,false,true
120,57,Proliferation,true,true,true
78,70,Proliferation,true,false,false
113,81,Proliferation,true,false,false
103,69,Growth_Arrest,false,true,true
46,113,Proliferation,true,true,true
122,80,Proliferation,true,true,false
114,39,Proliferation,true,false,false
89,113,Proliferation,true,false,true
90,37,Proliferation,true,true,false
52,101,Proliferation,true,false,true
39,76,Proliferation,true,true,false
73,82,Proliferation,true,false,true
64,74,Proliferation,true,true,true
55,91,Proliferation,true,true,true
65,27,Growth_Arrest,false,false,true
123,90,Proliferation,true,true,true
122,84,Proliferation,true,false,false
123,59,Proliferation,true,false,true
55,84,Proliferation,true,false,true
81,77,Growth_Arrest,false,false,true
31,83,Proliferation,true,true,true
75,75,Growth_Arrest,false,false,true
71,119,Proliferation,true,true,true
27,68,Growth_Arrest,false,true,true
114,89,Growth_Arrest,false,false,true
46,95,Proliferation,true,true,false
57,34,Growth_Arrest,false,false,true
121,87,Growth_Arrest,false,false,true
81,58,Proliferation,true,false,false
62,69,Proliferation,true,false,false
117,58,Growth_Arrest,false,true,true
113,79,Proliferation,true,true,true
103,40,Growth_Arrest,false,true,false
79,105,Growth_Arrest,false,true,true
47,101,Growth_Arrest,false,true,true
88,71,Growth_Arrest,false,true,false
42,69,Growth_Arrest,false,false,false
106,105,Proliferation,true,false,false
121,54,Proliferation,true,false,true
47,90,Proliferation,true,false,true
65,53,Proliferation,true,false,true
52,107,Proliferation,true,false,true
48,108,Proliferation,true,true,false
51,32,Proliferation,true,true,true
72,116,Growth_Arrest,false,false,false
50,88,Proliferation,true,true,true
42,53,Growth_Arrest,false,true,true
101,119,Proliferation,true,false,false
124,87,Proliferation,true,false,false
85,88,Proliferation,true,true,true
50,50,Proliferation,true,false,true
105,105,Growth_Arrest,false,true,false
28,56,Proliferation,true,false,true
50,100,Proliferation,true,true,false
66,59,Proliferation,true,false,true
83,122,Proliferation,true,true,true
36,84,Proliferation,true,true,false
120,89,Proliferation,true,true,false
94,62,Proliferation,true,true,true
65,99,Proliferation,true,true,true
84,39,Growth_Arrest,false,false,true
85,72,Growth_Arrest,false,true,true
88,102,Proliferation,true,false,false
58,91,Growth_Arrest,false,false,false
62,57,Growth_Arrest,false,false,true
84,74,Proliferation,true,true,true
119,93,Growth_Arrest,false,true,false
64,105,Proliferation,true,false,true
101,45,Proliferation,true,false,true
92,47,Growth_Arrest,false,false,true
93,97,Proliferation,true,false,false
97,69,Proliferation,true,true,true
80,89,Proliferation,true,false,false
63,32,Proliferation,true,false,false
66,118,Proliferation,true,true,false
98,75,Growth_Arrest,false,true,true
67,99,Proliferation,true,false,false
112,87,Proliferation,true,false,true
51,98,Proliferation,true,false,true
115,43,Proliferation,true,true,false
104,56,Growth_Arrest,false,true,true
45,114,Proliferation,true,true,true
102,70,Proliferation,true,false,true
75,98,Proliferation,true,false,false
121,77,Proliferation,true,true,false
38,45,Proliferation,true,false,true
116,92,Growth_Arrest,false,false,false
61,55,Growth_Arrest,false,false,false
58,25,Proliferation,true,false,true
79,66,Proliferation,true,true,false
43,80,Proliferation,true,true,true
56,63,Proliferation,true,false,true
37,37,Proliferation,true,false,false
69,78,Proliferation,true,false,false
58,86,Proliferation,true,true,true
88,115,Proliferation,true,true,false
67,94,Growth_Arrest,false,true,true
83,33,Proliferation,true,true,false
59,109,Proliferation,true,true,false
96,57,Proliferation,true,true,true
81,45,Growth_Arrest,false,false,true
83,124,Growth_Arrest,false,true,true
50,96,Proliferation,true,false,true
105,82,Growth_Arrest,false,true,false
124,63,Proliferation,true,false,true
80,47,Proliferation,true,false,false
31,55,Proliferation,true,false,true
90,76,Proliferation,true,false,false
45,66,Growth_Arrest,false,false,false
51,75,Proliferation,true,true,true
118,62,Growth_Arrest,false,false,false
110,85,Proliferation,true,true,true
115,69,Proliferation,true,true,false
125,68,Proliferation,true,true,true
99,102,Proliferation,true,false,false
92,121,Proliferation,true,false,false
80,84,Proliferation,true,true,false
42,38,Proliferation,true,true,true
107,40,Growth_Arrest,false,true,false
110,100,Proliferation,true,false,true
46,59,Proliferation,true,true,true
51,99,Proliferation,true,true,false
50,48,Proliferation,true,true,true
84,105,Proliferation,true,false,true
41,74,Proliferation,true,false,false
112,44,Proliferation,true,true,false
105,76,Proliferation,true,false,true
83,73,Proliferation,true,true,true
52,41,Proliferation,true,true,false
86,33,Proliferation,true,false,false
124,58,Proliferation,true,true,false
59,63,Proliferation,true,false,true
56,35,Proliferation,true,true,false
60,28,Proliferation,true,true,true
30,72,Proliferation,true,false,true
30,52,Growth_Arrest,false,false,true
74,40,Proliferation,true,false,true
73,59,Growth_Arrest,false,false,true
98,72,Growth_Arrest,false,false,false
53,70,Proliferation,true,true,false
90,114,Proliferation,true,true,false
95,105,Proliferation,true,false,false
56,113,Proliferation,true,false,true
40,44,Growth_Arrest,false,false,false
58,100,Growth_Arrest,false,true,true
61,33,Growth_Arrest,false,false,true
54,57,Growth_Arrest,false,false,true
83,103,Proliferation,true,false,true
50,84,Growth_Arrest,false,false,false
43,84,Proliferation,true,false,true
75,22,Proliferation,true,true,true
92,34,Proliferation,true,true,true
82,41,Proliferation,true,false,true
70,64,Proliferation,true,true,false
34,86,Proliferation,true,true,true
40,64,Proliferation,true,false,true
62,23,Growth_Arrest,false,true,true
94,89,Proliferation,true,false,false
87,34,Growth_Arrest,false,false,true
77,83,Proliferation,true,false,true
74,61,Growth_Arrest,false,true,true
85,62,Proliferation,true,false,false
37,82,Proliferation,true,false,false
102,102,Proliferation,true,false,true
113,47,Proliferation,true,false,true
36,41,Proliferation,true,true,false
121,99,Proliferation,true,true,false
107,113,Proliferation,true,true,true
105,52,Proliferation,true,true,false
100,89,Proliferation,true,true,true
45,108,Proliferation,true,false,false
88,68,Proliferation,true,true,false
112,50,Proliferation,true,true,true
53,80,Proliferation,true,true,false
46,91,Proliferation,true,true,false
52,119,Proliferation,true,false,false
27,61,Proliferation,true,false,true
57,114,Growth_Arrest,false,false,true
88,41,Proliferation,true,false,false
81,74,Growth_Arrest,false,true,false
50,107,Proliferation,true,false,false
118,76,Proliferation,true,true,true
104,116,Proliferation,true,true,true
38,64,Growth_Arrest,false,false,false
121,78,Proliferation,true,false,true
67,83,Growth_Arrest,false,true,true
45,116,Proliferation,true,false,true
44,48,Proliferation,true,false,false
123,86,Proliferation,true,true,true
48,106,Proliferation,true,true,false
27,65,Growth_Arrest,false,true,false
87,94,Proliferation,true,false,true
94,104,Growth_Arrest,false,true,false
110,105,Proliferation,true,false,true
54,30,Proliferation,true,false,false
105,39,Proliferation,true,true,true
89,76,Proliferation,true,true,true
47,60,Growth_Arrest,false,false,true
60,117,Proliferation,true,false,false
104,80,Growth_Arrest,false,true,true
50,91,Growth_Arrest,false,true,true
64,104,Growth_Arrest,false,false,true
41,38,Proliferation,true,false,false
46,51,Growth_Arrest,false,true,false
80,27,Growth_Arrest,false,false,true
108,33,Proliferation,true,true,false
125,91,Proliferation,true,false,false
90,81,Proliferation,true,true,true
34,107,Growth_Arrest,false,false,true
68,81,Proliferation,true,true,true
53,71,Growth_Arrest,false,true,true
41,41,Proliferation,true,true,true
38,48,Proliferation,true,false,true
42,117,Growth_Arrest,false,true,true
84,80,Proliferation,true,true,false
92,31,Proliferation,true,true,false
81,99,Growth_Arrest,false,false,true
92,50,Proliferation,true,false,true
49,71,Growth_Arrest,false,true,false
43,108,Proliferation,true,true,false
102,44,Growth_Arrest,false,false,true
111,38,Proliferation,true,false,false
109,78,Growth_Arrest,false,true,false
52,51,Proliferation,true,true,true
70,106,Proliferation,true,true,false
96,116,Growth_Arrest,false,true,false
102,108,Proliferation,true,false,true
95,74,Proliferation,true,false,false
36,96,Proliferation,true,true,false
81,127,Proliferation,true,true,true
58,92,Proliferation,true,true,true
85,38,Proliferation,true,true,true
114,68,Growth_Arrest,false,false,true
105,110,Proliferation,true,false,true
48,35,Growth_Arrest,false,false,false
61,120,Growth_Arrest,false,false,false
65,43,Proliferation,true,false,false
42,89,Proliferation,true,false,false
55,101,Proliferation,true,false,true
51,112,Proliferation,true,false,true
46,88,Proliferation,true,false,true
88,39,Proliferation,true,true,true
64,113,Proliferation,true,false,false
56,93,Proliferation,true,true,false
100,121,Growth_Arrest,false,true,false
44,100,Growth_Arrest,false,false,false
107,81,Growth_Arrest,false,false,false
36,75,Proliferation,true,false,false
68,109,Proliferation,true,true,false
97,106,Proliferation,true,false,true
120,98,Proliferation,true,false,false
82,26,Proliferation,true,false,false
55,64,Growth_Arrest,false,false,false
100,59,Proliferation,true,true,true
63,59,Growth_Arrest,false,true,true
53,63,Growth_Arrest,false,true,false
92,52,Proliferation,true,true,false
48,36,Growth_Arrest,false,true,true
83,119,Growth_Arrest,false,true,false
93,88,Growth_Arrest,false,false,false
103,44,Growth_Arrest,false,false,true
45,90,Growth_Arrest,false,true,true
95,122,Proliferation,true,false,false
53,28,Growth_Arrest,false,false,true
123,80,Growth_Arrest,false,true,true
114,61,Growth_Arrest,false,true,false
86,38,Proliferation,true,true,false
38,100,Growth_Arrest,false,true,false
85,116,Growth_Arrest,false,true,false
58,123,Growth_Arrest,false,true,false
40,34,Growth_Arrest,false,false,true
106,64,Proliferation,true,true,false
108,99,Proliferation,true,false,false
29,88,Proliferation,true,true,false
72,25,Growth_Arrest,false,false,true
105,89,Proliferation,true,true,true
114,46,Proliferation,true,false,true
96,26,Proliferation,true,false,true
89,102,Growth_Arrest,false,true,false
88,24,Proliferation,true,false,false
101,70,Growth_Arrest,false,true,false
57,97,Proliferation,true,false,true
110,47,Proliferation,true,false,true
35,106,Proliferation,true,true,false
87,28,Proliferation,true,true,true
58,75,Growth_Arrest,false,true,true
107,93,Growth_Arrest,false,true,true
115,82,Growth_Arrest,false,false,true
94,59,Proliferation,true,true,false
121,91,Growth_Arrest,false,false,false
99,86,Growth_Arrest,false,true,false
61,93,Proliferation,true,false,false
108,102,Proliferation,true,true,true
33,65,Proliferation,true,true,true
39,106,Proliferation,true,false,true
28,97,Growth_Arrest,false,true,false
64,75,Proliferation,true,true,true
122,96,Proliferation,true,false,false
39,91,Proliferation,true,false,true
47,37,Proliferation,true,false,true
29,72,Proliferation,true,false,false
73,90,Growth_Arrest,false,false,false
30,78,Growth_Arrest,false,true,true
85,33,Proliferation,true,false,true
114,94,Proliferation,true,true,true
33,62,Growth_Arrest,false,false,false
78,61,Proliferation,true,false,false
84,45,Growth_Arrest,false,true,false
76,61,Proliferation,true,true,false
62,125,Growth_Arrest,false,true,false
114,110,Growth_Arrest,false,false,true
84,81,Proliferation,true,true,true
78,60,Growth_Arrest,false,false,false
105,116,Growth_Arrest,false,false,false
31,99,Growth_Arrest,false,true,false
84,109,Proliferation,true,false,false
84,79,Proliferation,true,false,false
98,74,Growth_Arrest,false,false,true
123,87,Growth_Arrest,false,false,false
108,95,Proliferation,true,false,false
73,50,Proliferation,true,true,true
122,52,Proliferation,true,false,false
94,91,Growth_Arrest,false,true,false
78,44,Proliferation,true,true,false
93,44,Proliferation,true,true,true
66,88,Proliferation,true,false,true
88,64,Proliferation,true,false,true
75,80,Growth_Arrest,false,false,false
113,48,Proliferation,true,false,true
105,48,Proliferation,true,true,true
46,114,Growth_Arrest,false,true,false
30,50,Proliferation,true,true,true
50,109,Proliferation,true,true,false
61,125,Proliferation,true,false,false
25,78,Proliferation,true,true,false
108,62,Growth_Arrest,false,false,true
62,107,Growth_Arrest,false,false,false
63,95,Proliferation,true,true,true
58,81,Growth_Arrest,false,false,true
117,99,Proliferation,true,false,false
63,34,Proliferation,true,false,true
121,50,Proliferation,true,false,false
70,108,Proliferation,true,true,true
111,55,Proliferation,true,true,false
44,97,Proliferation,true,false,true
34,104,Proliferation,true,false,true
55,108,Growth_Arrest,false,true,false
84,88,Proliferation,true,false,false
101,110,Growth_Arrest,false,false,false
69,46,Proliferation,true,false,true
52,45,Proliferation,true,true,true
114,98,Proliferation,true,true,true
60,83,Growth_Arrest,false,false,true
53,95,Proliferation,true,false,false
94,54,Proliferation,true,false,true
111,40,Proliferation,true,true,true
101,101,Growth_Arrest,false,true,false
96,46,Proliferation,true,true,true
82,73,Proliferation,true,true,true
105,96,Proliferation,true,true,false
42,78,Growth_Arrest,false,true,true
61,75,Proliferation,true,true,false
62,80,Growth_Arrest,false,true,true
54,102,Growth_Arrest,false,false,false
22,66,Growth_Arrest,false,true,true
79,103,Proliferation,true,false,false
108,98,Proliferation,true,true,true
75,47,Proliferation,true,true,false
37,99,Growth_Arrest,false,false,false
104,60,Growth_Arrest,false,true,false
73,49,Growth_Arrest,false,false,false
112,102,Proliferation,true,true,false
86,112,Proliferation,true,true,false
100,62,Proliferation,true,false,false
88,81,Growth_Arrest,false,true,true
117,66,Proliferation,true,true,false
63,69,Proliferation,true,false,false
99,96,Proliferation,true,true,false
81,31,Growth_Arrest,false,false,false
25,91,Proliferation,true,false,true
88,100,Proliferation,true,true,false
88,35,Proliferation,true,true,true
76,45,Proliferation,true,false,true
78,108,Growth_Arrest,false,false,false
96,109,Proliferation,true,true,false
57,113,Growth_Arrest,false,false,false
79,41,Proliferation,true,false,true
34,101,Growth_Arrest,false,false,false
90,80,Proliferation,true,false,true
106,110,Proliferation,true,true,true
57,116,Proliferation,true,true,false
37,65,Proliferation,true,true,false
27,70,Proliferation,true,true,true
60,65,Growth_Arrest,false,false,true
69,115,Proliferation,true,true,false
64,42,Proliferation,true,false,true
89,31,Proliferation,true,true,false
64,41,Growth_Arrest,false,true,false
83,32,Proliferation,true,true,false
27,57,Proliferation,true,false,false
77,30,Proliferation,true,false,false
82,42,Proliferation,true,true,false
104,70,Proliferation,true,false,true
123,61,Proliferation,true,false,false
90,30,Proliferation,true,false,true
115,87,Proliferation,true,false,true
82,49,Proliferation,true,false,false
96,50,Growth_Arrest,false,true,true
99,122,Proliferation,true,true,true
38,87,Growth_Arrest,false,true,true
36,85,Growth_Arrest,false,true,false
59,116,Proliferation,true,true,true
113,49,Growth_Arrest,false,true,true
59,52,Proliferation,true,true,false
38,84,Growth_Arrest,false,false,false
97,31,Growth_Arrest,false,true,true
32,75,Proliferation,true,false,true
118,60,Growth_Arrest,false,false,false
92,65,Proliferation,true,false,false
60,81,Proliferation,true,true,true
86,118,Proliferation,true,true,false
94,71,Proliferation,true,true,false
49,104,Growth_Arrest,false,true,true
75,92,Proliferation,true,true,true
48,95,Proliferation,true,true,true
59,72,Proliferation,true,false,false
111,113,Proliferation,true,false,true
91,87,Growth_Arrest,false,false,false
35,91,Proliferation,true,true,false
67,114,Proliferation,true,false,false
29,67,Growth_Arrest,false,false,false
63,48,Growth_Arrest,false,true,false
93,53,Proliferation,true,false,false
92,74,Growth_Arrest,false,true,true
50,74,Proliferation,true,true,false
32,72,Proliferation,true,true,true
97,86,Growth_Arrest,false,false,true
74,53,Proliferation,true,false,false
91,38,Proliferation,true,true,false
63,62,Proliferation,true,false,false
93,67,Growth_Arrest,false,true,false
45,45,Proliferation,true,true,false
64,115,Growth_Arrest,false,true,true
114,55,Proliferation,true,false,true
110,72,Growth_Arrest,false,true,false
72,46,Proliferation,true,false,true
90,29,Proliferation,true,false,false
85,112,Proliferation,true,true,false
51,27,Growth_Arrest,false,false,false
92,116,Proliferation,true,true,true
112,109,Proliferation,true,false,true
59,73,Proliferation,true,true,false
79,116,Growth_Arrest,false,false,false
113,66,Proliferation,true,true,false
75,119,Proliferation,true,false,false
103,57,Proliferation,true,false,true
110,81,Proliferation,true,true,false
23,64,Proliferation,true,true,false
33,43,Proliferation,true,false,true
76,51,Growth_Arrest,false,true,true
67,58,Proliferation,true,false,true
95,119,Proliferation,true,true,true
80,53,Proliferation,true,false,false
66,25,Proliferation,true,true,false
76,103,Proliferation,true,true,true
119,71,Proliferation,true,false,true
63,84,Growth_Arrest,false,false,false
109,60,Proliferation,true,false,true
120,88,Proliferation,true,true,true
84,117,Proliferation,true,false,true
107,69,Growth_Arrest,false,true,false
53,96,Growth_Arrest,false,false,false
91,88,Proliferation,true,false,true
101,114,Proliferation,true,false,false
42,111,Proliferation,true,true,false
88,126,Proliferation,true,true,false
99,54,Proliferation,true,false,true
88,101,Growth_Arrest,false,false,true
104,55,Growth_Arrest,false,true,false
95,53,Proliferation,true,true,false
28,88,Growth_Arrest,false,false,false
107,77,Growth_Arrest,false,false,false
24,58,Proliferation,true,false,false
51,74,Proliferation,true,true,true
82,83,Proliferation,true,true,false
85,123,Growth_Arrest,false,true,true
65,32,Proliferation,true,true,false
97,113,Growth_Arrest,false,true,true
77,97,Proliferation,true,true,true
88,84,Proliferation,true,true,true
51,73,Growth_Arrest,false,false,true
101,87,Growth_Arrest,false,true,false
112,110,Growth_Arrest,false,false,false
122,86,Proliferation,true,false,true
61,38,Proliferation,true,true,true
108,91,Proliferation,true,true,false
61,30,Proliferation,true,true,true
106,38,Proliferation,true,false,true
97,99,Growth_Arrest,false,true,false
87,89,Proliferation,true,true,true
92,77,Growth_Arrest,false,false,false
68,24,Growth_Arrest,false,true,true
88,72,Proliferation,true,true,false
53,51,Growth_Arrest,false,true,false
97,38,Proliferation,true,true,true
32,74,Proliferation,true,false,false
49,80,Proliferation,true,false,true
113,67,Proliferation,true,false,true
80,36,Proliferation,true,false,false
90,102,Proliferation,true,true,true
97,51,Proliferation,true,true,true
53,120,Proliferation,true,false,true
102,35,Proliferation,true,true,false
91,114,Proliferation,true,false,true
83,112,Proliferation,true,false,true
95,82,Proliferation,true,true,true
65,65,Proliferation,true,true,false
71,58,Proliferation,true,true,true
54,63,Proliferation,true,true,true
76,81,Proliferation,true,true,true
25,90,Proliferation,true,false,false
40,77,Proliferation,true,true,true
42,51,Proliferation,true,true,false
108,80,Growth_Arrest,false,true,true
37,43,Growth_Arrest,false,true,true
54,60,Growth_Arrest,false,true,false
107,79,Proliferation,true,false,true
78,48,Growth_Arrest,false,false,false
79,97,Growth_Arrest,false,true,true
58,77,Proliferation,true,false,false
80,100,Proliferation,true,true,false
119,48,Proliferation,true,false,true
24,72,Growth_Arrest,false,true,true
99,35,Growth_Arrest,false,false,false
53,61,Proliferation,true,true,false
30,79,Proliferation,true,false,false
54,68,Proliferation,true,false,true
62,66,Proliferation,true,true,false
29,55,Proliferation,true,true,false
59,105,Proliferation,true,true,false
105,57,Growth_Arrest,false,false,false
65,47,Proliferation,true,true,true
100,82,Growth_Arrest,false,false,false
68,54,Growth_Arrest,false,true,false
68,60,Proliferation,true,false,false
38,101,Proliferation,true,true,false
108,52,Proliferation,true,true,false
37,50,Proliferation,true,true,false
91,42,Proliferation,true,true,false
80,31,Proliferation,true,true,false
57,69,Growth_Arrest,false,true,false
51,35,Growth_Arrest,false,true,false
33,106,Proliferation,true,false,false
55,124,Proliferation,true,true,true
87,118,Growth_Arrest,false,true,true
27,84,Proliferation,true,true,false
86,59,Growth_Arrest,false,false,false
108,69,Proliferation,true,false,true
39,102,Proliferation,true,true,true
35,65,Proliferation,true,true,false
41,96,Proliferation,true,true,false
120,101,Proliferation,true,true,true
123,55,Growth_Arrest,false,true,false
118,80,Proliferation,true,true,false
79,64,Proliferation,true,true,true
115,49,Proliferation,true,false,true
121,52,Proliferation,true,false,false
31,69,Growth_Arrest,false,true,false
68,123,Growth_Arrest,false,true,true
98,35,Growth_Arrest,false,false,true
74,89,Proliferation,true,false,false
120,87,Growth_Arrest,false,false,false
111,105,Growth_Arrest,false,true,true
37,102,Growth_Arrest,false,true,true
27,77,Proliferation,true,false,true
75,94,Proliferation,true,true,false
121,79,Proliferation,true,false,true
26,96,Growth_Arrest,false,false,true
37,51,Proliferation,true,true,true
89,95,Growth_Arrest,false,false,false
83,66,Growth_Arrest,false,true,true
49,93,Proliferation,true,false,true
34,93,Proliferation,true,false,false
31,60,Proliferation,true,true,false
87,126,Growth_Arrest,false,true,true
89,105,Growth_Arrest,false,false,true
101,57,Proliferation,true,false,true
50,63,Proliferation,true,true,true
121,67,Proliferation,true,true,true
23,60,Proliferation,true,true,false
64,64,Growth_Arrest,false,false,false
54,69,Growth_Arrest,false,true,true
85,113,Proliferation,true,false,true
79,88,Growth_Arrest,false,true,false
112,106,Growth_Arrest,false,false,true
38,74,Growth_Arrest,false,true,false
76,72,Growth_Arrest,false,false,false
66,65,Proliferation,true,true,true
52,90,Proliferation,true,true,true
83,121,Proliferation,true,true,true
60,57,Growth_Arrest,false,false,true
96,70,Growth_Arrest,false,false,true
61,82,Proliferation,true,true,true
97,105,Growth_Arrest,false,true,false
90,39,Proliferation,true,true,false
94,83,Proliferation,true,true,false
66,60,Proliferation,true,true,true
95,104,Growth_Arrest,false,false,false
123,52,Proliferation,true,true,false
72,126,Growth_Arrest,false,true,true
47,80,Proliferation,true,false,true
55,78,Proliferation,true,true,false
110,82,Growth_Arrest,false,false,true
98,89,Proliferation,true,false,false
53,75,Growth_Arrest,false,false,true
40,81,Proliferation,true,false,false
42,61,Proliferation,true,false,true
87,101,Proliferation,true,true,false
54,46,Proliferation,true,false,true
95,36,Growth_Arrest,false,true,false
41,100,Growth_Arrest,false,false,false
57,55,Growth_Arrest,false,true,true
99,51,Proliferation,true,false,true
56,41,Proliferation,true,false,false
92,27,Proliferation,true,true,false
51,118,Proliferation,true,false,true
77,126,Proliferation,true,false,false
87,26,Proliferation,true,true,false
41,99,Growth_Arrest,false,false,false
41,70,Proliferation,true,false,false
89,111,Growth_Arrest,false,false,true
116,98,Growth_Arrest,false,true,true
98,50,Proliferation,true,false,false
92,70,Proliferation,true,false,true
126,63,Growth_Arrest,false,true,false
106,109,Proliferation,true,true,false
109,82,Proliferation,true,true,false
93,107,Growth_Arrest,false,false,false
69,53,Proliferation,true,true,true
87,31,Proliferation,true,true,false
52,28,Proliferation,true,false,true
86,103,Proliferation,true,false,false
72,47,Proliferation,true,true,true
102,69,Proliferation,true,false,false
47,45,Growth_Arrest,false,true,false
110,36,Proliferation,true,false,true
108,97,Proliferation,true,true,true
87,119,Growth_Arrest,false,false,true
79,77,Proliferation,true,true,false
124,91,Proliferation,true,false,false
57,106,Proliferation,true,false,true
99,89,Proliferation,true,false,false
102,105,Proliferation,true,true,true
70,82,Proliferation,true,false,false
42,56,Proliferation,true,false,false
70,80,Proliferation,true,true,false
57,58,Proliferation,true,true,true
60,124,Proliferation,true,false,true
108,105,Proliferation,true,false,true
88,70,Growth_Arrest,false,false,true
84,114,Growth_Arrest,false,false,false
98,105,Growth_Arrest,false,false,false
115,73,Growth_Arrest,false,true,false
53,94,Growth_Arrest,false,true,true
59,28,Proliferation,true,true,true
36,64,Growth_Arrest,false,false,true
30,91,Proliferation,true,true,true
46,46,Proliferation,true,true,true
73,32,Proliferation,true,true,false
47,54,Growth_Arrest,false,true,false
52,85,Growth_Arrest,false,true,false
68,70,Growth_Arrest,false,false,false
54,116,Proliferation,true,false,false
75,50,Proliferation,true,false,true
74,79,Proliferation,true,true,true
94,101,Growth_Arrest,false,false,false
32,90,Proliferation,true,true,true
79,87,Growth_Arrest,false,false,true
51,55,Proliferation,true,false,false
98,58,Proliferation,true,true,true
67,53,Growth_Arrest,false,false,true
120,80,Proliferation,true,false,true
45,111,Proliferation,true,false,false
89,97,Proliferation,true,false,true
102,40,Proliferation,true,false,true
55,116,Growth_Arrest,false,false,true
124,60,Proliferation,true,true,true
90,86,Proliferation,true,false,true
30,66,Proliferation,true,true,true
103,117,Proliferation,true,true,true
49,84,Proliferation,true,true,true
28,50,Proliferation,true,false,true
119,75,Proliferation,true,false,true
76,31,Growth_Arrest,false,false,true
93,43,Proliferation,true,false,true
46,96,Proliferation,true,false,false
78,125,Growth_Arrest,false,false,false
99,32,Proliferation,true,true,false
115,55,Proliferation,true,true,true
71,95,Growth_Arrest,false,true,false
93,48,Proliferation,true,true,false
72,96,Growth_Arrest,false,true,false
108,103,Proliferation,true,true,false
117,76,Growth_Arrest,false,true,false
73,56,Proliferation,true,false,true
108,39,Growth_Arrest,false,true,true
58,45,Growth_Arrest,false,true,true
100,96,Proliferation,true,true,true
50,105,Proliferation,true,true,true
88,125,Proliferation,true,true,true
70,127,Growth_Arrest,false,false,true
34,46,Proliferation,true,true,false
48,88,Growth_Arrest,false,true,false
67,43,Proliferation,true,true,true
80,56,Growth_Arrest,false,true,false
76,73,Proliferation,true,false,true
95,83,Growth_Arrest,false,false,false
67,95,Proliferation,true,false,true
117,82,Proliferation,true,false,false
112,40,Proliferation,true,true,true
99,63,Proliferation,true,false,true
101,116,Proliferation,true,true,false
99,34,Growth_Arrest,false,false,false
86,55,Proliferation,true,true,true
61,77,Proliferation,true,false,false
117,73,Proliferation,true,false,false
118,92,Growth_Arrest,false,true,false
84,94,Proliferation,true,true,false
39,64,Proliferation,true,false,false
92,114,Growth_Arrest,false,true,false
36,70,Proliferation,true,false,true
116,62,Proliferation,true,false,true
75,49,Proliferation,true,true,false
56,72,Growth_Arrest,false,true,false
114,82,Proliferation,true,false,false
24,66,Proliferation,true,true,false
82,27,Proliferation,true,false,true
72,76,Proliferation,true,true,true
102,96,Growth_Arrest,false,true,false
127,80,Growth_Arrest,false,false,false
81,112,Proliferation,true,true,true
45,56,Proliferation,true,false,false
106,83,Growth_Arrest,false,false,true
104,103,Proliferation,true,true,true
59,24,Proliferation,true,false,false
69,111,Proliferation,true,true,false
52,66,Growth_Arrest,false,false,false
39,51,Proliferation,true,false,true
39,66,Proliferation,true,true,true
118,58,Proliferation,true,false,true
52,47,Growth_Arrest,false,true,true
81,70,Growth_Arrest,false,false,true
83,71,Proliferation,true,true,true
38,37,Proliferation,true,true,false
72,23,Proliferation,true,false,true
23,85,Proliferation,true,false,false
60,61,Proliferation,true,true,true
104,88,Proliferation,true,false,false
96,44,Proliferation,true,false,true
56,52,Proliferation,true,true,true
31,47,Proliferation,true,false,false
34,43,Growth_Arrest,false,false,true
84,29,Proliferation,true,true,false
21,73,Growth_Arrest,false,true,true
98,29,Growth_Arrest,false,false,false
59,45,Growth_Arrest,false,true,false
57,28,Growth_Arrest,false,false,false
46,32,Growth_Arrest,false,true,true
76,122,Proliferation,true,false,false
87,97,Growth_Arrest,false,false,true
76,121,Proliferation,true,false,true
50,98,Proliferation,true,false,true
74,81,Proliferation,true,false,true
37,46,Proliferation,true,true,false
68,101,Growth_Arrest,false,false,false
120,81,Growth_Arrest,false,false,false
65,61,Proliferation,true,false,true
110,112,Growth_Arrest,false,false,false
33,64,Proliferation,true,false,false
88,112,Proliferation,true,false,true
105,79,Proliferation,true,true,false
29,96,Proliferation,true,true,true
62,83,Growth_Arrest,false,false,false
78,119,Growth_Arrest,false,true,false
30,81,Proliferation,true,false,true
75,127,Growth_Arrest,false,false,false
76,35,Growth_Arrest,false,true,true
100,58,Proliferation,true,false,true
106,78,Proliferation,true,false,false
56,95,Growth_Arrest,false,true,false
89,65,Proliferation,true,false,false
98,51,Growth_Arrest,false,true,true
39,54,Proliferation,true,true,false
66,46,Proliferation,true,false,true
119,78,Proliferation,true,true,true
122,65,Proliferation,true,true,false
54,114,Proliferation,true,true,false
32,50,Proliferation,true,false,true
91,36,Growth_Arrest,false,false,true
116,71,Proliferation,true,true,true
85,31,Growth_Arrest,false,true,false
38,66,Proliferation,true,false,true
60,50,Proliferation,true,true,false
92,96,Proliferation,true,false,false
73,76,Growth_Arrest,false,true,false
67,97,Proliferation,true,false,true
44,74,Proliferation,true,true,true
30,96,Proliferation,true,true,true
112,65,Proliferation,true,false,false
68,73,Proliferation,true,true,true
58,37,Proliferation,true,false,false
124,94,Growth_Arrest,false,true,true
106,108,Proliferation,true,true,true
44,39,Proliferation,true,false,true
84,110,Proliferation,true,true,true
102,88,Proliferation,true,true,true
66,47,Proliferation,true,true,true
55,37,Proliferation,true,false,false
56,78,Growth_Arrest,false,true,true
54,50,Proliferation,true,false,false
100,46,Proliferation,true,true,false
80,68,Proliferation,true,true,true
28,66,Proliferation,true,false,false
101,55,Growth_Arrest,false,false,true
54,67,Growth_Arrest,false,true,true
79,67,Growth_Arrest,false,true,true
51,64,Growth_Arrest,false,true,false
83,98,Proliferation,true,false,false
69,76,Proliferation,true,true,true
85,95,Growth_Arrest,false,false,false
67,109,Growth_Arrest,false,false,false
116,74,Growth_Arrest,false,true,false
48,71,Growth_Arrest,false,true,true
101,63,Growth_Arrest,false,true,false
60,82,Proliferation,true,false,true
76,41,Growth_Arrest,false,true,true
72,99,Growth_Arrest,false,false,true
70,56,Growth_Arrest,false,false,false
70,27,Proliferation,true,true,false
47,64,Growth_Arrest,false,false,true
108,56,Proliferation,true,false,true
93,98,Growth_Arrest,false,true,false
64,89,Proliferation,true,true,false
87,40,Growth_Arrest,false,true,false
95,63,Proliferation,true,false,false
115,75,Proliferation,true,true,true
117,63,Growth_Arrest,false,false,true
53,123,Growth_Arrest,false,false,false
116,58,Proliferation,true,true,false
70,23,Growth_Arrest,false,false,true
65,56,Proliferation,true,false,false
62,116,Proliferation,true,true,false
100,34,Proliferation,true,true,false
109,44,Proliferation,true,false,false
49,39,Proliferation,true,false,true
42,109,Proliferation,true,false,true
89,23,Growth_Arrest,false,false,true
89,47,Proliferation,true,true,true
47,87,Proliferation,true,false,false
37,91,Proliferation,true,true,true
102,63,Proliferation,true,true,false
56,83,Proliferation,true,true,true
46,110,Growth_Arrest,false,true,true
97,79,Proliferation,true,false,false
79,84,Proliferation,true,false,false
94,53,Proliferation,true,true,true
106,74,Proliferation,true,true,false
90,33,Growth_Arrest,false,true,true
69,117,Proliferation,true,false,true
112,55,Proliferation,true,false,true
105,43,Growth_Arrest,false,false,true
37,109,Growth_Arrest,false,true,true
109,51,Proliferation,true,true,false
100,32,Proliferation,true,false,true
84,119,Growth_Arrest,false,false,false
56,31,Proliferation,true,false,true
73,79,Proliferation,true,false,false
82,123,Growth_Arrest,false,false,true
69,56,Growth_Arrest,false,true,false
123,54,Growth_Arrest,false,true,false
68,42,Proliferation,true,false,true
86,65,Growth_Arrest,false,false,false
36,97,Proliferation,true,true,true
90,78,Proliferation,true,true,false
97,112,Growth_Arrest,false,true,false
69,79,Proliferation,true,true,true
62,62,Proliferation,true,true,true
106,99,Proliferation,true,true,false
46,119,Proliferation,true,false,false
100,85,Proliferation,true,false,false
64,114,Growth_Arrest,false,true,true
104,98,Growth_Arrest,false,false,false
104,74,Proliferation,true,true,true
56,55,Growth_Arrest,false,false,false
26,66,Proliferation,true,true,false
85,43,Proliferation,true,true,true
32,104,Proliferation,true,true,false
55,100,Growth_Arrest,false,false,false
83,59,Proliferation,true,true,false
82,65,Proliferation,true,false,false
38,49,Proliferation,true,true,true
36,65,Proliferation,true,false,false
70,24,Proliferation,true,true,false
112,80,Growth_Arrest,false,true,false
107,111,Growth_Arrest,false,false,false
98,40,Growth_Arrest,false,true,true
55,42,Growth_Arrest,false,true,false
110,63,Growth_Arrest,false,true,true
107,117,Growth_Arrest,false,false,false
41,78,Growth_Arrest,false,true,true
119,81,Proliferation,true,true,false
69,99,Proliferation,true,true,false
79,70,Proliferation,true,true,true
63,112,Proliferation,true,false,true
84,67,Proliferation,true,false,false
59,34,Proliferation,true,true,true
22,82,Growth_Arrest,false,true,true
93,108,Proliferation,true,true,false
23,79,Proliferation,true,false,true
49,65,Proliferation,true,true,false
46,97,Proliferation,true,false,false
104,62,Proliferation,true,true,true
65,66,Proliferation,true,true,false
89,107,Growth_Arrest,false,false,true
35,84,Growth_Arrest,false,false,false
43,69,Proliferation,true,false,false
78,117,Growth_Arrest,false,true,true
105,60,Proliferation,true,false,false
80,105,Proliferation,true,true,false
105,94,Proliferation,true,false,true
94,42,Proliferation,true,false,false
45,51,Proliferation,true,false,false
34,79,Proliferation,true,false,true
25,70,Proliferation,true,false,true
93,121,Proliferation,true,false,true
54,32,Proliferation,true,false,false
31,78,Growth_Arrest,false,true,true
90,104,Proliferation,true,true,false
122,85,Proliferation,true,true,true
89,82,Proliferation,true,true,true
94,64,Growth_Arrest,false,true,false
115,50,Proliferation,true,true,false
68,105,Proliferation,true,true,false
82,85,Proliferation,true,false,true
82,68,Proliferation,true,false,true
76,120,Proliferation,true,false,false
63,77,Growth_Arrest,false,true,true
32,84,Proliferation,true,false,true
53,119,Proliferation,true,false,false
75,21,Proliferation,true,false,true
30,59,Growth_Arrest,false,true,false
52,116,Proliferation,true,false,true
71,100,Proliferation,true,true,true
44,51,Growth_Arrest,false,false,true
87,112,Proliferation,true,true,false
89,92,Proliferation,true,false,true
28,94,Proliferation,true,false,false
77,27,Growth_Arrest,false,false,false
86,73,Growth_Arrest,false,false,true
75,32,Proliferation,true,true,false
85,122,Proliferation,true,true,false
66,26,Growth_Arrest,false,false,true
70,126,Proliferation,true,false,true
118,86,Proliferation,true,false,false
98,27,Proliferation,true,true,true
45,107,Proliferation,true,true,true
46,63,Growth_Arrest,false,true,true
69,27,Growth_Arrest,false,false,true
65,118,Growth_Arrest,false,false,true
49,110,Proliferation,true,false,true
49,51,Proliferation,true,false,true
125,77,Proliferation,true,false,true
69,94,Proliferation,true,false,false
122,55,Proliferation,true,false,false
55,38,Proliferation,true,false,false
57,44,Proliferation,true,false,true
50,55,Proliferation,true,false,true
101,100,Proliferation,true,true,true
81,105,Growth_Arrest,false,false,false
102,116,Proliferation,true,false,false
52,70,Growth_Arrest,false,false,false
63,81,Growth_Arrest,false,false,true
104,66,Proliferation,true,true,true
125,81,Proliferation,true,true,false
37,107,Proliferation,true,false,true
42,112,Proliferation,true,true,true
91,98,Growth_Arrest,false,true,true
42,99,Proliferation,true,false,true
105,40,Proliferation,true,false,false
103,33,Growth_Arrest,false,true,false
72,66,Growth_Arrest,false,true,false
96,67,Growth_Arrest,false,false,true
94,111,Growth_Arrest,false,false,true
36,77,Growth_Arrest,false,false,false
95,80,Proliferation,true,false,false
92,40,Growth_Arrest,false,true,true
99,29,Proliferation,true,false,false
83,100,Growth_Arrest,false,true,true
117,45,Growth_Arrest,false,true,true
75,39,Proliferation,true,true,false
60,66,Proliferation,true,false,true
30,97,Proliferation,true,true,true
62,38,Proliferation,true,false,true
30,76,Growth_Arrest,false,false,true
92,111,Proliferation,true,false,false
72,98,Growth_Arrest,false,false,true
118,95,Proliferation,true,false,true
92,80,Proliferation,true,false,false
94,68,Growth_Arrest,false,true,false
96,49,Proliferation,true,true,false
28,78,Proliferation,true,true,true
91,118,Proliferation,true,false,false
87,45,Proliferation,true,true,false
96,58,Growth_Arrest,false,true,true
44,47,Proliferation,true,true,true
92,81,Proliferation,true,true,false
124,68,Growth_Arrest,false,false,false
96,34,Proliferation,true,false,false
30,98,Proliferation,true,true,false
57,26,Proliferation,true,false,true
24,69,Proliferation,true,false,false
75,124,Proliferation,true,true,true
48,50,Proliferation,true,false,false
59,40,Proliferation,true,false,true
46,83,Proliferation,true,false,true
63,93,Proliferation,true,false,true
100,113,Proliferation,true,false,false
27,91,Proliferation,true,true,true
67,71,Proliferation,true,false,true
80,24,Proliferation,true,false,false
75,53,Proliferation,true,true,false
57,103,Growth_Arrest,false,true,false
52,37,Proliferation,true,true,true
89,74,Growth_Arrest,false,true,true
34,91,Growth_Arrest,false,false,true
39,70,Proliferation,true,false,false
55,87,Proliferation,true,false,false
40,63,Proliferation,true,false,false
76,65,Proliferation,true,true,true
68,62,Proliferation,true,false,false
104,91,Proliferation,true,false,true
53,86,Proliferation,true,false,false
84,97,Growth_Arrest,false,true,true
98,65,Proliferation,true,true,true
79,53,Proliferation,true,true,true
27,73,Growth_Arrest,false,false,false
77,64,Proliferation,true,true,true
75,70,Proliferation,true,false,true
47,36,Proliferation,true,false,true
106,50,Proliferation,true,true,true
73,126,Proliferation,true,true,false
25,73,Growth_Arrest,false,true,true
53,42,Proliferation,true,false,true
46,105,Proliferation,true,false,false
96,93,Proliferation,true,false,false
92,123,Proliferation,true,true,false
79,54,Proliferation,true,false,true
91,97,Proliferation,true,false,false
37,80,Proliferation,true,true,false
52,40,Proliferation,true,false,true
33,59,Proliferation,true,true,true
97,47,Proliferation,true,false,false
105,70,Proliferation,true,false,false
60,102,Proliferation,true,true,false
119,89,Growth_Arrest,false,true,false
63,64,Proliferation,true,false,false
95,40,Proliferation,true,true,false
47,46,Proliferation,true,false,true
81,102,Proliferation,true,false,false
101,106,Growth_Arrest,false,false,true
48,73,Proliferation,true,true,true
54,80,Proliferation,true,true,true
82,37,Proliferation,true,true,true
83,118,Growth_Arrest,false,false,true
44,85,Growth_Arrest,false,true,false
71,88,Growth_Arrest,false,true,true
98,36,Proliferation,true,true,false
117,80,Proliferation,true,true,true
107,112,Proliferation,true,false,true
126,80,Proliferation,true,true,false
118,53,Growth_Arrest,false,false,true
113,91,Proliferation,true,false,false
95,26,Proliferation,true,false,true
49,41,Proliferation,true,false,true
102,47,Proliferation,true,true,false
81,35,Growth_Arrest,false,true,true
110,42,Proliferation,true,false,false
83,97,Proliferation,true,true,true
33,70,Growth_Arrest,false,false,false
80,71,Proliferation,true,false,true
99,76,Growth_Arrest,false,true,true
70,75,Proliferation,true,false,false
39,36,Proliferation,true,false,false
77,28,Proliferation,true,false,false
64,27,Proliferation,true,true,false
103,95,Proliferation,true,true,true
39,112,Growth_Arrest,false,true,false
48,96,Growth_Arrest,false,true,false
99,30,Proliferation,true,false,true
74,111,Proliferation,true,false,false
68,102,Growth_Arrest,false,false,true
61,62,Proliferation,true,false,true
105,31,Proliferation,true,true,false
120,90,Growth_Arrest,false,false,true
79,89,Proliferation,true,true,false
85,66,Growth_Arrest,false,false,true
69,70,Proliferation,true,true,true
61,60,Proliferation,true,true,true
95,75,Proliferation,true,false,false
86,47,Proliferation,true,false,false
112,70,Proliferation,true,false,true
96,89,Proliferation,true,true,false
94,34,Proliferation,true,false,true
84,68,Growth_Arrest,false,true,false
84,22,Proliferation,true,false,true
102,32,Proliferation,true,true,true
45,48,Growth_Arrest,false,true,true
37,93,Proliferation,true,true,true
88,37,Proliferation,true,false,false
98,61,Proliferation,true,true,true
100,110,Proliferation,true,true,false
30,57,Proliferation,true,true,false
65,49,Proliferation,true,false,false
54,64,Proliferation,true,false,true
90,120,Proliferation,true,true,true
53,112,Proliferation,true,true,false
84,40,Proliferation,true,true,false
98,87,Proliferation,true,false,true
69,32,Growth_Arrest,false,true,false
108,100,Proliferation,true,false,false
55,121,Growth_Arrest,false,true,false
91,113,Proliferation,true,false,true
82,43,Proliferation,true,true,false
46,90,Proliferation,true,true,false
103,105,Proliferation,true,true,true
56,25,Proliferation,true,true,true
78,45,Proliferation,true,false,false
71,56,Growth_Arrest,false,true,true
45,43,Growth_Arrest,false,true,false
26,63,Proliferation,true,false,false
107,103,Growth_Arrest,false,true,false
73,128,Growth_Arrest,false,false,false
89,88,Proliferation,true,true,true
84,86,Growth_Arrest,false,false,true
41,95,Growth_Arrest,false,true,false
45,78,Proliferation,true,false,true
62,68,Proliferation,true,true,true
50,49,Proliferation,true,false,true
99,107,Proliferation,true,false,true
63,122,Growth_Arrest,false,false,false
90,52,Proliferation,true,true,true
36,98,Proliferation,true,false,true
64,23,Proliferation,true,false,true
86,24,Growth_Arrest,false,true,true
57,59,Proliferation,true,true,true
68,26,Proliferation,true,true,true
81,68,Growth_Arrest,false,true,false
78,51,Proliferation,true,false,true
50,85,Proliferation,true,false,false
87,65,Proliferation,true,true,false
116,97,Proliferation,true,true,false
67,36,Proliferation,true,false,true
81,108,Growth_Arrest,false,false,true
51,76,Growth_Arrest,false,true,true
115,48,Proliferation,true,true,false
90,59,Proliferation,true,true,false
59,101,Proliferation,true,false,false
114,65,Proliferation,true,true,true
117,47,Proliferation,true,false,true
93,103,Proliferation,true,true,false
39,82,Proliferation,true,false,false
121,76,Proliferation,true,false,false
77,55,Growth_Arrest,false,false,false
92,86,Proliferation,true,true,true
59,122,Proliferation,true,true,false
77,86,Proliferation,true,false,false
97,87,Proliferation,true,false,false
64,95,Growth_Arrest,false,true,true
30,60,Proliferation,true,false,true
101,77,Proliferation,true,false,false
52,71,Growth_Arrest,false,false,true
24,64,Proliferation,true,true,true
75,37,Growth_Arrest,false,true,false
72,36,Proliferation,true,true,false
85,100,Proliferation,true,false,false
106,66,Proliferation,true,true,false
41,112,Proliferation,true,true,false
107,61,Growth_Arrest,false,true,true
43,57,Proliferation,true,true,false
47,95,Proliferation,true,true,false
36,109,Proliferation,true,false,false
38,54,Proliferation,true,false,false
122,95,Proliferation,true,false,true
58,87,Proliferation,true,false,false
119,47,Growth_Arrest,false,true,false
43,78,Growth_Arrest,false,true,false
35,48,Proliferation,true,true,false
97,63,Proliferation,true,true,false
71,42,Growth_Arrest,false,false,false
85,82,Proliferation,true,true,true
77,81,Growth_Arrest,false,true,true
108,104,Proliferation,true,false,false
110,74,Proliferation,true,false,false
50,117,Proliferation,true,false,false
30,95,Growth_Arrest,false,false,false
50,81,Proliferation,true,true,true
96,78,Proliferation,true,true,false
94,96,Growth_Arrest,false,false,true
64,87,Proliferation,true,true,true
90,105,Proliferation,true,true,true
57,100,Proliferation,true,false,true
90,83,Growth_Arrest,false,false,false
125,63,Proliferation,true,false,true
93,49,Proliferation,true,true,false
95,70,Proliferation,true,true,false
62,105,Proliferation,true,true,false
65,22,Proliferation,true,true,false
80,121,Proliferation,true,true,true
98,68,Proliferation,true,true,true
44,84,Growth_Arrest,false,false,false
66,86,Proliferation,true,true,false
27,78,Growth_Arrest,false,true,false
36,42,Growth_Arrest,false,true,true
53,122,Proliferation,true,true,true
94,52,Growth_Arrest,false,false,true
30,84,Proliferation,true,false,true
59,89,Proliferation,true,true,true
63,87,Growth_Arrest,false,true,false
57,66,Proliferation,true,false,true
55,41,Growth_Arrest,false,false,true
25,76,Growth_Arrest,false,false,true
73,80,Growth_Arrest,false,false,true
52,92,Growth_Arrest,false,false,true
76,55,Proliferation,true,true,false
97,100,Growth_Arrest,false,false,true
125,69,Growth_Arrest,false,true,false
119,99,Proliferation,true,true,true
60,34,Proliferation,true,false,true
28,82,Growth_Arrest,false,false,false
72,74,Growth_Arrest,false,true,false
80,65,Growth_Arrest,false,true,true
88,47,Growth_Arrest,false,true,false
109,69,Growth_Arrest,false,false,false
43,114,Proliferation,true,true,true
57,74,Proliferation,true,false,false
53,78,Proliferation,true,false,false
48,87,Proliferation,true,true,false
48,32,Growth_Arrest,false,true,false
104,45,Proliferation,true,false,false
94,86,Proliferation,true,false,true
70,39,Proliferation,true,true,false
34,52,Proliferation,true,false,false
68,27,Proliferation,true,false,false
72,81,Proliferation,true,true,false
38,93,Growth_Arrest,false,true,true
35,95,Proliferation,true,true,false
45,95,Proliferation,true,false,true
69,121,Proliferation,true,true,true
36,76,Proliferation,true,false,false
73,83,Proliferation,true,false,false
75,115,Growth_Arrest,false,false,false
101,62,Proliferation,true,true,false
118,73,Proliferation,true,true,false
66,80,Growth_Arrest,false,false,true
60,43,Proliferation,true,true,true
25,80,Proliferation,true,true,true
88,95,Proliferation,true,false,true
37,40,Proliferation,true,true,false
49,60,Proliferation,true,false,false
125,90,Proliferation,true,false,false
107,116,Proliferation,true,false,false
109,105,Proliferation,true,false,true
56,74,Growth_Arrest,false,true,false
66,36,Growth_Arrest,false,true,true
30,56,Proliferation,true,true,true
92,106,Growth_Arrest,false,false,false
70,35,Proliferation,true,false,false
71,99,Growth_Arrest,false,false,true
114,101,Proliferation,true,false,false
105,67,Proliferation,true,true,false
89,24,Proliferation,true,true,true
93,25,Proliferation,true,true,true
26,83,Proliferation,true,true,true
111,45,Growth_Arrest,false,false,true
49,98,Proliferation,true,false,false
61,100,Proliferation,true,true,true
73,66,Proliferation,true,true,true
71,121,Growth_Arrest,false,false,false
60,95,Proliferation,true,true,true
105,84,Proliferation,true,true,true
80,92,Proliferation,true,false,true
87,111,Growth_Arrest,false,true,false
74,46,Growth_Arrest,false,true,false
90,38,Proliferation,true,false,false
94,107,Proliferation,true,true,false
101,89,Growth_Arrest,false,false,false
75,34,Proliferation,true,false,false
101,37,Growth_Arrest,false,false,true
124,61,Proliferation,true,false,true
102,45,Proliferation,true,true,true
29,91,Proliferation,true,true,false
45,53,Growth_Arrest,false,false,true
71,28,Proliferation,true,true,false
90,94,Proliferation,true,false,false
98,42,Proliferation,true,true,true
49,113,Proliferation,true,true,false
71,77,Proliferation,true,true,true
48,67,Proliferation,true,true,false
29,66,Proliferation,true,true,false
117,57,Proliferation,true,false,true
93,122,Proliferation,true,false,false
66,109,Proliferation,true,true,false
44,43,Proliferation,true,false,false
62,33,Proliferation,true,true,false
84,58,Proliferation,true,true,true
91,122,Proliferation,true,true,false
70,83,Growth_Arrest,false,true,false
83,117,Growth_Arrest,false,true,false
115,67,Proliferation,true,false,false
87,25,Growth_Arrest,false,false,false
79,69,Growth_Arrest,false,false,false
109,70,Proliferation,true,false,false
32,98,Proliferation,true,true,false
73,55,Growth_Arrest,false,true,true
106,94,Growth_Arrest,false,true,false
70,76,Proliferation,true,true,true
95,116,Proliferation,true,false,false
77,106,Proliferation,true,true,false
80,67,Proliferation,true,true,true
77,38,Proliferation,true,false,false
126,72,Proliferation,true,true,true
57,87,Proliferation,true,true,false
90,87,Proliferation,true,false,true
70,93,Growth_Arrest,false,true,true
70,22,Growth_Arrest,false,false,true
92,124,Proliferation,true,true,false
109,66,Proliferation,true,false,false
75,105,Proliferation,true,true,false
118,74,Proliferation,true,false,false
43,35,Proliferation,true,false,false
104,58,Proliferation,true,true,true
74,76,Growth_Arrest,false,true,false
109,45,Proliferation,true,false,true
52,49,Proliferation,true,true,false
109,63,Growth_Arrest,false,false,true
116,81,Proliferation,true,false,true
122,83,Proliferation,true,true,false
106,49,Proliferation,true,true,false
46,103,Growth_Arrest,false,true,false
85,55,Proliferation,true,false,true
77,105,Proliferation,true,true,false
67,59,Proliferation,true,true,false
50,75,Growth_Arrest,false,true,false
82,91,Proliferation,true,true,false
89,103,Proliferation,true,true,true
33,99,Growth_Arrest,false,false,true
117,60,Proliferation,true,true,true
41,56,Growth_Arrest,false,true,false
102,74,Growth_Arrest,false,false,false
100,77,Proliferation,true,false,false
78,79,Proliferation,true,true,false
76,90,Proliferation,true,true,true
89,37,Growth_Arrest,false,false,false
36,99,Proliferation,true,true,false
97,107,Growth_Arrest,false,true,true
85,40,Proliferation,true,true,true
81,80,Proliferation,true,false,false
97,29,Proliferation,true,true,true
102,111,Proliferation,true,true,false
98,103,Proliferation,true,true,false
53,49,Growth_Arrest,false,false,false
50,67,Proliferation,true,false,true
106,77,Proliferation,true,true,false
98,100,Proliferation,true,false,true
59,68,Proliferation,true,false,false
66,115,Proliferation,true,false,false
36,95,Proliferation,true,false,false
85,109,Proliferation,true,false,false
54,86,Proliferation,true,false,false
62,86,Growth_Arrest,false,false,true
117,97,Proliferation,true,false,true
86,64,Proliferation,true,false,false
79,80,Proliferation,true,false,false
100,37,Growth_Arrest,false,false,false
34,74,Proliferation,true,true,false
53,103,Proliferation,true,true,true
84,37,Growth_Arrest,false,true,true
72,118,Growth_Arrest,false,false,false
111,53,Proliferation,true,true,true
93,73,Growth_Arrest,false,true,true
32,59,Proliferation,true,false,false
58,49,Proliferation,true,false,false
83,88,Growth_Arrest,false,true,false
85,81,Growth_Arrest,false,true,false
114,105,Proliferation,true,true,false
110,57,Growth_Arrest,false,true,true
86,70,Growth_Arrest,false,true,false
50,112,Growth_Arrest,false,false,true
102,86,Proliferation,true,false,false
46,55,Growth_Arrest,false,false,false
105,51,Proliferation,true,true,true
65,93,Proliferation,true,false,false
49,105,Growth_Arrest,false,false,false
56,29,Proliferation,true,true,true
94,76,Proliferation,true,false,false
41,34,Growth_Arrest,false,false,false
88,83,Proliferation,true,false,false
88,57,Proliferation,true,false,true
91,28,Proliferation,true,true,false
49,59,Proliferation,true,true,true
60,99,Proliferation,true,true,true
101,38,Growth_Arrest,false,false,true
109,73,Proliferation,true,true,false
61,37,Growth_Arrest,false,true,true
91,53,Proliferation,true,true,false
102,97,Proliferation,true,false,false
39,80,Proliferation,true,false,true
29,64,Growth_Arrest,false,true,false
91,68,Growth_Arrest,false,false,false
27,51,Proliferation,true,false,false
89,118,Growth_Arrest,false,true,false
115,84,Proliferation,true,false,true
70,98,Proliferation,true,false,false
87,43,Proliferation,true,true,false
111,110,Proliferation,true,true,false
31,84,Proliferation,true,true,true
57,111,Growth_Arrest,false,false,true
44,99,Proliferation,true,false,false
102,91,Proliferation,true,false,true
91,84,Proliferation,true,true,true
94,40,Proliferation,true,true,true
25,63,Proliferation,true,false,true
73,64,Proliferation,true,true,false
114,100,Proliferation,true,false,false
107,60,Proliferation,true,true,false
99,50,Proliferation,true,true,true
84,53,Growth_Arrest,false,true,true
56,122,Proliferation,true,false,false
86,23,Proliferation,true,false,false
118,72,Proliferation,true,true,false
58,85,Growth_Arrest,false,false,false
39,74,Growth_Arrest,false,false,false
50,80,Proliferation,true,false,false
92,71,Growth_Arrest,false,true,true
100,44,Proliferation,true,true,false
64,83,Proliferation,true,true,false
118,81,Proliferation,true,true,false
126,69,Proliferation,true,false,true
73,62,Proliferation,true,false,true
34,71,Proliferation,true,false,false
104,34,Proliferation,true,false,false
62,91,Proliferation,true,true,false
104,64,Growth_Arrest,false,true,false
74,112,Proliferation,true,false,false
110,101,Growth_Arrest,false,true,true
104,101,Proliferation,true,false,true
128,74,Growth_Arrest,false,false,false
96,35,Proliferation,true,false,false
103,65,Proliferation,true,true,false
59,47,Growth_Arrest,false,false,true
71,76,Proliferation,true,true,true
66,35,Proliferation,true,true,false
87,71,Proliferation,true,true,false
88,25,Proliferation,true,false,true
95,59,Proliferation,true,false,true
41,53,Proliferation,true,true,false
56,104,Proliferation,true,true,false
117,49,Proliferation,true,true,true
79,83,Proliferation,true,true,true
44,56,Proliferation,true,true,true
96,123,Proliferation,true,false,true
108,67,Proliferation,true,false,false
82,118,Growth_Arrest,false,false,false
39,62,Growth_Arrest,false,true,false
90,43,Growth_Arrest,false,false,false
55,83,Proliferation,true,false,false
50,38,Growth_Arrest,false,true,false
109,36,Proliferation,true,false,false
109,79,Proliferation,true,true,true
