# cell_size_um=20.0, domain_size_um=1500.0, description="3D spheroid pattern with 5000 cells"
x,y,z,phenotype,gene_Proliferation,gene_glycoATP,gene_mitoATP
37,37,37,Proliferation,true,false,true
36,37,37,Proliferation,true,true,true
37,36,37,Proliferation,true,false,false
37,37,36,Proliferation,true,false,true
37,37,38,Proliferation,true,true,true
37,38,37,Proliferation,true,false,true
38,37,37,Proliferation,true,true,false
36,36,37,Proliferation,true,false,false
36,37,36,Proliferation,true,false,true
36,37,38,Proliferation,true,false,false
36,38,37,Proliferation,true,true,false
37,36,36,Proliferation,true,false,false
37,36,38,Proliferation,true,false,true
37,38,36,Proliferation,true,false,true
37,38,38,Proliferation,true,true,false
38,36,37,Proliferation,true,true,false
38,37,36,Proliferation,true,false,true
38,37,38,Proliferation,true,true,true
38,38,37,Proliferation,true,false,false
36,36,36,Proliferation,true,true,false
36,36,38,Proliferation,true,false,false
36,38,36,Proliferation,true,false,true
36,38,38,Proliferation,true,false,true
38,36,36,Proliferation,true,false,true
38,36,38,Proliferation,true,true,false
38,38,36,Proliferation,true,true,true
38,38,38,Proliferation,true,true,true
35,37,37,Proliferation,true,true,true
37,35,37,Proliferation,true,false,false
37,37,35,Proliferation,true,false,false
37,37,39,Growth_Arrest,false,false,false
37,39,37,Growth_Arrest,false,true,false
39,37,37,Growth_Arrest,false,false,true
35,36,37,Growth_Arrest,false,false,true
35,37,36,Growth_Arrest,false,false,true
35,37,38,Growth_Arrest,false,true,false
35,38,37,Growth_Arrest,false,false,true
36,35,37,Growth_Arrest,false,true,true
36,37,35,Growth_Arrest,false,true,false
36,37,39,Growth_Arrest,false,false,false
36,39,37,Growth_Arrest,false,true,true
37,35,36,Growth_Arrest,false,false,false
37,35,38,Growth_Arrest,false,false,false
37,36,35,Growth_Arrest,false,true,true
37,36,39,Growth_Arrest,false,true,false
37,38,35,Growth_Arrest,false,false,true
37,38,39,Growth_Arrest,false,true,true
37,39,36,Growth_Arrest,false,true,false
37,39,38,Growth_Arrest,false,true,false
38,35,37,Growth_Arrest,false,false,false
38,37,35,Growth_Arrest,false,false,true
38,37,39,Growth_Arrest,false,false,true
38,39,37,Growth_Arrest,false,true,false
39,36,37,Growth_Arrest,false,false,true
39,37,36,Growth_Arrest,false,false,false
39,37,38,Growth_Arrest,false,false,false
39,38,37,Growth_Arrest,false,true,true
35,36,36,Growth_Arrest,false,true,true
35,36,38,Growth_Arrest,false,true,false
35,38,36,Growth_Arrest,false,true,true
35,38,38,Growth_Arrest,false,true,true
36,35,36,Growth_Arrest,false,false,false
36,35,38,Growth_Arrest,false,false,false
36,36,35,Growth_Arrest,false,true,true
36,36,39,Growth_Arrest,false,false,true
36,38,35,Growth_Arrest,false,false,false
36,38,39,Growth_Arrest,false,false,false
36,39,36,Growth_Arrest,false,true,false
36,39,38,Growth_Arrest,false,true,true
38,35,36,Growth_Arrest,false,false,true
38,35,38,Growth_Arrest,false,true,false
38,36,35,Growth_Arrest,false,false,false
38,36,39,Growth_Arrest,false,false,false
38,38,35,Growth_Arrest,false,true,true
38,38,39,Growth_Arrest,false,false,false
38,39,36,Growth_Arrest,false,true,false
38,39,38,Growth_Arrest,false,false,false
39,36,36,Growth_Arrest,false,true,false
39,36,38,Growth_Arrest,false,true,true
39,38,36,Growth_Arrest,false,false,true
39,38,38,Growth_Arrest,false,false,true
35,35,37,Growth_Arrest,false,true,true
35,37,35,Growth_Arrest,false,false,true
35,37,39,Growth_Arrest,false,false,false
35,39,37,Growth_Arrest,false,false,true
37,35,35,Growth_Arrest,false,true,false
37,35,39,Growth_Arrest,false,true,false
37,39,35,Growth_Arrest,false,true,false
37,39,39,Growth_Arrest,false,true,false
39,35,37,Growth_Arrest,false,true,false
39,37,35,Growth_Arrest,false,false,false
39,37,39,Growth_Arrest,false,true,true
39,39,37,Growth_Arrest,false,false,true
34,37,37,Growth_Arrest,false,true,true
35,35,36,Growth_Arrest,false,true,false
35,35,38,Growth_Arrest,false,false,true
35,36,35,Growth_Arrest,false,true,true
35,36,39,Growth_Arrest,false,false,false
35,38,35,Growth_Arrest,false,true,true
35,38,39,Growth_Arrest,false,true,true
35,39,36,Growth_Arrest,false,true,false
35,39,38,Growth_Arrest,false,false,true
36,35,35,Growth_Arrest,false,true,false
36,35,39,Growth_Arrest,false,false,true
36,39,35,Growth_Arrest,false,false,false
36,39,39,Growth_Arrest,false,true,true
37,34,37,Growth_Arrest,false,true,false
37,37,34,Growth_Arrest,false,true,false
37,37,40,Growth_Arrest,false,false,true
37,40,37,Growth_Arrest,false,true,true
38,35,35,Growth_Arrest,false,true,true
38,35,39,Growth_Arrest,false,false,false
38,39,35,Growth_Arrest,false,false,false
38,39,39,Growth_Arrest,false,true,false
39,35,36,Growth_Arrest,false,true,true
39,35,38,Growth_Arrest,false,true,true
39,36,35,Growth_Arrest,false,true,false
39,36,39,Growth_Arrest,false,false,true
39,38,35,Growth_Arrest,false,false,false
39,38,39,Growth_Arrest,false,true,false
39,39,36,Growth_Arrest,false,true,true
39,39,38,Growth_Arrest,false,true,false
40,37,37,Growth_Arrest,false,false,true
34,36,37,Growth_Arrest,false,false,true
34,37,36,Growth_Arrest,false,true,true
34,37,38,Growth_Arrest,false,false,false
34,38,37,Growth_Arrest,false,true,false
36,34,37,Growth_Arrest,false,false,true
36,37,34,Growth_Arrest,false,true,true
36,37,40,Growth_Arrest,false,true,false
36,40,37,Growth_Arrest,false,true,true
37,34,36,Growth_Arrest,false,false,true
37,34,38,Growth_Arrest,false,true,true
37,36,34,Growth_Arrest,false,true,true
37,36,40,Growth_Arrest,false,false,false
37,38,34,Growth_Arrest,false,true,true
37,38,40,Growth_Arrest,false,true,true
37,40,36,Growth_Arrest,false,true,true
37,40,38,Growth_Arrest,false,true,true
38,34,37,Growth_Arrest,false,true,true
38,37,34,Growth_Arrest,false,true,false
38,37,40,Growth_Arrest,false,false,false
38,40,37,Growth_Arrest,false,true,false
40,36,37,Growth_Arrest,false,false,true
40,37,36,Growth_Arrest,false,false,true
40,37,38,Growth_Arrest,false,false,false
40,38,37,Growth_Arrest,false,true,false
34,36,36,Growth_Arrest,false,false,true
34,36,38,Growth_Arrest,false,true,false
34,38,36,Growth_Arrest,false,true,false
34,38,38,Growth_Arrest,false,false,true
36,34,36,Growth_Arrest,false,true,true
36,34,38,Growth_Arrest,false,true,true
36,36,34,Growth_Arrest,false,true,false
36,36,40,Growth_Arrest,false,true,false
36,38,34,Growth_Arrest,false,false,false
36,38,40,Growth_Arrest,false,false,true
36,40,36,Growth_Arrest,false,true,true
36,40,38,Growth_Arrest,false,false,false
38,34,36,Growth_Arrest,false,false,false
38,34,38,Growth_Arrest,false,true,true
38,36,34,Growth_Arrest,false,true,false
38,36,40,Growth_Arrest,false,true,true
38,38,34,Growth_Arrest,false,true,true
38,38,40,Growth_Arrest,false,false,false
38,40,36,Growth_Arrest,false,false,true
38,40,38,Growth_Arrest,false,false,false
40,36,36,Growth_Arrest,false,false,false
40,36,38,Growth_Arrest,false,true,true
40,38,36,Growth_Arrest,false,false,false
40,38,38,Growth_Arrest,false,false,false
35,35,35,Growth_Arrest,false,false,false
35,35,39,Growth_Arrest,false,false,true
35,39,35,Growth_Arrest,false,true,false
35,39,39,Growth_Arrest,false,false,true
39,35,35,Growth_Arrest,false,true,true
39,35,39,Growth_Arrest,false,true,false
39,39,35,Growth_Arrest,false,false,true
39,39,39,Growth_Arrest,false,false,true
34,35,37,Growth_Arrest,false,true,true
34,37,35,Growth_Arrest,false,false,true
34,37,39,Growth_Arrest,false,false,true
34,39,37,Growth_Arrest,false,true,false
35,34,37,Growth_Arrest,false,true,true
35,37,34,Growth_Arrest,false,false,false
35,37,40,Growth_Arrest,false,false,false
35,40,37,Growth_Arrest,false,false,true
37,34,35,Growth_Arrest,false,false,false
37,34,39,Growth_Arrest,false,true,false
37,35,34,Growth_Arrest,false,true,false
37,35,40,Growth_Arrest,false,false,true
37,39,34,Growth_Arrest,false,true,true
37,39,40,Growth_Arrest,false,true,true
37,40,35,Growth_Arrest,false,false,false
37,40,39,Growth_Arrest,false,true,true
39,34,37,Growth_Arrest,false,true,false
39,37,34,Growth_Arrest,false,false,true
39,37,40,Growth_Arrest,false,false,true
39,40,37,Growth_Arrest,false,true,false
40,35,37,Growth_Arrest,false,true,true
40,37,35,Growth_Arrest,false,false,true
40,37,39,Growth_Arrest,false,true,true
40,39,37,Growth_Arrest,false,false,true
34,35,36,Growth_Arrest,false,false,false
34,35,38,Growth_Arrest,false,true,false
34,36,35,Growth_Arrest,false,false,true
34,36,39,Growth_Arrest,false,true,true
34,38,35,Growth_Arrest,false,true,false
34,38,39,Growth_Arrest,false,false,false
34,39,36,Growth_Arrest,false,true,true
34,39,38,Growth_Arrest,false,true,true
35,34,36,Growth_Arrest,false,false,false
35,34,38,Growth_Arrest,false,false,true
35,36,34,Growth_Arrest,false,false,true
35,36,40,Growth_Arrest,false,false,false
35,38,34,Growth_Arrest,false,false,true
35,38,40,Growth_Arrest,false,true,false
35,40,36,Growth_Arrest,false,false,true
35,40,38,Growth_Arrest,false,false,true
36,34,35,Growth_Arrest,false,true,false
36,34,39,Growth_Arrest,false,false,true
36,35,34,Growth_Arrest,false,false,false
36,35,40,Growth_Arrest,false,true,true
36,39,34,Growth_Arrest,false,true,true
36,39,40,Growth_Arrest,false,false,false
36,40,35,Growth_Arrest,false,true,true
36,40,39,Growth_Arrest,false,false,true
38,34,35,Growth_Arrest,false,false,false
38,34,39,Growth_Arrest,false,false,false
38,35,34,Growth_Arrest,false,false,false
38,35,40,Growth_Arrest,false,false,true
38,39,34,Growth_Arrest,false,true,true
38,39,40,Growth_Arrest,false,true,false
38,40,35,Growth_Arrest,false,false,true
38,40,39,Growth_Arrest,false,false,true
39,34,36,Growth_Arrest,false,false,true
39,34,38,Growth_Arrest,false,false,true
39,36,34,Growth_Arrest,false,true,true
39,36,40,Growth_Arrest,false,false,true
39,38,34,Growth_Arrest,false,true,true
39,38,40,Growth_Arrest,false,true,true
39,40,36,Growth_Arrest,false,false,true
39,40,38,Growth_Arrest,false,true,true
40,35,36,Growth_Arrest,false,false,false
40,35,38,Growth_Arrest,false,true,true
40,36,35,Growth_Arrest,false,false,true
40,36,39,Growth_Arrest,false,false,false
40,38,35,Growth_Arrest,false,false,false
40,38,39,Growth_Arrest,false,true,false
40,39,36,Growth_Arrest,false,true,true
40,39,38,Growth_Arrest,false,true,true
33,37,37,Growth_Arrest,false,false,true
37,33,37,Growth_Arrest,false,true,false
37,37,33,Growth_Arrest,false,true,true
37,37,41,Growth_Arrest,false,true,true
37,41,37,Growth_Arrest,false,true,false
41,37,37,Growth_Arrest,false,true,true
33,36,37,Growth_Arrest,false,false,false
33,37,36,Growth_Arrest,false,false,true
33,37,38,Growth_Arrest,false,true,false
33,38,37,Growth_Arrest,false,true,false
34,35,35,Growth_Arrest,false,true,true
34,35,39,Growth_Arrest,false,true,false
34,39,35,Growth_Arrest,false,false,false
34,39,39,Growth_Arrest,false,false,true
35,34,35,Growth_Arrest,false,true,true
35,34,39,Growth_Arrest,false,true,true
35,35,34,Growth_Arrest,false,true,true
35,35,40,Growth_Arrest,false,true,false
35,39,34,Growth_Arrest,false,false,false
35,39,40,Growth_Arrest,false,true,true
35,40,35,Growth_Arrest,false,false,true
35,40,39,Growth_Arrest,false,true,false
36,33,37,Growth_Arrest,false,false,true
36,37,33,Growth_Arrest,false,true,true
36,37,41,Growth_Arrest,false,true,true
36,41,37,Growth_Arrest,false,true,true
37,33,36,Growth_Arrest,false,true,false
37,33,38,Growth_Arrest,false,false,false
37,36,33,Growth_Arrest,false,true,true
37,36,41,Growth_Arrest,false,true,false
37,38,33,Growth_Arrest,false,false,false
37,38,41,Growth_Arrest,false,false,true
37,41,36,Growth_Arrest,false,false,false
37,41,38,Growth_Arrest,false,true,false
38,33,37,Growth_Arrest,false,true,true
38,37,33,Growth_Arrest,false,false,true
38,37,41,Growth_Arrest,false,true,true
38,41,37,Growth_Arrest,false,false,true
39,34,35,Growth_Arrest,false,false,false
39,34,39,Growth_Arrest,false,false,true
39,35,34,Growth_Arrest,false,false,false
39,35,40,Growth_Arrest,false,true,false
39,39,34,Growth_Arrest,false,false,false
39,39,40,Growth_Arrest,false,false,false
39,40,35,Growth_Arrest,false,false,true
39,40,39,Growth_Arrest,false,false,false
40,35,35,Growth_Arrest,false,true,false
40,35,39,Growth_Arrest,false,true,false
40,39,35,Growth_Arrest,false,false,false
40,39,39,Growth_Arrest,false,false,false
41,36,37,Growth_Arrest,false,false,false
41,37,36,Growth_Arrest,false,false,false
41,37,38,Growth_Arrest,false,false,false
41,38,37,Growth_Arrest,false,true,true
33,36,36,Growth_Arrest,false,false,true
33,36,38,Growth_Arrest,false,true,false
33,38,36,Growth_Arrest,false,true,true
33,38,38,Growth_Arrest,false,false,false
34,34,37,Growth_Arrest,false,true,true
34,37,34,Growth_Arrest,false,false,false
34,37,40,Growth_Arrest,false,false,false
34,40,37,Growth_Arrest,false,true,false
36,33,36,Growth_Arrest,false,false,true
36,33,38,Growth_Arrest,false,false,false
36,36,33,Growth_Arrest,false,true,true
36,36,41,Growth_Arrest,false,true,true
36,38,33,Growth_Arrest,false,false,false
36,38,41,Growth_Arrest,false,true,false
36,41,36,Growth_Arrest,false,false,false
36,41,38,Growth_Arrest,false,false,false
37,34,34,Growth_Arrest,false,false,false
37,34,40,Growth_Arrest,false,false,true
37,40,34,Growth_Arrest,false,true,true
37,40,40,Growth_Arrest,false,true,false
38,33,36,Growth_Arrest,false,false,true
38,33,38,Growth_Arrest,false,true,true
38,36,33,Growth_Arrest,false,false,false
38,36,41,Growth_Arrest,false,false,false
38,38,33,Growth_Arrest,false,true,true
38,38,41,Growth_Arrest,false,false,true
38,41,36,Growth_Arrest,false,true,false
38,41,38,Growth_Arrest,false,false,false
40,34,37,Growth_Arrest,false,false,false
40,37,34,Growth_Arrest,false,false,false
40,37,40,Growth_Arrest,false,false,true
40,40,37,Growth_Arrest,false,false,true
41,36,36,Growth_Arrest,false,false,true
41,36,38,Growth_Arrest,false,false,false
41,38,36,Growth_Arrest,false,true,true
41,38,38,Growth_Arrest,false,true,false
34,34,36,Growth_Arrest,false,false,true
34,34,38,Growth_Arrest,false,true,true
34,36,34,Growth_Arrest,false,true,false
34,36,40,Growth_Arrest,false,true,false
34,38,34,Growth_Arrest,false,false,false
34,38,40,Growth_Arrest,false,true,false
34,40,36,Growth_Arrest,false,false,true
34,40,38,Growth_Arrest,false,false,true
36,34,34,Growth_Arrest,false,false,false
36,34,40,Growth_Arrest,false,true,false
36,40,34,Growth_Arrest,false,false,false
36,40,40,Growth_Arrest,false,false,true
38,34,34,Growth_Arrest,false,false,true
38,34,40,Growth_Arrest,false,false,true
38,40,34,Growth_Arrest,false,true,true
38,40,40,Growth_Arrest,false,false,false
40,34,36,Growth_Arrest,false,false,true
40,34,38,Growth_Arrest,false,true,true
40,36,34,Growth_Arrest,false,false,true
40,36,40,Growth_Arrest,false,true,false
40,38,34,Growth_Arrest,false,false,true
40,38,40,Growth_Arrest,false,true,true
40,40,36,Growth_Arrest,false,false,true
40,40,38,Growth_Arrest,false,false,false
33,35,37,Growth_Arrest,false,false,true
33,37,35,Growth_Arrest,false,true,true
33,37,39,Growth_Arrest,false,false,true
33,39,37,Growth_Arrest,false,false,true
35,33,37,Growth_Arrest,false,false,false
35,37,33,Growth_Arrest,false,false,false
35,37,41,Growth_Arrest,false,true,true
35,41,37,Growth_Arrest,false,false,true
37,33,35,Growth_Arrest,false,false,true
37,33,39,Growth_Arrest,false,true,true
37,35,33,Growth_Arrest,false,false,true
37,35,41,Growth_Arrest,false,true,false
37,39,33,Growth_Arrest,false,false,true
37,39,41,Growth_Arrest,false,true,true
37,41,35,Growth_Arrest,false,true,true
37,41,39,Growth_Arrest,false,false,false
39,33,37,Growth_Arrest,false,false,true
39,37,33,Growth_Arrest,false,false,true
39,37,41,Growth_Arrest,false,true,true
39,41,37,Growth_Arrest,false,false,true
41,35,37,Growth_Arrest,false,false,true
41,37,35,Growth_Arrest,false,false,false
41,37,39,Growth_Arrest,false,true,false
41,39,37,Growth_Arrest,false,false,true
33,35,36,Growth_Arrest,false,true,true
33,35,38,Growth_Arrest,false,true,true
33,36,35,Growth_Arrest,false,false,false
33,36,39,Growth_Arrest,false,false,true
33,38,35,Growth_Arrest,false,true,false
33,38,39,Growth_Arrest,false,false,true
33,39,36,Growth_Arrest,false,false,true
33,39,38,Growth_Arrest,false,true,true
35,33,36,Growth_Arrest,false,false,true
35,33,38,Growth_Arrest,false,true,true
35,36,33,Growth_Arrest,false,true,true
35,36,41,Growth_Arrest,false,true,false
35,38,33,Growth_Arrest,false,true,true
35,38,41,Growth_Arrest,false,false,true
35,41,36,Growth_Arrest,false,true,true
35,41,38,Growth_Arrest,false,false,false
36,33,35,Growth_Arrest,false,true,true
36,33,39,Growth_Arrest,false,false,true
36,35,33,Growth_Arrest,false,true,true
36,35,41,Growth_Arrest,false,true,false
36,39,33,Growth_Arrest,false,false,false
36,39,41,Growth_Arrest,false,true,false
36,41,35,Growth_Arrest,false,false,false
36,41,39,Growth_Arrest,false,true,true
38,33,35,Growth_Arrest,false,false,false
38,33,39,Growth_Arrest,false,true,false
38,35,33,Growth_Arrest,false,false,false
38,35,41,Growth_Arrest,false,false,false
38,39,33,Growth_Arrest,false,false,false
38,39,41,Growth_Arrest,false,true,false
38,41,35,Growth_Arrest,false,true,true
38,41,39,Growth_Arrest,false,false,true
39,33,36,Growth_Arrest,false,false,true
39,33,38,Growth_Arrest,false,false,false
39,36,33,Growth_Arrest,false,false,true
39,36,41,Growth_Arrest,false,true,true
39,38,33,Growth_Arrest,false,false,true
39,38,41,Growth_Arrest,false,false,true
39,41,36,Growth_Arrest,false,false,false
39,41,38,Growth_Arrest,false,false,false
41,35,36,Growth_Arrest,false,true,false
41,35,38,Growth_Arrest,false,true,false
41,36,35,Growth_Arrest,false,true,false
41,36,39,Growth_Arrest,false,false,true
41,38,35,Growth_Arrest,false,false,false
41,38,39,Growth_Arrest,false,true,true
41,39,36,Growth_Arrest,false,false,false
41,39,38,Growth_Arrest,false,true,false
34,34,35,Growth_Arrest,false,false,false
34,34,39,Growth_Arrest,false,true,true
34,35,34,Growth_Arrest,false,false,false
34,35,40,Growth_Arrest,false,false,true
34,39,34,Growth_Arrest,false,false,false
34,39,40,Growth_Arrest,false,true,false
34,40,35,Growth_Arrest,false,true,false
34,40,39,Growth_Arrest,false,false,false
35,34,34,Growth_Arrest,false,true,true
35,34,40,Growth_Arrest,false,true,false
35,40,34,Growth_Arrest,false,true,false
35,40,40,Growth_Arrest,false,false,true
39,34,34,Growth_Arrest,false,false,false
39,34,40,Growth_Arrest,false,false,false
39,40,34,Growth_Arrest,false,false,true
39,40,40,Growth_Arrest,false,false,true
40,34,35,Growth_Arrest,false,true,false
40,34,39,Growth_Arrest,false,false,false
40,35,34,Growth_Arrest,false,true,false
40,35,40,Growth_Arrest,false,true,false
40,39,34,Growth_Arrest,false,true,false
40,39,40,Growth_Arrest,false,false,true
40,40,35,Growth_Arrest,false,true,false
40,40,39,Growth_Arrest,false,true,false
33,35,35,Growth_Arrest,false,true,true
33,35,39,Growth_Arrest,false,false,false
33,39,35,Growth_Arrest,false,false,true
33,39,39,Growth_Arrest,false,true,false
35,33,35,Growth_Arrest,false,false,true
35,33,39,Growth_Arrest,false,true,true
35,35,33,Growth_Arrest,false,false,false
35,35,41,Growth_Arrest,false,false,true
35,39,33,Growth_Arrest,false,false,true
35,39,41,Growth_Arrest,false,false,true
35,41,35,Growth_Arrest,false,true,true
35,41,39,Growth_Arrest,false,false,false
39,33,35,Growth_Arrest,false,false,true
39,33,39,Growth_Arrest,false,true,true
39,35,33,Growth_Arrest,false,true,true
39,35,41,Growth_Arrest,false,false,true
39,39,33,Growth_Arrest,false,false,false
39,39,41,Growth_Arrest,false,true,false
39,41,35,Growth_Arrest,false,false,true
39,41,39,Growth_Arrest,false,false,true
41,35,35,Growth_Arrest,false,false,false
41,35,39,Growth_Arrest,false,false,false
41,39,35,Growth_Arrest,false,true,false
41,39,39,Growth_Arrest,false,true,false
32,37,37,Growth_Arrest,false,true,true
33,34,37,Growth_Arrest,false,true,false
33,37,34,Growth_Arrest,false,false,false
33,37,40,Growth_Arrest,false,true,false
33,40,37,Growth_Arrest,false,false,true
34,33,37,Growth_Arrest,false,false,true
34,37,33,Growth_Arrest,false,false,false
34,37,41,Growth_Arrest,false,true,false
34,41,37,Growth_Arrest,false,true,false
37,32,37,Growth_Arrest,false,false,true
37,33,34,Growth_Arrest,false,true,true
37,33,40,Growth_Arrest,false,false,true
37,34,33,Growth_Arrest,false,false,false
37,34,41,Growth_Arrest,false,true,false
37,37,32,Growth_Arrest,false,true,false
37,37,42,Growth_Arrest,false,false,true
37,40,33,Growth_Arrest,false,true,true
37,40,41,Growth_Arrest,false,true,true
37,41,34,Growth_Arrest,false,true,true
37,41,40,Growth_Arrest,false,false,false
37,42,37,Growth_Arrest,false,false,true
40,33,37,Growth_Arrest,false,true,false
40,37,33,Growth_Arrest,false,true,true
40,37,41,Growth_Arrest,false,false,true
40,41,37,Growth_Arrest,false,true,false
41,34,37,Growth_Arrest,false,true,false
41,37,34,Growth_Arrest,false,true,true
41,37,40,Growth_Arrest,false,true,false
41,40,37,Growth_Arrest,false,true,true
42,37,37,Growth_Arrest,false,false,true
32,36,37,Growth_Arrest,false,false,true
32,37,36,Growth_Arrest,false,false,false
32,37,38,Growth_Arrest,false,false,true
32,38,37,Growth_Arrest,false,false,true
33,34,36,Growth_Arrest,false,false,false
33,34,38,Growth_Arrest,false,true,true
33,36,34,Growth_Arrest,false,false,true
33,36,40,Growth_Arrest,false,true,true
33,38,34,Growth_Arrest,false,false,false
33,38,40,Growth_Arrest,false,true,false
33,40,36,Growth_Arrest,false,true,true
33,40,38,Growth_Arrest,false,true,true
34,33,36,Growth_Arrest,false,true,false
34,33,38,Growth_Arrest,false,true,false
34,36,33,Growth_Arrest,false,false,true
34,36,41,Growth_Arrest,false,true,true
34,38,33,Growth_Arrest,false,true,false
34,38,41,Growth_Arrest,false,false,true
34,41,36,Growth_Arrest,false,false,false
34,41,38,Growth_Arrest,false,false,false
36,32,37,Growth_Arrest,false,false,false
36,33,34,Growth_Arrest,false,false,false
36,33,40,Growth_Arrest,false,true,false
36,34,33,Growth_Arrest,false,false,true
36,34,41,Growth_Arrest,false,false,true
36,37,32,Growth_Arrest,false,true,false
36,37,42,Growth_Arrest,false,false,true
36,40,33,Growth_Arrest,false,true,false
36,40,41,Growth_Arrest,false,true,false
36,41,34,Growth_Arrest,false,true,false
36,41,40,Growth_Arrest,false,true,true
36,42,37,Growth_Arrest,false,true,true
37,32,36,Growth_Arrest,false,false,false
37,32,38,Growth_Arrest,false,false,false
37,36,32,Growth_Arrest,false,true,false
37,36,42,Growth_Arrest,false,false,true
37,38,32,Growth_Arrest,false,true,true
37,38,42,Growth_Arrest,false,true,false
37,42,36,Growth_Arrest,false,false,true
37,42,38,Growth_Arrest,false,true,false
38,32,37,Growth_Arrest,false,true,false
38,33,34,Growth_Arrest,false,false,true
38,33,40,Growth_Arrest,false,true,true
38,34,33,Growth_Arrest,false,false,true
38,34,41,Growth_Arrest,false,false,false
38,37,32,Growth_Arrest,false,true,true
38,37,42,Growth_Arrest,false,true,true
38,40,33,Growth_Arrest,false,true,true
38,40,41,Growth_Arrest,false,false,false
38,41,34,Growth_Arrest,false,false,false
38,41,40,Growth_Arrest,false,true,false
38,42,37,Growth_Arrest,false,false,false
40,33,36,Growth_Arrest,false,true,false
40,33,38,Growth_Arrest,false,true,false
40,36,33,Growth_Arrest,false,false,true
40,36,41,Growth_Arrest,false,true,false
40,38,33,Growth_Arrest,false,true,true
40,38,41,Growth_Arrest,false,false,true
40,41,36,Growth_Arrest,false,true,true
40,41,38,Growth_Arrest,false,true,true
41,34,36,Growth_Arrest,false,true,true
41,34,38,Growth_Arrest,false,true,true
41,36,34,Growth_Arrest,false,true,true
41,36,40,Growth_Arrest,false,false,true
41,38,34,Growth_Arrest,false,true,false
41,38,40,Growth_Arrest,false,true,false
41,40,36,Growth_Arrest,false,false,true
41,40,38,Growth_Arrest,false,false,true
42,36,37,Growth_Arrest,false,true,true
42,37,36,Growth_Arrest,false,false,false
42,37,38,Growth_Arrest,false,true,true
42,38,37,Growth_Arrest,false,true,false
32,36,36,Growth_Arrest,false,true,true
32,36,38,Growth_Arrest,false,true,false
32,38,36,Growth_Arrest,false,true,true
32,38,38,Growth_Arrest,false,true,false
34,34,34,Growth_Arrest,false,true,true
34,34,40,Growth_Arrest,false,false,true
34,40,34,Growth_Arrest,false,true,false
34,40,40,Growth_Arrest,false,false,true
36,32,36,Growth_Arrest,false,false,true
36,32,38,Growth_Arrest,false,false,true
36,36,32,Growth_Arrest,false,false,true
36,36,42,Growth_Arrest,false,true,true
36,38,32,Growth_Arrest,false,true,false
36,38,42,Growth_Arrest,false,true,false
36,42,36,Growth_Arrest,false,false,false
36,42,38,Growth_Arrest,false,false,true
38,32,36,Growth_Arrest,false,true,false
38,32,38,Growth_Arrest,false,false,true
38,36,32,Growth_Arrest,false,false,false
38,36,42,Growth_Arrest,false,false,true
38,38,32,Growth_Arrest,false,true,false
38,38,42,Growth_Arrest,false,false,true
38,42,36,Growth_Arrest,false,true,false
38,42,38,Growth_Arrest,false,true,false
40,34,34,Growth_Arrest,false,false,true
40,34,40,Growth_Arrest,false,false,true
40,40,34,Growth_Arrest,false,false,false
40,40,40,Growth_Arrest,false,true,false
42,36,36,Growth_Arrest,false,true,false
42,36,38,Growth_Arrest,false,false,false
42,38,36,Growth_Arrest,false,true,false
42,38,38,Growth_Arrest,false,true,false
32,35,37,Growth_Arrest,false,true,false
32,37,35,Growth_Arrest,false,true,true
32,37,39,Growth_Arrest,false,true,true
32,39,37,Growth_Arrest,false,true,true
33,34,35,Growth_Arrest,false,false,false
33,34,39,Growth_Arrest,false,true,true
33,35,34,Growth_Arrest,false,true,false
33,35,40,Growth_Arrest,false,false,false
33,39,34,Growth_Arrest,false,true,false
33,39,40,Growth_Arrest,false,false,false
33,40,35,Growth_Arrest,false,false,true
33,40,39,Growth_Arrest,false,false,true
34,33,35,Growth_Arrest,false,false,false
34,33,39,Growth_Arrest,false,false,false
34,35,33,Growth_Arrest,false,false,false
34,35,41,Growth_Arrest,false,true,false
34,39,33,Growth_Arrest,false,true,true
34,39,41,Growth_Arrest,false,true,false
34,41,35,Growth_Arrest,false,false,false
34,41,39,Growth_Arrest,false,false,true
35,32,37,Growth_Arrest,false,false,false
35,33,34,Growth_Arrest,false,true,true
35,33,40,Growth_Arrest,false,true,false
35,34,33,Growth_Arrest,false,false,true
35,34,41,Growth_Arrest,false,false,false
35,37,32,Growth_Arrest,false,false,false
35,37,42,Growth_Arrest,false,false,false
35,40,33,Growth_Arrest,false,true,true
35,40,41,Growth_Arrest,false,true,false
35,41,34,Growth_Arrest,false,false,false
35,41,40,Growth_Arrest,false,true,true
35,42,37,Growth_Arrest,false,false,true
37,32,35,Growth_Arrest,false,false,true
37,32,39,Growth_Arrest,false,true,true
37,35,32,Growth_Arrest,false,true,true
37,35,42,Growth_Arrest,false,false,true
37,39,32,Growth_Arrest,false,false,true
37,39,42,Growth_Arrest,false,true,true
37,42,35,Growth_Arrest,false,false,true
37,42,39,Growth_Arrest,false,true,true
39,32,37,Growth_Arrest,false,false,false
39,33,34,Growth_Arrest,false,false,false
39,33,40,Growth_Arrest,false,true,false
39,34,33,Growth_Arrest,false,true,false
39,34,41,Growth_Arrest,false,false,true
39,37,32,Growth_Arrest,false,true,false
39,37,42,Growth_Arrest,false,true,true
39,40,33,Growth_Arrest,false,false,true
39,40,41,Growth_Arrest,false,true,true
39,41,34,Growth_Arrest,false,false,true
39,41,40,Growth_Arrest,false,false,false
39,42,37,Growth_Arrest,false,false,false
40,33,35,Growth_Arrest,false,true,true
40,33,39,Growth_Arrest,false,true,false
40,35,33,Growth_Arrest,false,false,false
40,35,41,Growth_Arrest,false,true,false
40,39,33,Growth_Arrest,false,true,true
40,39,41,Growth_Arrest,false,false,true
40,41,35,Growth_Arrest,false,false,true
40,41,39,Growth_Arrest,false,true,false
41,34,35,Growth_Arrest,false,false,true
41,34,39,Growth_Arrest,false,true,false
41,35,34,Growth_Arrest,false,true,true
41,35,40,Growth_Arrest,false,true,false
41,39,34,Growth_Arrest,false,true,true
41,39,40,Growth_Arrest,false,false,false
41,40,35,Growth_Arrest,false,true,false
41,40,39,Growth_Arrest,false,true,false
42,35,37,Growth_Arrest,false,false,true
42,37,35,Growth_Arrest,false,false,true
42,37,39,Growth_Arrest,false,false,true
42,39,37,Growth_Arrest,false,false,false
32,35,36,Growth_Arrest,false,true,false
32,35,38,Growth_Arrest,false,true,false
32,36,35,Growth_Arrest,false,true,false
32,36,39,Growth_Arrest,false,true,false
32,38,35,Growth_Arrest,false,false,false
32,38,39,Growth_Arrest,false,false,true
32,39,36,Growth_Arrest,false,false,true
32,39,38,Growth_Arrest,false,false,false
35,32,36,Growth_Arrest,false,true,true
35,32,38,Growth_Arrest,false,false,false
35,36,32,Growth_Arrest,false,false,true
35,36,42,Growth_Arrest,false,true,false
35,38,32,Growth_Arrest,false,true,true
35,38,42,Growth_Arrest,false,true,true
35,42,36,Growth_Arrest,false,false,false
35,42,38,Growth_Arrest,false,false,false
36,32,35,Growth_Arrest,false,true,true
36,32,39,Growth_Arrest,false,false,false
36,35,32,Growth_Arrest,false,false,true
36,35,42,Growth_Arrest,false,false,true
36,39,32,Growth_Arrest,false,false,false
36,39,42,Growth_Arrest,false,true,true
36,42,35,Growth_Arrest,false,false,true
36,42,39,Growth_Arrest,false,true,true
38,32,35,Growth_Arrest,false,false,true
38,32,39,Growth_Arrest,false,false,true
38,35,32,Growth_Arrest,false,false,false
38,35,42,Growth_Arrest,false,false,true
38,39,32,Growth_Arrest,false,false,true
38,39,42,Growth_Arrest,false,true,false
38,42,35,Growth_Arrest,false,true,false
38,42,39,Growth_Arrest,false,true,false
39,32,36,Growth_Arrest,false,true,true
39,32,38,Growth_Arrest,false,true,true
39,36,32,Growth_Arrest,false,false,true
39,36,42,Growth_Arrest,false,true,true
39,38,32,Growth_Arrest,false,false,true
39,38,42,Growth_Arrest,false,true,true
39,42,36,Growth_Arrest,false,false,true
39,42,38,Growth_Arrest,false,false,true
42,35,36,Growth_Arrest,false,false,true
42,35,38,Growth_Arrest,false,true,false
42,36,35,Growth_Arrest,false,true,false
42,36,39,Growth_Arrest,false,true,true
42,38,35,Growth_Arrest,false,true,true
42,38,39,Growth_Arrest,false,true,false
42,39,36,Growth_Arrest,false,false,true
42,39,38,Growth_Arrest,false,true,true
33,33,37,Growth_Arrest,false,true,false
33,37,33,Growth_Arrest,false,true,false
33,37,41,Growth_Arrest,false,true,false
33,41,37,Growth_Arrest,false,false,false
37,33,33,Growth_Arrest,false,false,true
37,33,41,Growth_Arrest,false,false,false
37,41,33,Growth_Arrest,false,false,false
37,41,41,Growth_Arrest,false,false,false
41,33,37,Growth_Arrest,false,true,true
41,37,33,Growth_Arrest,false,true,false
41,37,41,Growth_Arrest,false,false,true
41,41,37,Growth_Arrest,false,true,false
32,35,35,Growth_Arrest,false,false,false
32,35,39,Growth_Arrest,false,false,false
32,39,35,Growth_Arrest,false,true,true
32,39,39,Growth_Arrest,false,true,true
33,33,36,Growth_Arrest,false,true,true
33,33,38,Growth_Arrest,false,true,false
33,36,33,Growth_Arrest,false,false,false
33,36,41,Growth_Arrest,false,true,true
33,38,33,Growth_Arrest,false,false,true
33,38,41,Growth_Arrest,false,false,true
33,41,36,Growth_Arrest,false,false,false
33,41,38,Growth_Arrest,false,false,false
35,32,35,Growth_Arrest,false,false,false
35,32,39,Growth_Arrest,false,true,true
35,35,32,Growth_Arrest,false,false,true
35,35,42,Growth_Arrest,false,true,false
35,39,32,Growth_Arrest,false,false,false
35,39,42,Growth_Arrest,false,false,true
35,42,35,Growth_Arrest,false,false,true
35,42,39,Growth_Arrest,false,true,false
36,33,33,Growth_Arrest,false,true,false
36,33,41,Growth_Arrest,false,true,false
36,41,33,Growth_Arrest,false,true,true
36,41,41,Growth_Arrest,false,false,true
38,33,33,Growth_Arrest,false,true,true
38,33,41,Growth_Arrest,false,true,true
38,41,33,Growth_Arrest,false,false,false
38,41,41,Growth_Arrest,false,true,false
39,32,35,Growth_Arrest,false,true,true
39,32,39,Growth_Arrest,false,false,false
39,35,32,Growth_Arrest,false,true,false
39,35,42,Growth_Arrest,false,true,false
39,39,32,Growth_Arrest,false,true,false
39,39,42,Growth_Arrest,false,true,false
39,42,35,Growth_Arrest,false,true,false
39,42,39,Growth_Arrest,false,true,true
41,33,36,Growth_Arrest,false,false,false
41,33,38,Growth_Arrest,false,false,true
41,36,33,Growth_Arrest,false,true,true
41,36,41,Growth_Arrest,false,false,false
41,38,33,Growth_Arrest,false,true,false
41,38,41,Growth_Arrest,false,true,false
41,41,36,Growth_Arrest,false,true,false
41,41,38,Growth_Arrest,false,false,true
42,35,35,Growth_Arrest,false,true,true
42,35,39,Growth_Arrest,false,false,false
42,39,35,Growth_Arrest,false,true,true
42,39,39,Growth_Arrest,false,false,false
32,34,37,Growth_Arrest,false,false,true
32,37,34,Growth_Arrest,false,false,false
32,37,40,Growth_Arrest,false,false,false
32,40,37,Growth_Arrest,false,false,true
33,34,34,Growth_Arrest,false,false,true
33,34,40,Growth_Arrest,false,false,true
33,40,34,Growth_Arrest,false,true,true
33,40,40,Growth_Arrest,false,true,false
34,32,37,Growth_Arrest,false,false,true
34,33,34,Growth_Arrest,false,true,true
34,33,40,Growth_Arrest,false,true,true
34,34,33,Growth_Arrest,false,false,false
34,34,41,Growth_Arrest,false,true,true
34,37,32,Growth_Arrest,false,false,true
34,37,42,Growth_Arrest,false,false,true
34,40,33,Growth_Arrest,false,false,false
34,40,41,Growth_Arrest,false,true,false
34,41,34,Growth_Arrest,false,true,true
34,41,40,Growth_Arrest,false,true,false
34,42,37,Growth_Arrest,false,false,false
37,32,34,Growth_Arrest,false,true,true
37,32,40,Growth_Arrest,false,true,true
37,34,32,Growth_Arrest,false,true,true
37,34,42,Growth_Arrest,false,false,true
37,40,32,Growth_Arrest,false,false,true
37,40,42,Growth_Arrest,false,true,true
37,42,34,Growth_Arrest,false,false,false
37,42,40,Growth_Arrest,false,false,false
40,32,37,Growth_Arrest,false,false,true
40,33,34,Growth_Arrest,false,true,false
40,33,40,Growth_Arrest,false,false,false
40,34,33,Growth_Arrest,false,true,true
40,34,41,Growth_Arrest,false,true,false
40,37,32,Growth_Arrest,false,true,true
40,37,42,Growth_Arrest,false,false,true
40,40,33,Growth_Arrest,false,false,true
40,40,41,Growth_Arrest,false,false,true
40,41,34,Growth_Arrest,false,true,true
40,41,40,Growth_Arrest,false,true,false
40,42,37,Growth_Arrest,false,false,false
41,34,34,Growth_Arrest,false,false,true
41,34,40,Growth_Arrest,false,false,true
41,40,34,Growth_Arrest,false,true,true
41,40,40,Growth_Arrest,false,false,true
42,34,37,Growth_Arrest,false,true,false
42,37,34,Growth_Arrest,false,true,true
42,37,40,Growth_Arrest,false,false,true
42,40,37,Growth_Arrest,false,false,false
32,34,36,Growth_Arrest,false,false,false
32,34,38,Growth_Arrest,false,false,false
32,36,34,Growth_Arrest,false,true,true
32,36,40,Growth_Arrest,false,true,false
32,38,34,Growth_Arrest,false,false,true
32,38,40,Growth_Arrest,false,false,false
32,40,36,Growth_Arrest,false,true,false
32,40,38,Growth_Arrest,false,true,true
34,32,36,Growth_Arrest,false,false,false
34,32,38,Growth_Arrest,false,true,false
34,36,32,Growth_Arrest,false,false,true
34,36,42,Growth_Arrest,false,false,true
34,38,32,Growth_Arrest,false,true,false
34,38,42,Growth_Arrest,false,false,false
34,42,36,Growth_Arrest,false,false,false
34,42,38,Growth_Arrest,false,true,false
36,32,34,Growth_Arrest,false,true,true
36,32,40,Growth_Arrest,false,true,true
36,34,32,Growth_Arrest,false,false,true
36,34,42,Growth_Arrest,false,true,false
36,40,32,Growth_Arrest,false,false,true
36,40,42,Growth_Arrest,false,false,false
36,42,34,Growth_Arrest,false,false,false
36,42,40,Growth_Arrest,false,true,true
38,32,34,Growth_Arrest,false,true,false
38,32,40,Growth_Arrest,false,false,false
38,34,32,Growth_Arrest,false,false,false
38,34,42,Growth_Arrest,false,true,false
38,40,32,Growth_Arrest,false,true,false
38,40,42,Growth_Arrest,false,false,false
38,42,34,Growth_Arrest,false,true,true
38,42,40,Growth_Arrest,false,true,false
40,32,36,Growth_Arrest,false,false,true
40,32,38,Growth_Arrest,false,false,true
40,36,32,Growth_Arrest,false,false,false
40,36,42,Growth_Arrest,false,false,false
40,38,32,Growth_Arrest,false,true,false
40,38,42,Growth_Arrest,false,false,false
40,42,36,Growth_Arrest,false,false,true
40,42,38,Growth_Arrest,false,true,true
42,34,36,Growth_Arrest,false,true,false
42,34,38,Growth_Arrest,false,true,false
42,36,34,Growth_Arrest,false,false,true
42,36,40,Growth_Arrest,false,false,true
42,38,34,Growth_Arrest,false,false,true
42,38,40,Growth_Arrest,false,true,true
42,40,36,Growth_Arrest,false,true,true
42,40,38,Growth_Arrest,false,false,true
31,37,37,Growth_Arrest,false,false,true
33,33,35,Growth_Arrest,false,true,true
33,33,39,Growth_Arrest,false,false,false
33,35,33,Growth_Arrest,false,true,false
33,35,41,Growth_Arrest,false,false,false
33,39,33,Growth_Arrest,false,true,true
33,39,41,Growth_Arrest,false,false,false
33,41,35,Growth_Arrest,false,false,true
33,41,39,Growth_Arrest,false,true,false
35,33,33,Growth_Arrest,false,false,false
35,33,41,Growth_Arrest,false,true,true
35,41,33,Growth_Arrest,false,false,false
35,41,41,Growth_Arrest,false,false,true
37,31,37,Growth_Arrest,false,false,true
37,37,31,Growth_Arrest,false,true,false
37,37,43,Growth_Arrest,false,false,false
37,43,37,Growth_Arrest,false,true,true
39,33,33,Growth_Arrest,false,true,true
39,33,41,Growth_Arrest,false,false,true
39,41,33,Growth_Arrest,false,true,false
39,41,41,Growth_Arrest,false,true,true
41,33,35,Growth_Arrest,false,true,true
41,33,39,Growth_Arrest,false,true,true
41,35,33,Growth_Arrest,false,false,false
41,35,41,Growth_Arrest,false,true,false
41,39,33,Growth_Arrest,false,false,false
41,39,41,Growth_Arrest,false,false,true
41,41,35,Growth_Arrest,false,true,false
41,41,39,Growth_Arrest,false,false,false
43,37,37,Growth_Arrest,false,true,true
31,36,37,Growth_Arrest,false,false,true
31,37,36,Growth_Arrest,false,true,true
31,37,38,Growth_Arrest,false,true,false
31,38,37,Growth_Arrest,false,true,false
36,31,37,Growth_Arrest,false,true,true
36,37,31,Growth_Arrest,false,true,true
36,37,43,Growth_Arrest,false,false,true
36,43,37,Growth_Arrest,false,true,true
37,31,36,Growth_Arrest,false,false,false
37,31,38,Growth_Arrest,false,false,true
37,36,31,Growth_Arrest,false,true,false
37,36,43,Growth_Arrest,false,true,true
37,38,31,Growth_Arrest,false,true,true
37,38,43,Growth_Arrest,false,true,true
37,43,36,Growth_Arrest,false,false,true
37,43,38,Growth_Arrest,false,true,true
38,31,37,Growth_Arrest,false,true,true
38,37,31,Growth_Arrest,false,false,false
38,37,43,Growth_Arrest,false,false,false
38,43,37,Growth_Arrest,false,true,true
43,36,37,Growth_Arrest,false,false,false
43,37,36,Growth_Arrest,false,true,false
43,37,38,Growth_Arrest,false,true,true
43,38,37,Growth_Arrest,false,true,false
31,36,36,Growth_Arrest,false,false,true
31,36,38,Growth_Arrest,false,true,false
31,38,36,Growth_Arrest,false,true,false
31,38,38,Growth_Arrest,false,true,false
32,34,35,Growth_Arrest,false,true,false
32,34,39,Growth_Arrest,false,false,false
32,35,34,Growth_Arrest,false,false,true
32,35,40,Growth_Arrest,false,true,false
32,39,34,Growth_Arrest,false,false,true
32,39,40,Growth_Arrest,false,true,true
32,40,35,Growth_Arrest,false,false,false
32,40,39,Growth_Arrest,false,true,false
34,32,35,Growth_Arrest,false,true,false
34,32,39,Growth_Arrest,false,true,false
34,35,32,Growth_Arrest,false,true,false
34,35,42,Growth_Arrest,false,true,false
34,39,32,Growth_Arrest,false,true,true
34,39,42,Growth_Arrest,false,true,true
34,42,35,Growth_Arrest,false,true,true
34,42,39,Growth_Arrest,false,false,true
35,32,34,Growth_Arrest,false,false,false
35,32,40,Growth_Arrest,false,false,false
35,34,32,Growth_Arrest,false,true,true
35,34,42,Growth_Arrest,false,true,true
35,40,32,Growth_Arrest,false,false,false
35,40,42,Growth_Arrest,false,false,false
35,42,34,Growth_Arrest,false,false,false
35,42,40,Growth_Arrest,false,true,true
36,31,36,Growth_Arrest,false,true,true
36,31,38,Growth_Arrest,false,true,false
36,36,31,Growth_Arrest,false,true,true
36,36,43,Growth_Arrest,false,false,false
36,38,31,Growth_Arrest,false,true,false
36,38,43,Growth_Arrest,false,true,true
36,43,36,Growth_Arrest,false,false,false
36,43,38,Growth_Arrest,false,false,false
38,31,36,Growth_Arrest,false,false,true
38,31,38,Growth_Arrest,false,false,true
38,36,31,Growth_Arrest,false,false,true
38,36,43,Growth_Arrest,false,false,false
38,38,31,Growth_Arrest,false,true,true
38,38,43,Growth_Arrest,false,false,true
38,43,36,Growth_Arrest,false,false,false
38,43,38,Growth_Arrest,false,false,false
39,32,34,Growth_Arrest,false,true,false
39,32,40,Growth_Arrest,false,false,true
39,34,32,Growth_Arrest,false,true,false
39,34,42,Growth_Arrest,false,true,false
39,40,32,Growth_Arrest,false,true,true
39,40,42,Growth_Arrest,false,true,false
39,42,34,Growth_Arrest,false,false,false
39,42,40,Growth_Arrest,false,false,false
40,32,35,Growth_Arrest,false,true,false
40,32,39,Growth_Arrest,false,false,true
40,35,32,Growth_Arrest,false,false,true
40,35,42,Growth_Arrest,false,false,false
40,39,32,Growth_Arrest,false,false,false
40,39,42,Growth_Arrest,false,true,false
40,42,35,Growth_Arrest,false,true,false
40,42,39,Growth_Arrest,false,false,true
42,34,35,Growth_Arrest,false,false,true
42,34,39,Growth_Arrest,false,true,true
42,35,34,Growth_Arrest,false,true,false
42,35,40,Growth_Arrest,false,false,false
42,39,34,Growth_Arrest,false,true,true
42,39,40,Growth_Arrest,false,false,true
42,40,35,Growth_Arrest,false,false,true
42,40,39,Growth_Arrest,false,false,true
43,36,36,Growth_Arrest,false,true,false
43,36,38,Growth_Arrest,false,false,false
43,38,36,Growth_Arrest,false,false,false
43,38,38,Growth_Arrest,false,true,true
31,35,37,Growth_Arrest,false,true,false
31,37,35,Growth_Arrest,false,true,true
31,37,39,Growth_Arrest,false,false,true
31,39,37,Growth_Arrest,false,true,false
35,31,37,Growth_Arrest,false,false,false
35,37,31,Growth_Arrest,false,false,true
35,37,43,Growth_Arrest,false,true,true
35,43,37,Growth_Arrest,false,false,false
37,31,35,Growth_Arrest,false,true,true
37,31,39,Growth_Arrest,false,false,true
37,35,31,Growth_Arrest,false,true,false
37,35,43,Growth_Arrest,false,false,true
37,39,31,Growth_Arrest,false,false,false
37,39,43,Growth_Arrest,false,false,false
37,43,35,Growth_Arrest,false,true,true
37,43,39,Growth_Arrest,false,false,true
39,31,37,Growth_Arrest,false,true,true
39,37,31,Growth_Arrest,false,false,false
39,37,43,Growth_Arrest,false,true,true
39,43,37,Growth_Arrest,false,false,false
43,35,37,Growth_Arrest,false,false,true
43,37,35,Growth_Arrest,false,true,false
43,37,39,Growth_Arrest,false,false,true
43,39,37,Growth_Arrest,false,true,false
31,35,36,Growth_Arrest,false,true,true
31,35,38,Growth_Arrest,false,false,true
31,36,35,Growth_Arrest,false,false,true
31,36,39,Growth_Arrest,false,true,true
31,38,35,Growth_Arrest,false,true,false
31,38,39,Growth_Arrest,false,true,true
31,39,36,Growth_Arrest,false,false,true
31,39,38,Growth_Arrest,false,true,false
32,33,37,Growth_Arrest,false,true,true
32,37,33,Growth_Arrest,false,false,true
32,37,41,Growth_Arrest,false,false,false
32,41,37,Growth_Arrest,false,false,true
33,32,37,Growth_Arrest,false,true,false
33,33,34,Growth_Arrest,false,false,true
33,33,40,Growth_Arrest,false,false,true
33,34,33,Growth_Arrest,false,true,true
33,34,41,Growth_Arrest,false,true,false
33,37,32,Growth_Arrest,false,true,true
33,37,42,Growth_Arrest,false,true,false
33,40,33,Growth_Arrest,false,true,false
33,40,41,Growth_Arrest,false,false,false
33,41,34,Growth_Arrest,false,true,true
33,41,40,Growth_Arrest,false,true,true
33,42,37,Growth_Arrest,false,false,true
34,33,33,Growth_Arrest,false,false,true
34,33,41,Growth_Arrest,false,true,true
34,41,33,Growth_Arrest,false,true,false
34,41,41,Growth_Arrest,false,false,true
35,31,36,Growth_Arrest,false,false,false
35,31,38,Growth_Arrest,false,false,true
35,36,31,Growth_Arrest,false,false,false
35,36,43,Growth_Arrest,false,true,true
35,38,31,Growth_Arrest,false,false,false
35,38,43,Growth_Arrest,false,false,false
35,43,36,Growth_Arrest,false,false,true
35,43,38,Growth_Arrest,false,true,true
36,31,35,Growth_Arrest,false,false,true
36,31,39,Growth_Arrest,false,false,true
36,35,31,Growth_Arrest,false,true,false
36,35,43,Growth_Arrest,false,true,false
36,39,31,Growth_Arrest,false,true,false
36,39,43,Growth_Arrest,false,false,true
36,43,35,Growth_Arrest,false,false,true
36,43,39,Growth_Arrest,false,false,true
37,32,33,Growth_Arrest,false,true,true
37,32,41,Growth_Arrest,false,false,false
37,33,32,Growth_Arrest,false,false,false
37,33,42,Growth_Arrest,false,true,true
37,41,32,Growth_Arrest,false,true,true
37,41,42,Growth_Arrest,false,true,true
37,42,33,Growth_Arrest,false,false,true
37,42,41,Growth_Arrest,false,true,true
38,31,35,Growth_Arrest,false,false,false
38,31,39,Growth_Arrest,false,false,true
38,35,31,Growth_Arrest,false,true,false
38,35,43,Growth_Arrest,false,true,false
38,39,31,Growth_Arrest,false,false,false
38,39,43,Growth_Arrest,false,true,true
38,43,35,Growth_Arrest,false,false,true
38,43,39,Growth_Arrest,false,false,true
39,31,36,Growth_Arrest,false,true,true
39,31,38,Growth_Arrest,false,false,true
39,36,31,Growth_Arrest,false,true,false
39,36,43,Growth_Arrest,false,true,false
39,38,31,Growth_Arrest,false,true,false
39,38,43,Growth_Arrest,false,true,true
39,43,36,Growth_Arrest,false,false,false
39,43,38,Growth_Arrest,false,false,false
40,33,33,Growth_Arrest,false,false,true
40,33,41,Growth_Arrest,false,false,false
40,41,33,Growth_Arrest,false,true,false
40,41,41,Growth_Arrest,false,true,true
41,32,37,Growth_Arrest,false,true,true
41,33,34,Growth_Arrest,false,true,false
41,33,40,Growth_Arrest,false,false,false
41,34,33,Growth_Arrest,false,true,false
41,34,41,Growth_Arrest,false,true,true
41,37,32,Growth_Arrest,false,true,true
41,37,42,Growth_Arrest,false,false,true
41,40,33,Growth_Arrest,false,true,false
41,40,41,Growth_Arrest,false,false,true
41,41,34,Growth_Arrest,false,true,true
41,41,40,Growth_Arrest,false,true,true
41,42,37,Growth_Arrest,false,true,false
42,33,37,Growth_Arrest,false,false,false
42,37,33,Growth_Arrest,false,true,true
42,37,41,Growth_Arrest,false,true,false
42,41,37,Growth_Arrest,false,true,true
43,35,36,Growth_Arrest,false,true,true
43,35,38,Growth_Arrest,false,false,true
43,36,35,Growth_Arrest,false,false,false
43,36,39,Growth_Arrest,false,false,true
43,38,35,Growth_Arrest,false,true,true
43,38,39,Growth_Arrest,false,true,true
43,39,36,Growth_Arrest,false,true,false
43,39,38,Growth_Arrest,false,false,false
32,33,36,Growth_Arrest,false,false,false
32,33,38,Growth_Arrest,false,false,false
32,36,33,Growth_Arrest,false,true,false
32,36,41,Growth_Arrest,false,false,false
32,38,33,Growth_Arrest,false,true,false
32,38,41,Growth_Arrest,false,false,true
32,41,36,Growth_Arrest,false,false,false
32,41,38,Growth_Arrest,false,false,false
33,32,36,Growth_Arrest,false,false,false
33,32,38,Growth_Arrest,false,true,true
33,36,32,Growth_Arrest,false,true,false
33,36,42,Growth_Arrest,false,true,false
33,38,32,Growth_Arrest,false,false,true
33,38,42,Growth_Arrest,false,false,false
33,42,36,Growth_Arrest,false,true,true
33,42,38,Growth_Arrest,false,false,true
36,32,33,Growth_Arrest,false,true,false
36,32,41,Growth_Arrest,false,false,false
36,33,32,Growth_Arrest,false,false,false
36,33,42,Growth_Arrest,false,true,true
36,41,32,Growth_Arrest,false,true,false
36,41,42,Growth_Arrest,false,true,true
36,42,33,Growth_Arrest,false,true,false
36,42,41,Growth_Arrest,false,true,false
38,32,33,Growth_Arrest,false,false,false
38,32,41,Growth_Arrest,false,true,true
38,33,32,Growth_Arrest,false,false,false
38,33,42,Growth_Arrest,false,false,false
38,41,32,Growth_Arrest,false,false,false
38,41,42,Growth_Arrest,false,true,false
38,42,33,Growth_Arrest,false,false,false
38,42,41,Growth_Arrest,false,true,true
41,32,36,Growth_Arrest,false,true,false
41,32,38,Growth_Arrest,false,true,false
41,36,32,Growth_Arrest,false,true,true
41,36,42,Growth_Arrest,false,true,true
41,38,32,Growth_Arrest,false,true,false
41,38,42,Growth_Arrest,false,true,false
41,42,36,Growth_Arrest,false,true,false
41,42,38,Growth_Arrest,false,false,false
42,33,36,Growth_Arrest,false,false,false
42,33,38,Growth_Arrest,false,true,false
42,36,33,Growth_Arrest,false,false,true
42,36,41,Growth_Arrest,false,false,true
42,38,33,Growth_Arrest,false,true,true
42,38,41,Growth_Arrest,false,true,false
42,41,36,Growth_Arrest,false,true,false
42,41,38,Growth_Arrest,false,false,true
32,34,34,Growth_Arrest,false,false,true
32,34,40,Growth_Arrest,false,true,true
32,40,34,Growth_Arrest,false,true,false
32,40,40,Growth_Arrest,false,false,true
34,32,34,Growth_Arrest,false,false,true
34,32,40,Growth_Arrest,false,true,true
34,34,32,Growth_Arrest,false,false,false
34,34,42,Growth_Arrest,false,false,false
34,40,32,Growth_Arrest,false,true,false
34,40,42,Growth_Arrest,false,false,false
34,42,34,Growth_Arrest,false,true,true
34,42,40,Growth_Arrest,false,false,false
40,32,34,Growth_Arrest,false,false,false
40,32,40,Growth_Arrest,false,true,true
40,34,32,Growth_Arrest,false,false,false
40,34,42,Growth_Arrest,false,true,false
40,40,32,Growth_Arrest,false,true,false
40,40,42,Growth_Arrest,false,false,false
40,42,34,Growth_Arrest,false,true,true
40,42,40,Growth_Arrest,false,false,false
42,34,34,Growth_Arrest,false,false,false
42,34,40,Growth_Arrest,false,false,false
42,40,34,Growth_Arrest,false,true,false
42,40,40,Growth_Arrest,false,false,true
31,35,35,Growth_Arrest,false,false,true
31,35,39,Growth_Arrest,false,false,true
31,39,35,Growth_Arrest,false,true,true
31,39,39,Growth_Arrest,false,true,false
35,31,35,Growth_Arrest,false,true,false
35,31,39,Growth_Arrest,false,false,false
35,35,31,Growth_Arrest,false,true,false
35,35,43,Growth_Arrest,false,true,true
35,39,31,Growth_Arrest,false,true,true
35,39,43,Growth_Arrest,false,false,false
35,43,35,Growth_Arrest,false,false,false
35,43,39,Growth_Arrest,false,false,false
39,31,35,Growth_Arrest,false,false,true
39,31,39,Growth_Arrest,false,true,false
39,35,31,Growth_Arrest,false,true,false
39,35,43,Growth_Arrest,false,false,true
39,39,31,Growth_Arrest,false,false,false
39,39,43,Growth_Arrest,false,true,true
39,43,35,Growth_Arrest,false,true,true
39,43,39,Growth_Arrest,false,true,false
43,35,35,Growth_Arrest,false,false,false
43,35,39,Growth_Arrest,false,false,true
43,39,35,Growth_Arrest,false,false,true
43,39,39,Growth_Arrest,false,true,true
31,34,37,Growth_Arrest,false,true,true
31,37,34,Growth_Arrest,false,false,true
31,37,40,Growth_Arrest,false,false,true
31,40,37,Growth_Arrest,false,false,true
32,33,35,Growth_Arrest,false,true,false
32,33,39,Growth_Arrest,false,false,true
32,35,33,Growth_Arrest,false,false,true
32,35,41,Growth_Arrest,false,true,false
32,39,33,Growth_Arrest,false,false,false
32,39,41,Growth_Arrest,false,true,false
32,41,35,Growth_Arrest,false,true,false
32,41,39,Growth_Arrest,false,true,true
33,32,35,Growth_Arrest,false,true,false
33,32,39,Growth_Arrest,false,true,true
33,35,32,Growth_Arrest,false,true,true
33,35,42,Growth_Arrest,false,false,false
33,39,32,Growth_Arrest,false,true,false
33,39,42,Growth_Arrest,false,true,true
33,42,35,Growth_Arrest,false,false,true
33,42,39,Growth_Arrest,false,false,true
34,31,37,Growth_Arrest,false,true,true
34,37,31,Growth_Arrest,false,false,false
34,37,43,Growth_Arrest,false,true,true
34,43,37,Growth_Arrest,false,true,false
35,32,33,Growth_Arrest,false,false,false
35,32,41,Growth_Arrest,false,true,false
35,33,32,Growth_Arrest,false,false,true
35,33,42,Growth_Arrest,false,false,true
35,41,32,Growth_Arrest,false,true,true
35,41,42,Growth_Arrest,false,false,false
35,42,33,Growth_Arrest,false,true,true
35,42,41,Growth_Arrest,false,true,false
37,31,34,Growth_Arrest,false,true,true
37,31,40,Growth_Arrest,false,true,true
37,34,31,Growth_Arrest,false,true,true
37,34,43,Growth_Arrest,false,false,false
37,40,31,Growth_Arrest,false,false,false
37,40,43,Growth_Arrest,false,false,false
37,43,34,Growth_Arrest,false,false,false
37,43,40,Growth_Arrest,false,true,true
39,32,33,Growth_Arrest,false,false,true
39,32,41,Growth_Arrest,false,true,false
39,33,32,Growth_Arrest,false,false,true
39,33,42,Growth_Arrest,false,true,true
39,41,32,Growth_Arrest,false,false,false
39,41,42,Growth_Arrest,false,false,false
39,42,33,Growth_Arrest,false,false,false
39,42,41,Growth_Arrest,false,true,true
40,31,37,Growth_Arrest,false,false,true
40,37,31,Growth_Arrest,false,false,false
40,37,43,Growth_Arrest,false,false,true
40,43,37,Growth_Arrest,false,true,true
41,32,35,Growth_Arrest,false,false,true
41,32,39,Growth_Arrest,false,false,true
41,35,32,Growth_Arrest,false,true,false
41,35,42,Growth_Arrest,false,true,true
41,39,32,Growth_Arrest,false,false,true
41,39,42,Growth_Arrest,false,false,true
41,42,35,Growth_Arrest,false,true,true
41,42,39,Growth_Arrest,false,true,true
42,33,35,Growth_Arrest,false,false,true
42,33,39,Growth_Arrest,false,false,false
42,35,33,Growth_Arrest,false,false,false
42,35,41,Growth_Arrest,false,true,false
42,39,33,Growth_Arrest,false,true,false
42,39,41,Growth_Arrest,false,false,true
42,41,35,Growth_Arrest,false,false,false
42,41,39,Growth_Arrest,false,true,false
43,34,37,Growth_Arrest,false,true,false
43,37,34,Growth_Arrest,false,false,true
43,37,40,Growth_Arrest,false,false,false
43,40,37,Growth_Arrest,false,false,false
31,34,36,Growth_Arrest,false,true,false
31,34,38,Growth_Arrest,false,true,true
31,36,34,Growth_Arrest,false,false,true
31,36,40,Growth_Arrest,false,false,true
31,38,34,Growth_Arrest,false,false,true
31,38,40,Growth_Arrest,false,false,false
31,40,36,Growth_Arrest,false,true,true
31,40,38,Growth_Arrest,false,false,false
34,31,36,Growth_Arrest,false,true,true
34,31,38,Growth_Arrest,false,true,true
34,36,31,Growth_Arrest,false,true,true
34,36,43,Growth_Arrest,false,false,false
34,38,31,Growth_Arrest,false,true,true
34,38,43,Growth_Arrest,false,false,false
34,43,36,Growth_Arrest,false,true,true
34,43,38,Growth_Arrest,false,false,false
36,31,34,Growth_Arrest,false,false,false
36,31,40,Growth_Arrest,false,false,false
36,34,31,Growth_Arrest,false,true,false
36,34,43,Growth_Arrest,false,true,true
36,40,31,Growth_Arrest,false,false,true
36,40,43,Growth_Arrest,false,false,true
36,43,34,Growth_Arrest,false,false,true
36,43,40,Growth_Arrest,false,true,false
38,31,34,Growth_Arrest,false,false,true
38,31,40,Growth_Arrest,false,true,false
38,34,31,Growth_Arrest,false,true,false
38,34,43,Growth_Arrest,false,true,false
38,40,31,Growth_Arrest,false,true,false
38,40,43,Growth_Arrest,false,false,false
38,43,34,Growth_Arrest,false,false,true
38,43,40,Growth_Arrest,false,false,true
40,31,36,Growth_Arrest,false,false,false
40,31,38,Growth_Arrest,false,false,false
40,36,31,Growth_Arrest,false,false,false
40,36,43,Growth_Arrest,false,false,false
40,38,31,Growth_Arrest,false,true,true
40,38,43,Growth_Arrest,false,false,false
40,43,36,Growth_Arrest,false,true,true
40,43,38,Growth_Arrest,false,true,false
43,34,36,Growth_Arrest,false,true,true
43,34,38,Growth_Arrest,false,true,true
43,36,34,Growth_Arrest,false,false,false
43,36,40,Growth_Arrest,false,true,true
43,38,34,Growth_Arrest,false,false,false
43,38,40,Growth_Arrest,false,false,false
43,40,36,Growth_Arrest,false,true,true
43,40,38,Growth_Arrest,false,false,false
33,33,33,Growth_Arrest,false,false,false
33,33,41,Growth_Arrest,false,true,true
33,41,33,Growth_Arrest,false,true,false
33,41,41,Growth_Arrest,false,true,true
41,33,33,Growth_Arrest,false,true,false
41,33,41,Growth_Arrest,false,false,false
41,41,33,Growth_Arrest,false,false,false
41,41,41,Growth_Arrest,false,false,false
30,37,37,Growth_Arrest,false,true,false
31,34,35,Growth_Arrest,false,false,true
31,34,39,Growth_Arrest,false,true,true
31,35,34,Growth_Arrest,false,true,true
31,35,40,Growth_Arrest,false,true,false
31,39,34,Growth_Arrest,false,false,false
31,39,40,Growth_Arrest,false,false,false
31,40,35,Growth_Arrest,false,true,true
31,40,39,Growth_Arrest,false,true,false
34,31,35,Growth_Arrest,false,true,true
34,31,39,Growth_Arrest,false,false,true
34,35,31,Growth_Arrest,false,false,false
34,35,43,Growth_Arrest,false,true,false
34,39,31,Growth_Arrest,false,false,true
34,39,43,Growth_Arrest,false,true,false
34,43,35,Growth_Arrest,false,false,false
34,43,39,Growth_Arrest,false,true,false
35,31,34,Growth_Arrest,false,false,true
35,31,40,Growth_Arrest,false,true,false
35,34,31,Growth_Arrest,false,true,true
35,34,43,Growth_Arrest,false,false,false
35,40,31,Growth_Arrest,false,true,false
35,40,43,Growth_Arrest,false,true,false
35,43,34,Growth_Arrest,false,false,false
35,43,40,Growth_Arrest,false,false,false
37,30,37,Growth_Arrest,false,false,true
37,37,30,Growth_Arrest,false,true,true
37,37,44,Growth_Arrest,false,true,false
37,44,37,Growth_Arrest,false,true,false
39,31,34,Growth_Arrest,false,true,true
39,31,40,Growth_Arrest,false,true,true
39,34,31,Growth_Arrest,false,true,false
39,34,43,Growth_Arrest,false,false,true
39,40,31,Growth_Arrest,false,false,true
39,40,43,Growth_Arrest,false,true,false
39,43,34,Growth_Arrest,false,true,true
39,43,40,Growth_Arrest,false,true,true
40,31,35,Growth_Arrest,false,true,true
40,31,39,Growth_Arrest,false,true,false
40,35,31,Growth_Arrest,false,false,true
40,35,43,Growth_Arrest,false,false,true
40,39,31,Growth_Arrest,false,true,false
40,39,43,Growth_Arrest,false,true,true
40,43,35,Growth_Arrest,false,false,false
40,43,39,Growth_Arrest,false,false,false
43,34,35,Growth_Arrest,false,true,false
43,34,39,Growth_Arrest,false,true,false
43,35,34,Growth_Arrest,false,false,true
43,35,40,Growth_Arrest,false,true,false
43,39,34,Growth_Arrest,false,false,false
43,39,40,Growth_Arrest,false,false,true
43,40,35,Growth_Arrest,false,false,false
43,40,39,Growth_Arrest,false,false,true
44,37,37,Growth_Arrest,false,true,false
30,36,37,Growth_Arrest,false,true,false
30,37,36,Growth_Arrest,false,false,true
30,37,38,Growth_Arrest,false,true,true
30,38,37,Growth_Arrest,false,true,false
32,32,37,Growth_Arrest,false,true,false
32,33,34,Growth_Arrest,false,true,false
32,33,40,Growth_Arrest,false,true,false
32,34,33,Growth_Arrest,false,false,true
32,34,41,Growth_Arrest,false,false,true
32,37,32,Growth_Arrest,false,false,false
32,37,42,Growth_Arrest,false,false,false
32,40,33,Growth_Arrest,false,true,false
32,40,41,Growth_Arrest,false,true,true
32,41,34,Growth_Arrest,false,false,true
32,41,40,Growth_Arrest,false,true,true
32,42,37,Growth_Arrest,false,false,false
33,32,34,Growth_Arrest,false,true,true
33,32,40,Growth_Arrest,false,true,false
33,34,32,Growth_Arrest,false,true,false
33,34,42,Growth_Arrest,false,false,false
33,40,32,Growth_Arrest,false,true,false
33,40,42,Growth_Arrest,false,false,true
33,42,34,Growth_Arrest,false,false,false
33,42,40,Growth_Arrest,false,false,true
34,32,33,Growth_Arrest,false,true,false
34,32,41,Growth_Arrest,false,true,true
34,33,32,Growth_Arrest,false,false,true
34,33,42,Growth_Arrest,false,true,true
34,41,32,Growth_Arrest,false,false,true
34,41,42,Growth_Arrest,false,true,false
34,42,33,Growth_Arrest,false,false,false
34,42,41,Growth_Arrest,false,false,true
36,30,37,Growth_Arrest,false,false,false
36,37,30,Growth_Arrest,false,true,false
36,37,44,Growth_Arrest,false,true,false
36,44,37,Growth_Arrest,false,false,false
37,30,36,Growth_Arrest,false,false,false
37,30,38,Growth_Arrest,false,true,true
37,32,32,Growth_Arrest,false,false,true
37,32,42,Growth_Arrest,false,true,true
37,36,30,Growth_Arrest,false,false,false
37,36,44,Growth_Arrest,false,false,true
37,38,30,Growth_Arrest,false,true,false
37,38,44,Growth_Arrest,false,false,true
37,42,32,Growth_Arrest,false,true,true
37,42,42,Growth_Arrest,false,true,false
37,44,36,Growth_Arrest,false,true,true
37,44,38,Growth_Arrest,false,false,true
38,30,37,Growth_Arrest,false,true,false
38,37,30,Growth_Arrest,false,true,true
38,37,44,Growth_Arrest,false,true,false
38,44,37,Growth_Arrest,false,false,true
40,32,33,Growth_Arrest,false,false,true
40,32,41,Growth_Arrest,false,true,false
40,33,32,Growth_Arrest,false,true,true
40,33,42,Growth_Arrest,false,false,true
40,41,32,Growth_Arrest,false,true,true
40,41,42,Growth_Arrest,false,true,false
40,42,33,Growth_Arrest,false,true,true
40,42,41,Growth_Arrest,false,true,true
41,32,34,Growth_Arrest,false,false,true
41,32,40,Growth_Arrest,false,false,false
41,34,32,Growth_Arrest,false,false,true
41,34,42,Growth_Arrest,false,true,true
41,40,32,Growth_Arrest,false,true,true
41,40,42,Growth_Arrest,false,true,false
41,42,34,Growth_Arrest,false,false,false
41,42,40,Growth_Arrest,false,true,true
42,32,37,Growth_Arrest,false,false,false
42,33,34,Growth_Arrest,false,true,false
42,33,40,Growth_Arrest,false,true,true
42,34,33,Growth_Arrest,false,false,false
42,34,41,Growth_Arrest,false,true,true
42,37,32,Growth_Arrest,false,true,true
42,37,42,Growth_Arrest,false,false,true
42,40,33,Growth_Arrest,false,true,true
42,40,41,Growth_Arrest,false,false,true
42,41,34,Growth_Arrest,false,true,false
42,41,40,Growth_Arrest,false,false,true
42,42,37,Growth_Arrest,false,false,false
44,36,37,Growth_Arrest,false,false,true
44,37,36,Growth_Arrest,false,true,true
44,37,38,Growth_Arrest,false,false,true
44,38,37,Growth_Arrest,false,true,true
30,36,36,Growth_Arrest,false,true,false
30,36,38,Growth_Arrest,false,true,false
30,38,36,Growth_Arrest,false,true,false
30,38,38,Growth_Arrest,false,false,false
32,32,36,Growth_Arrest,false,true,false
32,32,38,Growth_Arrest,false,true,false
32,36,32,Growth_Arrest,false,false,true
32,36,42,Growth_Arrest,false,false,false
32,38,32,Growth_Arrest,false,true,false
32,38,42,Growth_Arrest,false,false,false
32,42,36,Growth_Arrest,false,true,true
32,42,38,Growth_Arrest,false,true,true
36,30,36,Growth_Arrest,false,false,false
36,30,38,Growth_Arrest,false,true,false
36,32,32,Growth_Arrest,false,false,false
36,32,42,Growth_Arrest,false,false,true
36,36,30,Growth_Arrest,false,false,true
36,36,44,Growth_Arrest,false,false,true
36,38,30,Growth_Arrest,false,false,false
36,38,44,Growth_Arrest,false,true,true
36,42,32,Growth_Arrest,false,false,false
36,42,42,Growth_Arrest,false,false,false
36,44,36,Growth_Arrest,false,false,false
36,44,38,Growth_Arrest,false,false,false
38,30,36,Growth_Arrest,false,true,true
38,30,38,Growth_Arrest,false,true,false
38,32,32,Growth_Arrest,false,false,true
38,32,42,Growth_Arrest,false,false,false
38,36,30,Growth_Arrest,false,true,true
38,36,44,Growth_Arrest,false,true,false
38,38,30,Growth_Arrest,false,false,true
38,38,44,Growth_Arrest,false,false,true
38,42,32,Growth_Arrest,false,true,true
38,42,42,Growth_Arrest,false,false,false
38,44,36,Growth_Arrest,false,true,true
38,44,38,Growth_Arrest,false,true,false
42,32,36,Growth_Arrest,false,false,true
42,32,38,Growth_Arrest,false,true,true
42,36,32,Growth_Arrest,false,false,true
42,36,42,Growth_Arrest,false,true,true
42,38,32,Growth_Arrest,false,false,false
42,38,42,Growth_Arrest,false,true,false
42,42,36,Growth_Arrest,false,false,true
42,42,38,Growth_Arrest,false,false,true
44,36,36,Growth_Arrest,false,false,true
44,36,38,Growth_Arrest,false,true,false
44,38,36,Growth_Arrest,false,false,false
44,38,38,Growth_Arrest,false,false,true
31,33,37,Growth_Arrest,false,true,false
31,37,33,Growth_Arrest,false,false,false
31,37,41,Growth_Arrest,false,true,false
31,41,37,Growth_Arrest,false,true,true
33,31,37,Growth_Arrest,false,true,false
33,37,31,Growth_Arrest,false,true,false
33,37,43,Growth_Arrest,false,false,true
33,43,37,Growth_Arrest,false,true,false
37,31,33,Growth_Arrest,false,false,false
37,31,41,Growth_Arrest,false,false,false
37,33,31,Growth_Arrest,false,false,false
37,33,43,Growth_Arrest,false,true,true
37,41,31,Growth_Arrest,false,true,false
37,41,43,Growth_Arrest,false,true,true
37,43,33,Growth_Arrest,false,true,true
37,43,41,Growth_Arrest,false,true,true
41,31,37,Growth_Arrest,false,false,true
41,37,31,Growth_Arrest,false,true,true
41,37,43,Growth_Arrest,false,true,false
41,43,37,Growth_Arrest,false,false,true
43,33,37,Growth_Arrest,false,true,true
43,37,33,Growth_Arrest,false,false,false
43,37,41,Growth_Arrest,false,true,true
43,41,37,Growth_Arrest,false,true,false
30,35,37,Growth_Arrest,false,true,false
30,37,35,Growth_Arrest,false,true,false
30,37,39,Growth_Arrest,false,false,true
30,39,37,Growth_Arrest,false,true,false
31,33,36,Growth_Arrest,false,true,false
31,33,38,Growth_Arrest,false,false,false
31,36,33,Growth_Arrest,false,false,true
31,36,41,Growth_Arrest,false,false,false
31,38,33,Growth_Arrest,false,true,false
31,38,41,Growth_Arrest,false,true,false
31,41,36,Growth_Arrest,false,true,false
31,41,38,Growth_Arrest,false,false,false
33,31,36,Growth_Arrest,false,false,false
33,31,38,Growth_Arrest,false,true,true
33,36,31,Growth_Arrest,false,true,true
33,36,43,Growth_Arrest,false,false,false
33,38,31,Growth_Arrest,false,false,false
33,38,43,Growth_Arrest,false,true,true
33,43,36,Growth_Arrest,false,false,false
33,43,38,Growth_Arrest,false,true,true
35,30,37,Growth_Arrest,false,false,true
35,37,30,Growth_Arrest,false,true,false
35,37,44,Growth_Arrest,false,false,true
35,44,37,Growth_Arrest,false,true,true
36,31,33,Growth_Arrest,false,false,false
36,31,41,Growth_Arrest,false,true,true
36,33,31,Growth_Arrest,false,false,true
36,33,43,Growth_Arrest,false,true,true
36,41,31,Growth_Arrest,false,true,true
36,41,43,Growth_Arrest,false,false,true
36,43,33,Growth_Arrest,false,false,true
36,43,41,Growth_Arrest,false,false,true
37,30,35,Growth_Arrest,false,false,false
37,30,39,Growth_Arrest,false,false,false
37,35,30,Growth_Arrest,false,true,true
37,35,44,Growth_Arrest,false,true,false
37,39,30,Growth_Arrest,false,false,false
37,39,44,Growth_Arrest,false,false,true
37,44,35,Growth_Arrest,false,false,false
37,44,39,Growth_Arrest,false,false,false
38,31,33,Growth_Arrest,false,true,true
38,31,41,Growth_Arrest,false,false,false
38,33,31,Growth_Arrest,false,false,false
38,33,43,Growth_Arrest,false,false,true
38,41,31,Growth_Arrest,false,true,true
38,41,43,Growth_Arrest,false,false,false
38,43,33,Growth_Arrest,false,true,true
38,43,41,Growth_Arrest,false,true,false
39,30,37,Growth_Arrest,false,true,false
39,37,30,Growth_Arrest,false,true,true
39,37,44,Growth_Arrest,false,true,false
39,44,37,Growth_Arrest,false,true,false
41,31,36,Growth_Arrest,false,false,false
41,31,38,Growth_Arrest,false,true,false
41,36,31,Growth_Arrest,false,false,true
41,36,43,Growth_Arrest,false,false,true
41,38,31,Growth_Arrest,false,false,false
41,38,43,Growth_Arrest,false,true,false
41,43,36,Growth_Arrest,false,false,true
41,43,38,Growth_Arrest,false,true,true
43,33,36,Growth_Arrest,false,false,false
43,33,38,Growth_Arrest,false,true,true
43,36,33,Growth_Arrest,false,true,true
43,36,41,Growth_Arrest,false,true,false
43,38,33,Growth_Arrest,false,false,true
43,38,41,Growth_Arrest,false,false,false
43,41,36,Growth_Arrest,false,true,true
43,41,38,Growth_Arrest,false,false,false
44,35,37,Growth_Arrest,false,false,true
44,37,35,Growth_Arrest,false,true,false
44,37,39,Growth_Arrest,false,false,true
44,39,37,Growth_Arrest,false,false,true
30,35,36,Growth_Arrest,false,true,false
30,35,38,Growth_Arrest,false,true,false
30,36,35,Growth_Arrest,false,false,true
30,36,39,Growth_Arrest,false,false,true
30,38,35,Growth_Arrest,false,true,false
30,38,39,Growth_Arrest,false,false,false
30,39,36,Growth_Arrest,false,false,false
30,39,38,Growth_Arrest,false,false,false
31,34,34,Growth_Arrest,false,true,true
31,34,40,Growth_Arrest,false,true,false
31,40,34,Growth_Arrest,false,false,true
31,40,40,Growth_Arrest,false,false,false
32,32,35,Growth_Arrest,false,true,true
32,32,39,Growth_Arrest,false,true,false
32,35,32,Growth_Arrest,false,true,true
32,35,42,Growth_Arrest,false,true,true
32,39,32,Growth_Arrest,false,true,true
32,39,42,Growth_Arrest,false,false,true
32,42,35,Growth_Arrest,false,true,true
32,42,39,Growth_Arrest,false,false,false
34,31,34,Growth_Arrest,false,true,true
34,31,40,Growth_Arrest,false,true,true
34,34,31,Growth_Arrest,false,true,true
34,34,43,Growth_Arrest,false,true,true
34,40,31,Growth_Arrest,false,true,false
34,40,43,Growth_Arrest,false,false,true
34,43,34,Growth_Arrest,false,false,false
34,43,40,Growth_Arrest,false,false,false
35,30,36,Growth_Arrest,false,false,false
35,30,38,Growth_Arrest,false,true,true
35,32,32,Growth_Arrest,false,false,false
35,32,42,Growth_Arrest,false,true,false
35,36,30,Growth_Arrest,false,true,true
35,36,44,Growth_Arrest,false,true,false
35,38,30,Growth_Arrest,false,true,false
35,38,44,Growth_Arrest,false,true,true
35,42,32,Growth_Arrest,false,false,false
35,42,42,Growth_Arrest,false,false,true
35,44,36,Growth_Arrest,false,false,true
35,44,38,Growth_Arrest,false,false,true
36,30,35,Growth_Arrest,false,true,true
36,30,39,Growth_Arrest,false,true,false
36,35,30,Growth_Arrest,false,false,true
36,35,44,Growth_Arrest,false,false,false
36,39,30,Growth_Arrest,false,false,false
36,39,44,Growth_Arrest,false,false,true
36,44,35,Growth_Arrest,false,false,true
36,44,39,Growth_Arrest,false,false,true
38,30,35,Growth_Arrest,false,false,true
38,30,39,Growth_Arrest,false,true,false
38,35,30,Growth_Arrest,false,true,true
38,35,44,Growth_Arrest,false,true,true
38,39,30,Growth_Arrest,false,false,true
38,39,44,Growth_Arrest,false,false,false
38,44,35,Growth_Arrest,false,true,false
38,44,39,Growth_Arrest,false,true,true
39,30,36,Growth_Arrest,false,true,true
39,30,38,Growth_Arrest,false,false,false
39,32,32,Growth_Arrest,false,false,false
39,32,42,Growth_Arrest,false,false,false
39,36,30,Growth_Arrest,false,true,true
39,36,44,Growth_Arrest,false,false,true
39,38,30,Growth_Arrest,false,false,false
39,38,44,Growth_Arrest,false,true,true
39,42,32,Growth_Arrest,false,true,false
39,42,42,Growth_Arrest,false,true,true
39,44,36,Growth_Arrest,false,true,true
39,44,38,Growth_Arrest,false,true,true
40,31,34,Growth_Arrest,false,true,true
40,31,40,Growth_Arrest,false,true,false
40,34,31,Growth_Arrest,false,true,false
40,34,43,Growth_Arrest,false,false,true
40,40,31,Growth_Arrest,false,true,true
40,40,43,Growth_Arrest,false,false,true
40,43,34,Growth_Arrest,false,false,true
40,43,40,Growth_Arrest,false,true,true
42,32,35,Growth_Arrest,false,true,true
42,32,39,Growth_Arrest,false,true,false
42,35,32,Growth_Arrest,false,false,true
42,35,42,Growth_Arrest,false,true,false
42,39,32,Growth_Arrest,false,true,false
42,39,42,Growth_Arrest,false,true,true
42,42,35,Growth_Arrest,false,true,true
42,42,39,Growth_Arrest,false,false,false
43,34,34,Growth_Arrest,false,true,true
43,34,40,Growth_Arrest,false,false,true
43,40,34,Growth_Arrest,false,false,true
43,40,40,Growth_Arrest,false,true,false
44,35,36,Growth_Arrest,false,false,true
44,35,38,Growth_Arrest,false,true,true
44,36,35,Growth_Arrest,false,true,true
44,36,39,Growth_Arrest,false,true,true
44,38,35,Growth_Arrest,false,false,false
44,38,39,Growth_Arrest,false,false,true
44,39,36,Growth_Arrest,false,false,true
44,39,38,Growth_Arrest,false,true,true
31,33,35,Growth_Arrest,false,false,false
31,33,39,Growth_Arrest,false,false,false
31,35,33,Growth_Arrest,false,false,true
31,35,41,Growth_Arrest,false,true,true
31,39,33,Growth_Arrest,false,true,false
31,39,41,Growth_Arrest,false,true,true
31,41,35,Growth_Arrest,false,false,true
31,41,39,Growth_Arrest,false,false,true
33,31,35,Growth_Arrest,false,true,false
33,31,39,Growth_Arrest,false,true,true
33,35,31,Growth_Arrest,false,true,false
33,35,43,Growth_Arrest,false,true,false
33,39,31,Growth_Arrest,false,false,false
33,39,43,Growth_Arrest,false,true,true
33,43,35,Growth_Arrest,false,true,true
33,43,39,Growth_Arrest,false,false,false
35,31,33,Growth_Arrest,false,false,false
35,31,41,Growth_Arrest,false,false,false
35,33,31,Growth_Arrest,false,false,false
35,33,43,Growth_Arrest,false,false,false
35,41,31,Growth_Arrest,false,true,true
35,41,43,Growth_Arrest,false,true,false
35,43,33,Growth_Arrest,false,false,true
35,43,41,Growth_Arrest,false,false,false
39,31,33,Growth_Arrest,false,false,false
39,31,41,Growth_Arrest,false,false,false
39,33,31,Growth_Arrest,false,true,false
39,33,43,Growth_Arrest,false,false,true
39,41,31,Growth_Arrest,false,false,false
39,41,43,Growth_Arrest,false,true,false
39,43,33,Growth_Arrest,false,false,false
39,43,41,Growth_Arrest,false,false,true
41,31,35,Growth_Arrest,false,true,false
41,31,39,Growth_Arrest,false,true,true
41,35,31,Growth_Arrest,false,false,true
41,35,43,Growth_Arrest,false,false,false
41,39,31,Growth_Arrest,false,false,false
41,39,43,Growth_Arrest,false,false,true
41,43,35,Growth_Arrest,false,false,false
41,43,39,Growth_Arrest,false,false,true
43,33,35,Growth_Arrest,false,true,true
43,33,39,Growth_Arrest,false,true,true
43,35,33,Growth_Arrest,false,false,true
43,35,41,Growth_Arrest,false,true,true
43,39,33,Growth_Arrest,false,true,false
43,39,41,Growth_Arrest,false,false,false
43,41,35,Growth_Arrest,false,true,false
43,41,39,Growth_Arrest,false,false,true
30,35,35,Growth_Arrest,false,false,true
30,35,39,Growth_Arrest,false,false,false
30,39,35,Growth_Arrest,false,false,true
30,39,39,Growth_Arrest,false,false,false
32,33,33,Growth_Arrest,false,true,false
32,33,41,Growth_Arrest,false,true,true
32,41,33,Growth_Arrest,false,false,true
32,41,41,Growth_Arrest,false,false,true
33,32,33,Growth_Arrest,false,false,true
33,32,41,Growth_Arrest,false,false,true
33,33,32,Growth_Arrest,false,false,false
33,33,42,Growth_Arrest,false,false,false
33,41,32,Growth_Arrest,false,true,false
33,41,42,Growth_Arrest,false,true,true
33,42,33,Growth_Arrest,false,true,false
33,42,41,Growth_Arrest,false,false,true
35,30,35,Growth_Arrest,false,false,false
35,30,39,Growth_Arrest,false,true,true
35,35,30,Growth_Arrest,false,true,false
35,35,44,Growth_Arrest,false,true,false
35,39,30,Growth_Arrest,false,false,true
35,39,44,Growth_Arrest,false,false,false
35,44,35,Growth_Arrest,false,false,true
35,44,39,Growth_Arrest,false,true,true
39,30,35,Growth_Arrest,false,true,false
39,30,39,Growth_Arrest,false,false,false
39,35,30,Growth_Arrest,false,false,false
39,35,44,Growth_Arrest,false,true,false
39,39,30,Growth_Arrest,false,false,false
39,39,44,Growth_Arrest,false,false,true
39,44,35,Growth_Arrest,false,false,false
39,44,39,Growth_Arrest,false,true,false
41,32,33,Growth_Arrest,false,false,false
41,32,41,Growth_Arrest,false,true,true
41,33,32,Growth_Arrest,false,true,false
41,33,42,Growth_Arrest,false,true,false
41,41,32,Growth_Arrest,false,false,false
41,41,42,Growth_Arrest,false,false,true
41,42,33,Growth_Arrest,false,true,true
41,42,41,Growth_Arrest,false,true,true
42,33,33,Growth_Arrest,false,false,false
42,33,41,Growth_Arrest,false,true,false
42,41,33,Growth_Arrest,false,true,false
42,41,41,Growth_Arrest,false,false,false
44,35,35,Growth_Arrest,false,false,false
44,35,39,Growth_Arrest,false,true,false
44,39,35,Growth_Arrest,false,true,false
44,39,39,Growth_Arrest,false,false,false
30,34,37,Growth_Arrest,false,true,false
30,37,34,Growth_Arrest,false,true,false
30,37,40,Growth_Arrest,false,true,false
30,40,37,Growth_Arrest,false,true,true
34,30,37,Growth_Arrest,false,true,false
34,37,30,Growth_Arrest,false,false,false
34,37,44,Growth_Arrest,false,true,true
34,44,37,Growth_Arrest,false,true,false
37,30,34,Growth_Arrest,false,false,false
37,30,40,Growth_Arrest,false,true,true
37,34,30,Growth_Arrest,false,true,false
37,34,44,Growth_Arrest,false,true,true
37,40,30,Growth_Arrest,false,false,true
37,40,44,Growth_Arrest,false,true,true
37,44,34,Growth_Arrest,false,true,false
37,44,40,Growth_Arrest,false,false,true
40,30,37,Growth_Arrest,false,false,true
40,37,30,Growth_Arrest,false,true,true
40,37,44,Growth_Arrest,false,true,false
40,44,37,Growth_Arrest,false,false,false
44,34,37,Growth_Arrest,false,false,false
44,37,34,Growth_Arrest,false,false,true
44,37,40,Growth_Arrest,false,true,false
44,40,37,Growth_Arrest,false,false,true
30,34,36,Growth_Arrest,false,false,false
30,34,38,Growth_Arrest,false,false,true
30,36,34,Growth_Arrest,false,false,true
30,36,40,Growth_Arrest,false,false,true
30,38,34,Growth_Arrest,false,false,false
30,38,40,Growth_Arrest,false,true,true
30,40,36,Growth_Arrest,false,true,true
30,40,38,Growth_Arrest,false,true,true
32,32,34,Growth_Arrest,false,true,false
32,32,40,Growth_Arrest,false,false,false
32,34,32,Growth_Arrest,false,true,false
32,34,42,Growth_Arrest,false,false,true
32,40,32,Growth_Arrest,false,true,true
32,40,42,Growth_Arrest,false,false,true
32,42,34,Growth_Arrest,false,false,false
32,42,40,Growth_Arrest,false,false,false
34,30,36,Growth_Arrest,false,false,true
34,30,38,Growth_Arrest,false,false,true
34,32,32,Growth_Arrest,false,true,false
34,32,42,Growth_Arrest,false,false,false
34,36,30,Growth_Arrest,false,true,false
34,36,44,Growth_Arrest,false,false,false
34,38,30,Growth_Arrest,false,true,true
34,38,44,Growth_Arrest,false,false,true
34,42,32,Growth_Arrest,false,true,true
34,42,42,Growth_Arrest,false,true,true
34,44,36,Growth_Arrest,false,true,true
34,44,38,Growth_Arrest,false,false,false
36,30,34,Growth_Arrest,false,false,true
36,30,40,Growth_Arrest,false,true,false
36,34,30,Growth_Arrest,false,true,false
36,34,44,Growth_Arrest,false,false,true
36,40,30,Growth_Arrest,false,false,false
36,40,44,Growth_Arrest,false,true,true
36,44,34,Growth_Arrest,false,false,true
36,44,40,Growth_Arrest,false,true,false
38,30,34,Growth_Arrest,false,false,true
38,30,40,Growth_Arrest,false,false,true
38,34,30,Growth_Arrest,false,true,true
38,34,44,Growth_Arrest,false,false,true
38,40,30,Growth_Arrest,false,false,false
38,40,44,Growth_Arrest,false,false,false
38,44,34,Growth_Arrest,false,true,false
38,44,40,Growth_Arrest,false,false,true
40,30,36,Growth_Arrest,false,false,true
40,30,38,Growth_Arrest,false,false,true
40,32,32,Growth_Arrest,false,true,false
40,32,42,Growth_Arrest,false,false,false
40,36,30,Growth_Arrest,false,true,false
40,36,44,Growth_Arrest,false,false,false
40,38,30,Growth_Arrest,false,false,false
40,38,44,Growth_Arrest,false,true,false
40,42,32,Growth_Arrest,false,false,true
40,42,42,Growth_Arrest,false,true,false
40,44,36,Growth_Arrest,false,false,false
40,44,38,Growth_Arrest,false,true,false
42,32,34,Growth_Arrest,false,true,true
42,32,40,Growth_Arrest,false,true,false
42,34,32,Growth_Arrest,false,false,false
42,34,42,Growth_Arrest,false,false,true
42,40,32,Growth_Arrest,false,true,true
42,40,42,Growth_Arrest,false,true,false
42,42,34,Growth_Arrest,false,false,false
42,42,40,Growth_Arrest,false,true,true
44,34,36,Growth_Arrest,false,true,false
44,34,38,Growth_Arrest,false,false,true
44,36,34,Growth_Arrest,false,false,true
44,36,40,Growth_Arrest,false,true,true
44,38,34,Growth_Arrest,false,false,false
44,38,40,Growth_Arrest,false,false,false
44,40,36,Growth_Arrest,false,false,true
44,40,38,Growth_Arrest,false,true,false
31,32,37,Growth_Arrest,false,false,false
31,33,34,Growth_Arrest,false,false,true
31,33,40,Growth_Arrest,false,false,false
31,34,33,Growth_Arrest,false,false,true
31,34,41,Growth_Arrest,false,true,false
31,37,32,Growth_Arrest,false,true,true
31,37,42,Growth_Arrest,false,true,false
31,40,33,Growth_Arrest,false,true,true
31,40,41,Growth_Arrest,false,true,true
31,41,34,Growth_Arrest,false,true,false
31,41,40,Growth_Arrest,false,true,true
31,42,37,Growth_Arrest,false,true,false
32,31,37,Growth_Arrest,false,true,true
32,37,31,Growth_Arrest,false,false,true
32,37,43,Growth_Arrest,false,true,true
32,43,37,Growth_Arrest,false,false,false
33,31,34,Growth_Arrest,false,true,false
33,31,40,Growth_Arrest,false,true,false
33,34,31,Growth_Arrest,false,true,false
33,34,43,Growth_Arrest,false,true,false
33,40,31,Growth_Arrest,false,false,false
33,40,43,Growth_Arrest,false,false,true
33,43,34,Growth_Arrest,false,true,false
33,43,40,Growth_Arrest,false,true,false
34,31,33,Growth_Arrest,false,true,true
34,31,41,Growth_Arrest,false,true,false
34,33,31,Growth_Arrest,false,true,false
34,33,43,Growth_Arrest,false,true,false
34,41,31,Growth_Arrest,false,true,true
34,41,43,Growth_Arrest,false,true,false
34,43,33,Growth_Arrest,false,true,false
34,43,41,Growth_Arrest,false,true,false
37,31,32,Growth_Arrest,false,false,true
37,31,42,Growth_Arrest,false,false,false
37,32,31,Growth_Arrest,false,false,false
37,32,43,Growth_Arrest,false,true,true
37,42,31,Growth_Arrest,false,false,false
37,42,43,Growth_Arrest,false,false,false
37,43,32,Growth_Arrest,false,true,true
37,43,42,Growth_Arrest,false,false,false
40,31,33,Growth_Arrest,false,false,true
40,31,41,Growth_Arrest,false,true,false
40,33,31,Growth_Arrest,false,false,true
40,33,43,Growth_Arrest,false,true,false
40,41,31,Growth_Arrest,false,false,false
40,41,43,Growth_Arrest,false,true,false
40,43,33,Growth_Arrest,false,false,true
40,43,41,Growth_Arrest,false,false,true
41,31,34,Growth_Arrest,false,false,false
41,31,40,Growth_Arrest,false,true,false
41,34,31,Growth_Arrest,false,true,true
41,34,43,Growth_Arrest,false,false,true
41,40,31,Growth_Arrest,false,false,true
41,40,43,Growth_Arrest,false,false,true
41,43,34,Growth_Arrest,false,false,false
41,43,40,Growth_Arrest,false,true,true
42,31,37,Growth_Arrest,false,false,false
42,37,31,Growth_Arrest,false,true,true
42,37,43,Growth_Arrest,false,false,false
42,43,37,Growth_Arrest,false,false,true
43,32,37,Growth_Arrest,false,false,false
43,33,34,Growth_Arrest,false,true,false
43,33,40,Growth_Arrest,false,false,false
43,34,33,Growth_Arrest,false,false,false
43,34,41,Growth_Arrest,false,true,false
43,37,32,Growth_Arrest,false,true,true
43,37,42,Growth_Arrest,false,true,false
43,40,33,Growth_Arrest,false,false,false
43,40,41,Growth_Arrest,false,false,false
43,41,34,Growth_Arrest,false,true,false
43,41,40,Growth_Arrest,false,false,false
43,42,37,Growth_Arrest,false,true,false
30,34,35,Growth_Arrest,false,true,false
30,34,39,Growth_Arrest,false,true,true
30,35,34,Growth_Arrest,false,false,false
30,35,40,Growth_Arrest,false,false,false
30,39,34,Growth_Arrest,false,true,true
30,39,40,Growth_Arrest,false,true,true
30,40,35,Growth_Arrest,false,false,false
30,40,39,Growth_Arrest,false,true,false
31,32,36,Growth_Arrest,false,true,false
31,32,38,Growth_Arrest,false,false,true
31,36,32,Growth_Arrest,false,false,true
31,36,42,Growth_Arrest,false,true,true
31,38,32,Growth_Arrest,false,true,true
31,38,42,Growth_Arrest,false,true,false
31,42,36,Growth_Arrest,false,false,true
31,42,38,Growth_Arrest,false,false,false
32,31,36,Growth_Arrest,false,false,true
32,31,38,Growth_Arrest,false,true,false
32,36,31,Growth_Arrest,false,true,true
32,36,43,Growth_Arrest,false,true,true
32,38,31,Growth_Arrest,false,true,false
32,38,43,Growth_Arrest,false,true,false
32,43,36,Growth_Arrest,false,true,true
32,43,38,Growth_Arrest,false,false,false
34,30,35,Growth_Arrest,false,true,false
34,30,39,Growth_Arrest,false,true,false
34,35,30,Growth_Arrest,false,false,true
34,35,44,Growth_Arrest,false,true,true
34,39,30,Growth_Arrest,false,false,true
34,39,44,Growth_Arrest,false,true,true
34,44,35,Growth_Arrest,false,true,true
34,44,39,Growth_Arrest,false,false,false
35,30,34,Growth_Arrest,false,true,false
35,30,40,Growth_Arrest,false,true,false
35,34,30,Growth_Arrest,false,true,true
35,34,44,Growth_Arrest,false,false,false
35,40,30,Growth_Arrest,false,false,true
35,40,44,Growth_Arrest,false,true,false
35,44,34,Growth_Arrest,false,true,false
35,44,40,Growth_Arrest,false,false,true
36,31,32,Growth_Arrest,false,false,false
36,31,42,Growth_Arrest,false,false,false
36,32,31,Growth_Arrest,false,false,false
36,32,43,Growth_Arrest,false,true,false
36,42,31,Growth_Arrest,false,true,false
36,42,43,Growth_Arrest,false,false,true
36,43,32,Growth_Arrest,false,true,false
36,43,42,Growth_Arrest,false,true,true
38,31,32,Growth_Arrest,false,true,true
38,31,42,Growth_Arrest,false,false,false
38,32,31,Growth_Arrest,false,true,false
38,32,43,Growth_Arrest,false,true,false
38,42,31,Growth_Arrest,false,false,true
38,42,43,Growth_Arrest,false,false,true
38,43,32,Growth_Arrest,false,true,true
38,43,42,Growth_Arrest,false,true,true
39,30,34,Growth_Arrest,false,true,true
39,30,40,Growth_Arrest,false,false,false
39,34,30,Growth_Arrest,false,false,false
39,34,44,Growth_Arrest,false,true,true
39,40,30,Growth_Arrest,false,true,false
39,40,44,Growth_Arrest,false,true,false
39,44,34,Growth_Arrest,false,true,true
39,44,40,Growth_Arrest,false,false,false
40,30,35,Growth_Arrest,false,false,true
40,30,39,Growth_Arrest,false,true,true
40,35,30,Growth_Arrest,false,false,false
40,35,44,Growth_Arrest,false,true,true
40,39,30,Growth_Arrest,false,false,false
40,39,44,Growth_Arrest,false,true,false
40,44,35,Growth_Arrest,false,false,false
40,44,39,Growth_Arrest,false,true,true
42,31,36,Growth_Arrest,false,true,true
42,31,38,Growth_Arrest,false,true,false
42,36,31,Growth_Arrest,false,true,false
42,36,43,Growth_Arrest,false,true,false
42,38,31,Growth_Arrest,false,false,false
42,38,43,Growth_Arrest,false,false,false
42,43,36,Growth_Arrest,false,false,true
42,43,38,Growth_Arrest,false,false,true
43,32,36,Growth_Arrest,false,true,true
43,32,38,Growth_Arrest,false,true,true
43,36,32,Growth_Arrest,false,false,false
43,36,42,Growth_Arrest,false,false,true
43,38,32,Growth_Arrest,false,true,false
43,38,42,Growth_Arrest,false,false,true
43,42,36,Growth_Arrest,false,false,true
43,42,38,Growth_Arrest,false,true,true
44,34,35,Growth_Arrest,false,true,true
44,34,39,Growth_Arrest,false,false,true
44,35,34,Growth_Arrest,false,true,false
44,35,40,Growth_Arrest,false,false,false
44,39,34,Growth_Arrest,false,false,true
44,39,40,Growth_Arrest,false,true,false
44,40,35,Growth_Arrest,false,false,true
44,40,39,Growth_Arrest,false,false,false
29,37,37,Growth_Arrest,false,true,true
37,29,37,Growth_Arrest,false,false,false
37,37,29,Growth_Arrest,false,false,true
37,37,45,Growth_Arrest,false,true,false
37,45,37,Growth_Arrest,false,true,true
45,37,37,Growth_Arrest,false,false,false
29,36,37,Growth_Arrest,false,true,false
29,37,36,Growth_Arrest,false,false,true
29,37,38,Growth_Arrest,false,true,true
29,38,37,Growth_Arrest,false,true,true
30,33,37,Growth_Arrest,false,false,true
30,37,33,Growth_Arrest,false,false,false
30,37,41,Growth_Arrest,false,true,true
30,41,37,Growth_Arrest,false,false,true
31,32,35,Growth_Arrest,false,false,false
31,32,39,Growth_Arrest,false,false,true
31,35,32,Growth_Arrest,false,true,false
31,35,42,Growth_Arrest,false,true,false
31,39,32,Growth_Arrest,false,true,false
31,39,42,Growth_Arrest,false,false,true
31,42,35,Growth_Arrest,false,false,false
31,42,39,Growth_Arrest,false,true,true
32,31,35,Growth_Arrest,false,false,false
32,31,39,Growth_Arrest,false,false,true
32,35,31,Growth_Arrest,false,false,true
32,35,43,Growth_Arrest,false,true,false
32,39,31,Growth_Arrest,false,false,false
32,39,43,Growth_Arrest,false,false,true
32,43,35,Growth_Arrest,false,false,false
32,43,39,Growth_Arrest,false,true,false
33,30,37,Growth_Arrest,false,true,false
33,37,30,Growth_Arrest,false,true,true
33,37,44,Growth_Arrest,false,true,true
33,44,37,Growth_Arrest,false,false,false
35,31,32,Growth_Arrest,false,true,true
35,31,42,Growth_Arrest,false,false,false
35,32,31,Growth_Arrest,false,false,false
35,32,43,Growth_Arrest,false,false,true
35,42,31,Growth_Arrest,false,false,false
35,42,43,Growth_Arrest,false,true,true
35,43,32,Growth_Arrest,false,true,true
35,43,42,Growth_Arrest,false,false,true
36,29,37,Growth_Arrest,false,true,false
36,37,29,Growth_Arrest,false,true,true
36,37,45,Growth_Arrest,false,false,false
36,45,37,Growth_Arrest,false,false,false
37,29,36,Growth_Arrest,false,false,true
37,29,38,Growth_Arrest,false,false,true
37,30,33,Growth_Arrest,false,true,true
37,30,41,Growth_Arrest,false,true,false
37,33,30,Growth_Arrest,false,false,true
37,33,44,Growth_Arrest,false,true,true
37,36,29,Growth_Arrest,false,false,true
37,36,45,Growth_Arrest,false,false,true
37,38,29,Growth_Arrest,false,true,false
37,38,45,Growth_Arrest,false,true,false
37,41,30,Growth_Arrest,false,false,true
37,41,44,Growth_Arrest,false,true,true
37,44,33,Growth_Arrest,false,true,false
37,44,41,Growth_Arrest,false,true,true
37,45,36,Growth_Arrest,false,false,true
37,45,38,Growth_Arrest,false,false,true
38,29,37,Growth_Arrest,false,false,false
38,37,29,Growth_Arrest,false,false,true
38,37,45,Growth_Arrest,false,false,false
38,45,37,Growth_Arrest,false,true,true
39,31,32,Growth_Arrest,false,false,false
39,31,42,Growth_Arrest,false,false,false
39,32,31,Growth_Arrest,false,true,true
39,32,43,Growth_Arrest,false,true,false
39,42,31,Growth_Arrest,false,true,true
39,42,43,Growth_Arrest,false,true,true
39,43,32,Growth_Arrest,false,true,true
39,43,42,Growth_Arrest,false,false,true
41,30,37,Growth_Arrest,false,true,true
41,37,30,Growth_Arrest,false,false,true
41,37,44,Growth_Arrest,false,true,false
41,44,37,Growth_Arrest,false,false,true
42,31,35,Growth_Arrest,false,true,true
42,31,39,Growth_Arrest,false,false,true
42,35,31,Growth_Arrest,false,false,false
42,35,43,Growth_Arrest,false,false,false
42,39,31,Growth_Arrest,false,false,false
42,39,43,Growth_Arrest,false,false,false
42,43,35,Growth_Arrest,false,true,false
42,43,39,Growth_Arrest,false,false,true
43,32,35,Growth_Arrest,false,false,true
43,32,39,Growth_Arrest,false,false,false
43,35,32,Growth_Arrest,false,true,true
43,35,42,Growth_Arrest,false,true,true
43,39,32,Growth_Arrest,false,true,false
43,39,42,Growth_Arrest,false,false,false
43,42,35,Growth_Arrest,false,false,true
43,42,39,Growth_Arrest,false,true,false
44,33,37,Growth_Arrest,false,true,true
44,37,33,Growth_Arrest,false,false,false
44,37,41,Growth_Arrest,false,false,false
44,41,37,Growth_Arrest,false,false,true
45,36,37,Growth_Arrest,false,false,false
45,37,36,Growth_Arrest,false,true,true
45,37,38,Growth_Arrest,false,true,false
45,38,37,Growth_Arrest,false,false,true
29,36,36,Growth_Arrest,false,false,false
29,36,38,Growth_Arrest,false,true,true
29,38,36,Growth_Arrest,false,false,false
29,38,38,Growth_Arrest,false,false,false
30,33,36,Growth_Arrest,false,false,false
30,33,38,Growth_Arrest,false,false,true
30,36,33,Growth_Arrest,false,true,true
30,36,41,Growth_Arrest,false,false,false
30,38,33,Growth_Arrest,false,false,false
30,38,41,Growth_Arrest,false,false,true
30,41,36,Growth_Arrest,false,true,true
30,41,38,Growth_Arrest,false,false,true
32,32,33,Growth_Arrest,false,false,false
32,32,41,Growth_Arrest,false,false,true
32,33,32,Growth_Arrest,false,true,false
32,33,42,Growth_Arrest,false,true,true
32,41,32,Growth_Arrest,false,false,false
32,41,42,Growth_Arrest,false,false,true
32,42,33,Growth_Arrest,false,false,true
32,42,41,Growth_Arrest,false,false,true
33,30,36,Growth_Arrest,false,false,true
33,30,38,Growth_Arrest,false,true,true
33,32,32,Growth_Arrest,false,true,false
33,32,42,Growth_Arrest,false,true,false
33,36,30,Growth_Arrest,false,false,true
33,36,44,Growth_Arrest,false,false,true
33,38,30,Growth_Arrest,false,true,false
33,38,44,Growth_Arrest,false,true,false
33,42,32,Growth_Arrest,false,false,false
33,42,42,Growth_Arrest,false,true,true
33,44,36,Growth_Arrest,false,true,true
33,44,38,Growth_Arrest,false,false,false
36,29,36,Growth_Arrest,false,true,false
36,29,38,Growth_Arrest,false,false,false
36,30,33,Growth_Arrest,false,true,true
36,30,41,Growth_Arrest,false,false,false
36,33,30,Growth_Arrest,false,true,true
36,33,44,Growth_Arrest,false,false,true
36,36,29,Growth_Arrest,false,false,false
36,36,45,Growth_Arrest,false,true,true
36,38,29,Growth_Arrest,false,false,true
36,38,45,Growth_Arrest,false,true,true
36,41,30,Growth_Arrest,false,true,true
36,41,44,Growth_Arrest,false,false,false
36,44,33,Growth_Arrest,false,false,false
36,44,41,Growth_Arrest,false,true,true
36,45,36,Growth_Arrest,false,false,false
36,45,38,Growth_Arrest,false,false,false
38,29,36,Growth_Arrest,false,true,false
38,29,38,Growth_Arrest,false,true,true
38,30,33,Growth_Arrest,false,false,false
38,30,41,Growth_Arrest,false,false,true
38,33,30,Growth_Arrest,false,true,false
38,33,44,Growth_Arrest,false,true,true
38,36,29,Growth_Arrest,false,false,false
38,36,45,Growth_Arrest,false,true,true
38,38,29,Growth_Arrest,false,true,true
38,38,45,Growth_Arrest,false,true,false
38,41,30,Growth_Arrest,false,true,true
38,41,44,Growth_Arrest,false,true,false
38,44,33,Growth_Arrest,false,false,false
38,44,41,Growth_Arrest,false,false,false
38,45,36,Growth_Arrest,false,true,true
38,45,38,Growth_Arrest,false,false,true
41,30,36,Growth_Arrest,false,false,false
41,30,38,Growth_Arrest,false,false,true
41,32,32,Growth_Arrest,false,false,false
41,32,42,Growth_Arrest,false,false,true
41,36,30,Growth_Arrest,false,false,true
41,36,44,Growth_Arrest,false,true,true
41,38,30,Growth_Arrest,false,true,false
41,38,44,Growth_Arrest,false,false,true
41,42,32,Growth_Arrest,false,false,true
41,42,42,Growth_Arrest,false,true,true
41,44,36,Growth_Arrest,false,true,true
41,44,38,Growth_Arrest,false,true,false
42,32,33,Growth_Arrest,false,true,false
42,32,41,Growth_Arrest,false,false,true
42,33,32,Growth_Arrest,false,false,false
42,33,42,Growth_Arrest,false,false,true
42,41,32,Growth_Arrest,false,true,true
42,41,42,Growth_Arrest,false,false,true
42,42,33,Growth_Arrest,false,true,false
42,42,41,Growth_Arrest,false,false,false
44,33,36,Growth_Arrest,false,true,true
44,33,38,Growth_Arrest,false,true,false
44,36,33,Growth_Arrest,false,true,true
44,36,41,Growth_Arrest,false,true,true
44,38,33,Growth_Arrest,false,false,false
44,38,41,Growth_Arrest,false,true,true
44,41,36,Growth_Arrest,false,true,false
44,41,38,Growth_Arrest,false,true,false
45,36,36,Growth_Arrest,false,false,true
45,36,38,Growth_Arrest,false,true,false
45,38,36,Growth_Arrest,false,false,false
45,38,38,Growth_Arrest,false,false,true
30,34,34,Growth_Arrest,false,true,false
30,34,40,Growth_Arrest,false,true,true
30,40,34,Growth_Arrest,false,true,false
30,40,40,Growth_Arrest,false,true,false
34,30,34,Growth_Arrest,false,false,false
34,30,40,Growth_Arrest,false,false,false
34,34,30,Growth_Arrest,false,false,false
34,34,44,Growth_Arrest,false,true,true
34,40,30,Growth_Arrest,false,false,true
34,40,44,Growth_Arrest,false,true,true
34,44,34,Growth_Arrest,false,false,true
34,44,40,Growth_Arrest,false,true,true
40,30,34,Growth_Arrest,false,false,true
40,30,40,Growth_Arrest,false,true,true
40,34,30,Growth_Arrest,false,false,false
40,34,44,Growth_Arrest,false,true,true
40,40,30,Growth_Arrest,false,false,true
40,40,44,Growth_Arrest,false,false,true
40,44,34,Growth_Arrest,false,true,true
40,44,40,Growth_Arrest,false,true,false
44,34,34,Growth_Arrest,false,true,false
44,34,40,Growth_Arrest,false,true,true
44,40,34,Growth_Arrest,false,true,false
44,40,40,Growth_Arrest,false,true,false
29,35,37,Growth_Arrest,false,false,true
29,37,35,Growth_Arrest,false,false,true
29,37,39,Growth_Arrest,false,false,false
29,39,37,Growth_Arrest,false,true,true
31,33,33,Growth_Arrest,false,false,true
31,33,41,Growth_Arrest,false,true,true
31,41,33,Growth_Arrest,false,false,true
31,41,41,Growth_Arrest,false,true,true
33,31,33,Growth_Arrest,false,false,true
33,31,41,Growth_Arrest,false,true,true
33,33,31,Growth_Arrest,false,false,true
33,33,43,Growth_Arrest,false,true,false
33,41,31,Growth_Arrest,false,false,true
33,41,43,Growth_Arrest,false,false,true
33,43,33,Growth_Arrest,false,true,true
33,43,41,Growth_Arrest,false,false,false
35,29,37,Growth_Arrest,false,true,false
35,37,29,Growth_Arrest,false,true,false
35,37,45,Growth_Arrest,false,false,false
35,45,37,Growth_Arrest,false,true,true
37,29,35,Growth_Arrest,false,false,false
37,29,39,Growth_Arrest,false,false,true
37,35,29,Growth_Arrest,false,false,true
37,35,45,Growth_Arrest,false,true,true
37,39,29,Growth_Arrest,false,false,true
37,39,45,Growth_Arrest,false,false,false
37,45,35,Growth_Arrest,false,true,true
37,45,39,Growth_Arrest,false,false,false
39,29,37,Growth_Arrest,false,true,false
39,37,29,Growth_Arrest,false,true,true
39,37,45,Growth_Arrest,false,false,false
39,45,37,Growth_Arrest,false,false,true
41,31,33,Growth_Arrest,false,true,false
41,31,41,Growth_Arrest,false,true,true
41,33,31,Growth_Arrest,false,false,true
41,33,43,Growth_Arrest,false,false,false
41,41,31,Growth_Arrest,false,false,false
41,41,43,Growth_Arrest,false,false,false
41,43,33,Growth_Arrest,false,true,true
41,43,41,Growth_Arrest,false,true,false
43,33,33,Growth_Arrest,false,false,false
43,33,41,Growth_Arrest,false,true,true
43,41,33,Growth_Arrest,false,false,false
43,41,41,Growth_Arrest,false,true,false
45,35,37,Growth_Arrest,false,false,true
45,37,35,Growth_Arrest,false,true,false
45,37,39,Growth_Arrest,false,false,true
45,39,37,Growth_Arrest,false,false,false
29,35,36,Growth_Arrest,false,false,false
29,35,38,Growth_Arrest,false,false,true
29,36,35,Growth_Arrest,false,false,false
29,36,39,Growth_Arrest,false,true,true
29,38,35,Growth_Arrest,false,true,true
29,38,39,Growth_Arrest,false,false,true
29,39,36,Growth_Arrest,false,false,true
29,39,38,Growth_Arrest,false,false,true
30,33,35,Growth_Arrest,false,true,false
30,33,39,Growth_Arrest,false,true,true
30,35,33,Growth_Arrest,false,true,false
30,35,41,Growth_Arrest,false,true,false
30,39,33,Growth_Arrest,false,false,false
30,39,41,Growth_Arrest,false,false,true
30,41,35,Growth_Arrest,false,false,true
30,41,39,Growth_Arrest,false,false,false
33,30,35,Growth_Arrest,false,false,false
33,30,39,Growth_Arrest,false,false,false
33,35,30,Growth_Arrest,false,true,false
33,35,44,Growth_Arrest,false,false,false
33,39,30,Growth_Arrest,false,true,true
33,39,44,Growth_Arrest,false,false,false
33,44,35,Growth_Arrest,false,false,true
33,44,39,Growth_Arrest,false,false,false
35,29,36,Growth_Arrest,false,false,false
35,29,38,Growth_Arrest,false,false,true
35,30,33,Growth_Arrest,false,false,true
35,30,41,Growth_Arrest,false,false,false
35,33,30,Growth_Arrest,false,true,false
35,33,44,Growth_Arrest,false,true,true
35,36,29,Growth_Arrest,false,false,true
35,36,45,Growth_Arrest,false,false,true
35,38,29,Growth_Arrest,false,false,true
35,38,45,Growth_Arrest,false,false,true
35,41,30,Growth_Arrest,false,true,true
35,41,44,Growth_Arrest,false,true,true
35,44,33,Growth_Arrest,false,true,false
35,44,41,Growth_Arrest,false,false,false
35,45,36,Growth_Arrest,false,false,false
35,45,38,Growth_Arrest,false,true,false
36,29,35,Growth_Arrest,false,true,false
36,29,39,Growth_Arrest,false,false,true
36,35,29,Growth_Arrest,false,true,true
36,35,45,Growth_Arrest,false,true,false
36,39,29,Growth_Arrest,false,true,false
36,39,45,Growth_Arrest,false,false,false
36,45,35,Growth_Arrest,false,false,false
36,45,39,Growth_Arrest,false,true,true
38,29,35,Growth_Arrest,false,false,false
38,29,39,Growth_Arrest,false,false,false
38,35,29,Growth_Arrest,false,true,false
38,35,45,Growth_Arrest,false,true,false
38,39,29,Growth_Arrest,false,true,false
38,39,45,Growth_Arrest,false,true,false
38,45,35,Growth_Arrest,false,true,false
38,45,39,Growth_Arrest,false,false,true
39,29,36,Growth_Arrest,false,true,true
39,29,38,Growth_Arrest,false,true,true
39,30,33,Growth_Arrest,false,false,false
39,30,41,Growth_Arrest,false,false,true
39,33,30,Growth_Arrest,false,false,false
39,33,44,Growth_Arrest,false,true,true
39,36,29,Growth_Arrest,false,false,false
39,36,45,Growth_Arrest,false,false,false
39,38,29,Growth_Arrest,false,false,true
39,38,45,Growth_Arrest,false,true,true
39,41,30,Growth_Arrest,false,false,true
39,41,44,Growth_Arrest,false,false,false
39,44,33,Growth_Arrest,false,true,false
39,44,41,Growth_Arrest,false,false,true
39,45,36,Growth_Arrest,false,false,true
39,45,38,Growth_Arrest,false,false,true
41,30,35,Growth_Arrest,false,false,false
41,30,39,Growth_Arrest,false,true,false
41,35,30,Growth_Arrest,false,false,false
41,35,44,Growth_Arrest,false,false,false
41,39,30,Growth_Arrest,false,false,true
41,39,44,Growth_Arrest,false,false,false
41,44,35,Growth_Arrest,false,false,false
41,44,39,Growth_Arrest,false,true,false
44,33,35,Growth_Arrest,false,true,false
44,33,39,Growth_Arrest,false,true,true
44,35,33,Growth_Arrest,false,true,true
44,35,41,Growth_Arrest,false,true,false
44,39,33,Growth_Arrest,false,false,true
44,39,41,Growth_Arrest,false,false,false
44,41,35,Growth_Arrest,false,true,false
44,41,39,Growth_Arrest,false,true,true
45,35,36,Growth_Arrest,false,true,true
45,35,38,Growth_Arrest,false,false,false
45,36,35,Growth_Arrest,false,false,false
45,36,39,Growth_Arrest,false,true,true
45,38,35,Growth_Arrest,false,false,false
45,38,39,Growth_Arrest,false,true,false
45,39,36,Growth_Arrest,false,false,false
45,39,38,Growth_Arrest,false,true,true
31,32,34,Growth_Arrest,false,true,true
31,32,40,Growth_Arrest,false,false,false
31,34,32,Growth_Arrest,false,true,false
31,34,42,Growth_Arrest,false,true,true
31,40,32,Growth_Arrest,false,true,true
31,40,42,Growth_Arrest,false,true,true
31,42,34,Growth_Arrest,false,false,false
31,42,40,Growth_Arrest,false,false,true
32,31,34,Growth_Arrest,false,false,true
32,31,40,Growth_Arrest,false,false,true
32,34,31,Growth_Arrest,false,false,true
32,34,43,Growth_Arrest,false,true,false
32,40,31,Growth_Arrest,false,false,true
32,40,43,Growth_Arrest,false,false,false
32,43,34,Growth_Arrest,false,true,true
32,43,40,Growth_Arrest,false,true,false
34,31,32,Growth_Arrest,false,false,true
34,31,42,Growth_Arrest,false,true,true
34,32,31,Growth_Arrest,false,false,false
34,32,43,Growth_Arrest,false,false,false
34,42,31,Growth_Arrest,false,false,false
34,42,43,Growth_Arrest,false,true,false
34,43,32,Growth_Arrest,false,true,true
34,43,42,Growth_Arrest,false,true,false
40,31,32,Growth_Arrest,false,true,true
40,31,42,Growth_Arrest,false,true,true
40,32,31,Growth_Arrest,false,true,true
40,32,43,Growth_Arrest,false,false,true
40,42,31,Growth_Arrest,false,false,true
40,42,43,Growth_Arrest,false,false,false
40,43,32,Growth_Arrest,false,true,true
40,43,42,Growth_Arrest,false,false,false
42,31,34,Growth_Arrest,false,true,false
42,31,40,Growth_Arrest,false,true,false
42,34,31,Growth_Arrest,false,true,true
42,34,43,Growth_Arrest,false,false,false
42,40,31,Growth_Arrest,false,false,true
42,40,43,Growth_Arrest,false,true,true
42,43,34,Growth_Arrest,false,false,false
42,43,40,Growth_Arrest,false,false,false
43,32,34,Growth_Arrest,false,true,true
43,32,40,Growth_Arrest,false,true,false
43,34,32,Growth_Arrest,false,true,true
43,34,42,Growth_Arrest,false,true,true
43,40,32,Growth_Arrest,false,false,false
43,40,42,Growth_Arrest,false,true,false
43,42,34,Growth_Arrest,false,false,true
43,42,40,Growth_Arrest,false,true,true
29,35,35,Growth_Arrest,false,false,false
29,35,39,Growth_Arrest,false,true,true
29,39,35,Growth_Arrest,false,true,true
29,39,39,Growth_Arrest,false,true,true
31,31,37,Growth_Arrest,false,false,true
31,37,31,Growth_Arrest,false,true,true
31,37,43,Growth_Arrest,false,false,true
31,43,37,Growth_Arrest,false,false,true
35,29,35,Growth_Arrest,false,false,true
35,29,39,Growth_Arrest,false,false,false
35,35,29,Growth_Arrest,false,false,true
35,35,45,Growth_Arrest,false,false,false
35,39,29,Growth_Arrest,false,true,false
35,39,45,Growth_Arrest,false,true,true
35,45,35,Growth_Arrest,false,true,false
35,45,39,Growth_Arrest,false,true,false
37,31,31,Growth_Arrest,false,false,false
37,31,43,Growth_Arrest,false,true,false
37,43,31,Growth_Arrest,false,true,true
37,43,43,Growth_Arrest,false,false,false
39,29,35,Growth_Arrest,false,true,true
39,29,39,Growth_Arrest,false,true,false
39,35,29,Growth_Arrest,false,false,false
39,35,45,Growth_Arrest,false,false,false
39,39,29,Growth_Arrest,false,true,false
39,39,45,Growth_Arrest,false,false,true
39,45,35,Growth_Arrest,false,true,false
39,45,39,Growth_Arrest,false,true,false
43,31,37,Growth_Arrest,false,false,false
43,37,31,Growth_Arrest,false,true,false
43,37,43,Growth_Arrest,false,false,false
43,43,37,Growth_Arrest,false,true,false
45,35,35,Growth_Arrest,false,false,false
45,35,39,Growth_Arrest,false,false,true
45,39,35,Growth_Arrest,false,true,false
45,39,39,Growth_Arrest,false,false,false
29,34,37,Growth_Arrest,false,false,false
29,37,34,Growth_Arrest,false,true,true
29,37,40,Growth_Arrest,false,true,true
29,40,37,Growth_Arrest,false,true,true
31,31,36,Growth_Arrest,false,false,true
31,31,38,Growth_Arrest,false,false,false
31,36,31,Growth_Arrest,false,true,false
31,36,43,Growth_Arrest,false,false,true
31,38,31,Growth_Arrest,false,false,false
31,38,43,Growth_Arrest,false,true,true
31,43,36,Growth_Arrest,false,true,false
31,43,38,Growth_Arrest,false,false,true
34,29,37,Growth_Arrest,false,true,true
34,37,29,Growth_Arrest,false,false,false
34,37,45,Growth_Arrest,false,true,false
34,45,37,Growth_Arrest,false,true,false
36,31,31,Growth_Arrest,false,true,true
36,31,43,Growth_Arrest,false,true,false
36,43,31,Growth_Arrest,false,true,true
36,43,43,Growth_Arrest,false,false,true
37,29,34,Growth_Arrest,false,true,true
37,29,40,Growth_Arrest,false,true,false
37,34,29,Growth_Arrest,false,false,false
37,34,45,Growth_Arrest,false,true,true
37,40,29,Growth_Arrest,false,true,false
37,40,45,Growth_Arrest,false,false,true
37,45,34,Growth_Arrest,false,false,false
37,45,40,Growth_Arrest,false,true,false
38,31,31,Growth_Arrest,false,false,false
38,31,43,Growth_Arrest,false,false,true
38,43,31,Growth_Arrest,false,false,false
38,43,43,Growth_Arrest,false,false,true
40,29,37,Growth_Arrest,false,false,true
40,37,29,Growth_Arrest,false,false,false
40,37,45,Growth_Arrest,false,false,true
40,45,37,Growth_Arrest,false,true,false
43,31,36,Growth_Arrest,false,true,true
43,31,38,Growth_Arrest,false,false,true
43,36,31,Growth_Arrest,false,false,true
43,36,43,Growth_Arrest,false,true,true
43,38,31,Growth_Arrest,false,true,false
43,38,43,Growth_Arrest,false,true,false
43,43,36,Growth_Arrest,false,false,true
43,43,38,Growth_Arrest,false,true,true
45,34,37,Growth_Arrest,false,false,true
45,37,34,Growth_Arrest,false,true,false
45,37,40,Growth_Arrest,false,false,false
45,40,37,Growth_Arrest,false,false,true
29,34,36,Growth_Arrest,false,true,true
29,34,38,Growth_Arrest,false,true,false
29,36,34,Growth_Arrest,false,true,false
29,36,40,Growth_Arrest,false,true,false
29,38,34,Growth_Arrest,false,true,false
29,38,40,Growth_Arrest,false,false,true
29,40,36,Growth_Arrest,false,false,true
29,40,38,Growth_Arrest,false,false,true
30,32,37,Growth_Arrest,false,false,false
30,33,34,Growth_Arrest,false,false,false
30,33,40,Growth_Arrest,false,false,false
30,34,33,Growth_Arrest,false,false,false
30,34,41,Growth_Arrest,false,true,true
30,37,32,Growth_Arrest,false,false,true
30,37,42,Growth_Arrest,false,true,false
30,40,33,Growth_Arrest,false,true,false
30,40,41,Growth_Arrest,false,true,false
30,41,34,Growth_Arrest,false,true,true
30,41,40,Growth_Arrest,false,false,false
30,42,37,Growth_Arrest,false,true,false
32,30,37,Growth_Arrest,false,true,true
32,37,30,Growth_Arrest,false,true,true
32,37,44,Growth_Arrest,false,true,true
32,44,37,Growth_Arrest,false,false,false
33,30,34,Growth_Arrest,false,false,true
33,30,40,Growth_Arrest,false,true,false
33,34,30,Growth_Arrest,false,true,false
33,34,44,Growth_Arrest,false,false,true
33,40,30,Growth_Arrest,false,false,true
33,40,44,Growth_Arrest,false,false,true
33,44,34,Growth_Arrest,false,true,false
33,44,40,Growth_Arrest,false,true,true
34,29,36,Growth_Arrest,false,false,false
34,29,38,Growth_Arrest,false,true,false
34,30,33,Growth_Arrest,false,false,false
34,30,41,Growth_Arrest,false,false,true
34,33,30,Growth_Arrest,false,false,false
34,33,44,Growth_Arrest,false,false,false
34,36,29,Growth_Arrest,false,true,false
34,36,45,Growth_Arrest,false,true,false
34,38,29,Growth_Arrest,false,false,true
34,38,45,Growth_Arrest,false,false,true
34,41,30,Growth_Arrest,false,true,false
34,41,44,Growth_Arrest,false,false,true
34,44,33,Growth_Arrest,false,false,false
34,44,41,Growth_Arrest,false,false,false
34,45,36,Growth_Arrest,false,true,false
34,45,38,Growth_Arrest,false,false,true
36,29,34,Growth_Arrest,false,false,false
36,29,40,Growth_Arrest,false,true,false
36,34,29,Growth_Arrest,false,true,true
36,34,45,Growth_Arrest,false,false,true
36,40,29,Growth_Arrest,false,false,false
36,40,45,Growth_Arrest,false,true,true
36,45,34,Growth_Arrest,false,false,true
36,45,40,Growth_Arrest,false,true,true
37,30,32,Growth_Arrest,false,true,false
37,30,42,Growth_Arrest,false,false,true
37,32,30,Growth_Arrest,false,false,true
37,32,44,Growth_Arrest,false,false,false
37,42,30,Growth_Arrest,false,false,true
37,42,44,Growth_Arrest,false,false,true
37,44,32,Growth_Arrest,false,false,false
37,44,42,Growth_Arrest,false,false,true
38,29,34,Growth_Arrest,false,false,false
38,29,40,Growth_Arrest,false,false,false
38,34,29,Growth_Arrest,false,true,true
38,34,45,Growth_Arrest,false,false,true
38,40,29,Growth_Arrest,false,true,false
38,40,45,Growth_Arrest,false,true,true
38,45,34,Growth_Arrest,false,false,false
38,45,40,Growth_Arrest,false,true,true
40,29,36,Growth_Arrest,false,false,false
40,29,38,Growth_Arrest,false,false,true
40,30,33,Growth_Arrest,false,true,true
40,30,41,Growth_Arrest,false,false,true
40,33,30,Growth_Arrest,false,true,false
40,33,44,Growth_Arrest,false,false,true
40,36,29,Growth_Arrest,false,true,false
40,36,45,Growth_Arrest,false,true,false
40,38,29,Growth_Arrest,false,true,true
40,38,45,Growth_Arrest,false,true,true
40,41,30,Growth_Arrest,false,true,false
40,41,44,Growth_Arrest,false,true,false
40,44,33,Growth_Arrest,false,false,false
40,44,41,Growth_Arrest,false,false,true
40,45,36,Growth_Arrest,false,false,true
40,45,38,Growth_Arrest,false,true,false
41,30,34,Growth_Arrest,false,true,false
41,30,40,Growth_Arrest,false,false,true
41,34,30,Growth_Arrest,false,false,false
41,34,44,Growth_Arrest,false,true,true
41,40,30,Growth_Arrest,false,false,true
41,40,44,Growth_Arrest,false,true,true
41,44,34,Growth_Arrest,false,false,true
41,44,40,Growth_Arrest,false,true,true
42,30,37,Growth_Arrest,false,true,false
42,37,30,Growth_Arrest,false,false,false
42,37,44,Growth_Arrest,false,false,true
42,44,37,Growth_Arrest,false,false,true
44,32,37,Growth_Arrest,false,true,false
44,33,34,Growth_Arrest,false,false,true
44,33,40,Growth_Arrest,false,true,false
44,34,33,Growth_Arrest,false,false,true
44,34,41,Growth_Arrest,false,true,false
44,37,32,Growth_Arrest,false,true,false
44,37,42,Growth_Arrest,false,false,false
44,40,33,Growth_Arrest,false,false,false
44,40,41,Growth_Arrest,false,false,false
44,41,34,Growth_Arrest,false,false,false
44,41,40,Growth_Arrest,false,true,false
44,42,37,Growth_Arrest,false,false,true
45,34,36,Growth_Arrest,false,true,false
45,34,38,Growth_Arrest,false,true,true
45,36,34,Growth_Arrest,false,true,false
45,36,40,Growth_Arrest,false,true,false
45,38,34,Growth_Arrest,false,true,true
45,38,40,Growth_Arrest,false,false,true
45,40,36,Growth_Arrest,false,false,true
45,40,38,Growth_Arrest,false,false,false
30,32,36,Growth_Arrest,false,false,true
30,32,38,Growth_Arrest,false,false,false
30,36,32,Growth_Arrest,false,false,true
30,36,42,Growth_Arrest,false,true,false
30,38,32,Growth_Arrest,false,false,false
30,38,42,Growth_Arrest,false,false,false
30,42,36,Growth_Arrest,false,true,false
30,42,38,Growth_Arrest,false,false,false
32,30,36,Growth_Arrest,false,true,true
32,30,38,Growth_Arrest,false,true,false
32,32,32,Growth_Arrest,false,false,false
32,32,42,Growth_Arrest,false,false,true
32,36,30,Growth_Arrest,false,true,true
32,36,44,Growth_Arrest,false,true,false
32,38,30,Growth_Arrest,false,true,false
32,38,44,Growth_Arrest,false,false,true
32,42,32,Growth_Arrest,false,false,false
32,42,42,Growth_Arrest,false,false,true
32,44,36,Growth_Arrest,false,true,false
32,44,38,Growth_Arrest,false,true,false
36,30,32,Growth_Arrest,false,false,true
36,30,42,Growth_Arrest,false,true,true
36,32,30,Growth_Arrest,false,false,true
36,32,44,Growth_Arrest,false,true,true
36,42,30,Growth_Arrest,false,false,true
36,42,44,Growth_Arrest,false,true,false
36,44,32,Growth_Arrest,false,false,false
36,44,42,Growth_Arrest,false,true,true
38,30,32,Growth_Arrest,false,true,true
38,30,42,Growth_Arrest,false,true,false
38,32,30,Growth_Arrest,false,false,false
38,32,44,Growth_Arrest,false,false,false
38,42,30,Growth_Arrest,false,true,false
38,42,44,Growth_Arrest,false,false,false
38,44,32,Growth_Arrest,false,false,true
38,44,42,Growth_Arrest,false,true,true
42,30,36,Growth_Arrest,false,false,true
42,30,38,Growth_Arrest,false,true,true
42,32,32,Growth_Arrest,false,false,true
42,32,42,Growth_Arrest,false,true,true
42,36,30,Growth_Arrest,false,true,false
42,36,44,Growth_Arrest,false,true,false
42,38,30,Growth_Arrest,false,true,false
42,38,44,Growth_Arrest,false,false,false
42,42,32,Growth_Arrest,false,true,false
42,42,42,Growth_Arrest,false,true,true
42,44,36,Growth_Arrest,false,false,false
42,44,38,Growth_Arrest,false,false,true
44,32,36,Growth_Arrest,false,true,false
44,32,38,Growth_Arrest,false,false,true
44,36,32,Growth_Arrest,false,true,true
44,36,42,Growth_Arrest,false,true,false
44,38,32,Growth_Arrest,false,false,false
44,38,42,Growth_Arrest,false,false,false
44,42,36,Growth_Arrest,false,false,false
44,42,38,Growth_Arrest,false,true,true
31,31,35,Growth_Arrest,false,true,true
31,31,39,Growth_Arrest,false,false,true
31,35,31,Growth_Arrest,false,false,true
31,35,43,Growth_Arrest,false,false,true
31,39,31,Growth_Arrest,false,false,false
31,39,43,Growth_Arrest,false,true,false
31,43,35,Growth_Arrest,false,true,true
31,43,39,Growth_Arrest,false,true,true
35,31,31,Growth_Arrest,false,true,false
35,31,43,Growth_Arrest,false,true,true
35,43,31,Growth_Arrest,false,true,false
35,43,43,Growth_Arrest,false,true,true
39,31,31,Growth_Arrest,false,true,false
39,31,43,Growth_Arrest,false,false,false
39,43,31,Growth_Arrest,false,true,true
39,43,43,Growth_Arrest,false,false,false
43,31,35,Growth_Arrest,false,false,false
43,31,39,Growth_Arrest,false,true,true
43,35,31,Growth_Arrest,false,false,true
43,35,43,Growth_Arrest,false,false,true
43,39,31,Growth_Arrest,false,false,false
43,39,43,Growth_Arrest,false,false,true
43,43,35,Growth_Arrest,false,true,true
43,43,39,Growth_Arrest,false,false,false
29,34,35,Growth_Arrest,false,false,true
29,34,39,Growth_Arrest,false,false,true
29,35,34,Growth_Arrest,false,true,true
29,35,40,Growth_Arrest,false,false,false
29,39,34,Growth_Arrest,false,false,true
29,39,40,Growth_Arrest,false,true,false
29,40,35,Growth_Arrest,false,false,true
29,40,39,Growth_Arrest,false,true,false
31,32,33,Growth_Arrest,false,true,false
31,32,41,Growth_Arrest,false,false,true
31,33,32,Growth_Arrest,false,true,true
31,33,42,Growth_Arrest,false,false,true
31,41,32,Growth_Arrest,false,false,false
31,41,42,Growth_Arrest,false,true,false
31,42,33,Growth_Arrest,false,true,true
31,42,41,Growth_Arrest,false,false,false
32,31,33,Growth_Arrest,false,false,false
32,31,41,Growth_Arrest,false,true,true
32,33,31,Growth_Arrest,false,false,false
32,33,43,Growth_Arrest,false,true,true
32,41,31,Growth_Arrest,false,false,false
32,41,43,Growth_Arrest,false,true,false
32,43,33,Growth_Arrest,false,false,true
32,43,41,Growth_Arrest,false,true,true
33,31,32,Growth_Arrest,false,true,true
33,31,42,Growth_Arrest,false,false,false
33,32,31,Growth_Arrest,false,false,false
33,32,43,Growth_Arrest,false,true,true
33,42,31,Growth_Arrest,false,true,true
33,42,43,Growth_Arrest,false,false,false
33,43,32,Growth_Arrest,false,true,true
33,43,42,Growth_Arrest,false,true,true
34,29,35,Growth_Arrest,false,true,true
34,29,39,Growth_Arrest,false,false,true
34,35,29,Growth_Arrest,false,true,false
34,35,45,Growth_Arrest,false,true,false
34,39,29,Growth_Arrest,false,true,false
34,39,45,Growth_Arrest,false,true,false
34,45,35,Growth_Arrest,false,true,false
34,45,39,Growth_Arrest,false,false,false
35,29,34,Growth_Arrest,false,true,false
35,29,40,Growth_Arrest,false,false,true
35,34,29,Growth_Arrest,false,true,true
35,34,45,Growth_Arrest,false,false,true
35,40,29,Growth_Arrest,false,false,false
35,40,45,Growth_Arrest,false,true,true
35,45,34,Growth_Arrest,false,true,false
35,45,40,Growth_Arrest,false,false,false
39,29,34,Growth_Arrest,false,true,false
39,29,40,Growth_Arrest,false,false,false
39,34,29,Growth_Arrest,false,true,false
39,34,45,Growth_Arrest,false,true,false
39,40,29,Growth_Arrest,false,true,false
39,40,45,Growth_Arrest,false,true,true
39,45,34,Growth_Arrest,false,false,true
39,45,40,Growth_Arrest,false,false,true
40,29,35,Growth_Arrest,false,true,false
40,29,39,Growth_Arrest,false,false,false
40,35,29,Growth_Arrest,false,false,false
40,35,45,Growth_Arrest,false,false,false
40,39,29,Growth_Arrest,false,true,false
40,39,45,Growth_Arrest,false,false,true
40,45,35,Growth_Arrest,false,false,false
40,45,39,Growth_Arrest,false,false,true
41,31,32,Growth_Arrest,false,true,false
41,31,42,Growth_Arrest,false,true,true
41,32,31,Growth_Arrest,false,true,true
41,32,43,Growth_Arrest,false,true,false
41,42,31,Growth_Arrest,false,false,false
41,42,43,Growth_Arrest,false,true,true
41,43,32,Growth_Arrest,false,true,true
41,43,42,Growth_Arrest,false,false,true
42,31,33,Growth_Arrest,false,true,true
42,31,41,Growth_Arrest,false,true,true
42,33,31,Growth_Arrest,false,false,true
42,33,43,Growth_Arrest,false,false,true
42,41,31,Growth_Arrest,false,true,false
42,41,43,Growth_Arrest,false,true,false
42,43,33,Growth_Arrest,false,false,false
42,43,41,Growth_Arrest,false,true,true
43,32,33,Growth_Arrest,false,true,false
43,32,41,Growth_Arrest,false,true,true
43,33,32,Growth_Arrest,false,false,false
43,33,42,Growth_Arrest,false,false,true
43,41,32,Growth_Arrest,false,true,true
43,41,42,Growth_Arrest,false,false,true
43,42,33,Growth_Arrest,false,false,false
43,42,41,Growth_Arrest,false,true,false
45,34,35,Growth_Arrest,false,true,false
45,34,39,Growth_Arrest,false,true,false
45,35,34,Growth_Arrest,false,true,false
45,35,40,Growth_Arrest,false,false,true
45,39,34,Growth_Arrest,false,false,true
45,39,40,Growth_Arrest,false,true,false
45,40,35,Growth_Arrest,false,false,true
45,40,39,Growth_Arrest,false,true,true
30,32,35,Growth_Arrest,false,true,true
30,32,39,Growth_Arrest,false,false,true
30,35,32,Growth_Arrest,false,true,false
30,35,42,Growth_Arrest,false,false,false
30,39,32,Growth_Arrest,false,false,true
30,39,42,Growth_Arrest,false,false,false
30,42,35,Growth_Arrest,false,false,true
30,42,39,Growth_Arrest,false,true,false
32,30,35,Growth_Arrest,false,false,true
32,30,39,Growth_Arrest,false,true,false
32,35,30,Growth_Arrest,false,false,false
32,35,44,Growth_Arrest,false,false,true
32,39,30,Growth_Arrest,false,true,false
32,39,44,Growth_Arrest,false,true,false
32,44,35,Growth_Arrest,false,true,true
32,44,39,Growth_Arrest,false,false,false
35,30,32,Growth_Arrest,false,true,false
35,30,42,Growth_Arrest,false,false,true
35,32,30,Growth_Arrest,false,true,false
35,32,44,Growth_Arrest,false,true,false
35,42,30,Growth_Arrest,false,true,true
35,42,44,Growth_Arrest,false,true,false
35,44,32,Growth_Arrest,false,true,true
35,44,42,Growth_Arrest,false,false,false
39,30,32,Growth_Arrest,false,false,false
39,30,42,Growth_Arrest,false,true,false
39,32,30,Growth_Arrest,false,false,true
39,32,44,Growth_Arrest,false,false,true
39,42,30,Growth_Arrest,false,false,true
39,42,44,Growth_Arrest,false,true,true
39,44,32,Growth_Arrest,false,false,true
39,44,42,Growth_Arrest,false,false,false
42,30,35,Growth_Arrest,false,false,true
42,30,39,Growth_Arrest,false,false,true
42,35,30,Growth_Arrest,false,false,false
42,35,44,Growth_Arrest,false,true,false
42,39,30,Growth_Arrest,false,true,false
42,39,44,Growth_Arrest,false,true,true
42,44,35,Growth_Arrest,false,false,false
42,44,39,Growth_Arrest,false,true,true
44,32,35,Growth_Arrest,false,false,false
44,32,39,Growth_Arrest,false,true,true
44,35,32,Growth_Arrest,false,false,false
44,35,42,Growth_Arrest,false,false,true
44,39,32,Growth_Arrest,false,false,true
44,39,42,Growth_Arrest,false,false,false
44,42,35,Growth_Arrest,false,true,true
44,42,39,Growth_Arrest,false,true,false
29,33,37,Growth_Arrest,false,true,true
29,37,33,Growth_Arrest,false,false,false
29,37,41,Growth_Arrest,false,false,false
29,41,37,Growth_Arrest,false,true,false
33,29,37,Growth_Arrest,false,true,true
33,37,29,Growth_Arrest,false,true,true
33,37,45,Growth_Arrest,false,false,false
33,45,37,Growth_Arrest,false,false,true
37,29,33,Growth_Arrest,false,false,true
37,29,41,Growth_Arrest,false,false,false
37,33,29,Growth_Arrest,false,false,true
37,33,45,Growth_Arrest,false,true,false
37,41,29,Growth_Arrest,false,true,false
37,41,45,Growth_Arrest,false,true,true
37,45,33,Growth_Arrest,false,false,true
37,45,41,Growth_Arrest,false,false,true
41,29,37,Growth_Arrest,false,false,true
41,37,29,Growth_Arrest,false,false,true
41,37,45,Growth_Arrest,false,true,true
41,45,37,Growth_Arrest,false,true,true
45,33,37,Growth_Arrest,false,false,false
45,37,33,Growth_Arrest,false,false,true
45,37,41,Growth_Arrest,false,false,true
45,41,37,Growth_Arrest,false,true,false
28,37,37,Growth_Arrest,false,false,false
29,33,36,Growth_Arrest,false,false,false
29,33,38,Growth_Arrest,false,false,true
29,36,33,Growth_Arrest,false,true,false
29,36,41,Growth_Arrest,false,false,false
29,38,33,Growth_Arrest,false,true,true
29,38,41,Growth_Arrest,false,false,false
29,41,36,Growth_Arrest,false,true,true
29,41,38,Growth_Arrest,false,false,true
30,33,33,Growth_Arrest,false,false,false
30,33,41,Growth_Arrest,false,true,true
30,41,33,Growth_Arrest,false,false,true
30,41,41,Growth_Arrest,false,false,true
31,31,34,Growth_Arrest,false,false,true
31,31,40,Growth_Arrest,false,true,false
31,34,31,Growth_Arrest,false,true,true
31,34,43,Growth_Arrest,false,true,false
31,40,31,Growth_Arrest,false,true,true
31,40,43,Growth_Arrest,false,false,true
31,43,34,Growth_Arrest,false,false,false
31,43,40,Growth_Arrest,false,true,true
33,29,36,Growth_Arrest,false,true,false
33,29,38,Growth_Arrest,false,true,false
33,30,33,Growth_Arrest,false,false,false
33,30,41,Growth_Arrest,false,true,true
33,33,30,Growth_Arrest,false,true,true
33,33,44,Growth_Arrest,false,false,true
33,36,29,Growth_Arrest,false,false,false
33,36,45,Growth_Arrest,false,false,true
33,38,29,Growth_Arrest,false,true,true
33,38,45,Growth_Arrest,false,false,false
33,41,30,Growth_Arrest,false,true,false
33,41,44,Growth_Arrest,false,true,true
33,44,33,Growth_Arrest,false,false,true
33,44,41,Growth_Arrest,false,true,false
33,45,36,Growth_Arrest,false,true,false
33,45,38,Growth_Arrest,false,true,true
34,31,31,Growth_Arrest,false,true,true
34,31,43,Growth_Arrest,false,false,true
34,43,31,Growth_Arrest,false,false,true
34,43,43,Growth_Arrest,false,true,false
36,29,33,Growth_Arrest,false,false,true
36,29,41,Growth_Arrest,false,true,false
36,33,29,Growth_Arrest,false,false,false
36,33,45,Growth_Arrest,false,true,false
36,41,29,Growth_Arrest,false,true,false
36,41,45,Growth_Arrest,false,true,false
36,45,33,Growth_Arrest,false,true,false
36,45,41,Growth_Arrest,false,true,false
37,28,37,Growth_Arrest,false,true,true
37,37,28,Growth_Arrest,false,false,true
37,37,46,Growth_Arrest,false,true,false
37,46,37,Growth_Arrest,false,false,false
38,29,33,Growth_Arrest,false,true,true
38,29,41,Growth_Arrest,false,false,true
38,33,29,Growth_Arrest,false,true,true
38,33,45,Growth_Arrest,false,true,true
38,41,29,Growth_Arrest,false,true,false
38,41,45,Growth_Arrest,false,true,false
38,45,33,Growth_Arrest,false,false,false
38,45,41,Growth_Arrest,false,true,true
40,31,31,Growth_Arrest,false,false,false
40,31,43,Growth_Arrest,false,false,true
40,43,31,Growth_Arrest,false,false,true
40,43,43,Growth_Arrest,false,false,false
41,29,36,Growth_Arrest,false,false,false
41,29,38,Growth_Arrest,false,true,false
41,30,33,Growth_Arrest,false,false,false
41,30,41,Growth_Arrest,false,false,false
41,33,30,Growth_Arrest,false,false,true
41,33,44,Growth_Arrest,false,true,false
41,36,29,Growth_Arrest,false,false,true
41,36,45,Growth_Arrest,false,false,false
41,38,29,Growth_Arrest,false,false,false
41,38,45,Growth_Arrest,false,true,false
41,41,30,Growth_Arrest,false,true,false
41,41,44,Growth_Arrest,false,false,true
41,44,33,Growth_Arrest,false,false,true
41,44,41,Growth_Arrest,false,false,true
41,45,36,Growth_Arrest,false,false,true
41,45,38,Growth_Arrest,false,false,true
43,31,34,Growth_Arrest,false,false,true
43,31,40,Growth_Arrest,false,false,true
43,34,31,Growth_Arrest,false,false,false
43,34,43,Growth_Arrest,false,false,false
43,40,31,Growth_Arrest,false,false,true
43,40,43,Growth_Arrest,false,true,false
43,43,34,Growth_Arrest,false,true,true
43,43,40,Growth_Arrest,false,false,true
44,33,33,Growth_Arrest,false,true,true
44,33,41,Growth_Arrest,false,false,true
44,41,33,Growth_Arrest,false,false,false
44,41,41,Growth_Arrest,false,false,true
45,33,36,Growth_Arrest,false,true,true
45,33,38,Growth_Arrest,false,true,false
45,36,33,Growth_Arrest,false,false,false
45,36,41,Growth_Arrest,false,false,true
45,38,33,Growth_Arrest,false,true,false
45,38,41,Growth_Arrest,false,false,false
45,41,36,Growth_Arrest,false,false,true
45,41,38,Growth_Arrest,false,true,true
46,37,37,Growth_Arrest,false,false,false
28,36,37,Growth_Arrest,false,false,true
28,37,36,Growth_Arrest,false,true,false
28,37,38,Growth_Arrest,false,true,false
28,38,37,Growth_Arrest,false,true,true
29,34,34,Growth_Arrest,false,true,true
29,34,40,Growth_Arrest,false,false,false
29,40,34,Growth_Arrest,false,false,false
29,40,40,Growth_Arrest,false,true,true
34,29,34,Growth_Arrest,false,false,true
34,29,40,Growth_Arrest,false,false,false
34,34,29,Growth_Arrest,false,false,false
34,34,45,Growth_Arrest,false,false,false
34,40,29,Growth_Arrest,false,false,true
34,40,45,Growth_Arrest,false,false,false
34,45,34,Growth_Arrest,false,false,true
34,45,40,Growth_Arrest,false,false,true
36,28,37,Growth_Arrest,false,true,true
36,37,28,Growth_Arrest,false,true,false
36,37,46,Growth_Arrest,false,false,false
36,46,37,Growth_Arrest,false,true,false
37,28,36,Growth_Arrest,false,false,true
37,28,38,Growth_Arrest,false,false,true
37,36,28,Growth_Arrest,false,true,false
37,36,46,Growth_Arrest,false,false,false
37,38,28,Growth_Arrest,false,true,true
37,38,46,Growth_Arrest,false,true,true
37,46,36,Growth_Arrest,false,true,false
37,46,38,Growth_Arrest,false,false,true
38,28,37,Growth_Arrest,false,false,false
38,37,28,Growth_Arrest,false,true,false
38,37,46,Growth_Arrest,false,true,true
38,46,37,Growth_Arrest,false,false,true
40,29,34,Growth_Arrest,false,false,false
40,29,40,Growth_Arrest,false,false,false
40,34,29,Growth_Arrest,false,false,false
40,34,45,Growth_Arrest,false,false,false
40,40,29,Growth_Arrest,false,true,true
40,40,45,Growth_Arrest,false,false,false
40,45,34,Growth_Arrest,false,false,false
40,45,40,Growth_Arrest,false,true,true
45,34,34,Growth_Arrest,false,false,false
45,34,40,Growth_Arrest,false,false,true
45,40,34,Growth_Arrest,false,false,true
45,40,40,Growth_Arrest,false,true,false
46,36,37,Growth_Arrest,false,true,true
46,37,36,Growth_Arrest,false,true,false
46,37,38,Growth_Arrest,false,false,true
46,38,37,Growth_Arrest,false,true,true
28,36,36,Growth_Arrest,false,true,true
28,36,38,Growth_Arrest,false,true,false
28,38,36,Growth_Arrest,false,true,true
28,38,38,Growth_Arrest,false,true,true
30,32,34,Growth_Arrest,false,false,true
30,32,40,Growth_Arrest,false,true,false
30,34,32,Growth_Arrest,false,false,false
30,34,42,Growth_Arrest,false,false,false
30,40,32,Growth_Arrest,false,false,true
30,40,42,Growth_Arrest,false,true,true
30,42,34,Growth_Arrest,false,true,false
30,42,40,Growth_Arrest,false,false,true
32,30,34,Growth_Arrest,false,false,true
32,30,40,Growth_Arrest,false,true,true
32,34,30,Growth_Arrest,false,true,false
32,34,44,Growth_Arrest,false,false,true
32,40,30,Growth_Arrest,false,false,true
32,40,44,Growth_Arrest,false,false,true
32,44,34,Growth_Arrest,false,true,true
32,44,40,Growth_Arrest,false,false,false
34,30,32,Growth_Arrest,false,true,false
34,30,42,Growth_Arrest,false,true,true
34,32,30,Growth_Arrest,false,true,true
34,32,44,Growth_Arrest,false,false,true
34,42,30,Growth_Arrest,false,true,false
34,42,44,Growth_Arrest,false,true,false
34,44,32,Growth_Arrest,false,false,false
34,44,42,Growth_Arrest,false,true,false
36,28,36,Growth_Arrest,false,true,true
36,28,38,Growth_Arrest,false,false,false
36,36,28,Growth_Arrest,false,true,false
36,36,46,Growth_Arrest,false,true,false
36,38,28,Growth_Arrest,false,false,true
36,38,46,Growth_Arrest,false,false,false
36,46,36,Growth_Arrest,false,false,false
36,46,38,Growth_Arrest,false,true,true
38,28,36,Growth_Arrest,false,false,true
38,28,38,Growth_Arrest,false,true,false
38,36,28,Growth_Arrest,false,false,true
38,36,46,Growth_Arrest,false,true,true
38,38,28,Growth_Arrest,false,true,false
38,38,46,Growth_Arrest,false,true,true
38,46,36,Growth_Arrest,false,true,false
38,46,38,Growth_Arrest,false,false,false
40,30,32,Growth_Arrest,false,true,false
40,30,42,Growth_Arrest,false,false,false
40,32,30,Growth_Arrest,false,false,true
40,32,44,Growth_Arrest,false,true,true
40,42,30,Growth_Arrest,false,false,true
40,42,44,Growth_Arrest,false,false,false
40,44,32,Growth_Arrest,false,false,false
40,44,42,Growth_Arrest,false,false,true
42,30,34,Growth_Arrest,false,true,true
42,30,40,Growth_Arrest,false,false,false
42,34,30,Growth_Arrest,false,false,true
42,34,44,Growth_Arrest,false,true,true
42,40,30,Growth_Arrest,false,false,true
42,40,44,Growth_Arrest,false,false,true
42,44,34,Growth_Arrest,false,true,true
42,44,40,Growth_Arrest,false,true,false
44,32,34,Growth_Arrest,false,true,true
44,32,40,Growth_Arrest,false,false,false
44,34,32,Growth_Arrest,false,false,false
44,34,42,Growth_Arrest,false,false,true
44,40,32,Growth_Arrest,false,false,false
44,40,42,Growth_Arrest,false,true,true
44,42,34,Growth_Arrest,false,true,false
44,42,40,Growth_Arrest,false,true,true
46,36,36,Growth_Arrest,false,false,false
46,36,38,Growth_Arrest,false,true,true
46,38,36,Growth_Arrest,false,true,true
46,38,38,Growth_Arrest,false,true,true
29,33,35,Growth_Arrest,false,false,false
29,33,39,Growth_Arrest,false,false,true
29,35,33,Growth_Arrest,false,true,true
29,35,41,Growth_Arrest,false,false,true
29,39,33,Growth_Arrest,false,false,false
29,39,41,Growth_Arrest,false,true,true
29,41,35,Growth_Arrest,false,true,false
29,41,39,Growth_Arrest,false,false,false
33,29,35,Growth_Arrest,false,false,true
33,29,39,Growth_Arrest,false,true,true
33,35,29,Growth_Arrest,false,false,true
33,35,45,Growth_Arrest,false,false,true
33,39,29,Growth_Arrest,false,false,false
33,39,45,Growth_Arrest,false,true,true
33,45,35,Growth_Arrest,false,false,false
33,45,39,Growth_Arrest,false,true,false
35,29,33,Growth_Arrest,false,false,false
35,29,41,Growth_Arrest,false,false,true
35,33,29,Growth_Arrest,false,true,true
35,33,45,Growth_Arrest,false,true,false
35,41,29,Growth_Arrest,false,false,false
35,41,45,Growth_Arrest,false,false,false
35,45,33,Growth_Arrest,false,true,true
35,45,41,Growth_Arrest,false,false,true
39,29,33,Growth_Arrest,false,true,true
39,29,41,Growth_Arrest,false,true,true
39,33,29,Growth_Arrest,false,true,true
39,33,45,Growth_Arrest,false,true,false
39,41,29,Growth_Arrest,false,false,true
39,41,45,Growth_Arrest,false,false,false
39,45,33,Growth_Arrest,false,true,false
39,45,41,Growth_Arrest,false,true,true
41,29,35,Growth_Arrest,false,true,false
41,29,39,Growth_Arrest,false,false,true
41,35,29,Growth_Arrest,false,true,true
41,35,45,Growth_Arrest,false,false,false
41,39,29,Growth_Arrest,false,true,false
41,39,45,Growth_Arrest,false,true,false
41,45,35,Growth_Arrest,false,false,false
41,45,39,Growth_Arrest,false,false,true
45,33,35,Growth_Arrest,false,true,false
45,33,39,Growth_Arrest,false,true,false
45,35,33,Growth_Arrest,false,true,false
45,35,41,Growth_Arrest,false,true,true
45,39,33,Growth_Arrest,false,true,true
45,39,41,Growth_Arrest,false,true,true
45,41,35,Growth_Arrest,false,true,true
45,41,39,Growth_Arrest,false,true,false
28,35,37,Growth_Arrest,false,true,false
28,37,35,Growth_Arrest,false,true,false
28,37,39,Growth_Arrest,false,true,false
28,39,37,Growth_Arrest,false,false,false
30,31,37,Growth_Arrest,false,true,false
30,37,31,Growth_Arrest,false,false,true
30,37,43,Growth_Arrest,false,true,false
30,43,37,Growth_Arrest,false,false,false
31,30,37,Growth_Arrest,false,true,false
31,37,30,Growth_Arrest,false,false,false
31,37,44,Growth_Arrest,false,false,true
31,44,37,Growth_Arrest,false,false,false
35,28,37,Growth_Arrest,false,false,false
35,37,28,Growth_Arrest,false,false,true
35,37,46,Growth_Arrest,false,true,true
35,46,37,Growth_Arrest,false,true,true
37,28,35,Growth_Arrest,false,false,true
37,28,39,Growth_Arrest,false,true,true
37,30,31,Growth_Arrest,false,true,false
37,30,43,Growth_Arrest,false,true,true
37,31,30,Growth_Arrest,false,true,false
37,31,44,Growth_Arrest,false,false,false
37,35,28,Growth_Arrest,false,true,false
37,35,46,Growth_Arrest,false,false,true
37,39,28,Growth_Arrest,false,false,true
37,39,46,Growth_Arrest,false,false,true
37,43,30,Growth_Arrest,false,true,true
37,43,44,Growth_Arrest,false,true,false
37,44,31,Growth_Arrest,false,false,false
37,44,43,Growth_Arrest,false,true,true
37,46,35,Growth_Arrest,false,false,true
37,46,39,Growth_Arrest,false,false,true
39,28,37,Growth_Arrest,false,true,false
39,37,28,Growth_Arrest,false,false,false
39,37,46,Growth_Arrest,false,true,true
39,46,37,Growth_Arrest,false,false,false
43,30,37,Growth_Arrest,false,false,true
43,37,30,Growth_Arrest,false,true,false
43,37,44,Growth_Arrest,false,true,true
43,44,37,Growth_Arrest,false,false,false
44,31,37,Growth_Arrest,false,true,true
44,37,31,Growth_Arrest,false,false,false
44,37,43,Growth_Arrest,false,false,true
44,43,37,Growth_Arrest,false,false,false
46,35,37,Growth_Arrest,false,true,true
46,37,35,Growth_Arrest,false,false,false
46,37,39,Growth_Arrest,false,true,false
46,39,37,Growth_Arrest,false,false,true
28,35,36,Growth_Arrest,false,false,true
28,35,38,Growth_Arrest,false,true,false
28,36,35,Growth_Arrest,false,false,true
28,36,39,Growth_Arrest,false,true,true
28,38,35,Growth_Arrest,false,true,false
28,38,39,Growth_Arrest,false,true,false
28,39,36,Growth_Arrest,false,false,false
28,39,38,Growth_Arrest,false,false,true
30,31,36,Growth_Arrest,false,false,false
30,31,38,Growth_Arrest,false,false,true
30,36,31,Growth_Arrest,false,true,false
30,36,43,Growth_Arrest,false,false,false
30,38,31,Growth_Arrest,false,true,true
30,38,43,Growth_Arrest,false,true,true
30,43,36,Growth_Arrest,false,false,true
30,43,38,Growth_Arrest,false,true,false
31,30,36,Growth_Arrest,false,false,true
31,30,38,Growth_Arrest,false,true,false
31,32,32,Growth_Arrest,false,true,true
31,32,42,Growth_Arrest,false,false,false
31,36,30,Growth_Arrest,false,false,true
31,36,44,Growth_Arrest,false,false,false
31,38,30,Growth_Arrest,false,true,true
31,38,44,Growth_Arrest,false,false,false
31,42,32,Growth_Arrest,false,false,true
31,42,42,Growth_Arrest,false,true,false
31,44,36,Growth_Arrest,false,true,true
31,44,38,Growth_Arrest,false,true,true
32,31,32,Growth_Arrest,false,false,false
32,31,42,Growth_Arrest,false,true,true
32,32,31,Growth_Arrest,false,true,false
32,32,43,Growth_Arrest,false,true,true
32,42,31,Growth_Arrest,false,false,false
32,42,43,Growth_Arrest,false,true,true
32,43,32,Growth_Arrest,false,false,true
32,43,42,Growth_Arrest,false,false,false
35,28,36,Growth_Arrest,false,true,true
35,28,38,Growth_Arrest,false,true,true
35,36,28,Growth_Arrest,false,false,true
35,36,46,Growth_Arrest,false,false,false
35,38,28,Growth_Arrest,false,false,false
35,38,46,Growth_Arrest,false,false,false
35,46,36,Growth_Arrest,false,false,false
35,46,38,Growth_Arrest,false,true,false
36,28,35,Growth_Arrest,false,false,true
36,28,39,Growth_Arrest,false,true,true
36,30,31,Growth_Arrest,false,false,true
36,30,43,Growth_Arrest,false,false,false
36,31,30,Growth_Arrest,false,false,true
36,31,44,Growth_Arrest,false,false,false
36,35,28,Growth_Arrest,false,false,true
36,35,46,Growth_Arrest,false,true,false
36,39,28,Growth_Arrest,false,true,true
36,39,46,Growth_Arrest,false,true,false
36,43,30,Growth_Arrest,false,true,false
36,43,44,Growth_Arrest,false,true,false
36,44,31,Growth_Arrest,false,false,false
36,44,43,Growth_Arrest,false,true,false
36,46,35,Growth_Arrest,false,true,false
36,46,39,Growth_Arrest,false,true,true
38,28,35,Growth_Arrest,false,true,true
38,28,39,Growth_Arrest,false,true,false
38,30,31,Growth_Arrest,false,true,false
38,30,43,Growth_Arrest,false,true,true
38,31,30,Growth_Arrest,false,false,false
38,31,44,Growth_Arrest,false,false,true
38,35,28,Growth_Arrest,false,true,true
38,35,46,Growth_Arrest,false,true,true
38,39,28,Growth_Arrest,false,false,false
38,39,46,Growth_Arrest,false,true,true
38,43,30,Growth_Arrest,false,true,false
38,43,44,Growth_Arrest,false,false,false
38,44,31,Growth_Arrest,false,false,false
38,44,43,Growth_Arrest,false,true,false
38,46,35,Growth_Arrest,false,true,false
38,46,39,Growth_Arrest,false,true,false
39,28,36,Growth_Arrest,false,false,false
39,28,38,Growth_Arrest,false,true,true
39,36,28,Growth_Arrest,false,false,false
39,36,46,Growth_Arrest,false,true,false
39,38,28,Growth_Arrest,false,false,true
39,38,46,Growth_Arrest,false,true,false
39,46,36,Growth_Arrest,false,false,true
39,46,38,Growth_Arrest,false,false,false
42,31,32,Growth_Arrest,false,true,true
42,31,42,Growth_Arrest,false,false,true
42,32,31,Growth_Arrest,false,true,false
42,32,43,Growth_Arrest,false,true,false
42,42,31,Growth_Arrest,false,false,true
42,42,43,Growth_Arrest,false,false,false
42,43,32,Growth_Arrest,false,false,false
42,43,42,Growth_Arrest,false,true,true
43,30,36,Growth_Arrest,false,true,false
43,30,38,Growth_Arrest,false,false,false
43,32,32,Growth_Arrest,false,false,false
43,32,42,Growth_Arrest,false,true,true
43,36,30,Growth_Arrest,false,true,false
43,36,44,Growth_Arrest,false,true,false
43,38,30,Growth_Arrest,false,false,true
43,38,44,Growth_Arrest,false,true,false
43,42,32,Growth_Arrest,false,false,false
43,42,42,Growth_Arrest,false,true,false
43,44,36,Growth_Arrest,false,true,false
43,44,38,Growth_Arrest,false,false,false
44,31,36,Growth_Arrest,false,true,false
44,31,38,Growth_Arrest,false,true,true
44,36,31,Growth_Arrest,false,true,true
44,36,43,Growth_Arrest,false,true,true
44,38,31,Growth_Arrest,false,true,false
44,38,43,Growth_Arrest,false,false,false
44,43,36,Growth_Arrest,false,false,false
44,43,38,Growth_Arrest,false,true,false
46,35,36,Growth_Arrest,false,false,true
46,35,38,Growth_Arrest,false,false,false
46,36,35,Growth_Arrest,false,false,false
46,36,39,Growth_Arrest,false,false,true
46,38,35,Growth_Arrest,false,true,false
46,38,39,Growth_Arrest,false,false,false
46,39,36,Growth_Arrest,false,true,false
46,39,38,Growth_Arrest,false,false,true
31,31,33,Growth_Arrest,false,false,false
31,31,41,Growth_Arrest,false,false,true
31,33,31,Growth_Arrest,false,true,true
31,33,43,Growth_Arrest,false,false,true
31,41,31,Growth_Arrest,false,true,true
31,41,43,Growth_Arrest,false,false,true
31,43,33,Growth_Arrest,false,false,false
31,43,41,Growth_Arrest,false,true,false
33,31,31,Growth_Arrest,false,true,false
33,31,43,Growth_Arrest,false,true,true
33,43,31,Growth_Arrest,false,true,false
33,43,43,Growth_Arrest,false,false,true
41,31,31,Growth_Arrest,false,false,true
41,31,43,Growth_Arrest,false,true,false
41,43,31,Growth_Arrest,false,false,false
41,43,43,Growth_Arrest,false,true,false
43,31,33,Growth_Arrest,false,false,false
43,31,41,Growth_Arrest,false,true,false
43,33,31,Growth_Arrest,false,false,true
43,33,43,Growth_Arrest,false,true,true
43,41,31,Growth_Arrest,false,false,false
43,41,43,Growth_Arrest,false,true,false
43,43,33,Growth_Arrest,false,true,true
43,43,41,Growth_Arrest,false,false,true
28,35,35,Growth_Arrest,false,true,false
28,35,39,Growth_Arrest,false,true,false
28,39,35,Growth_Arrest,false,false,false
28,39,39,Growth_Arrest,false,true,true
29,32,37,Growth_Arrest,false,true,false
29,33,34,Growth_Arrest,false,true,false
29,33,40,Growth_Arrest,false,true,false
29,34,33,Growth_Arrest,false,false,false
29,34,41,Growth_Arrest,false,true,false
29,37,32,Growth_Arrest,false,true,false
29,37,42,Growth_Arrest,false,false,false
29,40,33,Growth_Arrest,false,true,true
29,40,41,Growth_Arrest,false,false,false
29,41,34,Growth_Arrest,false,false,true
29,41,40,Growth_Arrest,false,false,true
29,42,37,Growth_Arrest,false,true,false
30,31,35,Growth_Arrest,false,false,true
30,31,39,Growth_Arrest,false,true,false
30,35,31,Growth_Arrest,false,false,false
30,35,43,Growth_Arrest,false,false,false
30,39,31,Growth_Arrest,false,false,true
30,39,43,Growth_Arrest,false,false,false
30,43,35,Growth_Arrest,false,false,true
30,43,39,Growth_Arrest,false,true,false
31,30,35,Growth_Arrest,false,false,true
31,30,39,Growth_Arrest,false,false,false
31,35,30,Growth_Arrest,false,false,false
31,35,44,Growth_Arrest,false,false,true
31,39,30,Growth_Arrest,false,true,false
31,39,44,Growth_Arrest,false,true,false
31,44,35,Growth_Arrest,false,false,true
31,44,39,Growth_Arrest,false,true,false
32,29,37,Growth_Arrest,false,false,true
32,37,29,Growth_Arrest,false,true,true
32,37,45,Growth_Arrest,false,false,false
32,45,37,Growth_Arrest,false,false,false
33,29,34,Growth_Arrest,false,true,false
33,29,40,Growth_Arrest,false,false,true
33,34,29,Growth_Arrest,false,false,false
33,34,45,Growth_Arrest,false,true,true
33,40,29,Growth_Arrest,false,true,false
33,40,45,Growth_Arrest,false,true,true
33,45,34,Growth_Arrest,false,false,false
33,45,40,Growth_Arrest,false,true,false
34,29,33,Growth_Arrest,false,true,false
34,29,41,Growth_Arrest,false,false,false
34,33,29,Growth_Arrest,false,true,false
34,33,45,Growth_Arrest,false,true,true
34,41,29,Growth_Arrest,false,true,true
34,41,45,Growth_Arrest,false,true,false
34,45,33,Growth_Arrest,false,true,true
34,45,41,Growth_Arrest,false,false,false
35,28,35,Growth_Arrest,false,true,false
35,28,39,Growth_Arrest,false,true,false
35,30,31,Growth_Arrest,false,false,true
35,30,43,Growth_Arrest,false,false,false
35,31,30,Growth_Arrest,false,true,false
35,31,44,Growth_Arrest,false,true,true
35,35,28,Growth_Arrest,false,true,false
35,35,46,Growth_Arrest,false,false,true
35,39,28,Growth_Arrest,false,true,true
35,39,46,Growth_Arrest,false,true,false
35,43,30,Growth_Arrest,false,false,false
35,43,44,Growth_Arrest,false,false,false
35,44,31,Growth_Arrest,false,true,false
35,44,43,Growth_Arrest,false,false,false
35,46,35,Growth_Arrest,false,true,true
35,46,39,Growth_Arrest,false,true,true
37,29,32,Growth_Arrest,false,false,true
37,29,42,Growth_Arrest,false,false,false
37,32,29,Growth_Arrest,false,true,true
37,32,45,Growth_Arrest,false,false,false
37,42,29,Growth_Arrest,false,true,false
37,42,45,Growth_Arrest,false,false,false
37,45,32,Growth_Arrest,false,false,true
37,45,42,Growth_Arrest,false,false,false
39,28,35,Growth_Arrest,false,true,true
39,28,39,Growth_Arrest,false,false,false
39,30,31,Growth_Arrest,false,false,true
39,30,43,Growth_Arrest,false,true,true
39,31,30,Growth_Arrest,false,true,true
39,31,44,Growth_Arrest,false,true,false
39,35,28,Growth_Arrest,false,false,true
39,35,46,Growth_Arrest,false,false,false
39,39,28,Growth_Arrest,false,true,false
39,39,46,Growth_Arrest,false,true,true
39,43,30,Growth_Arrest,false,false,true
39,43,44,Growth_Arrest,false,false,false
39,44,31,Growth_Arrest,false,true,true
39,44,43,Growth_Arrest,false,true,false
39,46,35,Growth_Arrest,false,true,false
39,46,39,Growth_Arrest,false,true,false
40,29,33,Growth_Arrest,false,true,false
40,29,41,Growth_Arrest,false,false,false
40,33,29,Growth_Arrest,false,true,true
40,33,45,Growth_Arrest,false,true,false
40,41,29,Growth_Arrest,false,false,false
40,41,45,Growth_Arrest,false,true,false
40,45,33,Growth_Arrest,false,true,true
40,45,41,Growth_Arrest,false,true,true
41,29,34,Growth_Arrest,false,true,true
41,29,40,Growth_Arrest,false,false,true
41,34,29,Growth_Arrest,false,false,false
41,34,45,Growth_Arrest,false,false,false
41,40,29,Growth_Arrest,false,false,false
41,40,45,Growth_Arrest,false,true,false
41,45,34,Growth_Arrest,false,true,false
41,45,40,Growth_Arrest,false,true,true
42,29,37,Growth_Arrest,false,true,true
42,37,29,Growth_Arrest,false,false,true
42,37,45,Growth_Arrest,false,false,false
42,45,37,Growth_Arrest,false,true,false
43,30,35,Growth_Arrest,false,true,true
43,30,39,Growth_Arrest,false,false,false
43,35,30,Growth_Arrest,false,false,true
43,35,44,Growth_Arrest,false,true,false
43,39,30,Growth_Arrest,false,false,true
43,39,44,Growth_Arrest,false,true,false
43,44,35,Growth_Arrest,false,false,true
43,44,39,Growth_Arrest,false,false,false
44,31,35,Growth_Arrest,false,true,true
44,31,39,Growth_Arrest,false,false,false
44,35,31,Growth_Arrest,false,false,false
44,35,43,Growth_Arrest,false,true,false
44,39,31,Growth_Arrest,false,true,true
44,39,43,Growth_Arrest,false,false,false
44,43,35,Growth_Arrest,false,true,true
44,43,39,Growth_Arrest,false,true,false
45,32,37,Growth_Arrest,false,true,true
45,33,34,Growth_Arrest,false,true,false
45,33,40,Growth_Arrest,false,true,true
45,34,33,Growth_Arrest,false,false,false
45,34,41,Growth_Arrest,false,false,false
45,37,32,Growth_Arrest,false,false,true
45,37,42,Growth_Arrest,false,false,false
45,40,33,Growth_Arrest,false,true,false
45,40,41,Growth_Arrest,false,false,true
45,41,34,Growth_Arrest,false,true,true
45,41,40,Growth_Arrest,false,true,false
45,42,37,Growth_Arrest,false,true,false
46,35,35,Growth_Arrest,false,true,false
46,35,39,Growth_Arrest,false,true,true
46,39,35,Growth_Arrest,false,true,false
46,39,39,Growth_Arrest,false,false,true
28,34,37,Growth_Arrest,false,true,false
28,37,34,Growth_Arrest,false,true,true
28,37,40,Growth_Arrest,false,false,true
28,40,37,Growth_Arrest,false,true,false
29,32,36,Growth_Arrest,false,false,true
29,32,38,Growth_Arrest,false,true,false
29,36,32,Growth_Arrest,false,true,true
29,36,42,Growth_Arrest,false,true,false
29,38,32,Growth_Arrest,false,true,false
29,38,42,Growth_Arrest,false,false,false
29,42,36,Growth_Arrest,false,false,true
29,42,38,Growth_Arrest,false,false,true
30,32,33,Growth_Arrest,false,false,false
30,32,41,Growth_Arrest,false,true,true
30,33,32,Growth_Arrest,false,false,true
30,33,42,Growth_Arrest,false,false,false
30,41,32,Growth_Arrest,false,true,true
30,41,42,Growth_Arrest,false,false,true
30,42,33,Growth_Arrest,false,true,false
30,42,41,Growth_Arrest,false,true,true
32,29,36,Growth_Arrest,false,true,false
32,29,38,Growth_Arrest,false,true,false
32,30,33,Growth_Arrest,false,true,true
32,30,41,Growth_Arrest,false,false,true
32,33,30,Growth_Arrest,false,true,true
32,33,44,Growth_Arrest,false,false,false
32,36,29,Growth_Arrest,false,true,false
32,36,45,Growth_Arrest,false,true,false
32,38,29,Growth_Arrest,false,false,false
32,38,45,Growth_Arrest,false,false,true
32,41,30,Growth_Arrest,false,false,false
32,41,44,Growth_Arrest,false,false,true
32,44,33,Growth_Arrest,false,false,true
32,44,41,Growth_Arrest,false,true,true
32,45,36,Growth_Arrest,false,true,true
32,45,38,Growth_Arrest,false,true,false
33,30,32,Growth_Arrest,false,false,false
33,30,42,Growth_Arrest,false,true,true
33,32,30,Growth_Arrest,false,true,false
33,32,44,Growth_Arrest,false,true,false
33,42,30,Growth_Arrest,false,false,false
33,42,44,Growth_Arrest,false,false,true
33,44,32,Growth_Arrest,false,false,false
33,44,42,Growth_Arrest,false,true,true
34,28,37,Growth_Arrest,false,true,false
34,37,28,Growth_Arrest,false,true,true
34,37,46,Growth_Arrest,false,false,true
34,46,37,Growth_Arrest,false,false,false
36,29,32,Growth_Arrest,false,true,true
36,29,42,Growth_Arrest,false,false,true
36,32,29,Growth_Arrest,false,true,true
36,32,45,Growth_Arrest,false,false,true
36,42,29,Growth_Arrest,false,false,true
36,42,45,Growth_Arrest,false,false,false
36,45,32,Growth_Arrest,false,true,false
36,45,42,Growth_Arrest,false,false,false
37,28,34,Growth_Arrest,false,true,false
37,28,40,Growth_Arrest,false,true,false
37,34,28,Growth_Arrest,false,false,false
37,34,46,Growth_Arrest,false,false,false
37,40,28,Growth_Arrest,false,false,true
37,40,46,Growth_Arrest,false,true,false
37,46,34,Growth_Arrest,false,false,true
37,46,40,Growth_Arrest,false,false,false
38,29,32,Growth_Arrest,false,true,true
38,29,42,Growth_Arrest,false,true,false
38,32,29,Growth_Arrest,false,false,true
38,32,45,Growth_Arrest,false,false,true
38,42,29,Growth_Arrest,false,true,false
38,42,45,Growth_Arrest,false,true,true
38,45,32,Growth_Arrest,false,true,false
38,45,42,Growth_Arrest,false,false,false
40,28,37,Growth_Arrest,false,false,true
40,37,28,Growth_Arrest,false,false,false
40,37,46,Growth_Arrest,false,false,true
40,46,37,Growth_Arrest,false,false,false
41,30,32,Growth_Arrest,false,false,true
41,30,42,Growth_Arrest,false,false,true
41,32,30,Growth_Arrest,false,true,false
41,32,44,Growth_Arrest,false,true,false
41,42,30,Growth_Arrest,false,true,true
41,42,44,Growth_Arrest,false,false,false
41,44,32,Growth_Arrest,false,false,true
41,44,42,Growth_Arrest,false,false,true
42,29,36,Growth_Arrest,false,false,true
42,29,38,Growth_Arrest,false,false,true
42,30,33,Growth_Arrest,false,false,true
42,30,41,Growth_Arrest,false,false,false
42,33,30,Growth_Arrest,false,false,true
42,33,44,Growth_Arrest,false,false,true
42,36,29,Growth_Arrest,false,false,true
42,36,45,Growth_Arrest,false,true,true
42,38,29,Growth_Arrest,false,false,false
42,38,45,Growth_Arrest,false,false,false
42,41,30,Growth_Arrest,false,true,true
42,41,44,Growth_Arrest,false,true,false
42,44,33,Growth_Arrest,false,true,false
42,44,41,Growth_Arrest,false,true,false
42,45,36,Growth_Arrest,false,false,false
42,45,38,Growth_Arrest,false,true,true
44,32,33,Growth_Arrest,false,false,false
44,32,41,Growth_Arrest,false,false,true
44,33,32,Growth_Arrest,false,false,true
44,33,42,Growth_Arrest,false,true,true
44,41,32,Growth_Arrest,false,false,true
44,41,42,Growth_Arrest,false,true,false
44,42,33,Growth_Arrest,false,true,true
44,42,41,Growth_Arrest,false,false,false
45,32,36,Growth_Arrest,false,false,true
45,32,38,Growth_Arrest,false,false,true
45,36,32,Growth_Arrest,false,true,true
45,36,42,Growth_Arrest,false,false,true
45,38,32,Growth_Arrest,false,false,false
45,38,42,Growth_Arrest,false,true,false
45,42,36,Growth_Arrest,false,true,false
45,42,38,Growth_Arrest,false,false,false
46,34,37,Growth_Arrest,false,true,true
46,37,34,Growth_Arrest,false,true,false
46,37,40,Growth_Arrest,false,false,true
46,40,37,Growth_Arrest,false,false,false
28,34,36,Growth_Arrest,false,true,false
28,34,38,Growth_Arrest,false,true,true
28,36,34,Growth_Arrest,false,false,false
28,36,40,Growth_Arrest,false,false,true
28,38,34,Growth_Arrest,false,true,false
28,38,40,Growth_Arrest,false,false,true
28,40,36,Growth_Arrest,false,true,false
28,40,38,Growth_Arrest,false,false,false
34,28,36,Growth_Arrest,false,true,true
34,28,38,Growth_Arrest,false,false,true
34,36,28,Growth_Arrest,false,false,false
34,36,46,Growth_Arrest,false,false,true
34,38,28,Growth_Arrest,false,false,true
34,38,46,Growth_Arrest,false,false,false
34,46,36,Growth_Arrest,false,false,true
34,46,38,Growth_Arrest,false,false,true
36,28,34,Growth_Arrest,false,false,false
36,28,40,Growth_Arrest,false,false,false
36,34,28,Growth_Arrest,false,false,false
36,34,46,Growth_Arrest,false,true,true
36,40,28,Growth_Arrest,false,false,false
36,40,46,Growth_Arrest,false,false,false
36,46,34,Growth_Arrest,false,false,true
36,46,40,Growth_Arrest,false,false,false
38,28,34,Growth_Arrest,false,false,false
38,28,40,Growth_Arrest,false,true,false
38,34,28,Growth_Arrest,false,false,true
38,34,46,Growth_Arrest,false,false,true
38,40,28,Growth_Arrest,false,true,false
38,40,46,Growth_Arrest,false,true,false
38,46,34,Growth_Arrest,false,true,false
38,46,40,Growth_Arrest,false,false,true
40,28,36,Growth_Arrest,false,true,true
40,28,38,Growth_Arrest,false,true,false
40,36,28,Growth_Arrest,false,false,false
40,36,46,Growth_Arrest,false,false,false
40,38,28,Growth_Arrest,false,true,false
40,38,46,Growth_Arrest,false,false,false
40,46,36,Growth_Arrest,false,true,true
40,46,38,Growth_Arrest,false,true,false
46,34,36,Growth_Arrest,false,true,false
46,34,38,Growth_Arrest,false,true,true
46,36,34,Growth_Arrest,false,false,false
46,36,40,Growth_Arrest,false,true,false
46,38,34,Growth_Arrest,false,true,false
46,38,40,Growth_Arrest,false,false,false
46,40,36,Growth_Arrest,false,false,false
46,40,38,Growth_Arrest,false,false,true
29,32,35,Growth_Arrest,false,false,true
29,32,39,Growth_Arrest,false,true,true
29,35,32,Growth_Arrest,false,false,false
29,35,42,Growth_Arrest,false,false,true
29,39,32,Growth_Arrest,false,true,false
29,39,42,Growth_Arrest,false,false,true
29,42,35,Growth_Arrest,false,false,true
29,42,39,Growth_Arrest,false,true,true
32,29,35,Growth_Arrest,false,false,false
32,29,39,Growth_Arrest,false,true,true
32,35,29,Growth_Arrest,false,false,false
32,35,45,Growth_Arrest,false,true,true
32,39,29,Growth_Arrest,false,true,true
32,39,45,Growth_Arrest,false,false,false
32,45,35,Growth_Arrest,false,true,true
32,45,39,Growth_Arrest,false,false,false
35,29,32,Growth_Arrest,false,true,false
35,29,42,Growth_Arrest,false,false,true
35,32,29,Growth_Arrest,false,true,true
35,32,45,Growth_Arrest,false,false,true
35,42,29,Growth_Arrest,false,true,true
35,42,45,Growth_Arrest,false,true,false
35,45,32,Growth_Arrest,false,false,false
35,45,42,Growth_Arrest,false,false,true
39,29,32,Growth_Arrest,false,true,true
39,29,42,Growth_Arrest,false,true,false
39,32,29,Growth_Arrest,false,false,false
39,32,45,Growth_Arrest,false,false,false
39,42,29,Growth_Arrest,false,true,true
39,42,45,Growth_Arrest,false,false,false
39,45,32,Growth_Arrest,false,true,false
39,45,42,Growth_Arrest,false,true,true
42,29,35,Growth_Arrest,false,true,false
42,29,39,Growth_Arrest,false,true,false
42,35,29,Growth_Arrest,false,true,false
42,35,45,Growth_Arrest,false,false,true
42,39,29,Growth_Arrest,false,true,true
42,39,45,Growth_Arrest,false,true,true
42,45,35,Growth_Arrest,false,false,true
42,45,39,Growth_Arrest,false,true,true
45,32,35,Growth_Arrest,false,true,false
45,32,39,Growth_Arrest,false,true,false
45,35,32,Growth_Arrest,false,false,true
45,35,42,Growth_Arrest,false,false,true
45,39,32,Growth_Arrest,false,false,false
45,39,42,Growth_Arrest,false,true,true
45,42,35,Growth_Arrest,false,true,true
45,42,39,Growth_Arrest,false,true,false
28,34,35,Growth_Arrest,false,false,false
28,34,39,Growth_Arrest,false,true,true
28,35,34,Growth_Arrest,false,false,true
28,35,40,Growth_Arrest,false,true,false
28,39,34,Growth_Arrest,false,false,true
28,39,40,Growth_Arrest,false,true,true
28,40,35,Growth_Arrest,false,false,true
28,40,39,Growth_Arrest,false,false,false
30,31,34,Growth_Arrest,false,true,false
30,31,40,Growth_Arrest,false,true,false
30,34,31,Growth_Arrest,false,true,true
30,34,43,Growth_Arrest,false,false,true
30,40,31,Growth_Arrest,false,false,true
30,40,43,Growth_Arrest,false,false,false
30,43,34,Growth_Arrest,false,false,false
30,43,40,Growth_Arrest,false,true,false
31,30,34,Growth_Arrest,false,false,false
31,30,40,Growth_Arrest,false,false,true
31,34,30,Growth_Arrest,false,true,false
31,34,44,Growth_Arrest,false,true,true
31,40,30,Growth_Arrest,false,false,true
31,40,44,Growth_Arrest,false,true,true
31,44,34,Growth_Arrest,false,true,false
31,44,40,Growth_Arrest,false,true,true
34,28,35,Growth_Arrest,false,false,true
34,28,39,Growth_Arrest,false,false,true
34,30,31,Growth_Arrest,false,true,false
34,30,43,Growth_Arrest,false,false,true
34,31,30,Growth_Arrest,false,false,false
34,31,44,Growth_Arrest,false,false,false
34,35,28,Growth_Arrest,false,false,false
34,35,46,Growth_Arrest,false,false,true
34,39,28,Growth_Arrest,false,true,false
34,39,46,Growth_Arrest,false,false,true
34,43,30,Growth_Arrest,false,false,false
34,43,44,Growth_Arrest,false,false,true
34,44,31,Growth_Arrest,false,true,true
34,44,43,Growth_Arrest,false,true,true
34,46,35,Growth_Arrest,false,false,true
34,46,39,Growth_Arrest,false,false,true
35,28,34,Growth_Arrest,false,true,true
35,28,40,Growth_Arrest,false,false,false
35,34,28,Growth_Arrest,false,true,true
35,34,46,Growth_Arrest,false,true,false
35,40,28,Growth_Arrest,false,true,true
35,40,46,Growth_Arrest,false,true,true
35,46,34,Growth_Arrest,false,true,true
35,46,40,Growth_Arrest,false,true,true
39,28,34,Growth_Arrest,false,false,false
39,28,40,Growth_Arrest,false,true,true
39,34,28,Growth_Arrest,false,true,false
39,34,46,Growth_Arrest,false,false,true
39,40,28,Growth_Arrest,false,true,false
39,40,46,Growth_Arrest,false,false,true
39,46,34,Growth_Arrest,false,false,true
39,46,40,Growth_Arrest,false,false,true
40,28,35,Growth_Arrest,false,true,true
40,28,39,Growth_Arrest,false,false,true
40,30,31,Growth_Arrest,false,false,false
40,30,43,Growth_Arrest,false,true,true
40,31,30,Growth_Arrest,false,true,false
40,31,44,Growth_Arrest,false,false,false
40,35,28,Growth_Arrest,false,true,true
40,35,46,Growth_Arrest,false,true,true
40,39,28,Growth_Arrest,false,false,false
40,39,46,Growth_Arrest,false,false,false
40,43,30,Growth_Arrest,false,false,true
40,43,44,Growth_Arrest,false,false,true
40,44,31,Growth_Arrest,false,false,true
40,44,43,Growth_Arrest,false,true,true
40,46,35,Growth_Arrest,false,false,true
40,46,39,Growth_Arrest,false,true,false
43,30,34,Growth_Arrest,false,false,false
43,30,40,Growth_Arrest,false,true,true
43,34,30,Growth_Arrest,false,true,false
43,34,44,Growth_Arrest,false,false,true
43,40,30,Growth_Arrest,false,false,true
43,40,44,Growth_Arrest,false,true,false
43,44,34,Growth_Arrest,false,true,false
43,44,40,Growth_Arrest,false,true,false
44,31,34,Growth_Arrest,false,true,false
44,31,40,Growth_Arrest,false,false,true
44,34,31,Growth_Arrest,false,false,true
44,34,43,Growth_Arrest,false,false,true
44,40,31,Growth_Arrest,false,false,true
44,40,43,Growth_Arrest,false,false,false
44,43,34,Growth_Arrest,false,false,true
44,43,40,Growth_Arrest,false,false,true
46,34,35,Growth_Arrest,false,true,false
46,34,39,Growth_Arrest,false,true,false
46,35,34,Growth_Arrest,false,false,true
46,35,40,Growth_Arrest,false,true,true
46,39,34,Growth_Arrest,false,false,false
46,39,40,Growth_Arrest,false,false,true
46,40,35,Growth_Arrest,false,true,true
46,40,39,Growth_Arrest,false,false,false
29,33,33,Growth_Arrest,false,false,false
29,33,41,Growth_Arrest,false,false,true
29,41,33,Growth_Arrest,false,true,true
29,41,41,Growth_Arrest,false,false,false
33,29,33,Growth_Arrest,false,true,false
33,29,41,Growth_Arrest,false,true,false
33,33,29,Growth_Arrest,false,false,true
33,33,45,Growth_Arrest,false,false,true
33,41,29,Growth_Arrest,false,true,false
33,41,45,Growth_Arrest,false,false,true
33,45,33,Growth_Arrest,false,true,false
33,45,41,Growth_Arrest,false,true,false
41,29,33,Growth_Arrest,false,false,false
41,29,41,Growth_Arrest,false,false,false
41,33,29,Growth_Arrest,false,true,false
41,33,45,Growth_Arrest,false,false,false
41,41,29,Growth_Arrest,false,true,true
41,41,45,Growth_Arrest,false,false,false
41,45,33,Growth_Arrest,false,false,false
41,45,41,Growth_Arrest,false,false,false
45,33,33,Growth_Arrest,false,false,true
45,33,41,Growth_Arrest,false,false,true
45,41,33,Growth_Arrest,false,true,true
45,41,41,Growth_Arrest,false,false,false
28,33,37,Growth_Arrest,false,false,true
28,37,33,Growth_Arrest,false,false,true
28,37,41,Growth_Arrest,false,true,false
28,41,37,Growth_Arrest,false,true,false
31,31,32,Growth_Arrest,false,false,false
31,31,42,Growth_Arrest,false,false,true
31,32,31,Growth_Arrest,false,false,false
31,32,43,Growth_Arrest,false,true,true
31,42,31,Growth_Arrest,false,false,true
31,42,43,Growth_Arrest,false,true,false
31,43,32,Growth_Arrest,false,false,false
31,43,42,Growth_Arrest,false,true,true
32,31,31,Growth_Arrest,false,true,false
32,31,43,Growth_Arrest,false,false,false
32,43,31,Growth_Arrest,false,false,true
32,43,43,Growth_Arrest,false,true,false
33,28,37,Growth_Arrest,false,false,false
33,37,28,Growth_Arrest,false,false,false
33,37,46,Growth_Arrest,false,false,false
33,46,37,Growth_Arrest,false,false,false
37,28,33,Growth_Arrest,false,false,true
37,28,41,Growth_Arrest,false,false,true
37,33,28,Growth_Arrest,false,false,false
37,33,46,Growth_Arrest,false,false,false
37,41,28,Growth_Arrest,false,true,false
37,41,46,Growth_Arrest,false,true,true
37,46,33,Growth_Arrest,false,true,true
37,46,41,Growth_Arrest,false,true,false
41,28,37,Growth_Arrest,false,true,false
41,37,28,Growth_Arrest,false,false,false
41,37,46,Growth_Arrest,false,true,true
41,46,37,Growth_Arrest,false,false,true
42,31,31,Growth_Arrest,false,false,false
42,31,43,Growth_Arrest,false,false,false
42,43,31,Growth_Arrest,false,false,true
42,43,43,Growth_Arrest,false,true,false
43,31,32,Growth_Arrest,false,false,true
43,31,42,Growth_Arrest,false,true,false
43,32,31,Growth_Arrest,false,false,true
43,32,43,Growth_Arrest,false,true,false
43,42,31,Growth_Arrest,false,false,true
43,42,43,Growth_Arrest,false,false,true
43,43,32,Growth_Arrest,false,false,true
43,43,42,Growth_Arrest,false,false,false
46,33,37,Growth_Arrest,false,true,false
46,37,33,Growth_Arrest,false,true,false
46,37,41,Growth_Arrest,false,false,false
46,41,37,Growth_Arrest,false,true,false
28,33,36,Growth_Arrest,false,false,false
28,33,38,Growth_Arrest,false,true,true
28,36,33,Growth_Arrest,false,false,false
28,36,41,Growth_Arrest,false,true,false
28,38,33,Growth_Arrest,false,true,true
28,38,41,Growth_Arrest,false,true,false
28,41,36,Growth_Arrest,false,true,true
28,41,38,Growth_Arrest,false,true,false
29,32,34,Growth_Arrest,false,false,false
29,32,40,Growth_Arrest,false,true,true
29,34,32,Growth_Arrest,false,false,false
29,34,42,Growth_Arrest,false,false,true
29,40,32,Growth_Arrest,false,true,false
29,40,42,Growth_Arrest,false,false,false
29,42,34,Growth_Arrest,false,true,true
29,42,40,Growth_Arrest,false,true,false
30,30,37,Growth_Arrest,false,true,false
30,37,30,Growth_Arrest,false,true,false
30,37,44,Growth_Arrest,false,true,true
30,44,37,Growth_Arrest,false,true,true
32,29,34,Growth_Arrest,false,false,false
32,29,40,Growth_Arrest,false,true,false
32,34,29,Growth_Arrest,false,false,false
32,34,45,Growth_Arrest,false,true,false
32,40,29,Growth_Arrest,false,false,false
32,40,45,Growth_Arrest,false,false,true
32,45,34,Growth_Arrest,false,true,true
32,45,40,Growth_Arrest,false,false,true
33,28,36,Growth_Arrest,false,true,false
33,28,38,Growth_Arrest,false,true,true
33,36,28,Growth_Arrest,false,true,true
33,36,46,Growth_Arrest,false,false,false
33,38,28,Growth_Arrest,false,true,false
33,38,46,Growth_Arrest,false,false,true
33,46,36,Growth_Arrest,false,true,false
33,46,38,Growth_Arrest,false,true,true
34,29,32,Growth_Arrest,false,true,false
34,29,42,Growth_Arrest,false,false,false
34,32,29,Growth_Arrest,false,false,false
34,32,45,Growth_Arrest,false,false,false
34,42,29,Growth_Arrest,false,true,false
34,42,45,Growth_Arrest,false,true,true
34,45,32,Growth_Arrest,false,false,true
34,45,42,Growth_Arrest,false,true,false
36,28,33,Growth_Arrest,false,true,false
36,28,41,Growth_Arrest,false,true,false
36,33,28,Growth_Arrest,false,true,false
36,33,46,Growth_Arrest,false,true,false
36,41,28,Growth_Arrest,false,true,true
36,41,46,Growth_Arrest,false,false,true
36,46,33,Growth_Arrest,false,false,true
36,46,41,Growth_Arrest,false,false,true
37,30,30,Growth_Arrest,false,true,false
37,30,44,Growth_Arrest,false,false,false
37,44,30,Growth_Arrest,false,true,false
37,44,44,Growth_Arrest,false,true,true
38,28,33,Growth_Arrest,false,false,true
38,28,41,Growth_Arrest,false,false,false
38,33,28,Growth_Arrest,false,true,false
38,33,46,Growth_Arrest,false,false,true
38,41,28,Growth_Arrest,false,false,true
38,41,46,Growth_Arrest,false,true,false
38,46,33,Growth_Arrest,false,false,true
38,46,41,Growth_Arrest,false,false,false
40,29,32,Growth_Arrest,false,true,false
40,29,42,Growth_Arrest,false,true,false
40,32,29,Growth_Arrest,false,false,false
40,32,45,Growth_Arrest,false,true,true
40,42,29,Growth_Arrest,false,true,false
40,42,45,Growth_Arrest,false,false,false
40,45,32,Growth_Arrest,false,false,true
40,45,42,Growth_Arrest,false,true,false
41,28,36,Growth_Arrest,false,true,false
41,28,38,Growth_Arrest,false,true,false
41,36,28,Growth_Arrest,false,false,false
41,36,46,Growth_Arrest,false,false,true
41,38,28,Growth_Arrest,false,false,false
41,38,46,Growth_Arrest,false,true,true
41,46,36,Growth_Arrest,false,true,false
41,46,38,Growth_Arrest,false,true,true
42,29,34,Growth_Arrest,false,false,false
42,29,40,Growth_Arrest,false,false,false
42,34,29,Growth_Arrest,false,false,false
42,34,45,Growth_Arrest,false,true,true
42,40,29,Growth_Arrest,false,true,true
42,40,45,Growth_Arrest,false,false,true
42,45,34,Growth_Arrest,false,true,false
42,45,40,Growth_Arrest,false,true,true
44,30,37,Growth_Arrest,false,true,true
44,37,30,Growth_Arrest,false,false,false
44,37,44,Growth_Arrest,false,false,true
44,44,37,Growth_Arrest,false,true,true
45,32,34,Growth_Arrest,false,false,false
45,32,40,Growth_Arrest,false,true,true
45,34,32,Growth_Arrest,false,false,false
45,34,42,Growth_Arrest,false,true,true
45,40,32,Growth_Arrest,false,false,false
45,40,42,Growth_Arrest,false,true,true
45,42,34,Growth_Arrest,false,false,false
45,42,40,Growth_Arrest,false,true,false
46,33,36,Growth_Arrest,false,false,true
46,33,38,Growth_Arrest,false,false,true
46,36,33,Growth_Arrest,false,false,true
46,36,41,Growth_Arrest,false,false,false
46,38,33,Growth_Arrest,false,false,true
46,38,41,Growth_Arrest,false,true,false
46,41,36,Growth_Arrest,false,true,true
46,41,38,Growth_Arrest,false,true,false
28,34,34,Growth_Arrest,false,true,false
28,34,40,Growth_Arrest,false,false,true
28,40,34,Growth_Arrest,false,true,false
28,40,40,Growth_Arrest,false,false,true
30,30,36,Growth_Arrest,false,true,false
30,30,38,Growth_Arrest,false,true,false
30,32,32,Growth_Arrest,false,false,true
30,32,42,Growth_Arrest,false,false,false
30,36,30,Growth_Arrest,false,true,true
30,36,44,Growth_Arrest,false,false,true
30,38,30,Growth_Arrest,false,true,false
30,38,44,Growth_Arrest,false,true,false
30,42,32,Growth_Arrest,false,false,true
30,42,42,Growth_Arrest,false,true,false
30,44,36,Growth_Arrest,false,false,false
30,44,38,Growth_Arrest,false,false,false
32,30,32,Growth_Arrest,false,false,true
32,30,42,Growth_Arrest,false,false,false
32,32,30,Growth_Arrest,false,true,true
32,32,44,Growth_Arrest,false,false,false
32,42,30,Growth_Arrest,false,true,false
32,42,44,Growth_Arrest,false,false,true
32,44,32,Growth_Arrest,false,false,false
32,44,42,Growth_Arrest,false,false,false
34,28,34,Growth_Arrest,false,false,true
34,28,40,Growth_Arrest,false,false,false
34,34,28,Growth_Arrest,false,false,true
34,34,46,Growth_Arrest,false,true,false
34,40,28,Growth_Arrest,false,true,false
34,40,46,Growth_Arrest,false,false,false
34,46,34,Growth_Arrest,false,false,false
34,46,40,Growth_Arrest,false,true,false
36,30,30,Growth_Arrest,false,true,false
36,30,44,Growth_Arrest,false,false,false
36,44,30,Growth_Arrest,false,true,false
36,44,44,Growth_Arrest,false,true,false
38,30,30,Growth_Arrest,false,false,false
38,30,44,Growth_Arrest,false,false,false
38,44,30,Growth_Arrest,false,false,true
38,44,44,Growth_Arrest,false,false,true
40,28,34,Growth_Arrest,false,false,true
40,28,40,Growth_Arrest,false,true,false
40,34,28,Growth_Arrest,false,false,true
40,34,46,Growth_Arrest,false,true,false
40,40,28,Growth_Arrest,false,false,true
40,40,46,Growth_Arrest,false,false,true
40,46,34,Growth_Arrest,false,false,false
40,46,40,Growth_Arrest,false,true,true
42,30,32,Growth_Arrest,false,false,false
42,30,42,Growth_Arrest,false,true,true
42,32,30,Growth_Arrest,false,false,true
42,32,44,Growth_Arrest,false,true,true
42,42,30,Growth_Arrest,false,true,false
42,42,44,Growth_Arrest,false,true,true
42,44,32,Growth_Arrest,false,false,false
42,44,42,Growth_Arrest,false,false,true
44,30,36,Growth_Arrest,false,false,true
44,30,38,Growth_Arrest,false,true,true
44,32,32,Growth_Arrest,false,true,true
44,32,42,Growth_Arrest,false,false,true
44,36,30,Growth_Arrest,false,false,true
44,36,44,Growth_Arrest,false,false,true
44,38,30,Growth_Arrest,false,true,true
44,38,44,Growth_Arrest,false,false,false
44,42,32,Growth_Arrest,false,true,false
44,42,42,Growth_Arrest,false,true,false
44,44,36,Growth_Arrest,false,true,false
44,44,38,Growth_Arrest,false,true,true
46,34,34,Growth_Arrest,false,false,false
46,34,40,Growth_Arrest,false,false,true
46,40,34,Growth_Arrest,false,true,true
46,40,40,Growth_Arrest,false,true,false
27,37,37,Growth_Arrest,false,false,false
29,31,37,Growth_Arrest,false,false,true
29,37,31,Growth_Arrest,false,true,false
29,37,43,Growth_Arrest,false,true,true
29,43,37,Growth_Arrest,false,false,false
31,29,37,Growth_Arrest,false,false,true
31,37,29,Growth_Arrest,false,true,true
31,37,45,Growth_Arrest,false,false,false
31,45,37,Growth_Arrest,false,true,true
37,27,37,Growth_Arrest,false,true,true
37,29,31,Growth_Arrest,false,false,true
37,29,43,Growth_Arrest,false,true,false
37,31,29,Growth_Arrest,false,true,false
37,31,45,Growth_Arrest,false,false,false
37,37,27,Growth_Arrest,false,false,false
37,37,47,Growth_Arrest,false,false,true
37,43,29,Growth_Arrest,false,false,false
37,43,45,Growth_Arrest,false,false,true
37,45,31,Growth_Arrest,false,false,false
37,45,43,Growth_Arrest,false,true,true
37,47,37,Growth_Arrest,false,true,false
43,29,37,Growth_Arrest,false,false,true
43,37,29,Growth_Arrest,false,false,false
43,37,45,Growth_Arrest,false,false,true
43,45,37,Growth_Arrest,false,false,true
45,31,37,Growth_Arrest,false,true,false
45,37,31,Growth_Arrest,false,true,true
45,37,43,Growth_Arrest,false,true,false
45,43,37,Growth_Arrest,false,true,false
47,37,37,Growth_Arrest,false,true,false
27,36,37,Growth_Arrest,false,false,true
27,37,36,Growth_Arrest,false,true,true
27,37,38,Growth_Arrest,false,false,false
27,38,37,Growth_Arrest,false,true,true
28,33,35,Growth_Arrest,false,true,false
28,33,39,Growth_Arrest,false,false,true
28,35,33,Growth_Arrest,false,true,false
28,35,41,Growth_Arrest,false,true,true
28,39,33,Growth_Arrest,false,false,false
28,39,41,Growth_Arrest,false,false,true
28,41,35,Growth_Arrest,false,false,false
28,41,39,Growth_Arrest,false,true,false
29,31,36,Growth_Arrest,false,false,false
29,31,38,Growth_Arrest,false,true,true
29,36,31,Growth_Arrest,false,false,true
29,36,43,Growth_Arrest,false,true,false
29,38,31,Growth_Arrest,false,false,false
29,38,43,Growth_Arrest,false,false,true
29,43,36,Growth_Arrest,false,true,false
29,43,38,Growth_Arrest,false,false,false
30,31,33,Growth_Arrest,false,true,false
30,31,41,Growth_Arrest,false,true,false
30,33,31,Growth_Arrest,false,true,true
30,33,43,Growth_Arrest,false,false,false
30,41,31,Growth_Arrest,false,true,false
30,41,43,Growth_Arrest,false,true,false
30,43,33,Growth_Arrest,false,true,false
30,43,41,Growth_Arrest,false,true,true
31,29,36,Growth_Arrest,false,true,true
31,29,38,Growth_Arrest,false,true,false
31,30,33,Growth_Arrest,false,true,true
31,30,41,Growth_Arrest,false,false,true
31,33,30,Growth_Arrest,false,true,true
31,33,44,Growth_Arrest,false,false,false
31,36,29,Growth_Arrest,false,false,false
31,36,45,Growth_Arrest,false,true,false
31,38,29,Growth_Arrest,false,false,true
31,38,45,Growth_Arrest,false,false,false
31,41,30,Growth_Arrest,false,false,false
31,41,44,Growth_Arrest,false,true,true
31,44,33,Growth_Arrest,false,true,false
31,44,41,Growth_Arrest,false,true,false
31,45,36,Growth_Arrest,false,false,false
31,45,38,Growth_Arrest,false,false,false
33,28,35,Growth_Arrest,false,false,true
33,28,39,Growth_Arrest,false,false,false
33,30,31,Growth_Arrest,false,false,true
33,30,43,Growth_Arrest,false,false,true
33,31,30,Growth_Arrest,false,true,false
33,31,44,Growth_Arrest,false,false,false
33,35,28,Growth_Arrest,false,true,false
33,35,46,Growth_Arrest,false,false,false
33,39,28,Growth_Arrest,false,true,false
33,39,46,Growth_Arrest,false,false,true
33,43,30,Growth_Arrest,false,true,true
33,43,44,Growth_Arrest,false,false,true
33,44,31,Growth_Arrest,false,true,false
33,44,43,Growth_Arrest,false,true,false
33,46,35,Growth_Arrest,false,true,false
33,46,39,Growth_Arrest,false,true,false
35,28,33,Growth_Arrest,false,true,false
35,28,41,Growth_Arrest,false,true,true
35,33,28,Growth_Arrest,false,false,true
35,33,46,Growth_Arrest,false,true,false
35,41,28,Growth_Arrest,false,false,true
35,41,46,Growth_Arrest,false,false,false
35,46,33,Growth_Arrest,false,false,false
35,46,41,Growth_Arrest,false,false,false
36,27,37,Growth_Arrest,false,true,true
36,29,31,Growth_Arrest,false,false,true
36,29,43,Growth_Arrest,false,true,true
36,31,29,Growth_Arrest,false,false,false
36,31,45,Growth_Arrest,false,true,true
36,37,27,Growth_Arrest,false,true,true
36,37,47,Growth_Arrest,false,false,true
36,43,29,Growth_Arrest,false,false,false
36,43,45,Growth_Arrest,false,true,false
36,45,31,Growth_Arrest,false,false,true
36,45,43,Growth_Arrest,false,false,true
36,47,37,Growth_Arrest,false,true,true
37,27,36,Growth_Arrest,false,false,false
37,27,38,Growth_Arrest,false,false,false
37,36,27,Growth_Arrest,false,false,true
37,36,47,Growth_Arrest,false,false,true
37,38,27,Growth_Arrest,false,false,true
37,38,47,Growth_Arrest,false,true,false
37,47,36,Growth_Arrest,false,false,true
37,47,38,Growth_Arrest,false,true,true
38,27,37,Growth_Arrest,false,false,false
38,29,31,Growth_Arrest,false,true,true
38,29,43,Growth_Arrest,false,false,true
38,31,29,Growth_Arrest,false,false,false
38,31,45,Growth_Arrest,false,false,false
38,37,27,Growth_Arrest,false,true,false
38,37,47,Growth_Arrest,false,false,true
38,43,29,Growth_Arrest,false,true,true
38,43,45,Growth_Arrest,false,true,false
38,45,31,Growth_Arrest,false,true,true
38,45,43,Growth_Arrest,false,true,false
38,47,37,Growth_Arrest,false,false,true
39,28,33,Growth_Arrest,false,false,true
39,28,41,Growth_Arrest,false,true,true
39,33,28,Growth_Arrest,false,true,true
39,33,46,Growth_Arrest,false,false,true
39,41,28,Growth_Arrest,false,true,false
39,41,46,Growth_Arrest,false,false,false
39,46,33,Growth_Arrest,false,true,false
39,46,41,Growth_Arrest,false,true,false
41,28,35,Growth_Arrest,false,false,true
41,28,39,Growth_Arrest,false,false,true
41,30,31,Growth_Arrest,false,true,true
41,30,43,Growth_Arrest,false,false,true
41,31,30,Growth_Arrest,false,true,true
41,31,44,Growth_Arrest,false,false,true
41,35,28,Growth_Arrest,false,true,true
41,35,46,Growth_Arrest,false,false,false
41,39,28,Growth_Arrest,false,false,false
41,39,46,Growth_Arrest,false,false,false
41,43,30,Growth_Arrest,false,true,false
41,43,44,Growth_Arrest,false,true,false
41,44,31,Growth_Arrest,false,false,false
41,44,43,Growth_Arrest,false,false,true
41,46,35,Growth_Arrest,false,true,false
41,46,39,Growth_Arrest,false,false,false
43,29,36,Growth_Arrest,false,true,true
43,29,38,Growth_Arrest,false,true,true
43,30,33,Growth_Arrest,false,true,false
43,30,41,Growth_Arrest,false,false,true
43,33,30,Growth_Arrest,false,true,true
43,33,44,Growth_Arrest,false,true,false
43,36,29,Growth_Arrest,false,true,true
43,36,45,Growth_Arrest,false,false,true
43,38,29,Growth_Arrest,false,true,false
43,38,45,Growth_Arrest,false,false,false
43,41,30,Growth_Arrest,false,true,false
43,41,44,Growth_Arrest,false,true,true
43,44,33,Growth_Arrest,false,false,true
43,44,41,Growth_Arrest,false,true,false
43,45,36,Growth_Arrest,false,false,true
43,45,38,Growth_Arrest,false,true,false
44,31,33,Growth_Arrest,false,false,false
44,31,41,Growth_Arrest,false,true,false
44,33,31,Growth_Arrest,false,true,true
44,33,43,Growth_Arrest,false,false,true
44,41,31,Growth_Arrest,false,false,true
44,41,43,Growth_Arrest,false,false,true
44,43,33,Growth_Arrest,false,true,false
44,43,41,Growth_Arrest,false,false,false
45,31,36,Growth_Arrest,false,false,true
45,31,38,Growth_Arrest,false,true,false
45,36,31,Growth_Arrest,false,true,true
45,36,43,Growth_Arrest,false,true,false
45,38,31,Growth_Arrest,false,false,false
45,38,43,Growth_Arrest,false,true,false
45,43,36,Growth_Arrest,false,false,false
45,43,38,Growth_Arrest,false,true,false
46,33,35,Growth_Arrest,false,false,false
46,33,39,Growth_Arrest,false,false,true
46,35,33,Growth_Arrest,false,false,false
46,35,41,Growth_Arrest,false,true,false
46,39,33,Growth_Arrest,false,false,true
46,39,41,Growth_Arrest,false,false,false
46,41,35,Growth_Arrest,false,false,false
46,41,39,Growth_Arrest,false,true,true
47,36,37,Growth_Arrest,false,true,false
47,37,36,Growth_Arrest,false,false,true
47,37,38,Growth_Arrest,false,true,false
47,38,37,Growth_Arrest,false,false,false
27,36,36,Growth_Arrest,false,false,false
27,36,38,Growth_Arrest,false,false,true
27,38,36,Growth_Arrest,false,true,false
27,38,38,Growth_Arrest,false,false,true
30,30,35,Growth_Arrest,false,false,true
30,30,39,Growth_Arrest,false,false,true
30,35,30,Growth_Arrest,false,false,false
30,35,44,Growth_Arrest,false,false,false
30,39,30,Growth_Arrest,false,false,true
30,39,44,Growth_Arrest,false,false,false
30,44,35,Growth_Arrest,false,true,true
30,44,39,Growth_Arrest,false,true,true
35,30,30,Growth_Arrest,false,false,true
35,30,44,Growth_Arrest,false,true,true
35,44,30,Growth_Arrest,false,false,false
35,44,44,Growth_Arrest,false,false,true
36,27,36,Growth_Arrest,false,true,true
36,27,38,Growth_Arrest,false,false,true
36,36,27,Growth_Arrest,false,true,false
36,36,47,Growth_Arrest,false,true,false
36,38,27,Growth_Arrest,false,true,true
36,38,47,Growth_Arrest,false,true,true
36,47,36,Growth_Arrest,false,true,false
36,47,38,Growth_Arrest,false,false,true
38,27,36,Growth_Arrest,false,false,false
38,27,38,Growth_Arrest,false,true,true
38,36,27,Growth_Arrest,false,false,false
38,36,47,Growth_Arrest,false,false,false
38,38,27,Growth_Arrest,false,false,true
38,38,47,Growth_Arrest,false,false,false
38,47,36,Growth_Arrest,false,false,true
38,47,38,Growth_Arrest,false,false,false
39,30,30,Growth_Arrest,false,false,true
39,30,44,Growth_Arrest,false,true,false
39,44,30,Growth_Arrest,false,false,false
39,44,44,Growth_Arrest,false,true,true
44,30,35,Growth_Arrest,false,false,false
44,30,39,Growth_Arrest,false,false,false
44,35,30,Growth_Arrest,false,true,false
44,35,44,Growth_Arrest,false,false,false
44,39,30,Growth_Arrest,false,true,true
44,39,44,Growth_Arrest,false,false,false
44,44,35,Growth_Arrest,false,false,false
44,44,39,Growth_Arrest,false,false,true
47,36,36,Growth_Arrest,false,true,true
47,36,38,Growth_Arrest,false,false,true
47,38,36,Growth_Arrest,false,true,false
47,38,38,Growth_Arrest,false,false,false
27,35,37,Growth_Arrest,false,false,false
27,37,35,Growth_Arrest,false,true,false
27,37,39,Growth_Arrest,false,true,false
27,39,37,Growth_Arrest,false,true,false
29,31,35,Growth_Arrest,false,true,false
29,31,39,Growth_Arrest,false,false,true
29,35,31,Growth_Arrest,false,false,true
29,35,43,Growth_Arrest,false,true,false
29,39,31,Growth_Arrest,false,false,true
29,39,43,Growth_Arrest,false,false,true
29,43,35,Growth_Arrest,false,true,false
29,43,39,Growth_Arrest,false,false,true
31,29,35,Growth_Arrest,false,false,false
31,29,39,Growth_Arrest,false,false,true
31,35,29,Growth_Arrest,false,false,false
31,35,45,Growth_Arrest,false,true,false
31,39,29,Growth_Arrest,false,false,true
31,39,45,Growth_Arrest,false,true,true
31,45,35,Growth_Arrest,false,false,true
31,45,39,Growth_Arrest,false,false,false
35,27,37,Growth_Arrest,false,false,false
35,29,31,Growth_Arrest,false,true,false
35,29,43,Growth_Arrest,false,true,true
35,31,29,Growth_Arrest,false,true,false
35,31,45,Growth_Arrest,false,true,false
35,37,27,Growth_Arrest,false,false,true
35,37,47,Growth_Arrest,false,false,false
35,43,29,Growth_Arrest,false,true,false
35,43,45,Growth_Arrest,false,true,false
35,45,31,Growth_Arrest,false,false,false
35,45,43,Growth_Arrest,false,false,false
35,47,37,Growth_Arrest,false,true,true
37,27,35,Growth_Arrest,false,true,false
37,27,39,Growth_Arrest,false,true,true
37,35,27,Growth_Arrest,false,true,false
37,35,47,Growth_Arrest,false,true,true
37,39,27,Growth_Arrest,false,false,true
37,39,47,Growth_Arrest,false,false,true
37,47,35,Growth_Arrest,false,true,true
37,47,39,Growth_Arrest,false,false,false
39,27,37,Growth_Arrest,false,true,false
39,29,31,Growth_Arrest,false,false,true
39,29,43,Growth_Arrest,false,false,false
39,31,29,Growth_Arrest,false,false,false
39,31,45,Growth_Arrest,false,true,true
39,37,27,Growth_Arrest,false,true,true
39,37,47,Growth_Arrest,false,true,true
39,43,29,Growth_Arrest,false,false,true
39,43,45,Growth_Arrest,false,false,true
39,45,31,Growth_Arrest,false,true,false
39,45,43,Growth_Arrest,false,true,false
39,47,37,Growth_Arrest,false,true,false
43,29,35,Growth_Arrest,false,true,false
43,29,39,Growth_Arrest,false,false,false
43,35,29,Growth_Arrest,false,false,false
43,35,45,Growth_Arrest,false,true,false
43,39,29,Growth_Arrest,false,false,false
43,39,45,Growth_Arrest,false,true,true
43,45,35,Growth_Arrest,false,true,true
43,45,39,Growth_Arrest,false,false,false
45,31,35,Growth_Arrest,false,false,true
45,31,39,Growth_Arrest,false,true,false
45,35,31,Growth_Arrest,false,false,false
45,35,43,Growth_Arrest,false,false,true
45,39,31,Growth_Arrest,false,false,true
45,39,43,Growth_Arrest,false,false,true
45,43,35,Growth_Arrest,false,true,true
45,43,39,Growth_Arrest,false,true,true
47,35,37,Growth_Arrest,false,true,true
47,37,35,Growth_Arrest,false,true,true
47,37,39,Growth_Arrest,false,true,true
47,39,37,Growth_Arrest,false,true,false
27,35,36,Growth_Arrest,false,false,false
27,35,38,Growth_Arrest,false,true,true
27,36,35,Growth_Arrest,false,false,true
27,36,39,Growth_Arrest,false,true,false
27,38,35,Growth_Arrest,false,true,true
27,38,39,Growth_Arrest,false,false,true
27,39,36,Growth_Arrest,false,true,false
27,39,38,Growth_Arrest,false,false,true
29,32,33,Growth_Arrest,false,false,false
29,32,41,Growth_Arrest,false,false,true
29,33,32,Growth_Arrest,false,true,true
29,33,42,Growth_Arrest,false,false,true
29,41,32,Growth_Arrest,false,false,false
29,41,42,Growth_Arrest,false,false,false
29,42,33,Growth_Arrest,false,true,true
29,42,41,Growth_Arrest,false,false,true
32,29,33,Growth_Arrest,false,true,true
32,29,41,Growth_Arrest,false,false,true
32,33,29,Growth_Arrest,false,false,true
32,33,45,Growth_Arrest,false,false,true
32,41,29,Growth_Arrest,false,false,false
32,41,45,Growth_Arrest,false,true,true
32,45,33,Growth_Arrest,false,true,true
32,45,41,Growth_Arrest,false,false,true
33,29,32,Growth_Arrest,false,false,false
33,29,42,Growth_Arrest,false,true,true
33,32,29,Growth_Arrest,false,true,true
33,32,45,Growth_Arrest,false,true,false
33,42,29,Growth_Arrest,false,false,true
33,42,45,Growth_Arrest,false,false,false
33,45,32,Growth_Arrest,false,false,true
33,45,42,Growth_Arrest,false,false,true
35,27,36,Growth_Arrest,false,true,false
35,27,38,Growth_Arrest,false,true,true
35,36,27,Growth_Arrest,false,true,true
35,36,47,Growth_Arrest,false,false,true
35,38,27,Growth_Arrest,false,false,true
35,38,47,Growth_Arrest,false,true,true
35,47,36,Growth_Arrest,false,false,false
35,47,38,Growth_Arrest,false,false,false
36,27,35,Growth_Arrest,false,false,true
36,27,39,Growth_Arrest,false,false,true
36,35,27,Growth_Arrest,false,false,true
36,35,47,Growth_Arrest,false,true,true
36,39,27,Growth_Arrest,false,true,false
36,39,47,Growth_Arrest,false,true,false
36,47,35,Growth_Arrest,false,false,true
36,47,39,Growth_Arrest,false,false,true
38,27,35,Growth_Arrest,false,false,false
38,27,39,Growth_Arrest,false,false,false
38,35,27,Growth_Arrest,false,false,false
38,35,47,Growth_Arrest,false,false,true
38,39,27,Growth_Arrest,false,false,true
38,39,47,Growth_Arrest,false,false,true
38,47,35,Growth_Arrest,false,false,false
38,47,39,Growth_Arrest,false,true,false
39,27,36,Growth_Arrest,false,true,false
39,27,38,Growth_Arrest,false,true,false
39,36,27,Growth_Arrest,false,false,true
39,36,47,Growth_Arrest,false,false,true
39,38,27,Growth_Arrest,false,false,true
39,38,47,Growth_Arrest,false,false,true
39,47,36,Growth_Arrest,false,true,false
39,47,38,Growth_Arrest,false,false,false
41,29,32,Growth_Arrest,false,true,false
41,29,42,Growth_Arrest,false,false,false
41,32,29,Growth_Arrest,false,false,true
41,32,45,Growth_Arrest,false,true,true
41,42,29,Growth_Arrest,false,true,true
41,42,45,Growth_Arrest,false,false,false
41,45,32,Growth_Arrest,false,true,true
41,45,42,Growth_Arrest,false,true,false
42,29,33,Growth_Arrest,false,false,false
42,29,41,Growth_Arrest,false,true,true
42,33,29,Growth_Arrest,false,true,false
42,33,45,Growth_Arrest,false,true,false
42,41,29,Growth_Arrest,false,false,true
42,41,45,Growth_Arrest,false,false,false
42,45,33,Growth_Arrest,false,true,true
42,45,41,Growth_Arrest,false,false,true
45,32,33,Growth_Arrest,false,false,true
45,32,41,Growth_Arrest,false,true,true
45,33,32,Growth_Arrest,false,true,false
45,33,42,Growth_Arrest,false,false,false
45,41,32,Growth_Arrest,false,false,true
45,41,42,Growth_Arrest,false,false,false
45,42,33,Growth_Arrest,false,false,true
45,42,41,Growth_Arrest,false,false,true
47,35,36,Growth_Arrest,false,false,false
47,35,38,Growth_Arrest,false,false,true
47,36,35,Growth_Arrest,false,true,true
47,36,39,Growth_Arrest,false,false,false
47,38,35,Growth_Arrest,false,true,false
47,38,39,Growth_Arrest,false,true,true
47,39,36,Growth_Arrest,false,false,true
47,39,38,Growth_Arrest,false,false,false
28,32,37,Growth_Arrest,false,false,true
28,33,34,Growth_Arrest,false,false,true
28,33,40,Growth_Arrest,false,true,true
28,34,33,Growth_Arrest,false,true,false
28,34,41,Growth_Arrest,false,false,false
28,37,32,Growth_Arrest,false,true,true
28,37,42,Growth_Arrest,false,true,true
28,40,33,Growth_Arrest,false,true,false
28,40,41,Growth_Arrest,false,true,true
28,41,34,Growth_Arrest,false,false,true
28,41,40,Growth_Arrest,false,false,true
28,42,37,Growth_Arrest,false,true,true
32,28,37,Growth_Arrest,false,false,true
32,37,28,Growth_Arrest,false,true,false
32,37,46,Growth_Arrest,false,true,true
32,46,37,Growth_Arrest,false,true,false
33,28,34,Growth_Arrest,false,false,true
33,28,40,Growth_Arrest,false,false,false
33,34,28,Growth_Arrest,false,true,true
33,34,46,Growth_Arrest,false,true,false
33,40,28,Growth_Arrest,false,false,false
33,40,46,Growth_Arrest,false,false,true
33,46,34,Growth_Arrest,false,true,false
33,46,40,Growth_Arrest,false,false,false
34,28,33,Growth_Arrest,false,false,false
34,28,41,Growth_Arrest,false,true,true
34,33,28,Growth_Arrest,false,true,false
34,33,46,Growth_Arrest,false,true,true
34,41,28,Growth_Arrest,false,true,false
34,41,46,Growth_Arrest,false,true,true
34,46,33,Growth_Arrest,false,true,false
34,46,41,Growth_Arrest,false,false,false
37,28,32,Growth_Arrest,false,false,true
37,28,42,Growth_Arrest,false,false,false
37,32,28,Growth_Arrest,false,false,false
37,32,46,Growth_Arrest,false,false,true
37,42,28,Growth_Arrest,false,true,false
37,42,46,Growth_Arrest,false,false,false
37,46,32,Growth_Arrest,false,false,true
37,46,42,Growth_Arrest,false,true,true
40,28,33,Growth_Arrest,false,true,false
40,28,41,Growth_Arrest,false,true,true
40,33,28,Growth_Arrest,false,true,false
40,33,46,Growth_Arrest,false,true,true
40,41,28,Growth_Arrest,false,true,false
40,41,46,Growth_Arrest,false,true,true
40,46,33,Growth_Arrest,false,true,true
40,46,41,Growth_Arrest,false,true,false
41,28,34,Growth_Arrest,false,true,false
41,28,40,Growth_Arrest,false,true,false
41,34,28,Growth_Arrest,false,true,true
41,34,46,Growth_Arrest,false,true,true
41,40,28,Growth_Arrest,false,true,true
41,40,46,Growth_Arrest,false,false,false
41,46,34,Growth_Arrest,false,false,false
41,46,40,Growth_Arrest,false,true,true
42,28,37,Growth_Arrest,false,true,false
42,37,28,Growth_Arrest,false,false,true
42,37,46,Growth_Arrest,false,true,false
42,46,37,Growth_Arrest,false,true,true
46,32,37,Growth_Arrest,false,false,true
46,33,34,Growth_Arrest,false,false,true
46,33,40,Growth_Arrest,false,false,false
46,34,33,Growth_Arrest,false,true,false
46,34,41,Growth_Arrest,false,true,false
46,37,32,Growth_Arrest,false,false,false
46,37,42,Growth_Arrest,false,false,true
46,40,33,Growth_Arrest,false,false,true
46,40,41,Growth_Arrest,false,true,true
46,41,34,Growth_Arrest,false,false,true
46,41,40,Growth_Arrest,false,false,false
46,42,37,Growth_Arrest,false,false,false
28,32,36,Growth_Arrest,false,false,true
28,32,38,Growth_Arrest,false,false,false
28,36,32,Growth_Arrest,false,true,false
28,36,42,Growth_Arrest,false,false,false
28,38,32,Growth_Arrest,false,true,false
28,38,42,Growth_Arrest,false,false,true
28,42,36,Growth_Arrest,false,true,true
28,42,38,Growth_Arrest,false,true,false
30,30,34,Growth_Arrest,false,false,false
30,30,40,Growth_Arrest,false,false,false
30,34,30,Growth_Arrest,false,false,true
30,34,44,Growth_Arrest,false,true,false
30,40,30,Growth_Arrest,false,true,false
30,40,44,Growth_Arrest,false,false,true
30,44,34,Growth_Arrest,false,false,false
30,44,40,Growth_Arrest,false,false,true
32,28,36,Growth_Arrest,false,true,false
32,28,38,Growth_Arrest,false,true,true
32,36,28,Growth_Arrest,false,true,true
32,36,46,Growth_Arrest,false,false,false
32,38,28,Growth_Arrest,false,true,true
32,38,46,Growth_Arrest,false,true,true
32,46,36,Growth_Arrest,false,true,true
32,46,38,Growth_Arrest,false,true,true
34,30,30,Growth_Arrest,false,true,false
34,30,44,Growth_Arrest,false,false,false
34,44,30,Growth_Arrest,false,true,true
34,44,44,Growth_Arrest,false,true,false
36,28,32,Growth_Arrest,false,false,true
36,28,42,Growth_Arrest,false,false,false
36,32,28,Growth_Arrest,false,false,false
36,32,46,Growth_Arrest,false,true,false
36,42,28,Growth_Arrest,false,true,false
36,42,46,Growth_Arrest,false,true,false
36,46,32,Growth_Arrest,false,true,true
36,46,42,Growth_Arrest,false,false,true
38,28,32,Growth_Arrest,false,true,false
38,28,42,Growth_Arrest,false,false,true
38,32,28,Growth_Arrest,false,true,false
38,32,46,Growth_Arrest,false,false,true
38,42,28,Growth_Arrest,false,true,true
38,42,46,Growth_Arrest,false,false,true
38,46,32,Growth_Arrest,false,false,false
38,46,42,Growth_Arrest,false,true,true
40,30,30,Growth_Arrest,false,false,false
40,30,44,Growth_Arrest,false,true,true
40,44,30,Growth_Arrest,false,true,true
40,44,44,Growth_Arrest,false,false,true
42,28,36,Growth_Arrest,false,true,true
42,28,38,Growth_Arrest,false,true,true
42,36,28,Growth_Arrest,false,false,false
42,36,46,Growth_Arrest,false,true,false
42,38,28,Growth_Arrest,false,false,true
42,38,46,Growth_Arrest,false,true,false
42,46,36,Growth_Arrest,false,true,true
42,46,38,Growth_Arrest,false,true,true
44,30,34,Growth_Arrest,false,false,false
44,30,40,Growth_Arrest,false,false,true
44,34,30,Growth_Arrest,false,true,true
44,34,44,Growth_Arrest,false,true,true
44,40,30,Growth_Arrest,false,true,false
44,40,44,Growth_Arrest,false,false,true
44,44,34,Growth_Arrest,false,false,false
44,44,40,Growth_Arrest,false,true,false
46,32,36,Growth_Arrest,false,true,false
46,32,38,Growth_Arrest,false,false,false
46,36,32,Growth_Arrest,false,true,false
46,36,42,Growth_Arrest,false,true,true
46,38,32,Growth_Arrest,false,true,false
46,38,42,Growth_Arrest,false,false,true
46,42,36,Growth_Arrest,false,true,true
46,42,38,Growth_Arrest,false,false,true
27,35,35,Growth_Arrest,false,false,false
27,35,39,Growth_Arrest,false,false,false
27,39,35,Growth_Arrest,false,false,false
27,39,39,Growth_Arrest,false,true,false
31,31,31,Growth_Arrest,false,true,false
31,31,43,Growth_Arrest,false,false,false
31,43,31,Growth_Arrest,false,false,true
31,43,43,Growth_Arrest,false,false,true
35,27,35,Growth_Arrest,false,false,true
35,27,39,Growth_Arrest,false,true,false
35,35,27,Growth_Arrest,false,false,false
35,35,47,Growth_Arrest,false,true,false
35,39,27,Growth_Arrest,false,true,true
35,39,47,Growth_Arrest,false,true,true
35,47,35,Growth_Arrest,false,true,false
35,47,39,Growth_Arrest,false,true,true
39,27,35,Growth_Arrest,false,false,true
39,27,39,Growth_Arrest,false,false,true
39,35,27,Growth_Arrest,false,true,false
39,35,47,Growth_Arrest,false,true,false
39,39,27,Growth_Arrest,false,false,false
39,39,47,Growth_Arrest,false,true,false
39,47,35,Growth_Arrest,false,false,true
39,47,39,Growth_Arrest,false,false,false
43,31,31,Growth_Arrest,false,false,false
43,31,43,Growth_Arrest,false,false,false
43,43,31,Growth_Arrest,false,true,true
43,43,43,Growth_Arrest,false,false,false
47,35,35,Growth_Arrest,false,false,true
47,35,39,Growth_Arrest,false,false,false
47,39,35,Growth_Arrest,false,true,false
47,39,39,Growth_Arrest,false,false,true
27,34,37,Growth_Arrest,false,true,false
27,37,34,Growth_Arrest,false,true,false
27,37,40,Growth_Arrest,false,true,false
27,40,37,Growth_Arrest,false,true,true
29,31,34,Growth_Arrest,false,true,true
29,31,40,Growth_Arrest,false,true,false
29,34,31,Growth_Arrest,false,false,true
29,34,43,Growth_Arrest,false,true,false
29,40,31,Growth_Arrest,false,true,true
29,40,43,Growth_Arrest,false,true,true
29,43,34,Growth_Arrest,false,false,false
29,43,40,Growth_Arrest,false,false,false
31,29,34,Growth_Arrest,false,true,true
31,29,40,Growth_Arrest,false,true,true
31,34,29,Growth_Arrest,false,false,false
31,34,45,Growth_Arrest,false,false,false
31,40,29,Growth_Arrest,false,true,false
31,40,45,Growth_Arrest,false,false,false
31,45,34,Growth_Arrest,false,true,false
31,45,40,Growth_Arrest,false,false,false
34,27,37,Growth_Arrest,false,true,false
34,29,31,Growth_Arrest,false,true,true
34,29,43,Growth_Arrest,false,true,true
34,31,29,Growth_Arrest,false,false,false
34,31,45,Growth_Arrest,false,false,true
34,37,27,Growth_Arrest,false,false,false
34,37,47,Growth_Arrest,false,true,true
34,43,29,Growth_Arrest,false,false,true
34,43,45,Growth_Arrest,false,true,false
34,45,31,Growth_Arrest,false,false,true
34,45,43,Growth_Arrest,false,true,false
34,47,37,Growth_Arrest,false,false,true
37,27,34,Growth_Arrest,false,true,true
37,27,40,Growth_Arrest,false,false,false
37,34,27,Growth_Arrest,false,true,false
37,34,47,Growth_Arrest,false,true,true
37,40,27,Growth_Arrest,false,false,true
37,40,47,Growth_Arrest,false,false,true
37,47,34,Growth_Arrest,false,false,false
37,47,40,Growth_Arrest,false,true,true
40,27,37,Growth_Arrest,false,false,true
40,29,31,Growth_Arrest,false,false,false
40,29,43,Growth_Arrest,false,false,false
40,31,29,Growth_Arrest,false,false,false
40,31,45,Growth_Arrest,false,false,false
40,37,27,Growth_Arrest,false,false,true
40,37,47,Growth_Arrest,false,false,true
40,43,29,Growth_Arrest,false,true,true
40,43,45,Growth_Arrest,false,true,true
40,45,31,Growth_Arrest,false,false,true
40,45,43,Growth_Arrest,false,true,true
40,47,37,Growth_Arrest,false,true,false
43,29,34,Growth_Arrest,false,true,true
43,29,40,Growth_Arrest,false,false,false
43,34,29,Growth_Arrest,false,true,true
43,34,45,Growth_Arrest,false,false,true
43,40,29,Growth_Arrest,false,false,false
43,40,45,Growth_Arrest,false,false,false
43,45,34,Growth_Arrest,false,false,false
43,45,40,Growth_Arrest,false,true,true
45,31,34,Growth_Arrest,false,false,false
45,31,40,Growth_Arrest,false,false,true
45,34,31,Growth_Arrest,false,false,false
45,34,43,Growth_Arrest,false,true,true
45,40,31,Growth_Arrest,false,false,false
45,40,43,Growth_Arrest,false,false,true
45,43,34,Growth_Arrest,false,true,false
45,43,40,Growth_Arrest,false,true,false
47,34,37,Growth_Arrest,false,false,false
47,37,34,Growth_Arrest,false,false,false
47,37,40,Growth_Arrest,false,false,false
47,40,37,Growth_Arrest,false,false,true
27,34,36,Growth_Arrest,false,false,false
27,34,38,Growth_Arrest,false,true,true
27,36,34,Growth_Arrest,false,true,false
27,36,40,Growth_Arrest,false,false,true
27,38,34,Growth_Arrest,false,true,false
27,38,40,Growth_Arrest,false,true,false
27,40,36,Growth_Arrest,false,true,true
27,40,38,Growth_Arrest,false,true,true
28,32,35,Growth_Arrest,false,true,false
28,32,39,Growth_Arrest,false,false,false
28,35,32,Growth_Arrest,false,false,true
28,35,42,Growth_Arrest,false,false,false
28,39,32,Growth_Arrest,false,true,true
28,39,42,Growth_Arrest,false,false,false
28,42,35,Growth_Arrest,false,false,true
28,42,39,Growth_Arrest,false,false,true
30,31,32,Growth_Arrest,false,false,false
30,31,42,Growth_Arrest,false,true,false
30,32,31,Growth_Arrest,false,false,false
30,32,43,Growth_Arrest,false,false,true
30,42,31,Growth_Arrest,false,false,false
30,42,43,Growth_Arrest,false,false,true
30,43,32,Growth_Arrest,false,true,true
30,43,42,Growth_Arrest,false,true,false
31,30,32,Growth_Arrest,false,false,false
31,30,42,Growth_Arrest,false,false,false
31,32,30,Growth_Arrest,false,true,true
31,32,44,Growth_Arrest,false,true,false
31,42,30,Growth_Arrest,false,true,true
31,42,44,Growth_Arrest,false,true,false
31,44,32,Growth_Arrest,false,false,false
31,44,42,Growth_Arrest,false,false,true
32,28,35,Growth_Arrest,false,false,false
32,28,39,Growth_Arrest,false,true,true
32,30,31,Growth_Arrest,false,false,true
32,30,43,Growth_Arrest,false,false,false
32,31,30,Growth_Arrest,false,false,true
32,31,44,Growth_Arrest,false,true,false
32,35,28,Growth_Arrest,false,true,false
32,35,46,Growth_Arrest,false,true,false
32,39,28,Growth_Arrest,false,false,true
32,39,46,Growth_Arrest,false,true,false
32,43,30,Growth_Arrest,false,false,false
32,43,44,Growth_Arrest,false,false,true
32,44,31,Growth_Arrest,false,true,false
32,44,43,Growth_Arrest,false,false,true
32,46,35,Growth_Arrest,false,false,true
32,46,39,Growth_Arrest,false,false,true
34,27,36,Growth_Arrest,false,true,true
34,27,38,Growth_Arrest,false,true,false
34,36,27,Growth_Arrest,false,true,true
34,36,47,Growth_Arrest,false,false,false
34,38,27,Growth_Arrest,false,false,false
34,38,47,Growth_Arrest,false,false,true
34,47,36,Growth_Arrest,false,false,true
34,47,38,Growth_Arrest,false,false,false
35,28,32,Growth_Arrest,false,false,false
35,28,42,Growth_Arrest,false,false,false
35,32,28,Growth_Arrest,false,false,true
35,32,46,Growth_Arrest,false,true,false
35,42,28,Growth_Arrest,false,true,true
35,42,46,Growth_Arrest,false,false,true
35,46,32,Growth_Arrest,false,true,false
35,46,42,Growth_Arrest,false,false,false
36,27,34,Growth_Arrest,false,false,true
36,27,40,Growth_Arrest,false,false,true
36,34,27,Growth_Arrest,false,true,true
36,34,47,Growth_Arrest,false,true,false
36,40,27,Growth_Arrest,false,false,true
36,40,47,Growth_Arrest,false,false,false
36,47,34,Growth_Arrest,false,true,true
36,47,40,Growth_Arrest,false,false,true
38,27,34,Growth_Arrest,false,true,false
38,27,40,Growth_Arrest,false,false,true
38,34,27,Growth_Arrest,false,false,false
38,34,47,Growth_Arrest,false,false,true
38,40,27,Growth_Arrest,false,false,false
38,40,47,Growth_Arrest,false,false,true
38,47,34,Growth_Arrest,false,false,true
38,47,40,Growth_Arrest,false,true,false
39,28,32,Growth_Arrest,false,true,true
39,28,42,Growth_Arrest,false,true,false
39,32,28,Growth_Arrest,false,true,true
39,32,46,Growth_Arrest,false,true,false
39,42,28,Growth_Arrest,false,true,false
39,42,46,Growth_Arrest,false,false,false
39,46,32,Growth_Arrest,false,true,false
39,46,42,Growth_Arrest,false,true,true
40,27,36,Growth_Arrest,false,false,true
40,27,38,Growth_Arrest,false,false,false
40,36,27,Growth_Arrest,false,true,true
40,36,47,Growth_Arrest,false,true,true
40,38,27,Growth_Arrest,false,false,false
40,38,47,Growth_Arrest,false,true,false
40,47,36,Growth_Arrest,false,false,true
40,47,38,Growth_Arrest,false,false,false
42,28,35,Growth_Arrest,false,true,true
42,28,39,Growth_Arrest,false,true,true
42,30,31,Growth_Arrest,false,false,true
42,30,43,Growth_Arrest,false,true,false
42,31,30,Growth_Arrest,false,false,true
42,31,44,Growth_Arrest,false,true,true
42,35,28,Growth_Arrest,false,true,true
42,35,46,Growth_Arrest,false,true,true
42,39,28,Growth_Arrest,false,false,true
42,39,46,Growth_Arrest,false,false,true
42,43,30,Growth_Arrest,false,true,true
42,43,44,Growth_Arrest,false,true,false
42,44,31,Growth_Arrest,false,false,false
42,44,43,Growth_Arrest,false,true,true
42,46,35,Growth_Arrest,false,true,false
42,46,39,Growth_Arrest,false,false,true
43,30,32,Growth_Arrest,false,false,true
43,30,42,Growth_Arrest,false,true,true
43,32,30,Growth_Arrest,false,false,true
43,32,44,Growth_Arrest,false,false,true
43,42,30,Growth_Arrest,false,false,false
43,42,44,Growth_Arrest,false,true,false
43,44,32,Growth_Arrest,false,true,true
43,44,42,Growth_Arrest,false,true,true
44,31,32,Growth_Arrest,false,false,true
44,31,42,Growth_Arrest,false,false,false
44,32,31,Growth_Arrest,false,true,false
44,32,43,Growth_Arrest,false,true,true
44,42,31,Growth_Arrest,false,true,true
44,42,43,Growth_Arrest,false,false,true
44,43,32,Growth_Arrest,false,true,false
44,43,42,Growth_Arrest,false,false,true
46,32,35,Growth_Arrest,false,false,false
46,32,39,Growth_Arrest,false,true,true
46,35,32,Growth_Arrest,false,true,true
46,35,42,Growth_Arrest,false,true,false
46,39,32,Growth_Arrest,false,false,false
46,39,42,Growth_Arrest,false,true,false
46,42,35,Growth_Arrest,false,false,true
46,42,39,Growth_Arrest,false,false,false
47,34,36,Growth_Arrest,false,true,false
47,34,38,Growth_Arrest,false,false,false
47,36,34,Growth_Arrest,false,true,true
47,36,40,Growth_Arrest,false,false,true
47,38,34,Growth_Arrest,false,false,true
47,38,40,Growth_Arrest,false,false,true
47,40,36,Growth_Arrest,false,true,true
47,40,38,Growth_Arrest,false,false,false
27,34,35,Growth_Arrest,false,true,false
27,34,39,Growth_Arrest,false,true,true
27,35,34,Growth_Arrest,false,true,false
27,35,40,Growth_Arrest,false,true,true
27,39,34,Growth_Arrest,false,true,false
27,39,40,Growth_Arrest,false,false,false
27,40,35,Growth_Arrest,false,false,true
27,40,39,Growth_Arrest,false,true,false
28,33,33,Growth_Arrest,false,true,false
28,33,41,Growth_Arrest,false,false,false
28,41,33,Growth_Arrest,false,false,true
28,41,41,Growth_Arrest,false,false,true
29,30,37,Growth_Arrest,false,false,true
29,37,30,Growth_Arrest,false,false,false
29,37,44,Growth_Arrest,false,false,false
29,44,37,Growth_Arrest,false,false,true
30,29,37,Growth_Arrest,false,true,true
30,37,29,Growth_Arrest,false,true,false
30,37,45,Growth_Arrest,false,false,true
30,45,37,Growth_Arrest,false,true,true
33,28,33,Growth_Arrest,false,true,false
33,28,41,Growth_Arrest,false,false,false
33,33,28,Growth_Arrest,false,false,false
33,33,46,Growth_Arrest,false,false,true
33,41,28,Growth_Arrest,false,true,true
33,41,46,Growth_Arrest,false,true,false
33,46,33,Growth_Arrest,false,false,true
33,46,41,Growth_Arrest,false,false,false
34,27,35,Growth_Arrest,false,false,false
34,27,39,Growth_Arrest,false,true,false
34,35,27,Growth_Arrest,false,true,true
34,35,47,Growth_Arrest,false,false,false
34,39,27,Growth_Arrest,false,false,false
34,39,47,Growth_Arrest,false,true,true
34,47,35,Growth_Arrest,false,true,false
34,47,39,Growth_Arrest,false,true,true
35,27,34,Growth_Arrest,false,false,true
35,27,40,Growth_Arrest,false,false,true
35,34,27,Growth_Arrest,false,true,false
35,34,47,Growth_Arrest,false,true,false
35,40,27,Growth_Arrest,false,false,true
35,40,47,Growth_Arrest,false,true,false
35,47,34,Growth_Arrest,false,false,false
35,47,40,Growth_Arrest,false,false,true
37,29,30,Growth_Arrest,false,true,true
37,29,44,Growth_Arrest,false,false,true
37,30,29,Growth_Arrest,false,false,true
37,30,45,Growth_Arrest,false,true,true
37,44,29,Growth_Arrest,false,false,false
37,44,45,Growth_Arrest,false,false,true
37,45,30,Growth_Arrest,false,false,false
37,45,44,Growth_Arrest,false,false,true
39,27,34,Growth_Arrest,false,false,true
39,27,40,Growth_Arrest,false,true,true
39,34,27,Growth_Arrest,false,false,false
