# cell_size_um=20.0, domain_size_um=3000.0, description="Spheroid pattern with 5000 cells"
x,y,phenotype,gene_Proliferation,gene_glycoATP,gene_mitoATP
77,52,Growth_Arrest,false,false,true
82,84,Growth_Arrest,false,false,false
102,100,Proliferation,true,false,false
55,43,Proliferation,true,false,false
64,65,Growth_Arrest,false,false,true
91,94,Proliferation,true,false,false
46,100,Proliferation,true,true,false
84,107,Proliferation,true,false,true
82,108,Growth_Arrest,false,true,false
101,95,Proliferation,true,true,true
49,57,Proliferation,true,false,false
52,43,Proliferation,true,true,true
73,35,Growth_Arrest,false,false,true
103,64,Growth_Arrest,false,false,false
105,81,Growth_Arrest,false,true,false
51,69,Proliferation,true,false,false
92,68,Growth_Arrest,false,true,true
104,97,Proliferation,true,false,false
77,59,Proliferation,true,true,false
42,83,Growth_Arrest,false,false,false
77,45,Proliferation,true,false,true
61,92,Growth_Arrest,false,true,true
39,90,Proliferation,true,false,false
57,95,Proliferation,true,false,true
63,37,Proliferation,true,true,true
106,60,Proliferation,true,true,false
102,94,Proliferation,true,false,true
107,96,Proliferation,true,false,true
62,51,Proliferation,true,false,false
39,63,Proliferation,true,false,false
57,79,Proliferation,true,false,false
42,84,Growth_Arrest,false,true,false
47,67,Growth_Arrest,false,true,false
67,82,Proliferation,true,true,true
81,74,Proliferation,true,false,true
84,44,Proliferation,true,false,false
85,42,Growth_Arrest,false,true,true
65,103,Proliferation,true,false,true
56,51,Proliferation,true,true,true
99,80,Proliferation,true,false,false
93,43,Growth_Arrest,false,false,true
58,85,Proliferation,true,false,false
74,56,Proliferation,true,true,true
70,60,Growth_Arrest,false,true,false
73,92,Growth_Arrest,false,false,true
69,46,Proliferation,true,true,false
55,69,Growth_Arrest,false,false,false
40,65,Growth_Arrest,false,true,true
49,87,Proliferation,true,false,false
51,64,Proliferation,true,false,true
59,83,Growth_Arrest,false,false,false
95,51,Growth_Arrest,false,false,false
76,89,Growth_Arrest,false,false,true
79,108,Growth_Arrest,false,true,true
91,95,Proliferation,true,true,true
99,45,Proliferation,true,false,true
95,78,Proliferation,true,false,true
60,51,Proliferation,true,true,true
62,97,Proliferation,true,false,false
58,43,Growth_Arrest,false,true,false
41,78,Growth_Arrest,false,true,true
69,62,Proliferation,true,true,true
76,67,Proliferation,true,true,true
80,104,Proliferation,true,true,false
70,65,Proliferation,true,true,false
74,52,Growth_Arrest,false,false,true
36,75,Growth_Arrest,false,true,false
91,93,Growth_Arrest,false,true,true
57,70,Proliferation,true,false,false
71,100,Growth_Arrest,false,true,false
90,48,Growth_Arrest,false,false,true
103,49,Growth_Arrest,false,true,true
42,68,Proliferation,true,true,true
53,63,Growth_Arrest,false,true,false
53,86,Growth_Arrest,false,false,false
77,36,Growth_Arrest,false,false,true
70,69,Proliferation,true,false,false
107,84,Growth_Arrest,false,true,false
84,96,Proliferation,true,false,true
66,99,Growth_Arrest,false,false,true
95,63,Growth_Arrest,false,true,false
95,49,Growth_Arrest,false,true,false
89,63,Proliferation,true,false,true
64,44,Proliferation,true,true,false
91,42,Proliferation,true,true,true
99,44,Proliferation,true,true,false
58,71,Proliferation,true,true,true
77,44,Proliferation,true,true,true
88,43,Growth_Arrest,false,true,true
83,107,Proliferation,true,true,true
109,93,Proliferation,true,true,false
82,49,Growth_Arrest,false,true,true
40,81,Growth_Arrest,false,false,true
113,65,Growth_Arrest,false,true,false
57,75,Proliferation,true,true,true
48,47,Proliferation,true,false,false
76,83,Proliferation,true,false,false
51,80,Proliferation,true,true,false
74,90,Proliferation,true,true,false
74,79,Proliferation,true,false,false
66,81,Proliferation,true,true,false
70,62,Proliferation,true,true,true
82,74,Proliferation,true,false,false
103,102,Growth_Arrest,false,true,true
71,77,Proliferation,true,true,true
53,87,Growth_Arrest,false,false,false
54,43,Proliferation,true,false,false
95,92,Growth_Arrest,false,true,true
51,99,Proliferation,true,true,true
99,85,Proliferation,true,false,true
58,64,Proliferation,true,true,false
96,54,Growth_Arrest,false,true,true
97,105,Proliferation,true,true,true
85,60,Growth_Arrest,false,false,false
77,78,Proliferation,true,true,false
74,103,Proliferation,true,false,true
50,59,Growth_Arrest,false,false,true
88,52,Proliferation,true,false,true
103,67,Proliferation,true,true,false
95,91,Growth_Arrest,false,true,false
107,88,Proliferation,true,false,false
82,96,Proliferation,true,false,true
54,74,Growth_Arrest,false,true,true
101,49,Growth_Arrest,false,false,false
87,93,Proliferation,true,false,true
103,70,Growth_Arrest,false,true,false
82,65,Proliferation,true,true,false
85,92,Growth_Arrest,false,true,false
66,56,Proliferation,true,true,false
74,58,Proliferation,true,false,false
85,63,Growth_Arrest,false,false,true
89,94,Proliferation,true,true,true
43,86,Growth_Arrest,false,true,true
84,98,Proliferation,true,false,false
48,88,Proliferation,true,true,false
98,100,Proliferation,true,false,true
111,60,Proliferation,true,true,false
43,88,Proliferation,true,false,true
88,86,Proliferation,true,false,false
81,85,Growth_Arrest,false,true,true
87,46,Proliferation,true,true,true
99,98,Proliferation,true,false,false
72,94,Proliferation,true,false,false
58,44,Proliferation,true,false,false
87,56,Proliferation,true,false,false
61,80,Proliferation,true,false,true
93,96,Proliferation,true,true,false
105,82,Proliferation,true,false,true
112,86,Proliferation,true,false,true
68,88,Proliferation,true,true,false
102,90,Growth_Arrest,false,false,false
57,73,Growth_Arrest,false,true,false
82,64,Proliferation,true,true,false
103,88,Growth_Arrest,false,false,false
38,60,Proliferation,true,false,false
61,99,Proliferation,true,true,true
110,68,Proliferation,true,true,false
82,112,Proliferation,true,false,false
95,69,Proliferation,true,true,false
45,100,Proliferation,true,false,true
53,64,Proliferation,true,false,true
66,72,Proliferation,true,false,true
38,85,Growth_Arrest,false,true,true
58,96,Growth_Arrest,false,false,true
84,112,Proliferation,true,false,true
63,69,Proliferation,true,false,true
62,49,Proliferation,true,false,false
97,43,Proliferation,true,false,true
96,81,Proliferation,true,false,true
68,59,Growth_Arrest,false,false,false
94,51,Growth_Arrest,false,false,false
69,60,Growth_Arrest,false,false,true
94,97,Proliferation,true,false,true
90,73,Proliferation,true,true,true
54,49,Proliferation,true,true,true
72,91,Proliferation,true,true,true
38,82,Proliferation,true,true,true
97,87,Growth_Arrest,false,true,true
44,81,Proliferation,true,true,true
56,59,Growth_Arrest,false,false,true
77,64,Growth_Arrest,false,true,true
97,79,Proliferation,true,false,false
56,58,Growth_Arrest,false,false,true
72,101,Proliferation,true,true,false
94,84,Growth_Arrest,false,true,false
86,42,Proliferation,true,true,false
49,80,Proliferation,true,true,true
65,51,Growth_Arrest,false,true,false
39,86,Growth_Arrest,false,false,false
89,72,Growth_Arrest,false,true,true
52,94,Growth_Arrest,false,false,false
46,85,Proliferation,true,true,true
109,63,Proliferation,true,false,true
73,98,Proliferation,true,false,false
66,46,Proliferation,true,false,true
102,91,Proliferation,true,false,true
63,59,Proliferation,true,true,true
68,111,Proliferation,true,false,true
87,47,Growth_Arrest,false,true,false
108,87,Proliferation,true,true,true
69,74,Proliferation,true,false,true
66,39,Proliferation,true,true,false
68,84,Proliferation,true,true,false
108,93,Proliferation,true,false,false
62,66,Proliferation,true,false,true
89,88,Proliferation,true,false,false
87,52,Proliferation,true,true,true
76,102,Growth_Arrest,false,true,false
76,108,Proliferation,true,true,false
88,46,Proliferation,true,false,true
78,47,Growth_Arrest,false,true,true
41,83,Growth_Arrest,false,true,true
73,69,Proliferation,true,false,false
93,95,Growth_Arrest,false,true,true
98,60,Growth_Arrest,false,false,true
49,47,Growth_Arrest,false,true,false
55,105,Proliferation,true,false,false
88,54,Proliferation,true,true,true
76,47,Proliferation,true,false,false
103,79,Growth_Arrest,false,true,false
61,65,Proliferation,true,true,true
40,91,Growth_Arrest,false,false,true
50,73,Proliferation,true,false,true
43,87,Growth_Arrest,false,false,false
58,97,Proliferation,true,false,false
97,98,Growth_Arrest,false,true,false
62,57,Proliferation,true,false,false
58,87,Proliferation,true,false,true
71,56,Growth_Arrest,false,false,false
69,71,Proliferation,true,true,false
47,72,Proliferation,true,false,false
41,85,Proliferation,true,false,true
100,80,Proliferation,true,false,true
54,50,Growth_Arrest,false,false,true
82,73,Proliferation,true,false,true
56,62,Proliferation,true,false,false
79,88,Proliferation,true,false,true
70,78,Proliferation,true,true,true
80,98,Growth_Arrest,false,false,false
86,63,Proliferation,true,false,false
43,97,Proliferation,true,false,true
77,65,Growth_Arrest,false,true,false
45,74,Growth_Arrest,false,true,true
82,43,Proliferation,true,false,true
72,67,Proliferation,true,false,false
109,82,Growth_Arrest,false,true,true
58,39,Growth_Arrest,false,false,true
89,62,Growth_Arrest,false,true,true
82,60,Proliferation,true,true,false
43,81,Growth_Arrest,false,true,false
41,92,Proliferation,true,true,true
51,75,Proliferation,true,false,false
97,75,Proliferation,true,false,true
81,46,Proliferation,true,false,true
111,66,Proliferation,true,true,true
78,71,Proliferation,true,true,false
76,41,Proliferation,true,false,false
84,52,Proliferation,true,false,false
91,52,Growth_Arrest,false,false,false
81,99,Growth_Arrest,false,true,true
76,114,Proliferation,true,true,false
49,45,Proliferation,true,true,false
93,89,Proliferation,true,false,true
97,93,Proliferation,true,true,false
107,86,Growth_Arrest,false,true,true
111,71,Growth_Arrest,false,false,true
76,69,Growth_Arrest,false,true,true
69,100,Growth_Arrest,false,true,false
80,93,Proliferation,true,true,true
85,52,Proliferation,true,false,false
61,89,Growth_Arrest,false,false,true
75,103,Growth_Arrest,false,false,true
87,79,Proliferation,true,false,true
50,95,Proliferation,true,true,false
63,46,Proliferation,true,false,false
88,66,Proliferation,true,true,true
97,49,Growth_Arrest,false,false,false
99,60,Growth_Arrest,false,true,false
47,79,Proliferation,true,true,true
49,83,Proliferation,true,false,false
102,99,Proliferation,true,true,false
90,51,Growth_Arrest,false,false,true
66,51,Growth_Arrest,false,false,true
60,47,Proliferation,true,true,true
62,39,Proliferation,true,true,true
66,59,Proliferation,true,false,false
63,98,Proliferation,true,true,false
71,36,Proliferation,true,true,false
98,67,Growth_Arrest,false,true,false
96,96,Proliferation,true,false,true
76,86,Growth_Arrest,false,false,false
67,83,Proliferation,true,false,false
84,84,Proliferation,true,false,false
60,77,Growth_Arrest,false,false,false
49,85,Growth_Arrest,false,true,false
97,42,Growth_Arrest,false,true,true
52,104,Proliferation,true,true,true
57,83,Growth_Arrest,false,false,true
83,41,Growth_Arrest,false,true,true
71,45,Growth_Arrest,false,true,true
81,60,Growth_Arrest,false,false,true
83,73,Proliferation,true,true,true
80,40,Proliferation,true,true,true
61,64,Growth_Arrest,false,false,true
61,107,Proliferation,true,false,true
86,45,Proliferation,true,false,true
110,62,Proliferation,true,true,false
92,90,Growth_Arrest,false,false,false
108,73,Proliferation,true,true,true
49,48,Growth_Arrest,false,false,false
69,39,Proliferation,true,true,true
58,94,Proliferation,true,false,true
93,56,Proliferation,true,false,false
105,90,Growth_Arrest,false,false,false
61,41,Proliferation,true,true,true
37,79,Proliferation,true,false,true
84,108,Proliferation,true,true,false
63,62,Proliferation,true,true,true
66,109,Growth_Arrest,false,false,false
107,69,Proliferation,true,true,false
45,76,Proliferation,true,false,true
61,68,Growth_Arrest,false,false,true
109,70,Proliferation,true,true,false
90,109,Growth_Arrest,false,true,true
73,53,Proliferation,true,true,true
57,97,Proliferation,true,true,true
84,66,Proliferation,true,false,true
85,71,Growth_Arrest,false,true,false
37,81,Proliferation,true,true,false
74,41,Growth_Arrest,false,false,false
56,106,Proliferation,true,true,false
82,106,Proliferation,true,true,false
106,86,Growth_Arrest,false,true,true
95,86,Proliferation,true,false,true
94,96,Proliferation,true,false,true
72,62,Proliferation,true,false,true
109,75,Growth_Arrest,false,true,false
43,78,Proliferation,true,true,false
95,75,Growth_Arrest,false,true,true
65,87,Growth_Arrest,false,false,true
53,101,Proliferation,true,true,false
88,111,Growth_Arrest,false,true,true
102,55,Growth_Arrest,false,true,false
92,56,Proliferation,true,false,false
93,74,Proliferation,true,false,true
79,103,Growth_Arrest,false,true,true
49,56,Proliferation,true,false,true
86,88,Growth_Arrest,false,false,false
76,90,Proliferation,true,false,true
77,102,Proliferation,true,true,false
99,64,Growth_Arrest,false,false,false
78,101,Proliferation,true,false,true
84,109,Proliferation,true,true,true
99,105,Growth_Arrest,false,true,false
76,51,Proliferation,true,false,false
91,107,Proliferation,true,true,false
99,70,Proliferation,true,true,true
44,53,Growth_Arrest,false,true,false
95,82,Growth_Arrest,false,true,true
44,51,Proliferation,true,false,true
49,67,Proliferation,true,false,false
102,60,Proliferation,true,false,true
67,65,Proliferation,true,true,true
87,62,Proliferation,true,true,false
99,76,Proliferation,true,false,false
82,61,Growth_Arrest,false,true,false
114,77,Proliferation,true,true,true
51,71,Proliferation,true,false,true
102,98,Proliferation,true,false,false
105,87,Proliferation,true,false,true
56,77,Proliferation,true,false,false
78,80,Growth_Arrest,false,true,false
95,102,Proliferation,true,false,true
73,39,Growth_Arrest,false,false,false
35,73,Proliferation,true,true,true
95,44,Proliferation,true,true,true
94,71,Proliferation,true,true,false
70,44,Proliferation,true,true,true
89,102,Proliferation,true,true,true
80,52,Growth_Arrest,false,true,false
79,107,Proliferation,true,false,true
92,74,Proliferation,true,false,false
78,102,Growth_Arrest,false,false,true
56,52,Proliferation,true,true,false
72,84,Proliferation,true,true,false
104,84,Growth_Arrest,false,false,true
55,78,Proliferation,true,false,true
87,65,Growth_Arrest,false,true,true
93,93,Proliferation,true,true,true
53,77,Proliferation,true,true,false
83,87,Proliferation,true,true,true
77,39,Proliferation,true,false,true
59,74,Proliferation,true,false,true
52,74,Growth_Arrest,false,true,true
97,54,Proliferation,true,false,true
103,94,Proliferation,true,true,false
105,100,Proliferation,true,false,true
69,65,Proliferation,true,true,false
37,82,Proliferation,true,false,false
62,61,Proliferation,true,false,false
64,90,Growth_Arrest,false,true,true
49,54,Proliferation,true,false,true
62,103,Growth_Arrest,false,true,true
77,87,Proliferation,true,false,false
89,100,Growth_Arrest,false,true,false
83,52,Proliferation,true,false,true
41,76,Proliferation,true,true,false
87,104,Proliferation,true,true,true
37,74,Growth_Arrest,false,true,false
95,67,Growth_Arrest,false,true,true
56,87,Proliferation,true,false,false
101,88,Proliferation,true,false,true
47,82,Proliferation,true,true,true
84,50,Proliferation,true,true,false
89,70,Proliferation,true,true,false
65,85,Growth_Arrest,false,false,true
65,69,Proliferation,true,false,false
50,99,Growth_Arrest,false,false,true
67,90,Proliferation,true,false,true
79,66,Proliferation,true,true,true
94,94,Growth_Arrest,false,true,false
91,86,Growth_Arrest,false,false,false
90,44,Proliferation,true,false,true
44,80,Proliferation,true,true,true
53,42,Growth_Arrest,false,true,true
52,75,Proliferation,true,true,false
58,108,Proliferation,true,true,true
85,73,Proliferation,true,true,true
49,95,Proliferation,true,true,false
54,67,Growth_Arrest,false,true,false
72,57,Proliferation,true,true,true
69,107,Proliferation,true,true,true
67,102,Proliferation,true,true,true
89,65,Growth_Arrest,false,true,true
51,58,Proliferation,true,false,true
70,38,Growth_Arrest,false,false,false
46,54,Growth_Arrest,false,false,true
77,86,Proliferation,true,false,true
67,107,Growth_Arrest,false,false,false
83,68,Growth_Arrest,false,false,true
78,85,Proliferation,true,false,false
58,67,Proliferation,true,true,false
57,69,Growth_Arrest,false,true,false
103,92,Growth_Arrest,false,false,false
89,83,Proliferation,true,true,true
109,73,Growth_Arrest,false,true,true
46,68,Growth_Arrest,false,false,false
51,61,Proliferation,true,true,true
55,75,Proliferation,true,false,true
107,66,Growth_Arrest,false,false,false
112,65,Proliferation,true,false,true
46,75,Proliferation,true,true,true
87,39,Proliferation,true,true,false
81,109,Proliferation,true,true,false
81,111,Proliferation,true,false,true
45,70,Growth_Arrest,false,false,false
39,85,Proliferation,true,true,true
78,66,Growth_Arrest,false,false,false
100,87,Proliferation,true,false,true
113,67,Growth_Arrest,false,true,true
96,53,Proliferation,true,true,false
97,104,Proliferation,true,true,false
80,77,Proliferation,true,false,false
75,81,Proliferation,true,false,false
63,85,Proliferation,true,true,false
70,91,Proliferation,true,false,false
88,38,Proliferation,true,true,false
63,73,Growth_Arrest,false,false,false
53,67,Proliferation,true,true,false
53,76,Growth_Arrest,false,false,false
84,99,Growth_Arrest,false,true,false
104,64,Proliferation,true,true,true
60,103,Proliferation,true,true,false
111,81,Proliferation,true,true,false
43,65,Proliferation,true,true,true
75,89,Proliferation,true,false,true
64,51,Proliferation,true,true,false
80,44,Proliferation,true,true,false
70,37,Proliferation,true,true,true
95,61,Proliferation,true,false,false
102,87,Growth_Arrest,false,true,false
66,65,Proliferation,true,false,false
111,73,Growth_Arrest,false,true,false
74,65,Growth_Arrest,false,true,true
90,86,Growth_Arrest,false,true,true
107,83,Proliferation,true,true,true
57,86,Proliferation,true,true,true
40,62,Proliferation,true,true,true
54,101,Proliferation,true,true,true
45,52,Proliferation,true,false,false
92,81,Proliferation,true,true,true
67,67,Proliferation,true,false,true
42,97,Proliferation,true,false,true
73,100,Proliferation,true,false,false
73,37,Proliferation,true,false,true
46,98,Proliferation,true,false,false
68,108,Proliferation,true,false,true
51,102,Proliferation,true,true,false
59,108,Proliferation,true,false,false
68,38,Proliferation,true,false,false
93,60,Proliferation,true,false,false
114,76,Proliferation,true,false,false
71,39,Growth_Arrest,false,true,true
77,107,Proliferation,true,false,true
79,78,Proliferation,true,false,false
80,102,Proliferation,true,false,false
46,88,Proliferation,true,true,true
47,61,Proliferation,true,false,true
87,38,Proliferation,true,true,true
48,50,Proliferation,true,false,true
58,74,Proliferation,true,false,true
46,65,Growth_Arrest,false,true,false
67,93,Proliferation,true,false,false
101,85,Proliferation,true,true,true
75,64,Growth_Arrest,false,false,false
75,67,Proliferation,true,true,true
75,93,Proliferation,true,true,true
110,57,Proliferation,true,false,false
104,87,Growth_Arrest,false,true,false
53,78,Proliferation,true,true,true
72,93,Proliferation,true,true,false
48,97,Proliferation,true,false,true
93,61,Growth_Arrest,false,true,false
70,82,Proliferation,true,false,true
64,108,Proliferation,true,false,true
102,102,Proliferation,true,true,true
82,97,Growth_Arrest,false,true,false
55,94,Growth_Arrest,false,true,false
70,111,Proliferation,true,true,true
78,103,Proliferation,true,true,false
75,92,Proliferation,true,true,false
54,91,Proliferation,true,false,true
69,99,Proliferation,true,false,true
87,86,Growth_Arrest,false,true,false
93,83,Proliferation,true,true,true
71,58,Proliferation,true,true,false
58,68,Growth_Arrest,false,false,true
101,86,Proliferation,true,false,false
112,66,Proliferation,true,true,true
112,85,Proliferation,true,true,false
64,39,Proliferation,true,true,false
98,56,Proliferation,true,true,false
97,82,Proliferation,true,false,false
81,95,Growth_Arrest,false,false,true
71,60,Proliferation,true,false,true
98,64,Growth_Arrest,false,true,false
59,72,Growth_Arrest,false,false,true
65,78,Growth_Arrest,false,false,false
54,87,Proliferation,true,false,true
43,75,Proliferation,true,false,true
58,60,Growth_Arrest,false,true,false
113,80,Proliferation,true,false,true
49,60,Proliferation,true,true,true
78,56,Growth_Arrest,false,true,true
51,78,Proliferation,true,false,false
56,70,Growth_Arrest,false,false,false
84,62,Proliferation,true,true,true
103,60,Proliferation,true,false,false
100,94,Proliferation,true,false,true
36,80,Proliferation,true,true,false
102,89,Growth_Arrest,false,false,true
81,72,Growth_Arrest,false,true,false
82,79,Proliferation,true,true,true
85,51,Proliferation,true,true,false
74,73,Growth_Arrest,false,true,false
62,55,Proliferation,true,true,false
91,76,Proliferation,true,true,false
63,100,Proliferation,true,true,true
106,62,Proliferation,true,false,true
79,113,Proliferation,true,false,false
107,61,Proliferation,true,true,true
98,68,Proliferation,true,false,true
74,49,Proliferation,true,false,true
98,94,Growth_Arrest,false,false,false
92,94,Proliferation,true,true,false
41,74,Growth_Arrest,false,true,false
66,44,Growth_Arrest,false,true,false
93,59,Growth_Arrest,false,false,false
49,72,Proliferation,true,true,true
48,98,Proliferation,true,false,true
81,75,Proliferation,true,false,false
45,60,Proliferation,true,false,false
77,68,Proliferation,true,false,false
38,86,Proliferation,true,true,false
107,94,Proliferation,true,false,true
97,86,Growth_Arrest,false,false,true
85,70,Proliferation,true,true,false
44,59,Proliferation,true,true,false
92,85,Growth_Arrest,false,true,false
50,85,Proliferation,true,true,false
61,50,Proliferation,true,false,false
83,92,Proliferation,true,true,true
93,90,Growth_Arrest,false,true,true
82,75,Proliferation,true,true,true
59,62,Proliferation,true,true,false
95,104,Proliferation,true,false,false
67,95,Growth_Arrest,false,true,false
94,93,Growth_Arrest,false,true,false
53,93,Proliferation,true,false,false
73,109,Growth_Arrest,false,true,false
86,61,Growth_Arrest,false,true,false
52,66,Proliferation,true,true,false
89,75,Proliferation,true,true,true
80,56,Proliferation,true,false,true
106,93,Growth_Arrest,false,false,false
56,86,Proliferation,true,true,false
113,76,Proliferation,true,false,true
76,42,Growth_Arrest,false,true,false
73,84,Growth_Arrest,false,false,false
59,76,Proliferation,true,true,true
65,88,Proliferation,true,false,false
90,57,Growth_Arrest,false,false,false
104,88,Proliferation,true,false,true
65,98,Proliferation,true,true,false
109,92,Proliferation,true,false,true
48,94,Proliferation,true,true,true
57,52,Proliferation,true,true,false
62,42,Proliferation,true,false,false
102,88,Proliferation,true,true,true
77,106,Proliferation,true,false,true
45,69,Proliferation,true,false,true
104,55,Proliferation,true,true,true
76,43,Proliferation,true,false,true
101,45,Proliferation,true,true,false
42,82,Proliferation,true,true,true
86,93,Growth_Arrest,false,false,true
87,84,Growth_Arrest,false,true,true
102,46,Proliferation,true,true,true
87,70,Proliferation,true,true,true
73,45,Proliferation,true,true,true
53,74,Growth_Arrest,false,true,true
67,74,Proliferation,true,false,true
78,39,Proliferation,true,true,false
47,103,Proliferation,true,true,false
57,44,Proliferation,true,true,true
75,76,Growth_Arrest,false,false,false
88,112,Proliferation,true,true,true
93,91,Proliferation,true,true,false
79,60,Proliferation,true,true,true
44,83,Growth_Arrest,false,false,false
104,65,Proliferation,true,false,true
75,94,Proliferation,true,true,false
63,77,Growth_Arrest,false,false,false
71,106,Growth_Arrest,false,false,true
85,76,Proliferation,true,true,false
79,37,Growth_Arrest,false,false,true
35,74,Proliferation,true,true,true
105,73,Proliferation,true,false,true
105,79,Growth_Arrest,false,true,false
48,76,Proliferation,true,true,true
72,82,Growth_Arrest,false,true,false
64,49,Growth_Arrest,false,true,false
66,58,Proliferation,true,false,true
95,95,Proliferation,true,true,true
59,90,Proliferation,true,true,false
107,55,Proliferation,true,false,true
99,67,Growth_Arrest,false,false,false
92,109,Proliferation,true,true,false
77,91,Growth_Arrest,false,false,false
97,102,Proliferation,true,false,true
57,61,Proliferation,true,false,false
91,49,Growth_Arrest,false,true,true
99,75,Proliferation,true,false,false
77,57,Proliferation,true,false,true
75,80,Proliferation,true,false,false
58,92,Proliferation,true,true,false
38,65,Proliferation,true,false,false
72,42,Proliferation,true,false,false
69,79,Growth_Arrest,false,true,true
57,72,Growth_Arrest,false,true,true
64,91,Proliferation,true,true,false
37,62,Growth_Arrest,false,false,false
38,73,Proliferation,true,false,false
90,95,Growth_Arrest,false,true,false
57,53,Growth_Arrest,false,true,true
65,97,Proliferation,true,true,true
37,68,Growth_Arrest,false,false,false
76,66,Proliferation,true,true,true
105,55,Proliferation,true,false,false
104,76,Growth_Arrest,false,false,false
71,109,Proliferation,true,true,false
100,50,Proliferation,true,true,true
68,80,Proliferation,true,true,true
79,111,Proliferation,true,false,true
56,74,Proliferation,true,false,false
110,60,Proliferation,true,true,false
106,70,Proliferation,true,false,true
80,90,Proliferation,true,true,true
48,60,Proliferation,true,false,false
108,53,Growth_Arrest,false,false,true
39,78,Proliferation,true,false,false
84,67,Growth_Arrest,false,true,true
48,81,Proliferation,true,true,false
54,82,Proliferation,true,false,true
114,74,Proliferation,true,true,false
62,70,Proliferation,true,true,true
106,71,Proliferation,true,true,false
108,89,Proliferation,true,true,false
46,56,Proliferation,true,true,false
83,71,Proliferation,true,false,true
78,40,Proliferation,true,false,false
87,51,Proliferation,true,false,false
73,51,Proliferation,true,false,true
97,68,Proliferation,true,true,false
68,86,Proliferation,true,false,false
60,85,Proliferation,true,false,false
54,103,Proliferation,true,false,true
43,56,Proliferation,true,false,false
79,99,Proliferation,true,false,false
90,102,Growth_Arrest,false,true,false
85,37,Proliferation,true,true,true
73,78,Growth_Arrest,false,true,false
46,64,Growth_Arrest,false,true,true
67,89,Growth_Arrest,false,false,true
79,73,Growth_Arrest,false,true,true
101,69,Proliferation,true,false,false
104,100,Growth_Arrest,false,false,false
109,88,Growth_Arrest,false,false,false
59,80,Growth_Arrest,false,true,true
54,80,Proliferation,true,false,false
96,94,Proliferation,true,false,false
79,101,Proliferation,true,false,true
46,97,Proliferation,true,true,true
42,89,Proliferation,true,false,true
96,57,Proliferation,true,false,true
78,49,Proliferation,true,true,false
47,94,Proliferation,true,true,false
100,81,Growth_Arrest,false,false,false
53,43,Growth_Arrest,false,true,false
53,97,Proliferation,true,false,false
48,53,Proliferation,true,true,false
65,44,Proliferation,true,false,false
80,64,Proliferation,true,true,true
84,51,Proliferation,true,false,false
67,96,Proliferation,true,true,false
91,106,Proliferation,true,true,true
107,79,Growth_Arrest,false,false,false
67,80,Proliferation,true,true,true
59,88,Growth_Arrest,false,true,true
112,71,Growth_Arrest,false,false,false
102,71,Proliferation,true,false,true
64,111,Proliferation,true,false,false
68,78,Growth_Arrest,false,true,false
91,47,Growth_Arrest,false,false,false
93,47,Proliferation,true,true,false
49,76,Proliferation,true,false,true
52,47,Growth_Arrest,false,false,true
43,90,Proliferation,true,false,true
75,86,Growth_Arrest,false,false,true
92,39,Proliferation,true,false,true
38,59,Proliferation,true,true,false
80,80,Proliferation,true,true,false
84,39,Proliferation,true,true,true
72,106,Proliferation,true,true,false
53,53,Proliferation,true,true,false
58,82,Growth_Arrest,false,false,false
107,74,Proliferation,true,false,false
77,112,Growth_Arrest,false,false,true
108,64,Growth_Arrest,false,true,false
81,90,Growth_Arrest,false,false,true
86,65,Proliferation,true,false,true
74,96,Growth_Arrest,false,true,false
61,104,Growth_Arrest,false,true,true
74,47,Growth_Arrest,false,false,false
38,88,Proliferation,true,true,false
85,104,Proliferation,true,false,false
105,51,Proliferation,true,false,false
76,101,Proliferation,true,false,false
53,100,Proliferation,true,true,true
39,91,Proliferation,true,true,true
49,55,Proliferation,true,false,true
63,60,Proliferation,true,false,true
102,67,Proliferation,true,false,false
63,87,Growth_Arrest,false,false,true
38,76,Growth_Arrest,false,true,true
73,81,Proliferation,true,false,true
48,84,Growth_Arrest,false,true,true
66,45,Proliferation,true,true,false
50,81,Proliferation,true,true,true
43,98,Proliferation,true,false,true
82,102,Proliferation,true,false,true
102,77,Proliferation,true,true,true
66,69,Proliferation,true,true,true
50,92,Proliferation,true,false,true
43,57,Proliferation,true,true,true
90,45,Proliferation,true,false,true
100,55,Proliferation,true,true,true
104,101,Proliferation,true,true,true
74,108,Proliferation,true,false,true
66,75,Proliferation,true,true,true
79,56,Proliferation,true,false,false
74,44,Proliferation,true,false,true
72,69,Growth_Arrest,false,true,true
94,98,Growth_Arrest,false,true,false
110,66,Growth_Arrest,false,false,false
42,87,Growth_Arrest,false,true,true
55,70,Proliferation,true,true,false
97,77,Proliferation,true,true,true
92,52,Proliferation,true,false,true
72,47,Growth_Arrest,false,false,false
45,79,Proliferation,true,true,true
95,68,Proliferation,true,false,false
45,96,Proliferation,true,true,true
55,47,Proliferation,true,true,true
74,57,Proliferation,true,false,true
96,95,Proliferation,true,false,true
99,69,Proliferation,true,true,true
52,58,Growth_Arrest,false,true,false
96,92,Proliferation,true,false,false
108,95,Growth_Arrest,false,false,true
87,58,Growth_Arrest,false,true,true
80,95,Growth_Arrest,false,true,false
88,105,Proliferation,true,false,false
78,55,Proliferation,true,false,true
76,112,Proliferation,true,false,true
111,70,Proliferation,true,true,true
43,92,Proliferation,true,false,false
86,75,Proliferation,true,true,true
71,43,Growth_Arrest,false,false,false
71,42,Growth_Arrest,false,false,false
58,101,Proliferation,true,true,false
55,107,Proliferation,true,false,true
44,100,Growth_Arrest,false,true,false
65,71,Proliferation,true,false,false
89,104,Proliferation,true,true,false
56,49,Proliferation,true,false,false
56,85,Proliferation,true,true,false
100,82,Proliferation,true,true,false
69,93,Growth_Arrest,false,true,true
82,54,Proliferation,true,false,false
62,44,Proliferation,true,false,false
79,96,Growth_Arrest,false,true,true
69,41,Growth_Arrest,false,false,false
44,62,Growth_Arrest,false,true,true
85,43,Proliferation,true,true,true
38,78,Proliferation,true,false,true
79,35,Proliferation,true,true,false
73,71,Proliferation,true,true,true
73,90,Proliferation,true,true,true
56,42,Proliferation,true,true,true
91,82,Proliferation,true,false,true
83,67,Proliferation,true,true,true
77,46,Proliferation,true,false,false
48,45,Proliferation,true,false,true
101,60,Proliferation,true,false,true
101,53,Proliferation,true,false,true
93,82,Growth_Arrest,false,false,true
83,51,Proliferation,true,true,true
72,90,Proliferation,true,false,true
65,110,Proliferation,true,false,false
99,81,Proliferation,true,true,false
94,92,Growth_Arrest,false,true,false
107,62,Growth_Arrest,false,false,false
83,82,Proliferation,true,true,false
111,89,Proliferation,true,true,false
63,47,Proliferation,true,false,false
109,86,Proliferation,true,false,false
54,83,Proliferation,true,false,true
78,108,Proliferation,true,false,false
57,108,Proliferation,true,true,false
112,76,Proliferation,true,true,true
48,72,Proliferation,true,true,true
62,73,Growth_Arrest,false,true,false
67,44,Proliferation,true,false,true
71,68,Proliferation,true,true,true
92,107,Growth_Arrest,false,true,true
65,112,Growth_Arrest,false,true,true
60,90,Proliferation,true,true,true
64,92,Growth_Arrest,false,false,true
77,98,Proliferation,true,true,false
69,51,Proliferation,true,true,true
96,69,Proliferation,true,false,true
104,62,Proliferation,true,true,true
43,84,Proliferation,true,false,true
68,87,Proliferation,true,true,false
101,47,Proliferation,true,false,true
84,102,Proliferation,true,false,true
88,100,Proliferation,true,true,false
104,93,Growth_Arrest,false,false,true
63,97,Proliferation,true,false,false
82,63,Proliferation,true,false,false
103,89,Growth_Arrest,false,false,false
71,38,Proliferation,true,false,true
63,80,Proliferation,true,true,true
45,92,Proliferation,true,false,false
61,52,Proliferation,true,true,false
106,96,Proliferation,true,true,true
46,102,Proliferation,true,true,true
88,47,Growth_Arrest,false,false,false
75,106,Proliferation,true,false,true
52,67,Growth_Arrest,false,true,true
47,66,Proliferation,true,true,false
65,42,Growth_Arrest,false,false,true
70,56,Growth_Arrest,false,true,true
73,97,Growth_Arrest,false,false,true
90,70,Growth_Arrest,false,false,false
109,71,Growth_Arrest,false,false,true
75,52,Proliferation,true,false,false
78,113,Proliferation,true,false,true
96,100,Growth_Arrest,false,false,false
74,91,Proliferation,true,true,true
89,98,Proliferation,true,false,true
96,74,Growth_Arrest,false,true,false
63,58,Proliferation,true,false,true
86,53,Proliferation,true,true,true
110,77,Proliferation,true,true,false
80,97,Growth_Arrest,false,false,false
68,44,Growth_Arrest,false,true,false
91,53,Growth_Arrest,false,true,true
67,37,Proliferation,true,true,false
54,58,Proliferation,true,false,true
97,100,Growth_Arrest,false,true,false
45,65,Proliferation,true,false,true
71,110,Proliferation,true,true,false
99,101,Growth_Arrest,false,false,false
104,94,Proliferation,true,true,true
50,60,Proliferation,true,false,false
85,69,Growth_Arrest,false,true,true
77,38,Proliferation,true,false,false
88,101,Proliferation,true,false,true
68,113,Growth_Arrest,false,true,true
48,59,Proliferation,true,false,false
46,72,Proliferation,true,false,true
95,46,Proliferation,true,false,true
39,61,Growth_Arrest,false,true,true
87,55,Proliferation,true,true,true
71,97,Growth_Arrest,false,false,true
82,82,Proliferation,true,false,false
64,76,Growth_Arrest,false,false,true
38,77,Proliferation,true,true,false
87,75,Proliferation,true,true,false
81,104,Growth_Arrest,false,false,true
105,68,Proliferation,true,true,true
80,49,Proliferation,true,false,false
40,86,Proliferation,true,true,true
57,40,Growth_Arrest,false,false,false
46,84,Proliferation,true,true,true
52,51,Growth_Arrest,false,false,false
56,69,Proliferation,true,false,false
90,76,Growth_Arrest,false,false,true
67,77,Growth_Arrest,false,true,false
79,76,Proliferation,true,true,true
69,101,Proliferation,true,false,false
67,42,Proliferation,true,false,true
89,69,Growth_Arrest,false,true,true
102,72,Proliferation,true,false,false
85,105,Proliferation,true,false,true
79,68,Proliferation,true,true,false
94,40,Growth_Arrest,false,true,false
89,107,Growth_Arrest,false,true,false
95,107,Proliferation,true,true,false
74,62,Proliferation,true,false,false
95,100,Proliferation,true,true,true
36,77,Proliferation,true,false,true
88,65,Proliferation,true,true,true
75,62,Growth_Arrest,false,false,true
50,66,Proliferation,true,true,true
69,75,Growth_Arrest,false,false,true
110,63,Proliferation,true,true,true
86,60,Growth_Arrest,false,true,true
52,61,Proliferation,true,true,false
62,104,Proliferation,true,true,false
75,110,Proliferation,true,true,false
100,52,Growth_Arrest,false,false,true
101,65,Proliferation,true,true,false
50,76,Proliferation,true,false,false
94,73,Proliferation,true,false,true
89,43,Growth_Arrest,false,true,true
42,77,Growth_Arrest,false,false,true
52,68,Proliferation,true,false,true
100,54,Growth_Arrest,false,true,true
40,92,Proliferation,true,true,true
102,51,Growth_Arrest,false,true,true
46,96,Growth_Arrest,false,true,false
65,74,Proliferation,true,true,true
112,74,Proliferation,true,true,true
66,110,Growth_Arrest,false,false,true
85,59,Proliferation,true,true,true
66,113,Growth_Arrest,false,false,false
50,75,Growth_Arrest,false,false,false
54,75,Proliferation,true,true,true
80,58,Growth_Arrest,false,false,false
61,67,Growth_Arrest,false,false,false
72,66,Proliferation,true,false,false
92,44,Proliferation,true,true,false
42,55,Growth_Arrest,false,true,false
90,69,Growth_Arrest,false,false,true
78,64,Growth_Arrest,false,false,false
53,50,Growth_Arrest,false,false,false
60,70,Proliferation,true,true,true
58,57,Proliferation,true,true,false
85,75,Proliferation,true,false,false
71,37,Proliferation,true,true,true
56,57,Proliferation,true,false,true
48,69,Growth_Arrest,false,false,true
79,105,Growth_Arrest,false,false,false
92,48,Growth_Arrest,false,true,false
66,89,Proliferation,true,false,false
64,70,Growth_Arrest,false,false,true
63,57,Growth_Arrest,false,false,true
55,62,Proliferation,true,true,true
76,40,Proliferation,true,true,true
109,69,Proliferation,true,true,false
106,92,Proliferation,true,false,true
58,61,Proliferation,true,true,true
48,90,Proliferation,true,true,false
58,93,Growth_Arrest,false,false,true
97,92,Proliferation,true,false,false
46,90,Proliferation,true,false,false
93,68,Proliferation,true,true,true
47,48,Growth_Arrest,false,true,false
52,57,Growth_Arrest,false,true,true
78,46,Proliferation,true,false,true
42,96,Proliferation,true,false,false
63,51,Growth_Arrest,false,true,true
64,81,Growth_Arrest,false,false,false
80,68,Proliferation,true,true,false
73,60,Growth_Arrest,false,true,false
61,42,Proliferation,true,false,true
57,87,Proliferation,true,false,true
64,47,Proliferation,true,false,false
62,98,Proliferation,true,true,false
81,70,Growth_Arrest,false,true,false
102,93,Proliferation,true,true,true
75,108,Growth_Arrest,false,false,false
76,35,Growth_Arrest,false,true,true
51,59,Proliferation,true,false,true
88,49,Proliferation,true,false,true
71,78,Proliferation,true,false,false
75,48,Proliferation,true,true,false
86,70,Proliferation,true,false,true
92,69,Growth_Arrest,false,false,false
75,114,Proliferation,true,true,false
55,79,Proliferation,true,true,false
41,96,Growth_Arrest,false,true,false
77,76,Proliferation,true,true,true
44,90,Proliferation,true,false,true
84,54,Proliferation,true,false,false
84,53,Proliferation,true,true,false
66,90,Proliferation,true,false,true
77,92,Growth_Arrest,false,true,false
69,111,Growth_Arrest,false,true,true
110,64,Proliferation,true,false,true
70,96,Proliferation,true,false,true
66,111,Growth_Arrest,false,false,true
55,45,Proliferation,true,true,false
95,87,Proliferation,true,true,false
94,87,Proliferation,true,true,true
87,49,Proliferation,true,true,false
63,110,Proliferation,true,false,false
106,75,Growth_Arrest,false,true,true
71,86,Growth_Arrest,false,false,false
39,57,Proliferation,true,false,true
87,85,Proliferation,true,true,true
80,79,Proliferation,true,true,false
74,68,Proliferation,true,false,true
39,88,Growth_Arrest,false,true,false
76,106,Proliferation,true,true,true
63,111,Proliferation,true,false,false
54,53,Growth_Arrest,false,false,true
93,97,Proliferation,true,false,false
55,40,Proliferation,true,true,false
67,86,Proliferation,true,false,false
43,85,Proliferation,true,true,true
58,76,Growth_Arrest,false,false,true
85,45,Proliferation,true,false,true
46,51,Proliferation,true,true,false
93,76,Proliferation,true,false,true
61,61,Proliferation,true,false,false
48,71,Growth_Arrest,false,false,true
78,104,Proliferation,true,true,false
72,49,Proliferation,true,false,false
42,78,Proliferation,true,false,false
47,73,Proliferation,true,false,true
99,103,Proliferation,true,false,true
65,59,Growth_Arrest,false,true,true
56,40,Proliferation,true,true,false
49,92,Proliferation,true,true,false
58,62,Proliferation,true,false,true
62,59,Growth_Arrest,false,true,false
59,75,Proliferation,true,true,false
77,70,Proliferation,true,true,true
54,42,Proliferation,true,false,false
96,58,Proliferation,true,false,true
60,86,Growth_Arrest,false,true,false
97,96,Proliferation,true,false,false
64,107,Growth_Arrest,false,true,true
64,48,Proliferation,true,false,false
55,87,Growth_Arrest,false,true,false
73,80,Proliferation,true,false,false
101,66,Proliferation,true,true,true
47,91,Growth_Arrest,false,true,false
80,85,Proliferation,true,true,false
112,68,Growth_Arrest,false,false,false
100,79,Proliferation,true,false,true
64,85,Proliferation,true,true,true
72,81,Growth_Arrest,false,false,true
88,50,Growth_Arrest,false,true,false
98,101,Proliferation,true,true,true
61,87,Proliferation,true,true,true
43,55,Proliferation,true,true,true
37,64,Growth_Arrest,false,false,true
64,104,Growth_Arrest,false,false,false
51,93,Growth_Arrest,false,true,true
92,91,Proliferation,true,true,true
42,90,Proliferation,true,false,false
89,55,Growth_Arrest,false,true,true
57,55,Growth_Arrest,false,true,true
45,88,Growth_Arrest,false,true,false
77,73,Proliferation,true,false,true
50,80,Proliferation,true,true,true
75,95,Growth_Arrest,false,false,false
43,51,Proliferation,true,true,false
55,65,Proliferation,true,false,true
97,99,Growth_Arrest,false,false,false
83,83,Proliferation,true,true,false
71,70,Growth_Arrest,false,false,false
90,50,Proliferation,true,true,false
47,65,Proliferation,true,true,true
88,99,Proliferation,true,true,false
92,87,Growth_Arrest,false,false,true
70,81,Proliferation,true,false,false
103,83,Proliferation,true,false,true
55,61,Proliferation,true,false,true
55,77,Proliferation,true,true,false
38,90,Growth_Arrest,false,true,false
109,55,Growth_Arrest,false,false,true
91,105,Proliferation,true,true,false
43,76,Proliferation,true,true,true
78,59,Proliferation,true,false,false
85,95,Proliferation,true,true,false
41,79,Growth_Arrest,false,false,true
65,43,Proliferation,true,false,false
77,67,Proliferation,true,false,false
82,62,Proliferation,true,true,false
52,71,Proliferation,true,false,true
104,68,Proliferation,true,false,true
88,89,Growth_Arrest,false,false,true
54,84,Proliferation,true,true,false
58,83,Proliferation,true,false,false
64,86,Growth_Arrest,false,false,true
70,35,Growth_Arrest,false,true,true
92,105,Proliferation,true,false,true
39,79,Growth_Arrest,false,true,false
51,74,Proliferation,true,false,true
67,64,Growth_Arrest,false,false,false
88,58,Proliferation,true,false,true
94,104,Growth_Arrest,false,true,false
83,55,Growth_Arrest,false,false,false
67,97,Proliferation,true,false,false
90,81,Proliferation,true,false,false
85,103,Growth_Arrest,false,true,false
59,105,Growth_Arrest,false,false,false
76,49,Proliferation,true,true,true
62,74,Growth_Arrest,false,true,true
60,105,Proliferation,true,true,false
68,94,Proliferation,true,true,true
101,101,Growth_Arrest,false,false,false
67,103,Proliferation,true,false,true
51,95,Growth_Arrest,false,false,false
80,66,Proliferation,true,false,true
96,48,Proliferation,true,false,true
103,72,Proliferation,true,true,false
75,57,Proliferation,true,true,false
40,74,Growth_Arrest,false,false,false
70,88,Proliferation,true,false,false
97,53,Proliferation,true,true,true
81,77,Proliferation,true,true,true
43,59,Growth_Arrest,false,false,false
88,91,Proliferation,true,false,false
58,102,Growth_Arrest,false,true,false
107,60,Proliferation,true,false,false
66,57,Proliferation,true,true,true
83,40,Proliferation,true,true,false
68,50,Growth_Arrest,false,false,false
87,95,Growth_Arrest,false,true,false
90,80,Proliferation,true,true,false
73,59,Growth_Arrest,false,false,false
59,71,Proliferation,true,false,true
97,67,Proliferation,true,true,false
68,82,Proliferation,true,false,true
49,81,Proliferation,true,true,true
53,55,Proliferation,true,false,false
97,73,Growth_Arrest,false,false,false
47,99,Growth_Arrest,false,true,true
48,101,Proliferation,true,true,true
81,80,Growth_Arrest,false,false,true
74,95,Growth_Arrest,false,true,true
93,65,Proliferation,true,false,true
98,43,Proliferation,true,false,true
64,96,Proliferation,true,true,false
84,75,Proliferation,true,false,true
56,73,Growth_Arrest,false,false,false
50,68,Growth_Arrest,false,false,true
82,57,Growth_Arrest,false,false,true
79,65,Proliferation,true,false,false
52,69,Growth_Arrest,false,true,false
69,55,Proliferation,true,true,false
59,82,Proliferation,true,false,false
60,91,Proliferation,true,true,true
83,66,Proliferation,true,false,true
83,89,Proliferation,true,false,false
56,108,Proliferation,true,false,true
98,53,Proliferation,true,true,false
53,51,Proliferation,true,true,true
93,84,Proliferation,true,true,true
70,43,Proliferation,true,true,false
66,53,Proliferation,true,false,true
109,84,Proliferation,true,true,true
62,81,Proliferation,true,false,true
60,106,Growth_Arrest,false,true,true
55,108,Proliferation,true,false,true
43,74,Growth_Arrest,false,false,true
54,55,Proliferation,true,false,false
94,100,Growth_Arrest,false,true,false
102,47,Growth_Arrest,false,true,false
73,41,Proliferation,true,false,false
76,71,Proliferation,true,true,false
63,64,Growth_Arrest,false,false,true
98,78,Proliferation,true,false,true
60,108,Proliferation,true,false,false
56,66,Growth_Arrest,false,true,true
72,37,Proliferation,true,false,false
50,51,Proliferation,true,true,true
111,72,Growth_Arrest,false,false,false
93,101,Growth_Arrest,false,false,false
82,109,Proliferation,true,false,false
57,39,Proliferation,true,true,false
53,60,Proliferation,true,true,false
78,73,Proliferation,true,true,false
101,57,Proliferation,true,false,false
98,103,Proliferation,true,false,false
49,100,Proliferation,true,false,false
102,76,Proliferation,true,true,true
104,63,Proliferation,true,false,true
55,80,Growth_Arrest,false,true,true
54,77,Proliferation,true,true,false
84,42,Proliferation,true,false,true
71,69,Proliferation,true,false,false
78,41,Growth_Arrest,false,true,false
113,84,Growth_Arrest,false,true,true
35,78,Proliferation,true,true,false
41,63,Proliferation,true,true,true
109,87,Proliferation,true,true,false
71,84,Growth_Arrest,false,false,true
93,73,Proliferation,true,true,true
62,102,Growth_Arrest,false,true,true
98,69,Growth_Arrest,false,true,false
99,79,Proliferation,true,true,true
89,77,Growth_Arrest,false,false,false
87,60,Proliferation,true,false,true
88,97,Proliferation,true,false,false
53,102,Proliferation,true,true,true
105,50,Growth_Arrest,false,false,true
93,103,Growth_Arrest,false,false,true
43,89,Proliferation,true,false,true
105,92,Proliferation,true,true,false
68,110,Proliferation,true,false,true
59,81,Proliferation,true,false,true
75,46,Growth_Arrest,false,true,true
83,113,Proliferation,true,false,false
87,64,Proliferation,true,true,true
106,85,Growth_Arrest,false,true,true
42,95,Growth_Arrest,false,false,false
64,68,Proliferation,true,false,true
107,53,Proliferation,true,true,false
55,50,Proliferation,true,true,false
69,97,Growth_Arrest,false,true,true
106,84,Growth_Arrest,false,false,false
97,60,Proliferation,true,true,true
46,59,Proliferation,true,false,false
95,98,Proliferation,true,false,true
47,64,Proliferation,true,false,true
101,75,Proliferation,true,false,false
78,67,Proliferation,true,false,false
52,50,Growth_Arrest,false,false,false
70,101,Proliferation,true,false,false
88,60,Growth_Arrest,false,false,true
62,53,Growth_Arrest,false,true,true
45,89,Growth_Arrest,false,true,false
104,51,Growth_Arrest,false,true,false
43,66,Proliferation,true,false,false
73,79,Growth_Arrest,false,true,true
74,86,Proliferation,true,false,false
107,65,Proliferation,true,true,false
40,88,Growth_Arrest,false,false,true
81,87,Growth_Arrest,false,true,true
66,86,Growth_Arrest,false,false,false
45,64,Growth_Arrest,false,false,true
47,85,Growth_Arrest,false,false,false
105,86,Proliferation,true,false,false
78,63,Proliferation,true,true,false
113,81,Proliferation,true,true,true
81,89,Growth_Arrest,false,true,false
68,67,Proliferation,true,false,true
81,68,Growth_Arrest,false,false,true
67,72,Growth_Arrest,false,true,true
86,79,Growth_Arrest,false,true,false
56,44,Proliferation,true,true,true
75,69,Proliferation,true,false,true
68,105,Proliferation,true,true,true
78,53,Proliferation,true,true,true
41,67,Growth_Arrest,false,false,false
82,81,Proliferation,true,true,false
101,99,Proliferation,true,true,false
83,75,Proliferation,true,true,false
112,87,Proliferation,true,true,false
44,94,Proliferation,true,false,false
55,89,Proliferation,true,true,false
72,55,Growth_Arrest,false,false,true
76,52,Proliferation,true,true,false
68,76,Proliferation,true,false,true
91,75,Proliferation,true,true,false
99,78,Growth_Arrest,false,true,true
55,54,Growth_Arrest,false,false,true
85,102,Proliferation,true,true,false
74,61,Growth_Arrest,false,true,false
89,58,Proliferation,true,false,false
86,83,Proliferation,true,false,false
99,49,Proliferation,true,true,false
81,78,Proliferation,true,true,true
98,104,Proliferation,true,true,true
66,101,Proliferation,true,false,true
52,48,Proliferation,true,true,false
50,82,Proliferation,true,false,true
57,76,Proliferation,true,false,true
93,48,Proliferation,true,false,false
97,85,Growth_Arrest,false,true,true
72,70,Growth_Arrest,false,true,false
106,82,Proliferation,true,false,true
91,88,Proliferation,true,false,true
56,91,Proliferation,true,true,false
73,38,Growth_Arrest,false,false,false
36,69,Proliferation,true,true,false
86,47,Proliferation,true,false,true
79,67,Proliferation,true,true,false
90,111,Growth_Arrest,false,false,false
80,108,Proliferation,true,false,true
109,60,Proliferation,true,false,false
72,85,Proliferation,true,false,true
41,55,Proliferation,true,true,true
42,79,Proliferation,true,false,false
63,105,Proliferation,true,true,false
44,82,Growth_Arrest,false,true,false
79,85,Proliferation,true,false,true
81,49,Proliferation,true,false,false
76,104,Proliferation,true,true,false
62,43,Proliferation,true,false,true
73,77,Proliferation,true,false,false
66,100,Proliferation,true,false,true
101,56,Growth_Arrest,false,true,false
84,59,Proliferation,true,true,false
102,58,Proliferation,true,true,false
56,41,Proliferation,true,true,false
100,104,Growth_Arrest,false,false,true
68,65,Proliferation,true,false,true
72,64,Proliferation,true,false,false
97,84,Proliferation,true,false,false
84,104,Growth_Arrest,false,true,true
62,95,Proliferation,true,true,true
69,85,Proliferation,true,false,true
110,76,Growth_Arrest,false,true,false
86,68,Growth_Arrest,false,false,true
70,80,Proliferation,true,true,true
102,53,Growth_Arrest,false,true,true
103,100,Proliferation,true,true,true
102,101,Proliferation,true,true,true
77,114,Proliferation,true,false,false
51,77,Growth_Arrest,false,true,true
55,84,Proliferation,true,false,true
37,76,Growth_Arrest,false,true,false
89,111,Proliferation,true,false,false
75,51,Proliferation,true,false,true
68,85,Growth_Arrest,false,true,true
107,58,Growth_Arrest,false,false,true
105,56,Proliferation,true,true,false
83,60,Proliferation,true,false,false
77,37,Proliferation,true,true,true
44,95,Growth_Arrest,false,false,false
88,37,Proliferation,true,false,true
40,79,Proliferation,true,false,true
45,62,Growth_Arrest,false,true,true
62,86,Growth_Arrest,false,false,true
46,93,Proliferation,true,true,true
88,73,Growth_Arrest,false,false,false
87,57,Growth_Arrest,false,true,false
104,66,Proliferation,true,true,true
51,52,Proliferation,true,false,false
98,77,Proliferation,true,true,true
74,111,Proliferation,true,true,true
63,74,Growth_Arrest,false,true,true
93,63,Proliferation,true,true,true
59,68,Growth_Arrest,false,true,true
59,100,Proliferation,true,false,true
77,96,Proliferation,true,false,false
66,55,Proliferation,true,false,false
111,75,Proliferation,true,false,false
44,89,Proliferation,true,false,true
96,82,Proliferation,true,false,true
76,88,Growth_Arrest,false,false,false
37,71,Proliferation,true,false,false
81,101,Proliferation,true,false,false
82,56,Growth_Arrest,false,true,true
41,62,Growth_Arrest,false,false,true
37,83,Proliferation,true,true,false
91,109,Proliferation,true,false,true
107,91,Proliferation,true,true,true
98,85,Proliferation,true,false,true
89,40,Proliferation,true,true,false
40,69,Proliferation,true,true,false
56,95,Proliferation,true,true,false
99,47,Growth_Arrest,false,false,true
87,73,Proliferation,true,false,false
42,85,Growth_Arrest,false,true,true
54,44,Growth_Arrest,false,true,false
65,96,Proliferation,true,false,false
56,83,Proliferation,true,false,false
66,70,Proliferation,true,false,false
103,90,Growth_Arrest,false,true,true
66,104,Proliferation,true,false,false
94,91,Proliferation,true,true,true
93,86,Growth_Arrest,false,false,false
66,107,Proliferation,true,false,false
71,74,Proliferation,true,true,true
100,91,Growth_Arrest,false,false,true
56,46,Growth_Arrest,false,false,true
106,64,Proliferation,true,false,false
75,41,Proliferation,true,false,true
41,69,Proliferation,true,false,false
55,106,Proliferation,true,false,true
69,45,Growth_Arrest,false,false,true
67,38,Proliferation,true,false,true
55,93,Proliferation,true,false,true
97,56,Proliferation,true,false,false
93,87,Proliferation,true,true,true
75,78,Proliferation,true,false,false
93,54,Growth_Arrest,false,false,true
62,56,Proliferation,true,true,false
72,77,Proliferation,true,true,false
96,80,Growth_Arrest,false,false,true
98,50,Proliferation,true,false,false
57,47,Growth_Arrest,false,true,false
114,71,Growth_Arrest,false,true,false
53,80,Growth_Arrest,false,false,false
86,109,Growth_Arrest,false,false,false
70,41,Proliferation,true,false,true
96,104,Proliferation,true,true,false
94,83,Growth_Arrest,false,true,false
68,104,Proliferation,true,true,false
99,99,Growth_Arrest,false,true,false
99,56,Proliferation,true,false,true
66,63,Proliferation,true,false,false
83,42,Growth_Arrest,false,true,true
65,86,Growth_Arrest,false,false,true
95,57,Growth_Arrest,false,true,true
80,75,Proliferation,true,false,true
92,63,Growth_Arrest,false,true,true
104,52,Growth_Arrest,false,true,true
44,49,Growth_Arrest,false,true,false
65,76,Proliferation,true,true,true
101,104,Proliferation,true,false,false
93,70,Proliferation,true,false,true
98,83,Growth_Arrest,false,true,true
85,90,Proliferation,true,true,false
62,91,Proliferation,true,true,true
68,51,Growth_Arrest,false,false,true
65,81,Growth_Arrest,false,false,false
99,104,Growth_Arrest,false,true,true
74,60,Proliferation,true,true,false
45,55,Proliferation,true,true,true
54,56,Growth_Arrest,false,false,false
99,55,Growth_Arrest,false,true,false
100,63,Proliferation,true,false,false
57,56,Proliferation,true,false,true
57,48,Growth_Arrest,false,true,true
54,95,Proliferation,true,true,false
91,74,Growth_Arrest,false,false,true
52,90,Growth_Arrest,false,true,false
96,101,Growth_Arrest,false,false,true
66,50,Proliferation,true,false,true
75,42,Proliferation,true,true,false
55,67,Growth_Arrest,false,true,true
112,84,Proliferation,true,true,false
60,52,Growth_Arrest,false,false,false
74,88,Growth_Arrest,false,true,true
53,103,Proliferation,true,true,true
56,105,Proliferation,true,false,false
83,85,Proliferation,true,false,true
97,83,Growth_Arrest,false,true,false
71,54,Growth_Arrest,false,true,true
52,102,Proliferation,true,true,false
78,78,Proliferation,true,false,true
53,61,Proliferation,true,true,true
50,104,Growth_Arrest,false,false,true
73,36,Growth_Arrest,false,false,true
59,77,Growth_Arrest,false,true,false
79,41,Proliferation,true,true,true
103,65,Proliferation,true,false,true
39,59,Growth_Arrest,false,false,false
62,85,Growth_Arrest,false,false,true
88,61,Proliferation,true,false,true
81,57,Growth_Arrest,false,true,false
104,77,Proliferation,true,false,false
72,92,Proliferation,true,false,true
90,61,Proliferation,true,true,true
103,51,Growth_Arrest,false,true,false
37,66,Proliferation,true,false,false
108,78,Proliferation,true,true,false
96,91,Proliferation,true,true,false
67,40,Proliferation,true,false,true
83,46,Growth_Arrest,false,true,true
52,93,Proliferation,true,false,true
47,63,Proliferation,true,false,true
64,41,Proliferation,true,false,true
62,64,Growth_Arrest,false,false,false
98,92,Growth_Arrest,false,true,true
87,92,Proliferation,true,true,false
94,65,Growth_Arrest,false,true,true
88,88,Proliferation,true,true,false
47,71,Proliferation,true,true,false
111,67,Proliferation,true,false,false
93,45,Growth_Arrest,false,true,false
91,39,Proliferation,true,false,false
78,95,Proliferation,true,true,true
42,62,Proliferation,true,false,false
70,79,Proliferation,true,false,true
71,73,Proliferation,true,false,false
66,98,Growth_Arrest,false,false,false
102,59,Growth_Arrest,false,false,false
77,48,Growth_Arrest,false,false,true
64,84,Proliferation,true,false,false
79,58,Growth_Arrest,false,true,true
43,53,Proliferation,true,true,false
63,63,Proliferation,true,true,true
107,80,Proliferation,true,true,false
98,48,Proliferation,true,true,true
104,89,Proliferation,true,true,true
94,103,Growth_Arrest,false,true,true
59,69,Proliferation,true,true,false
91,92,Growth_Arrest,false,true,false
41,59,Proliferation,true,true,false
84,63,Growth_Arrest,false,true,false
57,93,Growth_Arrest,false,false,false
76,80,Growth_Arrest,false,true,false
93,46,Proliferation,true,true,false
91,66,Proliferation,true,false,false
83,78,Proliferation,true,false,false
93,50,Growth_Arrest,false,false,true
87,103,Proliferation,true,true,true
83,79,Growth_Arrest,false,false,true
98,81,Growth_Arrest,false,true,true
50,72,Proliferation,true,true,false
68,81,Proliferation,true,false,true
67,54,Proliferation,true,false,true
73,68,Growth_Arrest,false,false,false
47,78,Proliferation,true,true,false
70,114,Proliferation,true,false,false
96,43,Proliferation,true,true,false
92,86,Proliferation,true,false,true
68,93,Growth_Arrest,false,true,true
78,60,Growth_Arrest,false,false,true
44,66,Proliferation,true,false,true
106,57,Proliferation,true,true,false
100,73,Proliferation,true,false,false
56,55,Proliferation,true,false,true
80,87,Growth_Arrest,false,true,false
108,56,Proliferation,true,false,true
109,80,Proliferation,true,false,true
53,68,Proliferation,true,true,false
63,91,Proliferation,true,true,false
39,68,Growth_Arrest,false,true,true
59,43,Growth_Arrest,false,true,true
67,105,Proliferation,true,false,true
52,52,Growth_Arrest,false,false,true
92,67,Proliferation,true,false,true
70,73,Proliferation,true,false,true
44,92,Growth_Arrest,false,true,false
76,53,Growth_Arrest,false,true,true
49,46,Proliferation,true,true,false
44,70,Proliferation,true,false,false
50,54,Growth_Arrest,false,false,true
90,100,Proliferation,true,true,true
69,102,Proliferation,true,true,true
95,77,Proliferation,true,false,true
76,79,Growth_Arrest,false,false,false
93,99,Proliferation,true,true,false
85,94,Proliferation,true,false,false
51,98,Growth_Arrest,false,false,true
90,104,Proliferation,true,true,false
39,58,Proliferation,true,true,false
103,80,Growth_Arrest,false,true,true
93,71,Growth_Arrest,false,false,true
90,107,Proliferation,true,true,false
41,58,Growth_Arrest,false,true,true
82,42,Growth_Arrest,false,true,false
86,66,Proliferation,true,true,true
51,54,Growth_Arrest,false,true,true
54,93,Proliferation,true,true,false
51,87,Growth_Arrest,false,false,true
106,78,Proliferation,true,false,true
93,102,Proliferation,true,false,false
90,85,Proliferation,true,false,true
41,60,Proliferation,true,false,true
58,48,Proliferation,true,false,false
41,73,Proliferation,true,true,false
38,66,Growth_Arrest,false,true,false
80,70,Growth_Arrest,false,false,true
59,57,Proliferation,true,true,true
102,52,Proliferation,true,true,true
53,59,Growth_Arrest,false,false,false
47,77,Proliferation,true,false,true
58,109,Proliferation,true,false,true
104,82,Growth_Arrest,false,true,true
67,61,Proliferation,true,false,false
69,104,Growth_Arrest,false,true,true
54,46,Proliferation,true,false,true
79,98,Proliferation,true,false,false
90,64,Proliferation,true,true,true
101,84,Proliferation,true,true,true
48,102,Proliferation,true,true,true
36,83,Growth_Arrest,false,false,false
96,61,Proliferation,true,false,true
94,47,Growth_Arrest,false,true,false
103,82,Proliferation,true,false,true
53,84,Proliferation,true,true,true
86,59,Proliferation,true,false,true
89,54,Proliferation,true,false,false
72,48,Proliferation,true,false,true
51,50,Proliferation,true,true,false
105,97,Growth_Arrest,false,true,false
53,89,Proliferation,true,false,true
77,109,Proliferation,true,false,true
71,63,Growth_Arrest,false,false,true
81,40,Proliferation,true,false,true
37,87,Proliferation,true,false,false
89,110,Growth_Arrest,false,true,true
68,70,Proliferation,true,true,false
59,106,Proliferation,true,false,true
91,96,Proliferation,true,false,true
65,61,Proliferation,true,true,true
59,96,Proliferation,true,true,false
53,98,Proliferation,true,false,false
86,72,Proliferation,true,true,false
82,100,Proliferation,true,false,false
81,83,Proliferation,true,false,false
90,101,Proliferation,true,true,true
92,49,Growth_Arrest,false,false,false
68,64,Proliferation,true,false,false
68,58,Growth_Arrest,false,false,true
40,80,Proliferation,true,true,false
83,103,Proliferation,true,true,true
64,71,Growth_Arrest,false,false,true
62,71,Proliferation,true,true,true
63,41,Proliferation,true,true,true
54,64,Proliferation,true,true,true
103,96,Proliferation,true,false,false
59,46,Proliferation,true,false,false
62,69,Growth_Arrest,false,true,false
101,58,Growth_Arrest,false,false,true
67,81,Proliferation,true,true,false
74,75,Proliferation,true,true,true
51,88,Growth_Arrest,false,false,false
105,54,Growth_Arrest,false,true,true
48,51,Proliferation,true,true,true
51,83,Proliferation,true,true,true
100,66,Proliferation,true,false,true
77,58,Growth_Arrest,false,false,false
98,95,Growth_Arrest,false,false,false
94,108,Proliferation,true,false,true
45,53,Proliferation,true,false,false
63,93,Growth_Arrest,false,false,true
68,52,Proliferation,true,true,true
100,47,Growth_Arrest,false,false,false
82,59,Proliferation,true,true,false
58,80,Proliferation,true,true,true
76,113,Proliferation,true,true,false
44,65,Proliferation,true,true,true
62,94,Growth_Arrest,false,true,false
92,77,Proliferation,true,true,false
49,101,Proliferation,true,true,true
56,81,Proliferation,true,false,true
96,72,Proliferation,true,true,false
73,102,Proliferation,true,true,false
91,69,Proliferation,true,true,false
82,80,Growth_Arrest,false,false,false
55,74,Proliferation,true,true,true
83,64,Proliferation,true,true,true
46,61,Proliferation,true,false,true
98,97,Growth_Arrest,false,false,false
81,100,Proliferation,true,false,true
92,70,Growth_Arrest,false,true,true
74,64,Proliferation,true,true,true
51,84,Growth_Arrest,false,true,false
66,77,Proliferation,true,true,false
76,48,Proliferation,true,false,false
75,53,Proliferation,true,true,true
87,106,Proliferation,true,false,false
50,74,Proliferation,true,false,true
44,50,Growth_Arrest,false,true,true
41,93,Growth_Arrest,false,false,false
42,66,Proliferation,true,false,true
74,80,Growth_Arrest,false,true,true
79,55,Proliferation,true,true,false
92,100,Proliferation,true,true,true
60,41,Proliferation,true,false,false
103,56,Proliferation,true,false,false
43,70,Proliferation,true,false,false
44,61,Proliferation,true,false,false
103,77,Proliferation,true,false,true
85,101,Proliferation,true,false,true
96,93,Proliferation,true,true,true
96,77,Proliferation,true,false,false
74,53,Growth_Arrest,false,true,false
114,78,Proliferation,true,true,true
79,89,Growth_Arrest,false,true,true
76,82,Growth_Arrest,false,true,false
55,72,Proliferation,true,false,true
60,49,Proliferation,true,true,true
71,46,Proliferation,true,false,true
83,54,Proliferation,true,false,false
60,68,Proliferation,true,false,true
49,44,Growth_Arrest,false,false,true
86,62,Growth_Arrest,false,true,false
58,70,Proliferation,true,false,true
91,64,Proliferation,true,false,true
49,79,Growth_Arrest,false,false,false
86,52,Growth_Arrest,false,false,false
43,58,Proliferation,true,true,false
70,99,Proliferation,true,true,true
101,59,Proliferation,true,false,true
87,102,Growth_Arrest,false,false,false
67,78,Proliferation,true,true,true
39,67,Proliferation,true,false,false
83,50,Proliferation,true,true,false
77,110,Proliferation,true,false,true
98,87,Proliferation,true,false,true
79,81,Proliferation,true,false,false
87,89,Growth_Arrest,false,false,true
108,91,Proliferation,true,false,false
106,56,Proliferation,true,true,true
112,83,Growth_Arrest,false,true,true
84,81,Growth_Arrest,false,true,false
66,36,Growth_Arrest,false,true,true
72,100,Proliferation,true,true,false
45,67,Growth_Arrest,false,false,true
54,59,Proliferation,true,true,false
46,67,Proliferation,true,false,true
76,78,Proliferation,true,false,true
112,72,Proliferation,true,true,false
103,50,Growth_Arrest,false,true,false
85,48,Proliferation,true,true,false
73,112,Proliferation,true,false,true
75,38,Growth_Arrest,false,true,false
75,88,Proliferation,true,true,false
108,62,Proliferation,true,true,false
67,94,Proliferation,true,false,true
114,79,Proliferation,true,true,true
87,61,Growth_Arrest,false,true,true
88,102,Proliferation,true,true,false
53,99,Growth_Arrest,false,false,true
88,48,Growth_Arrest,false,false,true
100,57,Growth_Arrest,false,false,true
48,79,Growth_Arrest,false,false,true
68,53,Growth_Arrest,false,false,false
107,95,Proliferation,true,true,false
75,56,Proliferation,true,false,false
54,104,Proliferation,true,false,true
69,36,Proliferation,true,true,true
65,108,Proliferation,true,true,true
105,96,Proliferation,true,true,true
59,41,Growth_Arrest,false,true,false
53,81,Growth_Arrest,false,true,false
69,106,Proliferation,true,false,false
89,50,Proliferation,true,false,true
111,76,Proliferation,true,true,false
86,106,Proliferation,true,true,false
79,72,Proliferation,true,true,false
71,79,Growth_Arrest,false,false,true
63,79,Proliferation,true,false,true
66,82,Growth_Arrest,false,true,true
68,40,Proliferation,true,true,false
73,107,Proliferation,true,true,false
82,90,Proliferation,true,true,false
69,69,Growth_Arrest,false,false,false
103,75,Proliferation,true,false,false
93,98,Proliferation,true,true,false
105,91,Growth_Arrest,false,true,true
79,94,Proliferation,true,false,false
95,80,Proliferation,true,false,true
84,91,Proliferation,true,true,true
80,92,Proliferation,true,true,true
71,52,Growth_Arrest,false,false,true
110,89,Growth_Arrest,false,false,false
49,63,Growth_Arrest,false,false,false
68,109,Growth_Arrest,false,false,false
44,72,Proliferation,true,false,false
101,89,Proliferation,true,false,true
61,101,Proliferation,true,true,true
84,89,Proliferation,true,false,false
82,99,Proliferation,true,true,true
100,88,Proliferation,true,false,true
74,55,Proliferation,true,false,true
67,43,Growth_Arrest,false,false,true
105,60,Growth_Arrest,false,true,true
98,49,Proliferation,true,false,false
57,106,Proliferation,true,true,false
36,78,Growth_Arrest,false,false,true
87,72,Proliferation,true,true,true
72,79,Growth_Arrest,false,false,false
111,86,Proliferation,true,false,true
94,86,Proliferation,true,true,true
53,72,Growth_Arrest,false,false,false
72,51,Proliferation,true,true,false
49,103,Proliferation,true,true,true
110,65,Growth_Arrest,false,true,true
83,88,Proliferation,true,true,true
91,87,Proliferation,true,true,true
71,88,Growth_Arrest,false,true,false
92,65,Proliferation,true,false,false
76,98,Proliferation,true,false,false
108,55,Proliferation,true,false,false
107,63,Growth_Arrest,false,false,false
60,44,Proliferation,true,false,true
111,77,Proliferation,true,false,false
90,47,Proliferation,true,true,false
44,64,Proliferation,true,false,false
70,100,Growth_Arrest,false,true,true
94,67,Proliferation,true,true,false
89,57,Proliferation,true,true,false
98,91,Proliferation,true,false,true
62,38,Proliferation,true,false,false
77,47,Growth_Arrest,false,false,false
89,108,Growth_Arrest,false,false,true
81,67,Proliferation,true,true,true
85,99,Proliferation,true,false,true
55,51,Proliferation,true,false,true
103,63,Proliferation,true,false,false
75,87,Growth_Arrest,false,false,true
67,112,Growth_Arrest,false,false,true
43,54,Proliferation,true,true,true
43,69,Proliferation,true,false,false
64,53,Growth_Arrest,false,true,false
91,65,Growth_Arrest,false,false,true
97,103,Proliferation,true,false,false
89,76,Proliferation,true,true,false
85,98,Proliferation,true,false,true
81,38,Growth_Arrest,false,false,false
36,73,Proliferation,true,false,false
63,75,Proliferation,true,false,true
38,64,Proliferation,true,true,true
59,109,Proliferation,true,false,false
72,61,Growth_Arrest,false,false,true
92,55,Proliferation,true,false,true
74,38,Growth_Arrest,false,true,true
49,104,Growth_Arrest,false,true,false
72,58,Proliferation,true,true,true
98,51,Proliferation,true,true,false
80,96,Proliferation,true,false,true
79,36,Proliferation,true,false,false
83,111,Proliferation,true,false,false
77,50,Growth_Arrest,false,true,false
58,47,Proliferation,true,false,false
109,81,Growth_Arrest,false,true,false
86,78,Proliferation,true,false,false
76,99,Proliferation,true,true,true
64,52,Proliferation,true,true,false
85,46,Growth_Arrest,false,true,false
96,98,Proliferation,true,true,false
36,79,Growth_Arrest,false,false,false
35,79,Proliferation,true,true,true
109,77,Proliferation,true,false,true
81,108,Proliferation,true,true,true
79,91,Growth_Arrest,false,false,true
89,38,Proliferation,true,true,false
98,99,Proliferation,true,true,true
55,102,Proliferation,true,false,false
44,54,Proliferation,true,false,false
91,99,Proliferation,true,false,false
53,85,Proliferation,true,true,false
57,104,Proliferation,true,false,false
57,96,Growth_Arrest,false,false,false
94,79,Growth_Arrest,false,true,true
45,98,Proliferation,true,true,true
51,92,Proliferation,true,true,true
108,54,Proliferation,true,true,true
46,82,Proliferation,true,true,true
49,84,Growth_Arrest,false,true,true
38,68,Growth_Arrest,false,true,false
100,71,Proliferation,true,true,false
110,70,Growth_Arrest,false,false,true
75,60,Proliferation,true,true,false
73,88,Growth_Arrest,false,true,true
71,99,Proliferation,true,false,false
52,82,Growth_Arrest,false,false,true
81,91,Proliferation,true,false,true
87,91,Proliferation,true,true,true
81,48,Proliferation,true,false,true
91,60,Proliferation,true,true,true
37,75,Proliferation,true,true,true
77,85,Proliferation,true,false,true
46,47,Growth_Arrest,false,true,true
109,62,Proliferation,true,true,false
76,61,Proliferation,true,true,false
52,63,Proliferation,true,true,false
100,49,Proliferation,true,false,true
45,75,Growth_Arrest,false,true,false
89,71,Proliferation,true,false,true
51,67,Proliferation,true,false,true
57,81,Proliferation,true,false,true
40,84,Growth_Arrest,false,true,true
67,76,Proliferation,true,false,true
88,67,Proliferation,true,false,true
40,94,Growth_Arrest,false,true,true
65,45,Proliferation,true,true,true
96,64,Proliferation,true,false,false
75,47,Proliferation,true,false,true
73,103,Proliferation,true,false,false
73,43,Growth_Arrest,false,true,false
110,74,Proliferation,true,true,false
54,41,Growth_Arrest,false,false,false
42,70,Proliferation,true,true,false
65,100,Proliferation,true,true,true
85,108,Growth_Arrest,false,false,false
79,59,Growth_Arrest,false,false,true
85,112,Proliferation,true,false,false
45,63,Proliferation,true,false,true
56,53,Growth_Arrest,false,false,false
48,54,Proliferation,true,false,true
59,42,Growth_Arrest,false,true,false
97,78,Proliferation,true,true,true
54,92,Proliferation,true,false,true
60,93,Growth_Arrest,false,false,true
54,76,Proliferation,true,false,true
96,90,Proliferation,true,false,false
97,64,Proliferation,true,true,false
65,104,Proliferation,true,false,false
80,88,Growth_Arrest,false,false,false
110,86,Growth_Arrest,false,true,false
96,68,Proliferation,true,false,false
59,61,Proliferation,true,true,false
78,68,Proliferation,true,true,true
99,58,Proliferation,true,false,true
97,58,Proliferation,true,false,true
92,59,Growth_Arrest,false,false,false
90,58,Growth_Arrest,false,false,false
74,37,Growth_Arrest,false,false,false
97,74,Growth_Arrest,false,false,false
93,62,Proliferation,true,false,false
82,66,Proliferation,true,true,false
50,56,Proliferation,true,true,false
78,38,Growth_Arrest,false,false,true
101,62,Proliferation,true,false,true
60,102,Growth_Arrest,false,false,false
71,51,Growth_Arrest,false,true,true
104,83,Proliferation,true,false,true
70,103,Proliferation,true,false,true
89,79,Proliferation,true,false,false
74,113,Proliferation,true,false,false
77,72,Proliferation,true,true,false
83,49,Proliferation,true,true,false
59,56,Growth_Arrest,false,true,false
74,110,Proliferation,true,true,true
62,82,Proliferation,true,false,false
83,91,Growth_Arrest,false,false,true
76,91,Proliferation,true,false,false
57,102,Growth_Arrest,false,false,true
59,55,Proliferation,true,false,true
40,58,Proliferation,true,true,true
60,39,Proliferation,true,false,true
75,109,Proliferation,true,true,false
48,67,Proliferation,true,false,false
59,86,Proliferation,true,true,true
108,72,Proliferation,true,true,true
86,76,Growth_Arrest,false,false,false
62,109,Growth_Arrest,false,true,true
75,39,Proliferation,true,true,false
60,80,Growth_Arrest,false,false,false
44,97,Proliferation,true,true,true
64,73,Proliferation,true,false,false
98,84,Proliferation,true,false,true
64,45,Proliferation,true,false,false
38,87,Proliferation,true,false,true
83,96,Proliferation,true,false,false
48,80,Growth_Arrest,false,true,true
100,58,Proliferation,true,false,true
92,47,Proliferation,true,false,false
100,93,Proliferation,true,true,false
83,61,Growth_Arrest,false,false,true
78,106,Growth_Arrest,false,true,false
101,81,Growth_Arrest,false,true,false
49,75,Growth_Arrest,false,true,false
65,113,Proliferation,true,true,true
63,106,Proliferation,true,false,false
54,47,Proliferation,true,false,true
86,98,Growth_Arrest,false,false,false
52,84,Growth_Arrest,false,false,false
69,110,Proliferation,true,false,false
60,69,Proliferation,true,true,false
52,62,Growth_Arrest,false,true,false
41,87,Proliferation,true,false,true
56,99,Proliferation,true,true,true
71,113,Proliferation,true,true,false
106,54,Growth_Arrest,false,false,true
93,106,Growth_Arrest,false,true,true
105,94,Growth_Arrest,false,false,false
74,67,Proliferation,true,true,false
111,63,Proliferation,true,true,false
91,85,Proliferation,true,false,false
74,74,Proliferation,true,false,false
56,84,Proliferation,true,true,true
46,63,Proliferation,true,false,true
89,67,Growth_Arrest,false,false,true
47,81,Proliferation,true,true,true
81,88,Growth_Arrest,false,true,false
87,83,Proliferation,true,true,true
79,110,Growth_Arrest,false,true,true
107,59,Proliferation,true,false,false
94,88,Growth_Arrest,false,true,false
40,83,Proliferation,true,true,false
37,85,Proliferation,true,true,false
67,66,Proliferation,true,true,false
61,98,Proliferation,true,false,false
64,87,Proliferation,true,false,false
54,71,Growth_Arrest,false,true,true
53,70,Growth_Arrest,false,true,true
73,73,Proliferation,true,false,false
43,67,Proliferation,true,false,true
99,63,Proliferation,true,false,false
76,92,Proliferation,true,false,false
86,111,Proliferation,true,false,true
51,91,Proliferation,true,false,false
65,62,Proliferation,true,false,false
57,67,Proliferation,true,false,true
91,104,Growth_Arrest,false,false,false
52,87,Proliferation,true,true,true
89,42,Proliferation,true,true,false
95,52,Proliferation,true,true,false
90,39,Growth_Arrest,false,false,false
43,93,Proliferation,true,true,true
62,111,Proliferation,true,false,true
93,78,Proliferation,true,true,true
95,99,Proliferation,true,true,false
81,73,Proliferation,true,true,false
113,73,Growth_Arrest,false,false,false
67,45,Growth_Arrest,false,true,false
84,83,Growth_Arrest,false,true,true
62,45,Growth_Arrest,false,false,false
76,100,Growth_Arrest,false,false,true
83,69,Proliferation,true,true,true
94,75,Proliferation,true,true,false
76,68,Proliferation,true,false,true
45,50,Proliferation,true,true,true
52,65,Proliferation,true,true,false
105,76,Proliferation,true,false,false
75,45,Proliferation,true,false,false
89,74,Growth_Arrest,false,true,true
64,100,Proliferation,true,false,true
71,94,Growth_Arrest,false,true,true
86,92,Proliferation,true,true,true
73,54,Proliferation,true,false,true
99,68,Proliferation,true,true,true
106,89,Growth_Arrest,false,false,false
94,72,Proliferation,true,false,true
82,83,Proliferation,true,false,true
67,84,Proliferation,true,false,false
105,62,Proliferation,true,true,true
82,110,Proliferation,true,false,true
112,78,Growth_Arrest,false,false,false
73,44,Growth_Arrest,false,true,false
85,82,Proliferation,true,true,false
86,71,Proliferation,true,false,false
56,89,Proliferation,true,true,false
100,68,Proliferation,true,false,true
85,83,Proliferation,true,true,true
69,37,Proliferation,true,false,true
79,90,Proliferation,true,false,false
54,102,Proliferation,true,false,true
47,96,Growth_Arrest,false,true,true
90,59,Growth_Arrest,false,true,false
38,84,Growth_Arrest,false,true,false
47,52,Proliferation,true,false,true
101,63,Growth_Arrest,false,true,false
56,61,Proliferation,true,true,false
107,93,Proliferation,true,true,false
42,57,Growth_Arrest,false,false,false
51,90,Proliferation,true,true,true
81,92,Growth_Arrest,false,false,true
52,46,Proliferation,true,false,false
73,91,Proliferation,true,true,true
47,60,Proliferation,true,false,true
55,86,Growth_Arrest,false,false,true
79,95,Proliferation,true,false,false
88,95,Proliferation,true,true,false
45,84,Proliferation,true,false,false
107,85,Growth_Arrest,false,false,true
107,67,Proliferation,true,true,false
65,64,Proliferation,true,false,true
73,101,Proliferation,true,true,true
87,81,Growth_Arrest,false,true,false
98,89,Proliferation,true,false,false
48,100,Proliferation,true,true,false
57,46,Proliferation,true,false,false
52,103,Proliferation,true,true,false
90,40,Proliferation,true,false,false
43,60,Growth_Arrest,false,false,false
53,49,Growth_Arrest,false,true,true
69,43,Proliferation,true,true,false
84,37,Proliferation,true,true,false
91,58,Proliferation,true,true,false
87,74,Proliferation,true,false,false
37,80,Growth_Arrest,false,true,true
86,112,Growth_Arrest,false,true,false
95,42,Proliferation,true,true,true
73,42,Growth_Arrest,false,false,false
64,38,Proliferation,true,true,false
84,74,Proliferation,true,false,true
59,79,Growth_Arrest,false,true,true
96,62,Proliferation,true,false,true
62,47,Proliferation,true,false,false
40,71,Growth_Arrest,false,true,false
81,63,Proliferation,true,false,true
47,68,Proliferation,true,false,true
72,56,Growth_Arrest,false,false,false
69,82,Growth_Arrest,false,true,false
101,48,Proliferation,true,false,true
76,81,Growth_Arrest,false,false,false
85,111,Growth_Arrest,false,false,false
77,51,Growth_Arrest,false,false,false
63,72,Proliferation,true,true,false
81,98,Growth_Arrest,false,true,true
59,97,Proliferation,true,true,true
66,105,Growth_Arrest,false,true,false
75,43,Proliferation,true,true,true
88,56,Proliferation,true,true,false
68,71,Proliferation,true,false,true
88,51,Proliferation,true,true,false
76,94,Proliferation,true,true,false
80,55,Proliferation,true,true,true
37,61,Growth_Arrest,false,false,false
95,83,Proliferation,true,false,true
61,49,Proliferation,true,true,false
103,73,Proliferation,true,false,false
110,71,Growth_Arrest,false,false,false
50,96,Proliferation,true,false,false
84,95,Proliferation,true,false,true
108,88,Growth_Arrest,false,true,false
65,91,Proliferation,true,false,true
71,104,Proliferation,true,false,true
109,61,Proliferation,true,true,false
96,86,Growth_Arrest,false,true,false
73,57,Proliferation,true,false,true
47,101,Proliferation,true,true,true
91,98,Proliferation,true,true,false
53,57,Growth_Arrest,false,false,true
84,106,Growth_Arrest,false,false,false
84,97,Growth_Arrest,false,true,true
106,65,Proliferation,true,true,true
102,65,Proliferation,true,false,false
43,52,Proliferation,true,true,false
41,77,Proliferation,true,true,true
96,67,Proliferation,true,true,true
96,83,Proliferation,true,true,true
108,81,Proliferation,true,true,false
60,66,Proliferation,true,false,false
53,82,Growth_Arrest,false,false,false
102,69,Growth_Arrest,false,false,true
88,53,Proliferation,true,false,true
82,89,Growth_Arrest,false,true,false
77,53,Growth_Arrest,false,true,false
91,73,Growth_Arrest,false,true,true
97,95,Proliferation,true,false,false
61,85,Proliferation,true,false,false
98,45,Growth_Arrest,false,false,false
82,51,Proliferation,true,true,false
61,105,Growth_Arrest,false,true,false
96,108,Proliferation,true,false,false
92,103,Proliferation,true,false,true
43,68,Proliferation,true,false,false
57,51,Growth_Arrest,false,false,false
114,75,Proliferation,true,true,false
51,79,Growth_Arrest,false,false,true
38,75,Proliferation,true,true,false
68,54,Growth_Arrest,false,true,true
48,77,Proliferation,true,true,false
81,37,Growth_Arrest,false,false,false
44,76,Growth_Arrest,false,false,true
75,40,Proliferation,true,false,true
74,63,Growth_Arrest,false,false,false
89,96,Proliferation,true,true,false
63,53,Proliferation,true,true,false
53,48,Growth_Arrest,false,false,false
97,52,Proliferation,true,false,false
101,54,Proliferation,true,true,false
50,63,Proliferation,true,false,false
90,84,Proliferation,true,false,false
80,110,Proliferation,true,false,false
107,75,Proliferation,true,true,true
70,107,Growth_Arrest,false,false,false
64,112,Proliferation,true,false,true
76,45,Growth_Arrest,false,false,false
110,90,Growth_Arrest,false,false,true
66,43,Proliferation,true,false,true
90,110,Growth_Arrest,false,false,true
63,67,Growth_Arrest,false,false,false
86,89,Proliferation,true,true,false
86,73,Proliferation,true,false,false
43,82,Proliferation,true,true,false
63,43,Proliferation,true,false,false
62,65,Proliferation,true,true,true
52,73,Growth_Arrest,false,true,true
91,83,Growth_Arrest,false,true,false
68,89,Proliferation,true,true,false
42,52,Proliferation,true,true,false
76,84,Proliferation,true,true,true
84,60,Growth_Arrest,false,true,false
41,72,Proliferation,true,true,false
76,93,Growth_Arrest,false,false,true
64,101,Growth_Arrest,false,true,true
85,56,Growth_Arrest,false,true,true
92,62,Proliferation,true,true,true
82,91,Proliferation,true,true,true
52,70,Growth_Arrest,false,true,true
60,100,Proliferation,true,true,true
40,56,Proliferation,true,false,true
48,75,Growth_Arrest,false,true,false
60,87,Proliferation,true,false,false
96,66,Proliferation,true,false,false
59,64,Proliferation,true,true,false
88,39,Growth_Arrest,false,true,true
46,52,Proliferation,true,false,true
80,74,Proliferation,true,true,true
106,77,Proliferation,true,false,true
77,89,Growth_Arrest,false,false,true
62,41,Growth_Arrest,false,true,false
78,51,Growth_Arrest,false,false,true
66,42,Proliferation,true,false,true
113,72,Proliferation,true,false,true
76,74,Proliferation,true,true,true
50,47,Proliferation,true,true,true
88,63,Growth_Arrest,false,false,false
64,54,Proliferation,true,true,true
100,83,Proliferation,true,true,true
94,46,Proliferation,true,true,true
76,111,Proliferation,true,true,true
74,112,Proliferation,true,false,true
99,59,Proliferation,true,true,true
85,93,Growth_Arrest,false,false,false
62,84,Proliferation,true,false,true
107,72,Proliferation,true,true,false
87,82,Proliferation,true,false,false
82,105,Proliferation,true,true,false
68,92,Growth_Arrest,false,true,false
80,57,Proliferation,true,true,true
104,69,Proliferation,true,true,false
103,93,Growth_Arrest,false,true,false
98,59,Proliferation,true,true,false
75,98,Growth_Arrest,false,true,false
64,97,Proliferation,true,false,false
90,52,Proliferation,true,false,true
96,78,Proliferation,true,false,false
100,98,Proliferation,true,false,true
93,85,Growth_Arrest,false,false,true
94,69,Growth_Arrest,false,false,true
69,50,Proliferation,true,false,true
89,44,Growth_Arrest,false,false,false
69,91,Proliferation,true,false,true
105,61,Proliferation,true,true,false
51,105,Proliferation,true,false,false
75,58,Proliferation,true,false,true
90,82,Proliferation,true,false,false
108,96,Proliferation,true,false,true
85,53,Growth_Arrest,false,true,true
57,71,Proliferation,true,false,true
65,54,Proliferation,true,true,true
101,78,Growth_Arrest,false,false,true
99,91,Growth_Arrest,false,false,true
63,107,Proliferation,true,true,false
46,91,Growth_Arrest,false,true,true
50,93,Proliferation,true,false,true
66,87,Growth_Arrest,false,false,false
39,92,Proliferation,true,true,false
56,76,Proliferation,true,false,false
70,49,Growth_Arrest,false,true,false
72,107,Proliferation,true,false,false
92,53,Growth_Arrest,false,false,true
93,42,Proliferation,true,false,true
87,59,Growth_Arrest,false,false,true
80,67,Proliferation,true,true,false
60,81,Growth_Arrest,false,false,true
78,76,Proliferation,true,true,true
99,72,Growth_Arrest,false,false,false
59,85,Proliferation,true,false,false
100,61,Proliferation,true,true,true
63,92,Proliferation,true,false,false
110,83,Proliferation,true,true,true
60,67,Proliferation,true,true,false
93,40,Growth_Arrest,false,false,false
105,65,Proliferation,true,true,true
48,87,Growth_Arrest,false,true,false
61,71,Proliferation,true,true,true
78,44,Proliferation,true,false,true
60,76,Growth_Arrest,false,true,false
51,89,Proliferation,true,false,false
95,73,Proliferation,true,false,true
69,56,Proliferation,true,true,true
95,103,Growth_Arrest,false,false,false
99,87,Proliferation,true,true,false
81,96,Proliferation,true,false,true
46,62,Proliferation,true,true,false
95,62,Growth_Arrest,false,true,true
92,75,Proliferation,true,false,true
101,71,Proliferation,true,true,true
103,55,Proliferation,true,false,false
95,60,Proliferation,true,true,false
61,88,Growth_Arrest,false,true,true
81,106,Proliferation,true,false,true
74,102,Growth_Arrest,false,true,true
89,92,Proliferation,true,false,false
97,61,Proliferation,true,true,true
88,92,Growth_Arrest,false,true,true
85,39,Growth_Arrest,false,false,false
65,90,Proliferation,true,true,false
70,40,Growth_Arrest,false,true,true
51,81,Proliferation,true,false,false
50,48,Growth_Arrest,false,true,false
84,76,Growth_Arrest,false,true,true
82,72,Growth_Arrest,false,false,false
59,54,Proliferation,true,false,false
107,78,Proliferation,true,true,true
37,65,Growth_Arrest,false,false,true
98,80,Growth_Arrest,false,false,false
102,84,Proliferation,true,true,true
100,78,Growth_Arrest,false,true,true
103,47,Proliferation,true,true,false
66,67,Growth_Arrest,false,false,true
73,66,Proliferation,true,false,true
69,42,Proliferation,true,false,false
57,101,Proliferation,true,true,false
44,63,Growth_Arrest,false,true,true
91,78,Growth_Arrest,false,false,true
107,81,Growth_Arrest,false,false,true
82,44,Proliferation,true,true,false
71,83,Growth_Arrest,false,false,true
63,55,Proliferation,true,false,false
47,98,Proliferation,true,false,false
61,82,Proliferation,true,true,true
57,105,Proliferation,true,true,true
59,110,Growth_Arrest,false,false,false
106,91,Proliferation,true,false,true
55,57,Proliferation,true,true,true
92,83,Proliferation,true,true,false
57,57,Proliferation,true,true,true
58,86,Proliferation,true,false,false
91,57,Proliferation,true,true,true
39,81,Proliferation,true,false,false
86,50,Growth_Arrest,false,true,true
100,69,Proliferation,true,true,false
74,40,Proliferation,true,false,true
50,86,Proliferation,true,true,true
74,48,Growth_Arrest,false,true,true
50,88,Growth_Arrest,false,true,true
38,72,Growth_Arrest,false,false,false
43,63,Growth_Arrest,false,false,true
86,77,Proliferation,true,false,true
46,48,Proliferation,true,true,false
67,56,Proliferation,true,true,false
83,109,Growth_Arrest,false,true,true
90,90,Growth_Arrest,false,true,false
109,90,Proliferation,true,false,false
89,49,Proliferation,true,false,true
91,97,Proliferation,true,true,true
80,82,Proliferation,true,true,true
60,75,Growth_Arrest,false,true,false
61,63,Proliferation,true,false,true
113,77,Proliferation,true,true,true
109,67,Proliferation,true,true,true
82,69,Growth_Arrest,false,true,true
51,62,Proliferation,true,true,false
51,106,Proliferation,true,true,true
87,99,Proliferation,true,false,false
42,81,Proliferation,true,true,true
37,73,Proliferation,true,false,true
100,45,Growth_Arrest,false,false,false
95,76,Growth_Arrest,false,true,false
87,80,Growth_Arrest,false,true,false
100,92,Growth_Arrest,false,false,true
90,103,Proliferation,true,false,false
71,40,Growth_Arrest,false,true,true
88,87,Proliferation,true,false,true
92,101,Proliferation,true,true,true
59,53,Growth_Arrest,false,true,true
76,76,Growth_Arrest,false,false,false
73,50,Proliferation,true,true,false
70,97,Growth_Arrest,false,false,true
104,67,Growth_Arrest,false,false,false
55,53,Proliferation,true,false,false
101,96,Proliferation,true,true,true
112,77,Growth_Arrest,false,true,true
105,99,Proliferation,true,false,false
53,75,Proliferation,true,false,true
105,57,Proliferation,true,false,false
61,58,Growth_Arrest,false,true,true
90,78,Growth_Arrest,false,false,true
91,89,Growth_Arrest,false,false,false
90,83,Proliferation,true,false,false
103,97,Proliferation,true,true,true
67,47,Proliferation,true,true,true
60,89,Proliferation,true,true,false
104,57,Proliferation,true,true,false
64,80,Growth_Arrest,false,true,false
54,88,Growth_Arrest,false,false,true
86,38,Proliferation,true,false,false
61,109,Proliferation,true,true,false
76,96,Growth_Arrest,false,true,true
65,109,Proliferation,true,true,true
55,63,Proliferation,true,false,true
85,89,Proliferation,true,true,true
68,107,Proliferation,true,true,true
70,112,Proliferation,true,true,false
74,77,Proliferation,true,false,true
72,59,Proliferation,true,false,true
49,102,Growth_Arrest,false,false,true
92,54,Growth_Arrest,false,true,true
68,42,Proliferation,true,false,true
104,92,Proliferation,true,true,false
58,99,Proliferation,true,false,false
63,70,Proliferation,true,false,true
87,108,Growth_Arrest,false,false,true
99,48,Proliferation,true,true,false
65,50,Proliferation,true,false,true
53,105,Proliferation,true,false,false
108,77,Growth_Arrest,false,false,false
58,40,Proliferation,true,true,true
75,82,Proliferation,true,false,true
95,101,Proliferation,true,true,false
50,101,Proliferation,true,false,false
83,57,Proliferation,true,true,false
68,66,Growth_Arrest,false,true,true
43,62,Proliferation,true,true,false
85,50,Proliferation,true,true,false
89,46,Proliferation,true,true,true
106,52,Growth_Arrest,false,false,true
76,60,Proliferation,true,true,false
70,92,Proliferation,true,false,true
74,105,Proliferation,true,false,true
72,63,Growth_Arrest,false,false,false
76,37,Proliferation,true,true,true
105,66,Proliferation,true,false,true
49,78,Proliferation,true,true,false
53,83,Growth_Arrest,false,true,true
105,75,Growth_Arrest,false,false,false
78,98,Proliferation,true,false,true
75,72,Proliferation,true,false,true
54,85,Proliferation,true,false,true
42,93,Growth_Arrest,false,false,true
73,99,Proliferation,true,false,true
39,72,Growth_Arrest,false,false,true
37,69,Proliferation,true,true,false
40,77,Growth_Arrest,false,true,false
106,72,Proliferation,true,false,true
52,78,Growth_Arrest,false,true,false
84,113,Proliferation,true,false,false
40,68,Proliferation,true,false,false
98,65,Growth_Arrest,false,false,false
71,108,Growth_Arrest,false,true,false
67,39,Proliferation,true,true,true
100,105,Growth_Arrest,false,false,false
85,40,Proliferation,true,true,false
85,44,Growth_Arrest,false,false,false
75,55,Growth_Arrest,false,true,true
89,106,Proliferation,true,true,true
64,109,Growth_Arrest,false,false,false
58,84,Growth_Arrest,false,false,true
54,45,Proliferation,true,true,false
108,82,Proliferation,true,true,true
46,60,Growth_Arrest,false,true,true
64,43,Proliferation,true,true,true
48,89,Proliferation,true,true,false
95,96,Growth_Arrest,false,false,true
77,88,Growth_Arrest,false,true,false
66,68,Proliferation,true,false,true
72,99,Proliferation,true,false,true
102,68,Proliferation,true,false,false
65,72,Proliferation,true,false,true
71,98,Growth_Arrest,false,false,false
69,108,Growth_Arrest,false,false,true
96,102,Proliferation,true,false,false
106,94,Growth_Arrest,false,false,true
111,79,Proliferation,true,true,true
50,83,Proliferation,true,true,true
79,74,Growth_Arrest,false,true,true
51,85,Growth_Arrest,false,false,true
74,66,Proliferation,true,true,true
101,93,Growth_Arrest,false,false,true
87,63,Proliferation,true,false,true
72,80,Proliferation,true,true,true
75,91,Proliferation,true,false,false
66,64,Proliferation,true,false,true
76,64,Proliferation,true,true,true
58,72,Proliferation,true,false,true
55,41,Proliferation,true,true,true
80,72,Proliferation,true,true,true
57,100,Growth_Arrest,false,false,true
78,93,Growth_Arrest,false,true,false
89,60,Growth_Arrest,false,true,true
98,72,Growth_Arrest,false,true,true
90,79,Proliferation,true,true,false
54,66,Growth_Arrest,false,true,false
39,82,Growth_Arrest,false,false,true
103,54,Growth_Arrest,false,false,false
90,99,Proliferation,true,true,true
75,59,Proliferation,true,false,true
39,77,Proliferation,true,true,false
53,95,Growth_Arrest,false,false,false
79,38,Proliferation,true,false,false
68,61,Proliferation,true,false,true
85,64,Proliferation,true,true,false
95,89,Growth_Arrest,false,false,false
58,73,Growth_Arrest,false,false,false
66,38,Proliferation,true,false,true
84,68,Proliferation,true,true,false
52,92,Proliferation,true,true,true
113,74,Growth_Arrest,false,false,true
108,58,Proliferation,true,true,false
49,97,Proliferation,true,true,false
47,57,Growth_Arrest,false,false,false
48,73,Proliferation,true,false,false
47,58,Proliferation,true,false,false
111,64,Proliferation,true,false,true
90,72,Growth_Arrest,false,false,false
76,73,Proliferation,true,false,false
68,37,Proliferation,true,false,true
88,98,Growth_Arrest,false,true,false
62,68,Proliferation,true,true,false
73,74,Proliferation,true,false,true
60,57,Growth_Arrest,false,false,false
83,74,Proliferation,true,true,false
42,60,Proliferation,true,false,false
41,57,Proliferation,true,false,false
49,61,Growth_Arrest,false,true,true
62,52,Proliferation,true,true,true
77,81,Growth_Arrest,false,true,false
70,109,Proliferation,true,false,true
68,102,Proliferation,true,true,true
54,86,Growth_Arrest,false,true,true
86,39,Proliferation,true,true,false
56,50,Proliferation,true,true,true
36,70,Growth_Arrest,false,false,false
94,63,Growth_Arrest,false,true,true
47,89,Proliferation,true,true,true
99,83,Proliferation,true,true,true
105,63,Proliferation,true,false,true
112,63,Proliferation,true,false,true
104,60,Proliferation,true,true,true
72,65,Growth_Arrest,false,true,true
79,112,Proliferation,true,false,false
60,71,Growth_Arrest,false,false,false
56,103,Proliferation,true,true,false
91,44,Proliferation,true,true,false
95,85,Proliferation,true,true,true
93,81,Proliferation,true,true,true
93,58,Proliferation,true,true,false
37,84,Proliferation,true,false,true
79,71,Proliferation,true,false,false
51,82,Growth_Arrest,false,true,true
44,96,Proliferation,true,false,false
36,67,Growth_Arrest,false,false,true
59,65,Proliferation,true,false,false
66,112,Growth_Arrest,false,false,true
77,63,Proliferation,true,true,true
51,49,Growth_Arrest,false,true,false
109,66,Growth_Arrest,false,false,false
75,49,Growth_Arrest,false,false,true
84,82,Proliferation,true,false,false
61,74,Proliferation,true,false,false
52,55,Growth_Arrest,false,false,false
68,69,Proliferation,true,true,false
78,48,Growth_Arrest,false,false,false
62,67,Proliferation,true,true,true
93,52,Proliferation,true,true,false
36,71,Proliferation,true,true,true
79,53,Proliferation,true,true,false
65,63,Proliferation,true,true,false
70,94,Proliferation,true,true,true
111,88,Proliferation,true,true,false
94,105,Proliferation,true,true,false
78,83,Growth_Arrest,false,true,true
93,94,Growth_Arrest,false,true,true
57,92,Growth_Arrest,false,true,false
57,68,Proliferation,true,false,false
81,113,Growth_Arrest,false,true,false
84,94,Proliferation,true,true,false
74,72,Proliferation,true,true,false
71,41,Growth_Arrest,false,true,true
69,103,Proliferation,true,false,false
83,102,Growth_Arrest,false,true,true
63,45,Proliferation,true,true,true
78,54,Growth_Arrest,false,true,true
61,57,Proliferation,true,true,true
95,64,Growth_Arrest,false,true,false
69,96,Proliferation,true,false,true
76,95,Proliferation,true,true,true
89,85,Growth_Arrest,false,false,true
68,39,Growth_Arrest,false,false,false
49,59,Proliferation,true,true,true
71,76,Growth_Arrest,false,false,true
66,76,Proliferation,true,true,false
42,58,Proliferation,true,true,false
72,88,Growth_Arrest,false,false,true
78,89,Proliferation,true,true,true
74,100,Proliferation,true,true,false
75,100,Proliferation,true,true,true
63,86,Proliferation,true,false,false
61,51,Proliferation,true,false,false
57,82,Proliferation,true,true,false
74,81,Growth_Arrest,false,true,false
96,41,Growth_Arrest,false,false,false
81,84,Growth_Arrest,false,false,false
98,74,Proliferation,true,false,false
41,82,Growth_Arrest,false,true,true
75,54,Proliferation,true,false,true
86,58,Growth_Arrest,false,false,false
90,108,Proliferation,true,false,false
81,71,Growth_Arrest,false,true,false
42,63,Growth_Arrest,false,true,true
47,76,Proliferation,true,true,false
85,106,Proliferation,true,true,false
52,45,Proliferation,true,false,true
88,108,Proliferation,true,false,false
77,35,Proliferation,true,true,false
47,59,Proliferation,true,false,false
89,109,Proliferation,true,false,true
64,56,Growth_Arrest,false,false,true
55,68,Growth_Arrest,false,false,true
68,112,Growth_Arrest,false,true,true
91,51,Growth_Arrest,false,true,true
78,42,Growth_Arrest,false,true,false
64,63,Proliferation,true,true,true
67,92,Proliferation,true,true,true
42,76,Proliferation,true,true,true
59,84,Proliferation,true,false,false
64,58,Proliferation,true,false,false
90,43,Growth_Arrest,false,true,true
84,103,Proliferation,true,true,true
72,43,Proliferation,true,true,true
100,60,Proliferation,true,false,true
39,71,Growth_Arrest,false,false,false
82,70,Proliferation,true,true,true
38,70,Proliferation,true,true,false
69,63,Proliferation,true,true,true
84,61,Proliferation,true,false,true
94,58,Growth_Arrest,false,false,true
90,106,Growth_Arrest,false,true,true
97,81,Proliferation,true,true,true
104,54,Growth_Arrest,false,true,true
78,100,Proliferation,true,true,true
74,45,Growth_Arrest,false,false,true
103,85,Proliferation,true,true,false
72,72,Proliferation,true,true,true
90,97,Proliferation,true,false,false
54,78,Growth_Arrest,false,true,false
56,68,Proliferation,true,true,true
66,54,Proliferation,true,true,true
91,43,Proliferation,true,true,true
48,58,Proliferation,true,false,false
70,61,Proliferation,true,false,false
45,56,Growth_Arrest,false,true,false
74,36,Proliferation,true,false,false
58,46,Proliferation,true,true,false
50,57,Proliferation,true,false,true
73,46,Proliferation,true,true,true
94,62,Proliferation,true,true,false
104,91,Proliferation,true,false,true
106,67,Proliferation,true,true,false
68,62,Growth_Arrest,false,true,true
67,60,Proliferation,true,false,true
73,55,Growth_Arrest,false,false,true
50,61,Proliferation,true,true,false
100,96,Growth_Arrest,false,true,true
86,91,Proliferation,true,true,true
40,85,Proliferation,true,true,true
87,48,Growth_Arrest,false,true,false
38,71,Proliferation,true,true,false
94,90,Proliferation,true,false,true
89,78,Proliferation,true,false,false
80,109,Proliferation,true,false,false
93,57,Proliferation,true,false,true
48,55,Proliferation,true,false,true
76,59,Proliferation,true,false,false
84,93,Growth_Arrest,false,true,false
78,79,Proliferation,true,false,false
97,62,Proliferation,true,true,false
55,71,Growth_Arrest,false,false,false
98,82,Proliferation,true,true,false
69,72,Proliferation,true,false,true
61,54,Proliferation,true,false,true
83,84,Growth_Arrest,false,true,true
57,54,Proliferation,true,true,false
46,83,Proliferation,true,true,false
86,49,Proliferation,true,true,true
69,81,Proliferation,true,true,true
55,109,Growth_Arrest,false,false,false
57,58,Proliferation,true,true,false
39,75,Growth_Arrest,false,true,false
70,110,Proliferation,true,false,true
94,101,Growth_Arrest,false,true,false
60,73,Proliferation,true,false,true
93,51,Growth_Arrest,false,true,true
103,62,Proliferation,true,true,false
43,79,Proliferation,true,true,true
87,88,Proliferation,true,true,false
79,109,Growth_Arrest,false,true,true
70,98,Growth_Arrest,false,true,false
105,98,Proliferation,true,false,true
99,65,Proliferation,true,false,true
68,45,Proliferation,true,false,true
63,88,Growth_Arrest,false,true,true
114,70,Proliferation,true,true,false
75,65,Proliferation,true,true,false
95,106,Growth_Arrest,false,true,true
57,43,Proliferation,true,false,false
79,62,Growth_Arrest,false,true,false
87,71,Proliferation,true,true,false
91,63,Proliferation,true,true,true
76,72,Proliferation,true,true,false
41,61,Proliferation,true,true,true
47,92,Proliferation,true,false,true
62,100,Proliferation,true,true,true
110,72,Proliferation,true,false,true
51,57,Proliferation,true,false,true
41,53,Proliferation,true,true,false
104,75,Proliferation,true,true,false
78,81,Proliferation,true,false,false
58,55,Proliferation,true,true,true
93,44,Growth_Arrest,false,true,false
44,68,Proliferation,true,false,false
70,84,Proliferation,true,false,true
71,96,Proliferation,true,true,true
63,44,Growth_Arrest,false,true,false
49,69,Proliferation,true,true,true
70,48,Proliferation,true,true,false
94,106,Proliferation,true,false,false
42,74,Proliferation,true,false,true
70,52,Growth_Arrest,false,false,false
108,86,Proliferation,true,true,true
102,75,Proliferation,true,false,false
60,60,Proliferation,true,false,false
83,47,Proliferation,true,true,true
47,56,Growth_Arrest,false,false,true
96,106,Proliferation,true,false,false
60,42,Growth_Arrest,false,false,true
49,94,Growth_Arrest,false,false,true
74,85,Growth_Arrest,false,false,true
79,86,Growth_Arrest,false,true,true
57,91,Proliferation,true,true,true
56,60,Growth_Arrest,false,false,true
55,55,Proliferation,true,false,true
59,39,Proliferation,true,true,false
45,61,Proliferation,true,false,true
64,46,Growth_Arrest,false,false,true
41,54,Proliferation,true,false,true
89,59,Proliferation,true,false,false
85,96,Growth_Arrest,false,false,true
80,94,Proliferation,true,true,true
45,101,Proliferation,true,true,true
78,37,Proliferation,true,true,false
88,41,Proliferation,true,true,false
86,44,Proliferation,true,false,true
102,85,Proliferation,true,false,false
91,72,Proliferation,true,true,false
66,93,Proliferation,true,true,true
72,68,Growth_Arrest,false,false,false
60,72,Proliferation,true,false,false
103,61,Proliferation,true,false,true
87,69,Proliferation,true,false,false
44,57,Proliferation,true,true,false
58,51,Proliferation,true,true,true
52,106,Growth_Arrest,false,false,true
102,48,Proliferation,true,false,false
104,85,Proliferation,true,false,false
69,44,Growth_Arrest,false,false,true
51,44,Proliferation,true,true,false
70,104,Growth_Arrest,false,false,true
93,105,Growth_Arrest,false,false,false
76,109,Proliferation,true,false,true
55,60,Proliferation,true,false,true
82,38,Growth_Arrest,false,false,true
49,74,Proliferation,true,false,true
72,95,Growth_Arrest,false,false,false
86,99,Growth_Arrest,false,false,true
69,48,Growth_Arrest,false,false,true
81,107,Proliferation,true,true,true
99,50,Proliferation,true,false,true
57,88,Growth_Arrest,false,false,true
83,101,Proliferation,true,false,false
67,106,Growth_Arrest,false,true,false
82,52,Proliferation,true,true,false
70,72,Proliferation,true,false,true
63,61,Growth_Arrest,false,true,true
90,60,Growth_Arrest,false,true,true
101,67,Growth_Arrest,false,true,true
44,69,Growth_Arrest,false,true,false
78,43,Proliferation,true,true,true
35,72,Proliferation,true,true,false
89,91,Proliferation,true,true,false
44,67,Growth_Arrest,false,true,false
50,55,Proliferation,true,true,false
73,63,Proliferation,true,false,false
51,76,Growth_Arrest,false,true,true
66,92,Proliferation,true,true,true
99,82,Growth_Arrest,false,false,true
82,86,Proliferation,true,false,false
104,80,Proliferation,true,false,true
91,102,Proliferation,true,true,true
69,77,Growth_Arrest,false,false,false
61,70,Proliferation,true,false,true
62,108,Proliferation,true,false,false
45,58,Growth_Arrest,false,true,false
69,84,Proliferation,true,true,true
51,101,Proliferation,true,true,false
102,92,Growth_Arrest,false,true,false
100,64,Proliferation,true,false,false
73,96,Growth_Arrest,false,false,false
90,38,Proliferation,true,true,false
94,68,Proliferation,true,false,false
108,85,Proliferation,true,true,true
110,91,Proliferation,true,true,true
97,66,Proliferation,true,true,false
71,75,Proliferation,true,false,false
80,53,Proliferation,true,false,false
85,58,Proliferation,true,false,false
55,82,Proliferation,true,false,false
50,71,Proliferation,true,false,false
70,105,Growth_Arrest,false,true,false
80,112,Growth_Arrest,false,true,true
63,84,Growth_Arrest,false,true,false
87,107,Growth_Arrest,false,false,true
61,55,Growth_Arrest,false,true,false
68,74,Proliferation,true,false,false
40,66,Growth_Arrest,false,true,false
96,85,Proliferation,true,true,false
76,50,Proliferation,true,true,false
106,74,Proliferation,true,true,false
99,86,Proliferation,true,false,false
88,75,Growth_Arrest,false,true,true
60,61,Proliferation,true,true,true
66,97,Proliferation,true,false,true
46,55,Proliferation,true,false,false
99,52,Growth_Arrest,false,true,true
57,74,Proliferation,true,false,true
45,91,Growth_Arrest,false,true,true
104,48,Growth_Arrest,false,true,true
92,82,Proliferation,true,false,false
60,62,Growth_Arrest,false,false,false
44,55,Proliferation,true,false,false
64,103,Proliferation,true,true,true
92,104,Growth_Arrest,false,true,true
76,46,Proliferation,true,false,true
69,88,Proliferation,true,false,false
87,66,Growth_Arrest,false,false,true
72,78,Proliferation,true,false,false
98,70,Proliferation,true,true,true
75,99,Proliferation,true,false,false
46,94,Proliferation,true,false,false
69,47,Proliferation,true,true,true
98,66,Growth_Arrest,false,false,false
112,69,Proliferation,true,true,true
96,89,Proliferation,true,true,false
85,38,Growth_Arrest,false,true,false
42,72,Proliferation,true,false,false
85,88,Proliferation,true,false,false
70,86,Growth_Arrest,false,true,true
50,79,Growth_Arrest,false,false,true
96,47,Growth_Arrest,false,false,true
112,82,Growth_Arrest,false,false,false
71,95,Proliferation,true,false,false
36,81,Growth_Arrest,false,true,false
101,46,Proliferation,true,false,true
100,99,Proliferation,true,false,true
59,73,Proliferation,true,true,true
111,78,Growth_Arrest,false,true,false
45,59,Proliferation,true,false,false
107,77,Growth_Arrest,false,false,true
66,103,Proliferation,true,false,true
39,66,Proliferation,true,false,false
54,51,Proliferation,true,true,false
70,83,Proliferation,true,false,true
60,98,Proliferation,true,true,true
94,60,Growth_Arrest,false,false,true
65,75,Proliferation,true,false,false
86,46,Growth_Arrest,false,false,true
83,76,Proliferation,true,true,true
37,77,Growth_Arrest,false,false,true
54,98,Growth_Arrest,false,false,true
58,50,Proliferation,true,true,false
85,84,Growth_Arrest,false,true,true
46,73,Proliferation,true,false,false
63,81,Proliferation,true,true,false
102,70,Proliferation,true,true,true
81,41,Proliferation,true,false,true
55,103,Proliferation,true,true,false
59,51,Proliferation,true,true,true
39,89,Proliferation,true,true,true
110,92,Proliferation,true,true,true
62,106,Growth_Arrest,false,true,false
95,59,Proliferation,true,true,true
58,110,Proliferation,true,true,false
48,56,Growth_Arrest,false,true,false
70,50,Proliferation,true,true,true
74,83,Proliferation,true,false,true
96,63,Proliferation,true,true,false
63,89,Proliferation,true,true,true
92,43,Growth_Arrest,false,true,false
80,60,Proliferation,true,false,false
65,73,Proliferation,true,false,true
85,54,Proliferation,true,true,true
65,111,Proliferation,true,true,true
45,82,Proliferation,true,true,false
77,69,Proliferation,true,false,true
89,51,Proliferation,true,false,false
75,84,Proliferation,true,false,true
72,98,Proliferation,true,true,false
65,36,Growth_Arrest,false,true,false
97,48,Growth_Arrest,false,false,false
52,44,Proliferation,true,true,false
44,79,Growth_Arrest,false,false,true
57,42,Proliferation,true,true,true
66,83,Proliferation,true,false,false
88,110,Proliferation,true,false,false
69,73,Proliferation,true,true,false
86,96,Growth_Arrest,false,false,false
58,104,Growth_Arrest,false,true,true
71,93,Growth_Arrest,false,true,true
68,106,Proliferation,true,false,false
82,36,Proliferation,true,true,true
100,70,Proliferation,true,false,false
68,56,Proliferation,true,false,true
36,72,Growth_Arrest,false,false,true
101,91,Proliferation,true,false,true
87,50,Proliferation,true,false,true
47,54,Growth_Arrest,false,true,false
48,63,Growth_Arrest,false,false,false
75,104,Growth_Arrest,false,true,true
56,67,Proliferation,true,true,false
81,56,Proliferation,true,true,true
67,55,Proliferation,true,true,true
94,102,Growth_Arrest,false,false,true
84,45,Growth_Arrest,false,true,true
95,45,Growth_Arrest,false,true,true
108,94,Proliferation,true,false,false
104,49,Proliferation,true,false,true
77,90,Proliferation,true,true,true
40,55,Proliferation,true,true,true
81,39,Proliferation,true,false,false
80,65,Proliferation,true,false,false
49,64,Proliferation,true,true,false
51,48,Proliferation,true,false,true
86,64,Proliferation,true,false,true
72,76,Proliferation,true,false,true
66,84,Growth_Arrest,false,true,true
88,104,Proliferation,true,false,true
62,72,Proliferation,true,true,true
101,87,Proliferation,true,false,true
96,88,Growth_Arrest,false,false,true
52,42,Proliferation,true,false,true
57,62,Proliferation,true,true,true
47,51,Proliferation,true,false,false
104,98,Proliferation,true,false,true
88,79,Growth_Arrest,false,false,false
46,87,Proliferation,true,true,true
99,90,Proliferation,true,true,true
63,54,Proliferation,true,true,false
60,48,Growth_Arrest,false,false,true
47,95,Proliferation,true,true,false
46,89,Proliferation,true,true,true
37,72,Proliferation,true,true,true
67,70,Growth_Arrest,false,true,true
49,93,Growth_Arrest,false,true,true
67,63,Growth_Arrest,false,false,true
64,60,Growth_Arrest,false,true,false
44,56,Growth_Arrest,false,false,false
45,95,Proliferation,true,false,false
112,61,Proliferation,true,false,true
57,60,Growth_Arrest,false,true,true
100,74,Growth_Arrest,false,true,true
81,76,Proliferation,true,true,false
51,60,Growth_Arrest,false,true,false
80,69,Proliferation,true,false,false
49,66,Proliferation,true,false,true
52,83,Proliferation,true,true,true
69,61,Growth_Arrest,false,false,true
56,75,Proliferation,true,false,true
63,39,Growth_Arrest,false,false,true
53,62,Growth_Arrest,false,true,false
72,75,Growth_Arrest,false,true,false
36,84,Growth_Arrest,false,false,false
59,63,Proliferation,true,false,false
52,80,Proliferation,true,true,true
80,43,Growth_Arrest,false,false,true
92,84,Growth_Arrest,false,true,false
61,108,Proliferation,true,true,true
56,109,Proliferation,true,true,false
107,76,Proliferation,true,false,false
57,109,Growth_Arrest,false,false,true
96,99,Growth_Arrest,false,true,false
113,66,Growth_Arrest,false,false,false
67,53,Proliferation,true,true,true
93,53,Proliferation,true,true,true
60,46,Growth_Arrest,false,false,true
72,52,Growth_Arrest,false,false,false
74,50,Growth_Arrest,false,false,true
63,96,Proliferation,true,true,false
90,53,Proliferation,true,true,true
87,105,Proliferation,true,false,false
76,75,Growth_Arrest,false,true,false
100,44,Proliferation,true,true,true
103,48,Growth_Arrest,false,true,true
85,47,Proliferation,true,true,false
90,56,Proliferation,true,false,false
49,71,Proliferation,true,false,false
78,94,Proliferation,true,false,false
49,52,Proliferation,true,true,true
48,91,Growth_Arrest,false,false,true
92,57,Growth_Arrest,false,true,false
69,105,Proliferation,true,false,true
66,61,Proliferation,true,false,true
68,103,Growth_Arrest,false,false,true
79,63,Proliferation,true,true,true
90,71,Growth_Arrest,false,false,true
111,90,Proliferation,true,true,true
107,64,Proliferation,true,true,true
78,61,Growth_Arrest,false,false,true
58,98,Growth_Arrest,false,false,false
49,91,Proliferation,true,true,false
58,63,Growth_Arrest,false,false,false
86,51,Growth_Arrest,false,true,false
86,81,Proliferation,true,false,true
69,67,Growth_Arrest,false,true,false
105,58,Proliferation,true,false,false
76,110,Proliferation,true,true,false
57,50,Proliferation,true,false,true
80,84,Proliferation,true,false,true
56,90,Growth_Arrest,false,true,false
73,58,Growth_Arrest,false,false,true
53,94,Proliferation,true,false,false
65,66,Proliferation,true,false,true
66,66,Growth_Arrest,false,true,false
46,71,Proliferation,true,true,false
84,49,Proliferation,true,true,true
73,95,Growth_Arrest,false,true,true
49,88,Growth_Arrest,false,false,false
87,53,Proliferation,true,true,false
92,41,Proliferation,true,true,false
54,81,Proliferation,true,true,true
84,38,Proliferation,true,false,true
40,72,Proliferation,true,false,true
94,76,Proliferation,true,true,true
66,48,Growth_Arrest,false,false,false
63,103,Proliferation,true,true,true
50,64,Growth_Arrest,false,false,false
70,64,Growth_Arrest,false,true,false
94,85,Proliferation,true,false,true
61,47,Proliferation,true,false,true
99,61,Growth_Arrest,false,true,false
92,97,Proliferation,true,false,true
101,92,Proliferation,true,true,true
68,41,Proliferation,true,false,true
79,92,Proliferation,true,false,false
60,55,Growth_Arrest,false,true,true
63,49,Growth_Arrest,false,false,true
94,50,Proliferation,true,false,true
65,106,Proliferation,true,true,false
71,65,Proliferation,true,true,false
48,64,Growth_Arrest,false,true,false
49,70,Proliferation,true,true,true
87,94,Growth_Arrest,false,true,true
110,85,Proliferation,true,true,true
91,45,Proliferation,true,false,false
78,52,Growth_Arrest,false,false,false
72,110,Growth_Arrest,false,false,true
68,101,Proliferation,true,true,true
94,66,Growth_Arrest,false,false,false
85,81,Proliferation,true,false,true
92,89,Growth_Arrest,false,false,false
42,88,Proliferation,true,true,true
64,106,Proliferation,true,false,true
65,93,Proliferation,true,false,false
40,89,Proliferation,true,false,true
85,79,Growth_Arrest,false,false,false
78,111,Proliferation,true,false,false
70,90,Growth_Arrest,false,true,false
96,50,Proliferation,true,false,false
71,81,Growth_Arrest,false,true,false
95,90,Growth_Arrest,false,false,true
52,98,Proliferation,true,true,false
58,77,Proliferation,true,false,false
86,90,Proliferation,true,false,true
88,45,Proliferation,true,false,true
87,44,Proliferation,true,false,true
60,78,Proliferation,true,true,false
76,58,Proliferation,true,true,true
61,112,Proliferation,true,true,false
94,56,Growth_Arrest,false,true,true
74,84,Growth_Arrest,false,true,true
54,94,Proliferation,true,false,false
99,84,Proliferation,true,true,true
75,113,Growth_Arrest,false,true,true
61,102,Proliferation,true,true,false
43,71,Proliferation,true,false,true
62,62,Proliferation,true,false,false
45,78,Proliferation,true,true,false
73,40,Proliferation,true,true,false
68,63,Proliferation,true,false,true
56,96,Proliferation,true,true,false
51,68,Growth_Arrest,false,true,true
61,94,Proliferation,true,false,true
88,94,Proliferation,true,false,true
91,108,Proliferation,true,false,false
107,71,Proliferation,true,true,true
86,74,Proliferation,true,false,true
41,89,Proliferation,true,false,false
59,40,Growth_Arrest,false,false,true
105,70,Proliferation,true,false,false
95,74,Growth_Arrest,false,false,false
55,95,Proliferation,true,true,false
109,85,Proliferation,true,false,true
79,97,Growth_Arrest,false,true,false
99,51,Proliferation,true,false,false
80,46,Growth_Arrest,false,false,false
96,103,Proliferation,true,false,true
55,44,Proliferation,true,true,false
77,111,Proliferation,true,false,true
70,76,Proliferation,true,true,true
73,87,Growth_Arrest,false,false,false
47,83,Proliferation,true,false,true
75,85,Proliferation,true,true,false
64,74,Growth_Arrest,false,true,false
86,84,Proliferation,true,true,true
42,69,Proliferation,true,false,false
91,56,Growth_Arrest,false,false,false
104,96,Growth_Arrest,false,false,false
108,84,Proliferation,true,true,true
53,79,Proliferation,true,false,false
48,57,Growth_Arrest,false,true,true
35,76,Proliferation,true,false,false
67,85,Proliferation,true,true,false
101,100,Proliferation,true,false,false
55,46,Growth_Arrest,false,true,false
53,56,Growth_Arrest,false,true,false
99,88,Growth_Arrest,false,false,true
110,58,Growth_Arrest,false,true,false
82,39,Proliferation,true,false,true
113,83,Growth_Arrest,false,false,false
71,103,Proliferation,true,true,true
48,95,Proliferation,true,false,false
62,112,Proliferation,true,true,false
99,77,Growth_Arrest,false,true,true
93,72,Proliferation,true,true,false
74,107,Growth_Arrest,false,true,false
110,84,Proliferation,true,false,true
48,85,Proliferation,true,true,true
85,57,Growth_Arrest,false,true,false
100,85,Proliferation,true,false,false
59,98,Proliferation,true,true,true
50,78,Proliferation,true,true,false
56,45,Proliferation,true,false,false
95,41,Growth_Arrest,false,true,false
80,89,Proliferation,true,true,false
46,66,Proliferation,true,false,true
65,55,Proliferation,true,true,false
67,98,Growth_Arrest,false,false,true
85,86,Proliferation,true,false,false
87,37,Proliferation,true,false,true
97,94,Proliferation,true,true,true
102,80,Growth_Arrest,false,true,true
75,97,Proliferation,true,false,false
73,62,Proliferation,true,true,false
53,44,Growth_Arrest,false,true,true
55,99,Proliferation,true,true,false
86,56,Proliferation,true,true,false
64,102,Proliferation,true,true,true
47,97,Growth_Arrest,false,false,true
89,66,Proliferation,true,true,false
52,86,Proliferation,true,true,false
69,38,Proliferation,true,false,false
55,104,Proliferation,true,true,false
83,112,Proliferation,true,false,true
77,83,Proliferation,true,false,true
58,52,Proliferation,true,false,false
49,62,Growth_Arrest,false,true,false
93,92,Growth_Arrest,false,true,true
104,56,Growth_Arrest,false,false,false
38,74,Proliferation,true,true,false
93,66,Proliferation,true,false,true
54,54,Proliferation,true,true,false
65,79,Proliferation,true,true,true
48,68,Proliferation,true,false,false
73,85,Proliferation,true,true,false
90,68,Growth_Arrest,false,true,true
94,107,Growth_Arrest,false,true,false
50,77,Proliferation,true,true,true
75,77,Proliferation,true,true,false
80,78,Proliferation,true,true,false
112,88,Proliferation,true,false,true
60,38,Proliferation,true,false,false
104,72,Growth_Arrest,false,true,true
52,107,Proliferation,true,false,false
70,113,Proliferation,true,false,true
61,40,Proliferation,true,false,true
57,41,Proliferation,true,false,false
67,111,Proliferation,true,true,false
40,73,Proliferation,true,false,true
98,79,Proliferation,true,true,true
43,80,Growth_Arrest,false,true,false
94,54,Growth_Arrest,false,true,true
86,104,Proliferation,true,false,false
56,72,Growth_Arrest,false,false,false
72,102,Growth_Arrest,false,false,false
81,62,Proliferation,true,false,false
99,66,Growth_Arrest,false,false,true
100,48,Proliferation,true,false,false
48,93,Proliferation,true,true,false
85,100,Proliferation,true,false,false
96,56,Proliferation,true,true,true
77,108,Growth_Arrest,false,false,false
62,80,Proliferation,true,true,true
52,95,Growth_Arrest,false,false,true
59,99,Proliferation,true,true,false
100,102,Growth_Arrest,false,false,false
53,47,Proliferation,true,false,true
92,60,Proliferation,true,false,true
74,101,Proliferation,true,true,true
85,107,Proliferation,true,false,false
86,40,Growth_Arrest,false,true,true
51,53,Proliferation,true,false,true
61,43,Proliferation,true,true,false
73,70,Proliferation,true,false,true
52,72,Proliferation,true,true,true
40,60,Proliferation,true,true,true
42,65,Growth_Arrest,false,false,false
111,69,Growth_Arrest,false,true,false
93,109,Proliferation,true,false,false
46,76,Growth_Arrest,false,false,true
110,67,Proliferation,true,true,true
91,55,Proliferation,true,false,false
57,78,Proliferation,true,false,false
80,106,Growth_Arrest,false,true,false
83,86,Growth_Arrest,false,true,true
94,45,Proliferation,true,true,true
71,59,Proliferation,true,true,false
45,93,Proliferation,true,false,false
82,41,Proliferation,true,true,false
67,91,Growth_Arrest,false,true,true
72,46,Proliferation,true,true,true
48,83,Proliferation,true,false,true
101,102,Growth_Arrest,false,false,true
96,55,Proliferation,true,false,true
58,54,Growth_Arrest,false,false,true
90,96,Proliferation,true,false,false
56,82,Growth_Arrest,false,true,false
59,66,Growth_Arrest,false,false,true
61,103,Proliferation,true,false,true
80,45,Proliferation,true,false,true
100,76,Proliferation,true,true,true
53,108,Growth_Arrest,false,true,true
101,72,Growth_Arrest,false,true,false
64,94,Proliferation,true,true,true
85,68,Proliferation,true,true,false
71,44,Proliferation,true,true,true
59,70,Proliferation,true,false,false
61,91,Proliferation,true,false,true
102,79,Proliferation,true,true,true
52,100,Proliferation,true,true,false
35,75,Growth_Arrest,false,false,false
65,67,Proliferation,true,true,true
73,49,Growth_Arrest,false,false,true
90,93,Proliferation,true,false,true
83,105,Proliferation,true,true,true
71,105,Growth_Arrest,false,false,false
58,53,Growth_Arrest,false,true,false
97,90,Proliferation,true,false,false
72,40,Growth_Arrest,false,true,true
99,74,Proliferation,true,true,true
85,67,Growth_Arrest,false,false,true
86,94,Growth_Arrest,false,false,false
71,71,Growth_Arrest,false,false,true
59,111,Proliferation,true,false,true
92,46,Proliferation,true,false,false
92,98,Proliferation,true,false,true
86,82,Proliferation,true,true,false
107,92,Growth_Arrest,false,false,false
65,83,Proliferation,true,false,true
92,73,Proliferation,true,true,true
99,46,Proliferation,true,true,true
60,56,Growth_Arrest,false,true,true
88,90,Growth_Arrest,false,true,true
59,103,Proliferation,true,false,false
113,75,Growth_Arrest,false,true,false
71,92,Proliferation,true,true,true
85,97,Growth_Arrest,false,false,true
63,104,Growth_Arrest,false,false,false
106,80,Proliferation,true,false,true
50,84,Proliferation,true,true,false
91,48,Growth_Arrest,false,false,false
81,94,Proliferation,true,false,true
47,50,Proliferation,true,false,true
87,78,Proliferation,true,true,false
106,83,Growth_Arrest,false,false,false
106,66,Growth_Arrest,false,true,false
110,82,Growth_Arrest,false,true,false
77,82,Proliferation,true,false,false
45,66,Proliferation,true,false,false
89,89,Proliferation,true,false,true
79,47,Proliferation,true,false,false
49,58,Growth_Arrest,false,true,true
62,46,Growth_Arrest,false,true,false
80,61,Proliferation,true,false,true
90,75,Proliferation,true,true,false
69,87,Proliferation,true,true,true
59,58,Growth_Arrest,false,true,false
65,95,Growth_Arrest,false,false,true
110,75,Proliferation,true,false,true
82,101,Proliferation,true,true,false
99,94,Proliferation,true,false,true
60,54,Growth_Arrest,false,true,true
84,69,Proliferation,true,false,false
64,98,Growth_Arrest,false,false,true
102,49,Proliferation,true,false,true
85,49,Growth_Arrest,false,false,true
83,108,Proliferation,true,true,false
61,53,Proliferation,true,true,true
66,40,Proliferation,true,true,true
45,51,Proliferation,true,false,true
90,62,Proliferation,true,true,true
60,50,Proliferation,true,true,false
103,57,Proliferation,true,false,false
94,41,Growth_Arrest,false,false,true
81,53,Growth_Arrest,false,true,true
72,86,Proliferation,true,true,false
59,78,Growth_Arrest,false,false,false
50,91,Proliferation,true,true,false
51,66,Growth_Arrest,false,true,false
103,101,Proliferation,true,false,true
103,53,Proliferation,true,false,false
83,97,Proliferation,true,false,true
88,74,Proliferation,true,true,false
97,107,Growth_Arrest,false,true,false
49,73,Growth_Arrest,false,true,true
68,99,Proliferation,true,true,true
96,70,Proliferation,true,false,true
56,71,Growth_Arrest,false,false,true
53,65,Proliferation,true,true,false
83,90,Proliferation,true,true,false
66,95,Proliferation,true,true,false
55,97,Growth_Arrest,false,false,false
77,95,Growth_Arrest,false,true,true
50,87,Proliferation,true,false,false
66,94,Growth_Arrest,false,true,true
72,109,Proliferation,true,true,true
84,85,Proliferation,true,false,false
63,101,Proliferation,true,false,true
66,73,Growth_Arrest,false,true,true
84,41,Growth_Arrest,false,true,false
69,113,Growth_Arrest,false,false,false
70,67,Proliferation,true,true,true
55,49,Growth_Arrest,false,true,true
35,71,Proliferation,true,true,false
82,77,Growth_Arrest,false,true,false
71,72,Growth_Arrest,false,true,true
78,75,Growth_Arrest,false,true,false
66,78,Proliferation,true,true,true
79,44,Proliferation,true,false,true
89,61,Growth_Arrest,false,true,false
80,62,Growth_Arrest,false,true,false
52,60,Proliferation,true,false,true
41,95,Growth_Arrest,false,true,true
46,49,Growth_Arrest,false,false,true
90,105,Proliferation,true,false,true
93,55,Proliferation,true,false,true
70,89,Growth_Arrest,false,false,false
67,68,Growth_Arrest,false,true,true
95,66,Proliferation,true,true,false
99,102,Growth_Arrest,false,true,false
91,40,Proliferation,true,true,false
101,61,Growth_Arrest,false,false,true
103,86,Growth_Arrest,false,true,false
61,96,Proliferation,true,true,false
78,58,Proliferation,true,true,true
50,89,Growth_Arrest,false,true,false
56,64,Growth_Arrest,false,true,false
45,83,Proliferation,true,true,true
70,108,Proliferation,true,true,true
78,91,Proliferation,true,true,false
77,74,Growth_Arrest,false,false,false
66,106,Proliferation,true,true,false
61,77,Proliferation,true,false,false
50,52,Proliferation,true,false,false
85,80,Proliferation,true,true,true
83,38,Growth_Arrest,false,false,true
72,111,Growth_Arrest,false,false,false
56,102,Proliferation,true,true,true
70,47,Growth_Arrest,false,false,true
100,62,Proliferation,true,false,true
45,81,Proliferation,true,true,true
64,95,Proliferation,true,false,true
57,59,Proliferation,true,false,true
91,67,Growth_Arrest,false,true,true
101,97,Proliferation,true,true,false
72,54,Proliferation,true,true,true
91,84,Proliferation,true,true,true
52,97,Growth_Arrest,false,true,false
98,58,Proliferation,true,true,true
69,112,Proliferation,true,true,false
66,41,Proliferation,true,true,false
95,108,Proliferation,true,false,true
77,75,Proliferation,true,false,true
37,86,Proliferation,true,true,true
72,35,Growth_Arrest,false,true,false
64,93,Growth_Arrest,false,true,true
63,76,Growth_Arrest,false,false,true
48,61,Proliferation,true,true,false
66,62,Proliferation,true,true,false
107,70,Proliferation,true,true,false
101,76,Proliferation,true,false,false
55,91,Proliferation,true,false,false
75,71,Proliferation,true,true,false
78,90,Proliferation,true,false,true
72,103,Proliferation,true,false,true
64,40,Growth_Arrest,false,true,false
89,90,Proliferation,true,false,false
91,61,Growth_Arrest,false,true,true
102,78,Proliferation,true,false,true
45,73,Growth_Arrest,false,true,false
101,98,Proliferation,true,true,true
87,111,Growth_Arrest,false,false,false
69,70,Proliferation,true,false,true
80,73,Proliferation,true,false,true
65,105,Growth_Arrest,false,false,true
106,53,Proliferation,true,true,false
76,105,Growth_Arrest,false,true,true
95,65,Proliferation,true,false,false
64,50,Proliferation,true,true,true
45,94,Proliferation,true,false,true
90,66,Proliferation,true,false,true
56,54,Proliferation,true,true,true
58,89,Proliferation,true,false,false
48,96,Growth_Arrest,false,true,true
60,53,Proliferation,true,false,false
84,79,Proliferation,true,false,true
58,91,Proliferation,true,true,true
59,44,Proliferation,true,true,true
63,42,Growth_Arrest,false,true,true
70,85,Proliferation,true,false,false
48,62,Proliferation,true,false,true
51,86,Proliferation,true,true,false
67,59,Growth_Arrest,false,false,true
76,44,Growth_Arrest,false,false,true
60,63,Proliferation,true,false,true
81,97,Growth_Arrest,false,true,true
67,113,Proliferation,true,true,true
109,94,Proliferation,true,true,false
76,97,Growth_Arrest,false,true,true
89,56,Proliferation,true,true,false
97,59,Growth_Arrest,false,false,false
81,52,Proliferation,true,false,true
86,110,Proliferation,true,false,true
92,78,Proliferation,true,true,false
65,57,Proliferation,true,false,false
83,110,Proliferation,true,true,false
76,56,Growth_Arrest,false,true,true
76,38,Proliferation,true,false,true
67,110,Proliferation,true,false,true
64,57,Proliferation,true,true,true
101,80,Proliferation,true,false,false
54,70,Proliferation,true,true,false
59,87,Growth_Arrest,false,false,true
67,79,Growth_Arrest,false,true,false
96,71,Proliferation,true,true,true
44,78,Proliferation,true,false,false
64,88,Proliferation,true,true,false
98,96,Growth_Arrest,false,true,true
81,55,Growth_Arrest,false,true,true
104,99,Proliferation,true,true,false
61,79,Proliferation,true,false,false
54,100,Proliferation,true,false,false
67,100,Proliferation,true,false,false
47,47,Proliferation,true,true,false
87,98,Growth_Arrest,false,false,true
83,77,Proliferation,true,false,false
101,51,Proliferation,true,true,false
51,56,Growth_Arrest,false,false,false
59,48,Growth_Arrest,false,false,true
85,72,Proliferation,true,false,false
85,55,Growth_Arrest,false,true,true
57,63,Proliferation,true,true,true
57,98,Growth_Arrest,false,false,false
69,66,Proliferation,true,false,true
96,65,Proliferation,true,true,false
93,107,Proliferation,true,true,false
62,92,Proliferation,true,true,false
65,52,Proliferation,true,true,false
84,43,Growth_Arrest,false,false,true
62,63,Proliferation,true,false,false
101,55,Growth_Arrest,false,true,true
73,113,Proliferation,true,false,false
62,101,Growth_Arrest,false,true,true
110,79,Proliferation,true,false,false
52,79,Growth_Arrest,false,false,true
64,66,Growth_Arrest,false,true,false
72,112,Growth_Arrest,false,true,true
85,109,Growth_Arrest,false,false,false
90,89,Proliferation,true,true,false
58,75,Proliferation,true,true,false
69,68,Proliferation,true,false,true
61,39,Growth_Arrest,false,false,false
58,49,Proliferation,true,true,false
55,88,Growth_Arrest,false,false,false
110,73,Proliferation,true,true,false
59,94,Proliferation,true,true,true
69,40,Proliferation,true,false,true
102,54,Proliferation,true,false,true
38,69,Proliferation,true,true,false
40,90,Growth_Arrest,false,true,false
88,71,Growth_Arrest,false,false,true
46,81,Growth_Arrest,false,true,false
60,101,Proliferation,true,false,true
94,55,Proliferation,true,true,false
78,82,Proliferation,true,true,true
44,71,Proliferation,true,true,false
55,98,Growth_Arrest,false,true,false
92,40,Growth_Arrest,false,true,false
84,80,Proliferation,true,false,false
89,73,Growth_Arrest,false,false,false
47,86,Proliferation,true,false,false
72,74,Growth_Arrest,false,true,false
39,73,Proliferation,true,true,true
92,64,Growth_Arrest,false,true,false
70,59,Proliferation,true,true,false
112,67,Growth_Arrest,false,true,false
77,62,Proliferation,true,false,false
44,93,Proliferation,true,true,false
62,54,Proliferation,true,false,false
69,89,Proliferation,true,false,true
48,52,Proliferation,true,true,false
94,53,Proliferation,true,false,true
78,112,Proliferation,true,false,true
40,78,Proliferation,true,false,false
53,66,Proliferation,true,false,false
77,56,Proliferation,true,false,false
58,107,Proliferation,true,false,false
97,106,Proliferation,true,false,false
53,106,Proliferation,true,false,false
70,45,Proliferation,true,false,true
88,55,Proliferation,true,true,false
45,54,Growth_Arrest,false,false,true
79,43,Growth_Arrest,false,false,false
70,54,Growth_Arrest,false,false,false
56,97,Proliferation,true,false,false
42,54,Proliferation,true,true,false
47,90,Proliferation,true,true,true
36,68,Proliferation,true,true,true
51,70,Proliferation,true,false,true
77,79,Proliferation,true,true,false
78,45,Proliferation,true,false,false
83,100,Proliferation,true,true,true
77,43,Proliferation,true,false,true
55,100,Growth_Arrest,false,true,true
52,54,Proliferation,true,true,true
103,78,Proliferation,true,true,true
109,74,Growth_Arrest,false,true,false
88,81,Proliferation,true,true,false
72,114,Proliferation,true,false,false
68,75,Proliferation,true,true,false
57,65,Growth_Arrest,false,true,true
61,48,Proliferation,true,false,true
82,47,Proliferation,true,true,true
110,81,Proliferation,true,true,true
86,67,Proliferation,true,false,false
41,56,Growth_Arrest,false,false,true
108,83,Proliferation,true,true,true
97,57,Proliferation,true,false,false
54,72,Proliferation,true,true,false
81,110,Growth_Arrest,false,false,false
48,65,Proliferation,true,false,true
62,37,Growth_Arrest,false,true,false
46,53,Proliferation,true,false,true
99,54,Growth_Arrest,false,true,true
107,73,Growth_Arrest,false,false,false
54,62,Proliferation,true,true,true
107,68,Proliferation,true,true,true
111,59,Proliferation,true,true,true
92,76,Proliferation,true,true,false
100,101,Proliferation,true,false,false
61,83,Growth_Arrest,false,true,false
113,79,Proliferation,true,false,false
95,84,Growth_Arrest,false,true,true
56,78,Proliferation,true,false,true
66,88,Growth_Arrest,false,false,false
80,63,Proliferation,true,true,true
97,76,Proliferation,true,false,true
65,41,Growth_Arrest,false,false,true
90,63,Growth_Arrest,false,true,false
109,79,Proliferation,true,false,false
54,73,Proliferation,true,true,true
84,73,Proliferation,true,false,true
73,48,Proliferation,true,false,true
71,64,Growth_Arrest,false,false,false
69,78,Proliferation,true,false,false
57,45,Growth_Arrest,false,true,true
71,50,Growth_Arrest,false,true,false
52,96,Proliferation,true,true,false
78,62,Proliferation,true,true,true
85,85,Proliferation,true,false,false
88,106,Growth_Arrest,false,false,true
109,89,Proliferation,true,true,false
91,100,Proliferation,true,false,true
75,112,Proliferation,true,true,true
112,62,Growth_Arrest,false,false,true
80,100,Proliferation,true,false,false
57,49,Proliferation,true,true,true
100,67,Proliferation,true,true,true
52,89,Proliferation,true,false,true
53,54,Proliferation,true,false,true
76,55,Proliferation,true,true,false
42,94,Proliferation,true,false,false
83,81,Growth_Arrest,false,true,false
88,57,Proliferation,true,true,false
94,74,Proliferation,true,true,true
70,36,Growth_Arrest,false,true,false
77,61,Growth_Arrest,false,false,true
64,77,Growth_Arrest,false,false,true
88,59,Proliferation,true,true,true
40,64,Proliferation,true,false,true
72,36,Proliferation,true,false,true
108,59,Proliferation,true,true,false
74,82,Proliferation,true,false,false
88,109,Growth_Arrest,false,true,true
80,86,Growth_Arrest,false,false,false
74,69,Proliferation,true,true,false
60,109,Growth_Arrest,false,false,false
75,36,Proliferation,true,false,true
94,99,Proliferation,true,true,false
108,63,Proliferation,true,true,false
111,84,Proliferation,true,false,false
70,63,Proliferation,true,true,false
69,98,Growth_Arrest,false,false,true
78,92,Proliferation,true,false,false
108,80,Proliferation,true,true,false
102,73,Proliferation,true,true,true
106,61,Growth_Arrest,false,false,true
62,75,Proliferation,true,false,true
66,49,Proliferation,true,false,false
52,77,Proliferation,true,true,true
82,40,Proliferation,true,false,true
110,80,Proliferation,true,true,false
54,65,Proliferation,true,false,true
64,61,Growth_Arrest,false,false,true
61,90,Proliferation,true,true,false
96,73,Proliferation,true,false,false
89,53,Proliferation,true,true,false
101,64,Growth_Arrest,false,false,false
94,80,Growth_Arrest,false,false,false
74,92,Growth_Arrest,false,false,true
95,79,Proliferation,true,true,true
52,88,Proliferation,true,true,true
111,74,Proliferation,true,false,false
95,94,Proliferation,true,true,false
79,51,Proliferation,true,false,true
82,111,Growth_Arrest,false,false,false
108,75,Proliferation,true,true,false
75,101,Growth_Arrest,false,false,false
78,84,Growth_Arrest,false,false,true
87,112,Proliferation,true,false,false
99,93,Proliferation,true,true,false
51,45,Proliferation,true,true,true
64,42,Proliferation,true,false,true
65,92,Proliferation,true,false,false
66,71,Proliferation,true,true,false
61,76,Proliferation,true,true,false
101,77,Growth_Arrest,false,false,true
58,78,Growth_Arrest,false,false,true
100,90,Proliferation,true,false,false
79,69,Proliferation,true,false,true
98,71,Proliferation,true,false,true
55,66,Proliferation,true,false,false
58,81,Proliferation,true,true,true
92,45,Growth_Arrest,false,true,true
86,69,Proliferation,true,false,true
55,90,Proliferation,true,false,false
71,111,Growth_Arrest,false,true,false
80,37,Proliferation,true,false,true
82,68,Growth_Arrest,false,false,false
81,51,Proliferation,true,false,false
63,78,Proliferation,true,true,true
59,91,Proliferation,true,true,true
96,51,Proliferation,true,true,false
50,46,Proliferation,true,false,true
79,83,Growth_Arrest,false,false,true
73,76,Growth_Arrest,false,false,true
39,60,Proliferation,true,false,true
62,105,Proliferation,true,false,false
81,59,Proliferation,true,true,false
67,48,Proliferation,true,false,false
52,59,Proliferation,true,false,true
89,105,Proliferation,true,true,true
77,104,Proliferation,true,false,true
54,79,Growth_Arrest,false,true,false
79,80,Proliferation,true,false,false
85,74,Growth_Arrest,false,false,false
92,50,Proliferation,true,false,false
79,49,Proliferation,true,true,true
50,90,Growth_Arrest,false,true,false
55,58,Growth_Arrest,false,true,false
86,102,Proliferation,true,true,true
82,104,Proliferation,true,true,false
81,36,Proliferation,true,false,false
97,80,Proliferation,true,false,true
93,67,Proliferation,true,false,false
94,109,Growth_Arrest,false,false,false
71,102,Growth_Arrest,false,false,false
86,97,Proliferation,true,true,false
75,75,Proliferation,true,true,true
44,86,Proliferation,true,false,true
66,74,Proliferation,true,true,true
36,66,Proliferation,true,true,false
111,82,Growth_Arrest,false,false,true
63,38,Proliferation,true,true,true
91,59,Proliferation,true,true,true
51,72,Proliferation,true,true,false
55,101,Proliferation,true,false,false
104,50,Growth_Arrest,false,false,true
69,83,Proliferation,true,true,true
39,65,Growth_Arrest,false,false,true
63,95,Proliferation,true,true,true
42,61,Proliferation,true,true,false
111,68,Growth_Arrest,false,false,true
58,65,Proliferation,true,false,false
106,51,Growth_Arrest,false,false,false
85,78,Proliferation,true,true,true
72,71,Proliferation,true,true,true
74,70,Proliferation,true,true,false
85,110,Growth_Arrest,false,false,false
67,50,Proliferation,true,false,true
78,70,Proliferation,true,false,true
67,36,Proliferation,true,true,false
74,43,Proliferation,true,false,true
81,43,Proliferation,true,false,false
61,97,Growth_Arrest,false,true,false
67,58,Proliferation,true,true,false
90,49,Growth_Arrest,false,false,true
87,68,Growth_Arrest,false,true,true
73,83,Proliferation,true,false,true
58,79,Growth_Arrest,false,false,false
79,57,Growth_Arrest,false,true,false
100,59,Proliferation,true,true,false
78,96,Proliferation,true,false,true
55,76,Growth_Arrest,false,true,true
61,73,Proliferation,true,false,false
36,82,Proliferation,true,true,true
79,106,Growth_Arrest,false,true,true
103,58,Proliferation,true,true,false
54,96,Proliferation,true,true,false
99,73,Proliferation,true,false,true
110,78,Proliferation,true,false,false
65,58,Proliferation,true,false,true
75,50,Proliferation,true,false,true
91,70,Proliferation,true,true,true
66,52,Growth_Arrest,false,true,false
56,63,Proliferation,true,true,false
105,95,Growth_Arrest,false,false,false
70,46,Proliferation,true,true,true
103,76,Growth_Arrest,false,true,false
45,80,Proliferation,true,false,true
89,48,Proliferation,true,false,true
105,64,Growth_Arrest,false,false,false
74,87,Proliferation,true,true,false
53,41,Growth_Arrest,false,true,true
102,56,Growth_Arrest,false,false,true
95,48,Growth_Arrest,false,false,true
96,87,Growth_Arrest,false,false,false
70,55,Proliferation,true,false,true
54,60,Proliferation,true,false,false
59,60,Growth_Arrest,false,false,false
65,102,Proliferation,true,true,true
104,73,Proliferation,true,false,false
110,69,Proliferation,true,true,true
111,62,Proliferation,true,false,true
36,76,Proliferation,true,true,false
107,56,Growth_Arrest,false,true,true
89,64,Proliferation,true,true,false
106,95,Growth_Arrest,false,false,true
112,81,Proliferation,true,true,false
41,81,Growth_Arrest,false,false,true
82,67,Proliferation,true,true,false
54,89,Proliferation,true,true,true
79,79,Proliferation,true,false,true
86,105,Proliferation,true,true,false
65,107,Proliferation,true,false,true
74,35,Growth_Arrest,false,false,false
70,75,Proliferation,true,true,true
49,90,Proliferation,true,false,false
89,47,Growth_Arrest,false,true,false
89,101,Proliferation,true,true,true
45,87,Proliferation,true,false,false
39,83,Proliferation,true,false,false
82,94,Proliferation,true,true,false
90,92,Proliferation,true,true,true
61,93,Proliferation,true,true,false
50,45,Proliferation,true,false,true
67,101,Proliferation,true,false,false
48,70,Proliferation,true,false,false
94,70,Growth_Arrest,false,true,false
98,44,Proliferation,true,true,false
71,62,Proliferation,true,true,false
92,110,Proliferation,true,true,true
65,70,Growth_Arrest,false,false,false
56,107,Proliferation,true,false,true
108,61,Proliferation,true,true,false
50,44,Proliferation,true,true,false
86,86,Growth_Arrest,false,true,false
73,94,Growth_Arrest,false,true,false
59,102,Growth_Arrest,false,false,true
82,58,Growth_Arrest,false,true,false
92,79,Growth_Arrest,false,false,true
41,91,Growth_Arrest,false,true,true
41,84,Growth_Arrest,false,false,true
54,97,Proliferation,true,true,true
98,62,Growth_Arrest,false,true,false
102,82,Proliferation,true,false,false
82,98,Proliferation,true,false,true
85,77,Proliferation,true,false,true
92,96,Proliferation,true,true,false
80,103,Proliferation,true,false,true
51,65,Proliferation,true,false,false
61,86,Growth_Arrest,false,false,true
103,91,Proliferation,true,true,false
46,79,Growth_Arrest,false,false,true
82,71,Growth_Arrest,false,false,false
105,93,Proliferation,true,false,false
73,89,Proliferation,true,false,false
67,73,Growth_Arrest,false,false,false
37,67,Proliferation,true,true,false
92,92,Proliferation,true,true,true
104,90,Proliferation,true,false,false
77,113,Proliferation,true,false,true
102,61,Proliferation,true,false,true
78,77,Proliferation,true,false,true
81,82,Proliferation,true,true,false
83,98,Proliferation,true,false,false
62,79,Proliferation,true,false,true
68,48,Proliferation,true,false,true
61,106,Proliferation,true,false,false
42,56,Proliferation,true,false,true
105,88,Growth_Arrest,false,true,false
87,41,Proliferation,true,false,true
97,50,Proliferation,true,true,false
88,103,Proliferation,true,true,true
64,69,Proliferation,true,true,true
77,60,Proliferation,true,false,false
53,45,Growth_Arrest,false,false,false
65,60,Growth_Arrest,false,false,false
43,64,Proliferation,true,true,false
40,93,Proliferation,true,false,false
90,98,Proliferation,true,true,false
104,95,Proliferation,true,true,false
110,88,Proliferation,true,false,true
105,52,Proliferation,true,false,false
102,103,Proliferation,true,false,false
72,87,Proliferation,true,false,true
84,111,Proliferation,true,true,true
111,80,Growth_Arrest,false,true,true
87,90,Proliferation,true,true,true
104,53,Growth_Arrest,false,false,false
109,57,Proliferation,true,false,false
94,43,Proliferation,true,false,false
76,103,Proliferation,true,true,false
75,35,Growth_Arrest,false,false,true
46,101,Proliferation,true,false,false
100,72,Proliferation,true,false,true
67,52,Growth_Arrest,false,true,false
42,59,Proliferation,true,false,false
52,56,Proliferation,true,true,false
68,100,Proliferation,true,true,false
92,88,Growth_Arrest,false,false,false
100,100,Proliferation,true,false,false
97,88,Proliferation,true,false,false
55,48,Proliferation,true,true,true
61,56,Growth_Arrest,false,true,false
82,103,Growth_Arrest,false,false,true
40,87,Proliferation,true,true,true
91,79,Growth_Arrest,false,false,false
81,65,Growth_Arrest,false,false,false
49,65,Growth_Arrest,false,true,true
58,88,Growth_Arrest,false,true,true
66,85,Proliferation,true,false,false
44,98,Proliferation,true,true,false
97,65,Proliferation,true,false,false
38,62,Proliferation,true,false,false
84,90,Proliferation,true,false,false
79,45,Growth_Arrest,false,true,true
53,88,Proliferation,true,true,false
69,58,Proliferation,true,true,true
73,72,Proliferation,true,false,false
62,60,Growth_Arrest,false,false,false
95,71,Proliferation,true,true,false
91,71,Proliferation,true,false,false
44,77,Growth_Arrest,false,false,true
41,70,Growth_Arrest,false,true,true
108,76,Proliferation,true,false,true
79,84,Proliferation,true,false,false
80,59,Proliferation,true,false,false
71,80,Growth_Arrest,false,false,false
64,72,Proliferation,true,false,false
57,107,Growth_Arrest,false,false,false
92,95,Growth_Arrest,false,true,true
103,95,Proliferation,true,false,false
79,64,Growth_Arrest,false,false,false
80,99,Growth_Arrest,false,false,true
73,61,Proliferation,true,false,true
96,59,Proliferation,true,true,true
101,73,Proliferation,true,true,true
50,53,Proliferation,true,true,true
39,69,Proliferation,true,false,true
90,91,Proliferation,true,true,false
100,56,Proliferation,true,false,true
44,88,Proliferation,true,false,false
97,51,Growth_Arrest,false,true,false
90,46,Proliferation,true,true,true
39,80,Proliferation,true,true,false
75,66,Proliferation,true,true,false
102,50,Proliferation,true,true,false
79,87,Proliferation,true,false,true
52,64,Proliferation,true,false,true
88,96,Growth_Arrest,false,true,false
71,114,Proliferation,true,true,false
68,46,Proliferation,true,true,true
102,63,Proliferation,true,true,true
83,106,Proliferation,true,true,true
80,76,Growth_Arrest,false,false,true
96,52,Growth_Arrest,false,true,false
75,61,Proliferation,true,true,true
46,70,Growth_Arrest,false,false,false
76,54,Proliferation,true,true,true
66,102,Proliferation,true,true,true
62,107,Proliferation,true,true,true
104,58,Proliferation,true,true,false
60,95,Proliferation,true,false,true
97,45,Growth_Arrest,false,true,true
103,71,Proliferation,true,false,false
56,93,Proliferation,true,true,false
76,65,Growth_Arrest,false,true,true
46,95,Growth_Arrest,false,true,false
62,93,Proliferation,true,true,false
74,71,Proliferation,true,false,false
92,42,Growth_Arrest,false,false,false
97,69,Proliferation,true,false,true
63,50,Growth_Arrest,false,false,false
82,85,Proliferation,true,true,false
82,95,Proliferation,true,false,false
108,57,Proliferation,true,true,false
79,42,Proliferation,true,false,false
65,49,Proliferation,true,true,false
104,71,Proliferation,true,true,false
102,97,Proliferation,true,false,true
68,77,Proliferation,true,true,true
45,71,Growth_Arrest,false,false,false
88,83,Proliferation,true,true,false
113,69,Proliferation,true,true,false
44,75,Proliferation,true,true,true
106,79,Proliferation,true,true,true
90,77,Proliferation,true,true,false
69,94,Growth_Arrest,false,true,true
58,42,Proliferation,true,true,false
79,114,Proliferation,true,false,false
87,109,Proliferation,true,false,false
88,40,Growth_Arrest,false,false,true
105,74,Proliferation,true,false,true
80,107,Growth_Arrest,false,true,false
82,53,Proliferation,true,false,false
40,82,Proliferation,true,true,false
94,95,Growth_Arrest,false,true,true
67,99,Growth_Arrest,false,true,false
84,56,Proliferation,true,false,false
67,57,Growth_Arrest,false,true,false
73,86,Proliferation,true,true,false
52,53,Proliferation,true,false,false
80,47,Growth_Arrest,false,false,false
49,53,Proliferation,true,false,false
56,100,Growth_Arrest,false,false,false
95,55,Proliferation,true,false,true
113,70,Proliferation,true,false,true
52,99,Growth_Arrest,false,false,true
44,91,Growth_Arrest,false,false,true
46,50,Growth_Arrest,false,true,true
43,94,Proliferation,true,true,false
86,41,Growth_Arrest,false,false,true
101,70,Growth_Arrest,false,false,true
108,74,Proliferation,true,true,true
60,40,Proliferation,true,true,true
67,88,Growth_Arrest,false,true,true
88,42,Growth_Arrest,false,true,false
89,82,Proliferation,true,false,true
75,96,Growth_Arrest,false,false,true
45,68,Proliferation,true,false,true
40,70,Proliferation,true,true,false
90,65,Proliferation,true,false,true
81,50,Proliferation,true,false,true
49,77,Growth_Arrest,false,false,true
50,94,Growth_Arrest,false,false,false
109,83,Growth_Arrest,false,false,true
97,47,Growth_Arrest,false,false,false
68,98,Proliferation,true,true,true
74,99,Growth_Arrest,false,true,true
42,92,Proliferation,true,true,true
79,48,Growth_Arrest,false,false,true
91,54,Growth_Arrest,false,false,false
101,83,Proliferation,true,false,true
76,85,Growth_Arrest,false,false,true
102,96,Growth_Arrest,false,false,true
92,108,Proliferation,true,true,false
86,57,Proliferation,true,true,false
78,99,Proliferation,true,false,true
94,44,Proliferation,true,false,true
83,93,Proliferation,true,false,true
77,99,Growth_Arrest,false,true,true
64,99,Proliferation,true,false,false
88,82,Growth_Arrest,false,true,false
74,97,Proliferation,true,false,true
53,73,Proliferation,true,false,false
61,84,Growth_Arrest,false,true,false
75,83,Proliferation,true,true,false
84,64,Growth_Arrest,false,false,true
105,69,Growth_Arrest,false,false,true
68,79,Proliferation,true,true,false
55,96,Proliferation,true,true,true
81,105,Growth_Arrest,false,false,false
44,87,Proliferation,true,true,true
92,80,Proliferation,true,false,true
69,86,Growth_Arrest,false,false,true
85,91,Proliferation,true,true,true
39,70,Growth_Arrest,false,true,false
46,86,Proliferation,true,true,false
43,96,Proliferation,true,true,false
74,93,Growth_Arrest,false,false,true
97,72,Proliferation,true,false,true
46,99,Growth_Arrest,false,false,true
60,99,Growth_Arrest,false,true,true
73,106,Growth_Arrest,false,false,false
59,95,Growth_Arrest,false,false,true
99,62,Proliferation,true,false,false
83,104,Proliferation,true,false,false
93,88,Proliferation,true,true,false
109,78,Proliferation,true,true,true
70,93,Growth_Arrest,false,true,false
101,82,Growth_Arrest,false,true,false
60,84,Proliferation,true,true,true
51,104,Proliferation,true,false,false
56,88,Proliferation,true,true,true
95,50,Growth_Arrest,false,false,false
73,67,Proliferation,true,false,true
56,43,Growth_Arrest,false,false,true
71,61,Growth_Arrest,false,true,false
107,52,Proliferation,true,false,false
55,52,Proliferation,true,true,true
101,79,Proliferation,true,true,false
75,107,Proliferation,true,true,false
64,37,Proliferation,true,true,false
62,83,Proliferation,true,false,true
68,91,Proliferation,true,false,true
59,92,Proliferation,true,false,false
80,83,Growth_Arrest,false,false,true
80,42,Growth_Arrest,false,true,false
88,70,Proliferation,true,true,true
100,53,Growth_Arrest,false,true,true
81,44,Proliferation,true,true,false
70,42,Growth_Arrest,false,false,false
61,59,Growth_Arrest,false,true,true
94,52,Growth_Arrest,false,true,true
36,65,Proliferation,true,true,false
86,48,Proliferation,true,false,true
52,101,Proliferation,true,true,true
104,59,Proliferation,true,false,true
38,67,Proliferation,true,true,true
75,70,Proliferation,true,false,true
69,52,Growth_Arrest,false,true,true
74,51,Growth_Arrest,false,true,false
86,108,Proliferation,true,true,true
45,57,Growth_Arrest,false,false,true
56,80,Proliferation,true,false,false
65,39,Proliferation,true,false,false
73,65,Growth_Arrest,false,false,false
83,65,Proliferation,true,true,true
56,94,Proliferation,true,false,false
110,87,Proliferation,true,false,true
64,79,Growth_Arrest,false,false,false
77,94,Growth_Arrest,false,true,false
58,69,Growth_Arrest,false,true,true
106,76,Growth_Arrest,false,false,false
88,93,Growth_Arrest,false,true,false
69,109,Growth_Arrest,false,true,false
53,92,Growth_Arrest,false,false,false
60,43,Proliferation,true,true,true
58,45,Proliferation,true,false,true
86,101,Proliferation,true,true,false
65,68,Growth_Arrest,false,false,false
71,66,Proliferation,true,false,true
96,84,Growth_Arrest,false,false,false
113,71,Proliferation,true,false,true
95,54,Growth_Arrest,false,false,true
101,68,Growth_Arrest,false,false,true
62,96,Growth_Arrest,false,false,false
57,103,Proliferation,true,true,false
89,84,Proliferation,true,false,true
64,59,Growth_Arrest,false,false,false
44,74,Proliferation,true,false,true
60,74,Proliferation,true,true,false
71,82,Proliferation,true,false,true
83,48,Growth_Arrest,false,true,false
80,111,Growth_Arrest,false,false,true
87,45,Proliferation,true,true,false
88,62,Growth_Arrest,false,true,true
49,49,Proliferation,true,false,false
96,75,Growth_Arrest,false,false,true
51,94,Proliferation,true,false,false
81,102,Growth_Arrest,false,true,false
68,83,Proliferation,true,true,false
72,73,Growth_Arrest,false,true,true
100,84,Proliferation,true,true,true
72,44,Proliferation,true,true,true
78,69,Proliferation,true,true,true
106,73,Proliferation,true,false,true
43,77,Growth_Arrest,false,false,true
55,56,Proliferation,true,false,false
109,72,Proliferation,true,false,true
67,41,Proliferation,true,false,false
102,74,Proliferation,true,false,false
100,51,Proliferation,true,false,true
69,59,Proliferation,true,false,false
74,94,Proliferation,true,true,true
60,104,Growth_Arrest,false,true,false
62,99,Proliferation,true,true,true
60,79,Proliferation,true,true,true
39,62,Proliferation,true,false,true
56,56,Proliferation,true,true,true
54,61,Proliferation,true,true,true
105,72,Proliferation,true,true,true
51,47,Proliferation,true,false,false
40,75,Growth_Arrest,false,true,true
73,47,Proliferation,true,false,true
50,102,Proliferation,true,false,true
100,75,Proliferation,true,false,true
40,61,Proliferation,true,false,true
61,66,Proliferation,true,false,true
58,103,Growth_Arrest,false,false,false
95,88,Growth_Arrest,false,false,false
87,40,Growth_Arrest,false,true,true
61,60,Proliferation,true,true,false
84,105,Proliferation,true,false,true
57,90,Growth_Arrest,false,false,false
94,57,Proliferation,true,true,false
67,62,Growth_Arrest,false,true,false
92,72,Growth_Arrest,false,true,false
52,85,Proliferation,true,false,true
97,97,Proliferation,true,true,true
61,110,Proliferation,true,true,false
56,98,Proliferation,true,true,true
91,80,Growth_Arrest,false,false,true
56,101,Growth_Arrest,false,false,false
99,92,Growth_Arrest,false,true,false
101,90,Proliferation,true,false,true
73,114,Proliferation,true,false,true
76,87,Proliferation,true,false,false
48,104,Growth_Arrest,false,true,false
84,55,Proliferation,true,false,true
101,94,Growth_Arrest,false,false,true
99,57,Proliferation,true,true,true
40,67,Proliferation,true,true,false
108,71,Proliferation,true,false,false
106,63,Growth_Arrest,false,false,false
52,49,Proliferation,true,false,false
51,100,Proliferation,true,true,false
73,93,Proliferation,true,false,false
89,81,Proliferation,true,true,false
82,45,Proliferation,true,false,false
81,45,Proliferation,true,false,true
88,69,Proliferation,true,true,true
91,77,Proliferation,true,false,true
77,71,Proliferation,true,true,true
66,91,Growth_Arrest,false,false,true
94,64,Growth_Arrest,false,false,false
90,41,Proliferation,true,false,true
61,69,Growth_Arrest,false,true,true
78,65,Proliferation,true,false,false
79,61,Proliferation,true,false,false
68,36,Proliferation,true,false,false
83,56,Proliferation,true,true,true
51,63,Growth_Arrest,false,false,false
106,81,Proliferation,true,false,false
85,41,Proliferation,true,false,false
103,81,Proliferation,true,true,false
78,57,Proliferation,true,false,true
69,57,Growth_Arrest,false,true,false
69,54,Growth_Arrest,false,false,true
84,47,Proliferation,true,false,false
95,56,Proliferation,true,false,true
103,99,Proliferation,true,true,false
97,63,Proliferation,true,true,true
100,65,Growth_Arrest,false,true,true
93,64,Proliferation,true,false,true
95,70,Growth_Arrest,false,true,false
60,111,Proliferation,true,false,true
70,58,Growth_Arrest,false,true,true
102,62,Proliferation,true,true,false
65,48,Proliferation,true,true,false
48,49,Proliferation,true,false,true
69,92,Proliferation,true,true,false
82,37,Growth_Arrest,false,true,true
65,56,Proliferation,true,false,false
62,50,Proliferation,true,true,false
51,103,Growth_Arrest,false,false,false
45,97,Proliferation,true,true,false
87,87,Proliferation,true,true,false
80,105,Proliferation,true,true,false
57,84,Proliferation,true,true,false
98,55,Proliferation,true,true,false
55,64,Proliferation,true,false,false
82,48,Proliferation,true,false,false
59,47,Growth_Arrest,false,false,true
69,76,Proliferation,true,true,true
77,100,Proliferation,true,false,false
46,80,Proliferation,true,true,false
84,40,Growth_Arrest,false,true,false
40,57,Growth_Arrest,false,true,false
95,47,Proliferation,true,false,true
72,41,Growth_Arrest,false,false,true
60,92,Proliferation,true,true,true
54,107,Proliferation,true,true,false
88,44,Growth_Arrest,false,true,false
93,100,Growth_Arrest,false,false,true
98,61,Growth_Arrest,false,true,false
62,40,Proliferation,true,true,false
95,43,Proliferation,true,true,true
69,49,Proliferation,true,false,false
46,58,Proliferation,true,true,true
60,83,Growth_Arrest,false,true,false
95,81,Proliferation,true,false,false
87,110,Proliferation,true,false,false
104,78,Growth_Arrest,false,false,true
104,86,Growth_Arrest,false,false,false
58,90,Growth_Arrest,false,false,true
47,75,Growth_Arrest,false,true,false
112,75,Proliferation,true,false,false
86,107,Proliferation,true,false,true
49,96,Growth_Arrest,false,false,false
67,108,Proliferation,true,true,false
105,89,Proliferation,true,false,true
86,87,Proliferation,true,false,false
109,76,Growth_Arrest,false,false,false
101,52,Proliferation,true,true,true
67,51,Proliferation,true,false,false
99,89,Proliferation,true,true,true
63,56,Growth_Arrest,false,true,true
65,37,Proliferation,true,false,false
38,81,Proliferation,true,false,false
86,37,Proliferation,true,true,false
88,68,Proliferation,true,false,false
63,52,Proliferation,true,false,false
97,44,Proliferation,true,false,false
68,49,Proliferation,true,false,true
113,68,Proliferation,true,false,false
112,80,Proliferation,true,true,true
60,110,Proliferation,true,false,true
85,61,Proliferation,true,true,false
98,106,Proliferation,true,false,true
50,67,Proliferation,true,true,true
70,66,Proliferation,true,false,false
50,103,Proliferation,true,false,true
75,63,Proliferation,true,true,true
82,76,Proliferation,true,false,true
105,78,Proliferation,true,true,true
47,74,Proliferation,true,false,false
81,58,Growth_Arrest,false,true,true
70,70,Proliferation,true,true,true
64,105,Proliferation,true,false,true
86,54,Proliferation,true,false,true
105,80,Proliferation,true,false,true
83,45,Proliferation,true,true,false
98,76,Growth_Arrest,false,true,true
74,106,Growth_Arrest,false,true,false
61,46,Proliferation,true,false,true
59,93,Growth_Arrest,false,true,true
51,43,Proliferation,true,true,true
68,95,Proliferation,true,false,false
69,53,Proliferation,true,false,false
60,94,Proliferation,true,true,false
81,66,Proliferation,true,true,true
78,86,Proliferation,true,true,false
49,86,Proliferation,true,true,false
99,53,Proliferation,true,true,true
76,63,Proliferation,true,true,true
41,90,Growth_Arrest,false,true,false
67,75,Proliferation,true,false,true
113,78,Proliferation,true,false,true
103,84,Proliferation,true,false,true
78,74,Growth_Arrest,false,true,false
108,90,Proliferation,true,false,false
98,57,Proliferation,true,false,false
67,104,Growth_Arrest,false,false,false
88,107,Proliferation,true,true,true
96,42,Proliferation,true,false,true
83,80,Proliferation,true,false,false
84,77,Proliferation,true,true,false
72,104,Proliferation,true,false,false
88,78,Growth_Arrest,false,true,true
71,89,Growth_Arrest,false,false,false
75,90,Proliferation,true,true,true
41,66,Proliferation,true,false,true
90,74,Proliferation,true,false,false
72,50,Proliferation,true,false,true
97,46,Proliferation,true,false,false
96,76,Growth_Arrest,false,false,true
55,81,Proliferation,true,true,false
62,87,Proliferation,true,false,true
68,55,Growth_Arrest,false,false,false
81,93,Proliferation,true,false,true
58,100,Growth_Arrest,false,true,true
41,71,Proliferation,true,false,true
65,77,Proliferation,true,false,true
83,99,Proliferation,true,true,false
88,85,Growth_Arrest,false,false,true
91,50,Proliferation,true,true,false
63,66,Proliferation,true,false,true
84,36,Proliferation,true,true,false
53,71,Proliferation,true,false,true
109,56,Growth_Arrest,false,true,false
74,89,Proliferation,true,false,true
92,93,Growth_Arrest,false,true,false
45,72,Proliferation,true,true,true
83,94,Proliferation,true,false,true
49,105,Proliferation,true,true,true
77,80,Proliferation,true,true,true
50,50,Proliferation,true,true,false
81,79,Growth_Arrest,false,true,false
83,95,Proliferation,true,false,true
91,81,Proliferation,true,false,true
96,60,Proliferation,true,true,true
73,52,Proliferation,true,false,true
99,96,Proliferation,true,false,true
98,86,Proliferation,true,true,false
76,77,Proliferation,true,true,false
38,63,Growth_Arrest,false,true,false
45,48,Growth_Arrest,false,false,false
91,103,Proliferation,true,true,true
82,113,Growth_Arrest,false,false,true
45,86,Proliferation,true,true,false
39,64,Growth_Arrest,false,false,false
94,42,Proliferation,true,true,true
94,82,Proliferation,true,true,true
108,67,Proliferation,true,false,true
89,87,Proliferation,true,false,true
68,47,Proliferation,true,true,true
41,94,Growth_Arrest,false,true,true
62,76,Proliferation,true,false,false
63,40,Growth_Arrest,false,false,false
39,87,Proliferation,true,false,false
78,35,Proliferation,true,false,false
59,104,Growth_Arrest,false,true,false
103,66,Proliferation,true,false,false
82,107,Proliferation,true,true,true
112,70,Proliferation,true,true,false
67,69,Proliferation,true,false,false
86,95,Proliferation,true,true,false
50,100,Growth_Arrest,false,true,true
65,46,Proliferation,true,true,false
73,105,Proliferation,true,true,true
71,49,Proliferation,true,true,true
97,91,Proliferation,true,false,true
96,97,Growth_Arrest,false,true,true
105,49,Growth_Arrest,false,false,false
60,97,Proliferation,true,false,true
63,65,Proliferation,true,false,false
93,79,Proliferation,true,false,false
58,58,Proliferation,true,true,false
65,47,Proliferation,true,false,true
89,45,Growth_Arrest,false,true,true
42,53,Proliferation,true,true,true
61,100,Proliferation,true,false,false
74,54,Growth_Arrest,false,false,true
64,89,Proliferation,true,false,false
71,35,Growth_Arrest,false,true,false
108,65,Proliferation,true,true,false
65,40,Proliferation,true,false,false
46,69,Proliferation,true,false,false
54,57,Proliferation,true,true,true
94,48,Growth_Arrest,false,false,true
77,41,Proliferation,true,false,false
62,78,Growth_Arrest,false,true,false
86,85,Proliferation,true,false,false
75,102,Proliferation,true,false,false
100,89,Growth_Arrest,false,true,true
64,62,Proliferation,true,false,false
77,105,Growth_Arrest,false,true,true
69,64,Proliferation,true,true,false
55,59,Growth_Arrest,false,false,true
92,71,Proliferation,true,false,false
49,82,Proliferation,true,false,false
47,49,Proliferation,true,true,false
71,85,Proliferation,true,true,false
107,82,Proliferation,true,true,false
62,77,Proliferation,true,false,false
41,88,Proliferation,true,false,true
82,55,Proliferation,true,true,true
108,69,Proliferation,true,false,true
71,55,Proliferation,true,true,true
96,45,Proliferation,true,false,false
49,51,Growth_Arrest,false,false,true
98,102,Proliferation,true,false,true
39,76,Proliferation,true,true,false
42,64,Proliferation,true,false,false
51,97,Proliferation,true,false,false
44,73,Proliferation,true,false,true
104,79,Proliferation,true,false,true
82,87,Proliferation,true,false,true
81,42,Proliferation,true,false,false
65,84,Proliferation,true,true,false
47,93,Proliferation,true,false,true
65,99,Proliferation,true,true,true
65,101,Growth_Arrest,false,false,false
97,55,Proliferation,true,true,false
78,97,Proliferation,true,true,true
79,54,Proliferation,true,true,false
71,67,Growth_Arrest,false,false,false
82,50,Proliferation,true,true,true
100,77,Growth_Arrest,false,false,false
70,71,Growth_Arrest,false,false,true
91,91,Growth_Arrest,false,false,true
59,38,Proliferation,true,false,false
68,60,Proliferation,true,true,false
74,109,Proliferation,true,false,true
106,87,Proliferation,true,true,false
75,79,Proliferation,true,false,true
87,76,Growth_Arrest,false,true,true
82,78,Proliferation,true,false,false
68,72,Proliferation,true,true,false
67,71,Proliferation,true,true,false
53,69,Proliferation,true,true,false
90,54,Proliferation,true,false,true
75,37,Growth_Arrest,false,true,true
81,81,Proliferation,true,true,true
62,90,Growth_Arrest,false,false,true
55,83,Growth_Arrest,false,true,false
48,86,Proliferation,true,false,true
69,95,Proliferation,true,true,false
104,70,Growth_Arrest,false,true,true
96,46,Growth_Arrest,false,false,true
90,87,Proliferation,true,false,true
74,42,Growth_Arrest,false,true,false
61,44,Growth_Arrest,false,false,true
68,73,Proliferation,true,true,true
40,59,Proliferation,true,true,false
92,51,Growth_Arrest,false,false,true
105,84,Proliferation,true,true,true
44,60,Proliferation,true,true,false
51,46,Proliferation,true,true,false
77,103,Growth_Arrest,false,false,true
90,42,Proliferation,true,true,false
92,106,Proliferation,true,false,true
63,68,Growth_Arrest,false,false,true
87,100,Proliferation,true,true,false
40,76,Growth_Arrest,false,false,true
72,97,Growth_Arrest,false,false,true
100,46,Proliferation,true,true,false
99,100,Growth_Arrest,false,false,true
88,80,Proliferation,true,true,true
72,38,Growth_Arrest,false,true,true
101,103,Proliferation,true,false,true
61,38,Proliferation,true,true,true
85,62,Proliferation,true,false,true
75,111,Growth_Arrest,false,true,true
46,57,Growth_Arrest,false,false,false
71,48,Growth_Arrest,false,false,true
109,65,Proliferation,true,false,false
109,59,Growth_Arrest,false,true,true
103,74,Growth_Arrest,false,false,false
64,83,Proliferation,true,true,false
47,102,Proliferation,true,true,false
79,82,Growth_Arrest,false,true,true
73,64,Growth_Arrest,false,true,false
47,53,Growth_Arrest,false,true,true
95,58,Proliferation,true,true,false
44,58,Growth_Arrest,false,true,false
73,104,Proliferation,true,false,false
105,83,Proliferation,true,true,true
63,102,Proliferation,true,true,false
98,90,Proliferation,true,false,true
87,77,Proliferation,true,true,false
41,80,Proliferation,true,false,false
64,82,Growth_Arrest,false,true,false
53,46,Growth_Arrest,false,false,true
87,42,Proliferation,true,false,false
98,54,Growth_Arrest,false,false,false
87,54,Growth_Arrest,false,true,true
63,48,Proliferation,true,false,true
62,89,Growth_Arrest,false,true,false
42,86,Growth_Arrest,false,false,false
38,61,Proliferation,true,false,true
50,62,Proliferation,true,false,true
98,93,Growth_Arrest,false,true,false
38,83,Proliferation,true,false,true
65,94,Growth_Arrest,false,true,true
43,95,Proliferation,true,true,true
61,111,Proliferation,true,true,false
65,53,Proliferation,true,true,true
89,68,Proliferation,true,false,false
112,73,Proliferation,true,false,false
112,79,Growth_Arrest,false,false,true
45,99,Proliferation,true,false,false
66,37,Growth_Arrest,false,true,false
84,86,Growth_Arrest,false,false,true
72,39,Proliferation,true,false,false
80,101,Proliferation,true,true,true
91,46,Proliferation,true,false,false
54,68,Proliferation,true,true,false
76,36,Proliferation,true,true,false
87,101,Growth_Arrest,false,true,false
77,84,Proliferation,true,false,true
96,105,Proliferation,true,true,false
76,62,Proliferation,true,false,false
84,72,Proliferation,true,true,false
72,113,Proliferation,true,true,true
54,69,Proliferation,true,true,true
74,46,Proliferation,true,false,true
72,45,Proliferation,true,true,false
94,77,Proliferation,true,true,false
94,78,Proliferation,true,false,false
103,98,Proliferation,true,false,false
84,92,Growth_Arrest,false,true,true
47,69,Proliferation,true,true,true
102,57,Proliferation,true,true,true
63,112,Proliferation,true,true,false
65,65,Proliferation,true,false,true
106,59,Proliferation,true,false,false
106,98,Growth_Arrest,false,true,false
48,92,Proliferation,true,true,true
98,88,Proliferation,true,false,false
43,72,Growth_Arrest,false,true,false
84,57,Growth_Arrest,false,true,false
89,52,Proliferation,true,false,true
63,83,Proliferation,true,true,true
44,85,Proliferation,true,true,false
66,60,Proliferation,true,true,false
57,99,Proliferation,true,false,true
59,107,Proliferation,true,false,false
74,39,Growth_Arrest,false,true,false
57,64,Growth_Arrest,false,true,false
97,89,Proliferation,true,true,true
84,100,Proliferation,true,true,false
80,38,Proliferation,true,false,true
94,81,Proliferation,true,false,false
41,68,Proliferation,true,false,true
51,55,Growth_Arrest,false,true,true
85,65,Proliferation,true,true,true
100,103,Proliferation,true,false,false
65,89,Growth_Arrest,false,true,true
93,41,Proliferation,true,true,false
70,106,Proliferation,true,false,true
87,96,Growth_Arrest,false,false,true
102,83,Proliferation,true,true,false
42,75,Proliferation,true,true,true
72,89,Growth_Arrest,false,false,false
48,82,Growth_Arrest,false,false,false
58,105,Proliferation,true,false,true
74,59,Proliferation,true,false,false
53,104,Growth_Arrest,false,false,true
75,44,Proliferation,true,false,true
88,84,Proliferation,true,false,true
62,48,Growth_Arrest,false,true,true
61,37,Proliferation,true,false,true
43,91,Proliferation,true,false,true
56,79,Growth_Arrest,false,false,true
47,84,Growth_Arrest,false,false,true
93,80,Proliferation,true,false,false
83,58,Proliferation,true,false,false
87,97,Proliferation,true,true,false
72,96,Growth_Arrest,false,false,true
50,58,Proliferation,true,true,true
70,53,Growth_Arrest,false,false,true
68,96,Proliferation,true,false,true
86,43,Growth_Arrest,false,false,true
45,77,Proliferation,true,false,true
103,52,Proliferation,true,true,false
94,61,Proliferation,true,false,false
90,94,Proliferation,true,true,true
96,79,Growth_Arrest,false,true,false
57,89,Growth_Arrest,false,false,true
91,68,Proliferation,true,false,true
90,55,Growth_Arrest,false,true,true
96,107,Proliferation,true,false,true
46,74,Growth_Arrest,false,false,false
83,62,Growth_Arrest,false,true,true
79,52,Proliferation,true,false,true
71,90,Proliferation,true,true,true
72,53,Growth_Arrest,false,true,false
71,112,Growth_Arrest,false,false,true
86,103,Proliferation,true,true,true
81,54,Proliferation,true,true,true
85,66,Proliferation,true,true,false
61,45,Proliferation,true,true,false
88,64,Growth_Arrest,false,false,false
64,64,Proliferation,true,false,false
107,97,Proliferation,true,true,true
61,72,Proliferation,true,true,true
57,80,Proliferation,true,true,false
57,94,Proliferation,true,true,true
71,107,Proliferation,true,false,true
98,52,Growth_Arrest,false,false,true
50,98,Proliferation,true,true,true
103,69,Proliferation,true,false,false
89,95,Proliferation,true,false,false
108,66,Proliferation,true,true,true
58,56,Proliferation,true,true,false
80,54,Proliferation,true,true,false
95,97,Proliferation,true,false,true
42,91,Proliferation,true,true,false
89,97,Growth_Arrest,false,true,false
105,59,Proliferation,true,false,true
90,67,Proliferation,true,false,false
52,81,Proliferation,true,false,false
70,102,Proliferation,true,true,false
47,100,Proliferation,true,false,false
38,89,Proliferation,true,true,true
57,66,Proliferation,true,true,false
63,90,Growth_Arrest,false,true,true
103,87,Growth_Arrest,false,true,true
58,106,Proliferation,true,true,false
89,103,Proliferation,true,true,true
102,66,Growth_Arrest,false,true,true
96,49,Proliferation,true,false,false
54,52,Growth_Arrest,false,true,false
92,58,Growth_Arrest,false,true,false
74,114,Growth_Arrest,false,false,false
59,59,Proliferation,true,true,true
68,97,Proliferation,true,true,false
56,48,Proliferation,true,false,true
71,87,Proliferation,true,false,false
81,86,Proliferation,true,true,true
47,62,Proliferation,true,true,true
53,90,Proliferation,true,true,true
50,70,Growth_Arrest,false,false,false
77,54,Proliferation,true,false,true
113,82,Proliferation,true,true,true
48,48,Proliferation,true,true,true
111,61,Growth_Arrest,false,false,false
77,66,Growth_Arrest,false,false,false
81,69,Proliferation,true,true,false
58,95,Proliferation,true,true,true
68,57,Proliferation,true,false,false
87,43,Proliferation,true,false,true
55,85,Proliferation,true,true,false
92,66,Proliferation,true,false,false
92,99,Proliferation,true,false,false
60,65,Growth_Arrest,false,false,false
84,101,Growth_Arrest,false,true,false
108,60,Proliferation,true,true,true
52,76,Proliferation,true,true,false
98,75,Growth_Arrest,false,true,true
59,52,Proliferation,true,false,false
106,97,Proliferation,true,true,false
64,67,Proliferation,true,false,false
46,78,Proliferation,true,true,true
70,95,Proliferation,true,false,false
95,93,Proliferation,true,true,false
98,73,Proliferation,true,true,true
72,105,Proliferation,true,false,true
51,73,Proliferation,true,true,true
73,111,Proliferation,true,false,true
83,63,Proliferation,true,true,false
97,101,Growth_Arrest,false,false,false
49,98,Proliferation,true,false,true
53,96,Proliferation,true,false,true
66,96,Growth_Arrest,false,false,false
105,71,Proliferation,true,false,false
75,74,Proliferation,true,true,false
76,70,Proliferation,true,false,true
106,90,Proliferation,true,true,false
59,101,Proliferation,true,false,true
94,49,Proliferation,true,false,true
73,110,Proliferation,true,true,false
70,39,Growth_Arrest,false,true,false
60,82,Proliferation,true,true,true
75,105,Proliferation,true,false,false
49,68,Proliferation,true,false,false
81,61,Proliferation,true,true,true
102,86,Growth_Arrest,false,false,true
41,64,Proliferation,true,false,true
81,64,Proliferation,true,false,true
88,76,Proliferation,true,true,false
97,70,Proliferation,true,true,true
93,77,Proliferation,true,true,false
56,92,Proliferation,true,true,true
64,55,Proliferation,true,true,false
107,57,Proliferation,true,false,false
75,73,Growth_Arrest,false,true,true
89,41,Proliferation,true,true,false
37,63,Growth_Arrest,false,true,false
91,101,Proliferation,true,false,true
98,98,Growth_Arrest,false,false,false
96,44,Growth_Arrest,false,false,true
109,68,Growth_Arrest,false,false,false
61,95,Growth_Arrest,false,false,true
35,70,Proliferation,true,true,true
99,97,Growth_Arrest,false,false,false
110,59,Growth_Arrest,false,true,false
73,56,Proliferation,true,false,false
81,103,Proliferation,true,true,true
93,104,Proliferation,true,false,true
80,36,Proliferation,true,false,false
71,47,Growth_Arrest,false,true,true
100,86,Proliferation,true,false,true
45,85,Proliferation,true,false,true
61,78,Growth_Arrest,false,false,false
69,90,Growth_Arrest,false,true,true
75,68,Proliferation,true,true,false
74,98,Growth_Arrest,false,true,false
78,114,Proliferation,true,false,false
91,41,Proliferation,true,true,true
78,87,Growth_Arrest,false,false,false
80,41,Proliferation,true,true,true
108,79,Proliferation,true,false,true
111,87,Growth_Arrest,false,true,false
94,89,Growth_Arrest,false,false,false
57,110,Growth_Arrest,false,true,false
63,109,Growth_Arrest,false,true,false
43,61,Growth_Arrest,false,false,true
84,71,Proliferation,true,false,true
53,58,Proliferation,true,false,true
48,99,Proliferation,true,true,false
47,46,Growth_Arrest,false,false,false
79,40,Proliferation,true,true,false
72,83,Proliferation,true,false,true
66,80,Proliferation,true,false,true
89,99,Proliferation,true,true,false
93,108,Proliferation,true,false,false
64,78,Growth_Arrest,false,true,true
100,95,Growth_Arrest,false,false,false
112,64,Proliferation,true,false,false
99,71,Proliferation,true,false,false
46,77,Proliferation,true,true,false
69,80,Growth_Arrest,false,true,true
70,87,Proliferation,true,true,true
93,75,Proliferation,true,true,true
42,80,Growth_Arrest,false,true,false
80,48,Growth_Arrest,false,true,true
47,80,Proliferation,true,false,true
77,97,Proliferation,true,false,true
93,69,Growth_Arrest,false,false,true
63,99,Growth_Arrest,false,false,false
53,52,Proliferation,true,false,true
91,110,Growth_Arrest,false,false,false
83,53,Proliferation,true,true,true
71,101,Growth_Arrest,false,false,false
106,88,Growth_Arrest,false,true,false
64,110,Proliferation,true,false,false
53,107,Growth_Arrest,false,true,false
89,39,Proliferation,true,true,false
84,46,Growth_Arrest,false,true,true
49,50,Growth_Arrest,false,false,false
49,89,Proliferation,true,true,false
78,110,Proliferation,true,false,false
102,81,Growth_Arrest,false,false,true
44,99,Proliferation,true,false,false
56,47,Proliferation,true,false,true
78,107,Growth_Arrest,false,false,false
84,110,Proliferation,true,false,false
77,77,Proliferation,true,true,false
63,82,Growth_Arrest,false,false,true
83,43,Proliferation,true,false,false
55,42,Growth_Arrest,false,true,true
51,51,Proliferation,true,true,true
57,85,Proliferation,true,true,true
80,113,Growth_Arrest,false,true,true
60,58,Proliferation,true,false,true
106,69,Growth_Arrest,false,true,true
61,62,Growth_Arrest,false,false,false
41,75,Proliferation,true,true,false
86,100,Proliferation,true,false,false
41,86,Proliferation,true,true,false
79,75,Proliferation,true,false,true
54,105,Growth_Arrest,false,false,true
60,59,Proliferation,true,false,false
80,50,Proliferation,true,true,true
79,70,Proliferation,true,true,false
48,74,Growth_Arrest,false,false,false
79,102,Growth_Arrest,false,true,false
83,39,Proliferation,true,false,false
59,89,Proliferation,true,false,true
37,70,Growth_Arrest,false,true,true
47,87,Proliferation,true,false,true
95,53,Proliferation,true,false,true
37,88,Proliferation,true,true,true
107,87,Growth_Arrest,false,true,true
79,46,Growth_Arrest,false,false,false
41,65,Proliferation,true,true,true
78,88,Growth_Arrest,false,true,false
44,84,Proliferation,true,false,true
68,90,Proliferation,true,true,false
39,74,Proliferation,true,true,false
108,68,Growth_Arrest,false,true,false
82,46,Growth_Arrest,false,false,false
85,87,Proliferation,true,false,false
68,68,Proliferation,true,true,true
95,105,Proliferation,true,false,true
39,84,Proliferation,true,true,true
82,92,Proliferation,true,false,false
44,52,Proliferation,true,false,false
67,109,Growth_Arrest,false,false,true
98,63,Proliferation,true,true,true
59,67,Proliferation,true,false,true
72,60,Growth_Arrest,false,false,false
74,104,Proliferation,true,false,true
78,72,Proliferation,true,true,false
89,80,Growth_Arrest,false,false,false
98,47,Proliferation,true,false,false
71,91,Proliferation,true,true,true
84,88,Proliferation,true,false,false
77,55,Proliferation,true,false,true
50,49,Proliferation,true,true,true
48,103,Proliferation,true,true,true
104,74,Proliferation,true,false,false
114,72,Proliferation,true,false,true
60,64,Growth_Arrest,false,true,false
83,36,Proliferation,true,false,true
62,58,Proliferation,true,false,false
79,77,Growth_Arrest,false,true,false
48,66,Proliferation,true,true,false
110,61,Growth_Arrest,false,true,false
106,58,Growth_Arrest,false,false,true
91,62,Proliferation,true,false,false
81,47,Proliferation,true,true,false
91,90,Growth_Arrest,false,false,true
88,77,Proliferation,true,false,false
55,73,Proliferation,true,false,false
67,49,Growth_Arrest,false,false,true
54,48,Proliferation,true,true,true
36,74,Proliferation,true,true,false
105,77,Growth_Arrest,false,true,true
106,68,Growth_Arrest,false,true,false
70,51,Proliferation,true,true,false
74,78,Growth_Arrest,false,false,false
73,108,Growth_Arrest,false,false,false
107,54,Proliferation,true,false,false
104,81,Growth_Arrest,false,false,false
78,36,Proliferation,true,false,true
67,46,Proliferation,true,false,false
105,53,Proliferation,true,true,false
66,108,Growth_Arrest,false,false,true
84,78,Proliferation,true,true,false
58,59,Proliferation,true,false,false
65,82,Growth_Arrest,false,false,true
42,67,Growth_Arrest,false,false,true
81,112,Proliferation,true,true,false
77,40,Proliferation,true,true,false
105,85,Growth_Arrest,false,false,false
54,108,Proliferation,true,true,true
83,44,Growth_Arrest,false,true,true
54,90,Growth_Arrest,false,true,false
63,71,Growth_Arrest,false,true,false
50,65,Growth_Arrest,false,false,true
56,65,Proliferation,true,true,false
84,65,Proliferation,true,false,true
105,67,Growth_Arrest,false,true,false
106,55,Proliferation,true,false,false
59,45,Proliferation,true,true,true
79,39,Growth_Arrest,false,true,true
45,49,Proliferation,true,true,true
67,87,Growth_Arrest,false,false,true
71,53,Proliferation,true,false,false
108,70,Proliferation,true,true,true
68,43,Growth_Arrest,false,false,true
109,58,Growth_Arrest,false,true,true
79,50,Proliferation,true,false,false
59,50,Growth_Arrest,false,false,false
38,79,Proliferation,true,true,false
47,55,Proliferation,true,false,false
79,100,Growth_Arrest,false,false,false
93,49,Proliferation,true,false,false
51,96,Proliferation,true,false,true
84,48,Growth_Arrest,false,false,true
38,80,Proliferation,true,true,false
109,64,Growth_Arrest,false,false,true
53,91,Growth_Arrest,false,true,true
107,90,Proliferation,true,false,false
104,61,Proliferation,true,true,false
66,79,Growth_Arrest,false,true,true
84,58,Proliferation,true,false,false
84,87,Growth_Arrest,false,false,true
45,90,Proliferation,true,false,false
80,91,Proliferation,true,false,true
111,83,Proliferation,true,false,true
43,73,Growth_Arrest,false,false,false
82,88,Proliferation,true,true,true
52,105,Growth_Arrest,false,true,false
109,91,Proliferation,true,false,false
78,109,Proliferation,true,false,true
60,107,Proliferation,true,false,false
42,73,Proliferation,true,true,false
70,68,Proliferation,true,true,true
83,37,Proliferation,true,true,false
77,49,Proliferation,true,true,false
40,63,Proliferation,true,false,false
61,81,Proliferation,true,false,true
77,42,Proliferation,true,true,true
83,70,Proliferation,true,false,true
47,88,Proliferation,true,false,true
62,110,Proliferation,true,false,true
73,82,Growth_Arrest,false,true,true
49,99,Proliferation,true,false,false
102,64,Proliferation,true,true,true
98,46,Proliferation,true,false,false
50,69,Proliferation,true,true,false
37,78,Proliferation,true,true,true
48,78,Growth_Arrest,false,false,true
54,99,Growth_Arrest,false,true,false
80,71,Growth_Arrest,false,true,true
65,80,Proliferation,true,false,true
60,45,Proliferation,true,false,false
73,75,Proliferation,true,true,false
111,65,Proliferation,true,false,false
101,50,Proliferation,true,true,false
82,93,Proliferation,true,false,true
77,101,Proliferation,true,false,true
58,41,Growth_Arrest,false,false,true
42,71,Growth_Arrest,false,true,true
57,77,Growth_Arrest,false,true,false
76,107,Proliferation,true,false,true
87,67,Growth_Arrest,false,true,false
63,94,Proliferation,true,false,true
101,74,Growth_Arrest,false,true,true
46,92,Proliferation,true,false,false
62,88,Proliferation,true,true,true
92,102,Proliferation,true,false,false
71,57,Proliferation,true,false,false
100,97,Proliferation,true,false,false
50,97,Growth_Arrest,false,false,true
76,57,Proliferation,true,true,false
103,68,Growth_Arrest,false,true,true
56,104,Proliferation,true,true,true
79,93,Proliferation,true,false,false
72,108,Proliferation,true,false,false
60,96,Growth_Arrest,false,true,false
70,74,Proliferation,true,true,true
63,108,Proliferation,true,false,false
76,39,Proliferation,true,true,true
77,93,Proliferation,true,false,true
89,86,Growth_Arrest,false,true,true
66,47,Proliferation,true,true,false
103,59,Proliferation,true,true,false
52,91,Growth_Arrest,false,false,false
35,77,Proliferation,true,true,false
95,72,Proliferation,true,true,true
70,57,Proliferation,true,false,true
86,80,Growth_Arrest,false,true,false
86,55,Proliferation,true,true,false
55,92,Proliferation,true,true,false
102,95,Proliferation,true,true,false
64,75,Proliferation,true,false,true
54,63,Proliferation,true,true,false
90,88,Proliferation,true,true,true
60,88,Proliferation,true,true,true
79,104,Proliferation,true,true,true
84,70,Proliferation,true,true,true
80,39,Growth_Arrest,false,true,false
88,72,Proliferation,true,true,false
111,85,Proliferation,true,true,true
89,93,Proliferation,true,true,false
80,81,Proliferation,true,false,true
59,49,Growth_Arrest,false,true,true
54,106,Growth_Arrest,false,false,true
83,59,Proliferation,true,false,false
94,59,Proliferation,true,true,false
50,105,Proliferation,true,false,false
83,72,Proliferation,true,true,false
58,66,Proliferation,true,true,false
92,61,Growth_Arrest,false,false,true
47,70,Proliferation,true,true,true
65,38,Growth_Arrest,false,true,false
43,83,Proliferation,true,true,false
61,75,Growth_Arrest,false,true,false
70,77,Proliferation,true,false,true
80,51,Growth_Arrest,false,false,true
48,46,Proliferation,true,false,false
99,95,Proliferation,true,false,false
107,89,Growth_Arrest,false,true,true
114,73,Growth_Arrest,false,false,false
78,50,Proliferation,true,false,false
78,105,Proliferation,true,false,false
98,105,Proliferation,true,true,true
74,76,Proliferation,true,true,false
108,92,Growth_Arrest,false,false,true
97,71,Growth_Arrest,false,true,false
