# cell_size_um=20.0, domain_size_um=3000.0, description="Spheroid pattern with 3000 cells"
x,y,phenotype,gene_Proliferation,gene_glycoATP,gene_mitoATP
61,82,Proliferation,true,false,false
59,100,Proliferation,true,false,false
102,73,Proliferation,true,true,false
94,61,Proliferation,true,false,false
53,90,Proliferation,true,false,true
96,96,Growth_Arrest,false,true,false
76,103,Proliferation,true,true,false
55,56,Proliferation,true,false,true
99,78,Proliferation,true,false,false
69,92,Proliferation,true,false,false
104,79,Proliferation,true,false,false
87,53,Proliferation,true,true,true
51,80,Growth_Arrest,false,false,true
52,89,Proliferation,true,true,true
73,48,Proliferation,true,true,true
48,84,Proliferation,true,true,false
88,68,Growth_Arrest,false,true,false
79,73,Proliferation,true,true,true
86,51,Growth_Arrest,false,false,false
93,87,Proliferation,true,true,true
81,93,Proliferation,true,false,true
68,48,Proliferation,true,true,true
64,82,Proliferation,true,true,true
69,98,Proliferation,true,false,false
98,58,Proliferation,true,true,true
81,97,Proliferation,true,true,true
92,80,Growth_Arrest,false,false,false
98,81,Proliferation,true,true,true
98,87,Proliferation,true,true,true
103,67,Growth_Arrest,false,true,false
68,87,Proliferation,true,true,false
94,79,Proliferation,true,true,true
91,79,Growth_Arrest,false,true,true
97,71,Proliferation,true,true,true
79,64,Proliferation,true,true,false
57,88,Proliferation,true,false,false
68,64,Growth_Arrest,false,false,true
63,52,Growth_Arrest,false,false,true
74,100,Proliferation,true,false,true
76,90,Proliferation,true,true,false
59,65,Growth_Arrest,false,false,false
63,69,Proliferation,true,true,false
100,70,Proliferation,true,false,true
55,86,Proliferation,true,true,true
59,80,Proliferation,true,false,false
74,98,Proliferation,true,false,false
59,71,Growth_Arrest,false,false,true
63,63,Growth_Arrest,false,true,false
58,95,Proliferation,true,false,true
101,64,Proliferation,true,false,true
53,91,Proliferation,true,false,true
46,76,Growth_Arrest,false,true,true
71,97,Proliferation,true,true,false
95,83,Proliferation,true,false,false
74,65,Proliferation,true,false,true
81,64,Proliferation,true,false,true
93,54,Growth_Arrest,false,true,true
56,99,Proliferation,true,true,false
60,50,Growth_Arrest,false,true,true
83,87,Proliferation,true,false,false
104,72,Proliferation,true,true,false
86,49,Growth_Arrest,false,true,false
55,83,Proliferation,true,true,false
81,74,Growth_Arrest,false,true,false
90,101,Growth_Arrest,false,false,true
63,60,Growth_Arrest,false,false,false
62,77,Growth_Arrest,false,false,false
54,83,Proliferation,true,false,false
81,77,Growth_Arrest,false,false,true
86,72,Proliferation,true,true,true
90,57,Proliferation,true,false,false
98,83,Proliferation,true,true,true
69,48,Growth_Arrest,false,false,false
59,51,Growth_Arrest,false,false,true
86,99,Proliferation,true,false,false
79,72,Proliferation,true,false,true
79,89,Proliferation,true,true,false
93,71,Growth_Arrest,false,false,true
74,81,Growth_Arrest,false,true,true
85,65,Proliferation,true,false,true
90,69,Proliferation,true,false,false
53,95,Proliferation,true,true,true
48,87,Proliferation,true,false,false
85,95,Proliferation,true,false,false
66,52,Proliferation,true,true,false
52,61,Proliferation,true,false,true
64,90,Proliferation,true,false,false
87,58,Proliferation,true,false,false
74,82,Growth_Arrest,false,true,true
87,85,Growth_Arrest,false,false,false
60,55,Growth_Arrest,false,true,true
96,89,Growth_Arrest,false,false,false
94,64,Growth_Arrest,false,true,true
74,44,Proliferation,true,true,false
79,80,Proliferation,true,false,false
53,78,Growth_Arrest,false,true,true
65,103,Proliferation,true,true,true
82,50,Growth_Arrest,false,true,true
78,73,Proliferation,true,true,false
74,61,Proliferation,true,false,true
91,87,Growth_Arrest,false,false,false
91,63,Proliferation,true,false,false
62,58,Proliferation,true,true,true
97,91,Proliferation,true,true,false
103,72,Growth_Arrest,false,true,true
63,83,Proliferation,true,false,true
50,76,Growth_Arrest,false,true,false
90,48,Proliferation,true,true,false
94,73,Proliferation,true,false,true
68,86,Proliferation,true,false,false
77,105,Growth_Arrest,false,false,true
63,85,Proliferation,true,true,true
72,104,Proliferation,true,false,false
82,58,Proliferation,true,false,false
83,101,Growth_Arrest,false,false,false
96,57,Proliferation,true,true,false
61,94,Proliferation,true,true,false
88,54,Proliferation,true,true,false
69,47,Proliferation,true,true,false
52,60,Growth_Arrest,false,false,false
99,58,Proliferation,true,true,true
104,67,Proliferation,true,true,true
75,105,Proliferation,true,true,true
87,65,Growth_Arrest,false,true,true
59,91,Proliferation,true,true,true
70,99,Proliferation,true,true,true
78,77,Proliferation,true,true,false
58,75,Proliferation,true,true,true
99,71,Growth_Arrest,false,true,false
103,71,Growth_Arrest,false,true,true
76,96,Proliferation,true,false,true
99,77,Proliferation,true,true,false
62,95,Growth_Arrest,false,true,true
64,102,Growth_Arrest,false,true,false
49,77,Growth_Arrest,false,true,true
78,51,Proliferation,true,false,true
92,66,Growth_Arrest,false,true,true
51,75,Proliferation,true,true,true
91,57,Proliferation,true,false,true
59,68,Proliferation,true,false,false
87,96,Growth_Arrest,false,false,false
82,51,Proliferation,true,true,true
68,80,Growth_Arrest,false,true,false
67,60,Proliferation,true,true,false
68,83,Growth_Arrest,false,true,false
53,65,Proliferation,true,true,true
87,82,Proliferation,true,false,true
91,73,Growth_Arrest,false,false,false
64,80,Growth_Arrest,false,true,true
99,73,Proliferation,true,true,false
97,67,Proliferation,true,true,true
77,46,Growth_Arrest,false,true,false
58,78,Proliferation,true,true,false
50,87,Proliferation,true,false,true
81,59,Proliferation,true,false,false
63,54,Proliferation,true,false,true
56,98,Proliferation,true,false,false
75,90,Growth_Arrest,false,false,true
59,92,Proliferation,true,false,false
85,78,Proliferation,true,true,false
99,67,Proliferation,true,false,true
91,92,Proliferation,true,false,true
62,99,Growth_Arrest,false,true,true
84,80,Growth_Arrest,false,false,true
76,87,Growth_Arrest,false,true,false
80,88,Proliferation,true,true,false
68,52,Proliferation,true,true,true
93,64,Proliferation,true,false,false
54,86,Proliferation,true,true,false
45,73,Growth_Arrest,false,true,true
94,63,Proliferation,true,false,true
71,59,Growth_Arrest,false,false,false
58,96,Growth_Arrest,false,true,true
81,69,Proliferation,true,false,false
88,56,Proliferation,true,false,false
67,64,Growth_Arrest,false,false,true
80,48,Growth_Arrest,false,true,true
71,45,Growth_Arrest,false,false,true
75,74,Growth_Arrest,false,true,false
84,52,Proliferation,true,true,false
71,77,Proliferation,true,false,false
57,68,Proliferation,true,true,true
62,59,Growth_Arrest,false,false,false
87,59,Proliferation,true,false,false
79,70,Proliferation,true,true,false
101,66,Proliferation,true,true,true
74,50,Growth_Arrest,false,true,false
100,85,Proliferation,true,true,false
56,82,Proliferation,true,true,false
72,91,Proliferation,true,false,false
50,72,Proliferation,true,true,false
89,63,Proliferation,true,false,true
65,80,Proliferation,true,false,false
84,60,Proliferation,true,false,false
75,89,Proliferation,true,true,false
56,69,Proliferation,true,false,true
82,104,Proliferation,true,true,false
49,67,Growth_Arrest,false,false,false
63,53,Proliferation,true,true,true
52,78,Growth_Arrest,false,false,false
72,78,Proliferation,true,false,true
56,68,Growth_Arrest,false,true,true
82,92,Growth_Arrest,false,false,true
85,67,Proliferation,true,true,false
85,56,Proliferation,true,true,true
77,89,Proliferation,true,true,false
77,49,Proliferation,true,false,false
70,55,Growth_Arrest,false,true,false
67,53,Growth_Arrest,false,false,false
54,66,Proliferation,true,true,true
86,53,Proliferation,true,true,false
46,64,Growth_Arrest,false,false,true
98,76,Growth_Arrest,false,true,false
53,87,Proliferation,true,true,true
83,71,Proliferation,true,false,true
81,51,Proliferation,true,true,true
86,102,Growth_Arrest,false,false,false
47,64,Proliferation,true,true,false
97,90,Growth_Arrest,false,true,true
91,94,Proliferation,true,false,true
92,81,Proliferation,true,false,false
75,58,Proliferation,true,true,true
51,65,Proliferation,true,false,false
72,81,Growth_Arrest,false,true,false
84,62,Growth_Arrest,false,false,false
70,85,Proliferation,true,true,false
54,59,Proliferation,true,false,true
54,85,Growth_Arrest,false,false,true
90,50,Growth_Arrest,false,false,false
55,85,Growth_Arrest,false,false,true
62,56,Proliferation,true,false,true
52,77,Proliferation,true,true,true
90,74,Proliferation,true,true,true
78,58,Proliferation,true,false,false
56,63,Growth_Arrest,false,true,false
50,92,Proliferation,true,true,false
85,86,Growth_Arrest,false,true,true
99,69,Proliferation,true,true,false
64,53,Proliferation,true,true,false
77,80,Proliferation,true,true,true
93,56,Growth_Arrest,false,true,false
98,94,Proliferation,true,true,false
61,50,Growth_Arrest,false,false,true
105,73,Proliferation,true,false,true
63,80,Growth_Arrest,false,true,true
76,47,Proliferation,true,false,false
86,56,Proliferation,true,true,true
96,87,Growth_Arrest,false,false,true
92,63,Growth_Arrest,false,false,false
85,70,Proliferation,true,true,false
102,74,Growth_Arrest,false,false,false
62,73,Proliferation,true,true,false
64,46,Proliferation,true,false,true
57,67,Proliferation,true,true,false
80,52,Proliferation,true,false,false
73,52,Growth_Arrest,false,true,true
76,74,Proliferation,true,false,true
71,103,Proliferation,true,true,false
74,56,Growth_Arrest,false,true,false
64,70,Proliferation,true,false,true
65,85,Proliferation,true,true,true
50,56,Proliferation,true,false,true
89,71,Growth_Arrest,false,false,false
90,86,Proliferation,true,true,true
85,68,Proliferation,true,false,true
105,75,Proliferation,true,false,true
89,92,Proliferation,true,false,false
85,55,Proliferation,true,true,true
95,68,Proliferation,true,true,true
65,93,Proliferation,true,false,true
76,66,Growth_Arrest,false,false,true
80,91,Proliferation,true,true,false
81,86,Proliferation,true,true,true
79,62,Proliferation,true,true,false
87,98,Proliferation,true,true,false
68,53,Proliferation,true,true,false
55,80,Proliferation,true,true,true
86,79,Proliferation,true,false,false
91,98,Proliferation,true,false,false
89,83,Proliferation,true,false,false
99,80,Proliferation,true,false,true
52,62,Growth_Arrest,false,true,true
71,70,Proliferation,true,false,true
59,66,Growth_Arrest,false,false,false
89,72,Growth_Arrest,false,false,false
53,54,Proliferation,true,true,true
88,77,Growth_Arrest,false,false,true
49,62,Growth_Arrest,false,false,true
87,52,Proliferation,true,false,false
78,54,Growth_Arrest,false,true,true
67,77,Proliferation,true,true,false
61,66,Proliferation,true,true,false
96,92,Growth_Arrest,false,false,false
46,82,Proliferation,true,false,false
69,70,Proliferation,true,false,true
97,92,Growth_Arrest,false,true,true
96,90,Proliferation,true,false,true
58,85,Proliferation,true,true,true
85,98,Proliferation,true,false,true
104,77,Proliferation,true,false,true
51,82,Growth_Arrest,false,true,true
92,93,Proliferation,true,false,true
94,80,Growth_Arrest,false,true,false
62,71,Proliferation,true,false,false
93,90,Proliferation,true,false,false
56,88,Proliferation,true,false,true
100,76,Growth_Arrest,false,true,false
83,95,Proliferation,true,false,true
77,87,Proliferation,true,false,true
69,95,Growth_Arrest,false,true,true
71,101,Proliferation,true,false,true
80,68,Proliferation,true,true,true
94,85,Proliferation,true,false,true
82,84,Proliferation,true,false,false
57,55,Proliferation,true,true,true
63,77,Proliferation,true,false,false
62,85,Proliferation,true,false,false
100,89,Growth_Arrest,false,false,true
75,84,Proliferation,true,true,true
65,84,Growth_Arrest,false,false,true
47,70,Growth_Arrest,false,false,false
93,67,Proliferation,true,true,true
67,91,Proliferation,true,true,false
56,53,Proliferation,true,false,false
94,87,Proliferation,true,false,true
76,58,Growth_Arrest,false,false,false
69,81,Proliferation,true,false,false
77,76,Proliferation,true,false,false
86,63,Growth_Arrest,false,false,false
75,66,Growth_Arrest,false,false,true
68,90,Proliferation,true,false,false
83,88,Proliferation,true,true,false
75,80,Proliferation,true,false,true
67,74,Growth_Arrest,false,true,true
91,82,Proliferation,true,false,false
88,101,Proliferation,true,false,false
52,80,Growth_Arrest,false,true,true
49,86,Proliferation,true,false,false
96,78,Proliferation,true,true,true
61,78,Proliferation,true,true,true
65,79,Proliferation,true,true,false
68,61,Growth_Arrest,false,true,true
102,62,Proliferation,true,false,false
56,96,Growth_Arrest,false,false,true
79,95,Growth_Arrest,false,true,true
91,58,Proliferation,true,true,true
64,51,Growth_Arrest,false,false,true
94,96,Proliferation,true,false,false
94,90,Proliferation,true,true,false
73,65,Growth_Arrest,false,false,false
72,66,Growth_Arrest,false,true,true
86,68,Proliferation,true,true,false
64,91,Proliferation,true,false,true
78,45,Proliferation,true,true,true
65,67,Proliferation,true,true,false
65,92,Proliferation,true,false,true
60,69,Proliferation,true,false,true
46,67,Growth_Arrest,false,false,true
94,81,Growth_Arrest,false,false,true
78,82,Proliferation,true,false,true
83,82,Proliferation,true,true,true
71,50,Proliferation,true,true,false
99,64,Proliferation,true,true,true
103,66,Growth_Arrest,false,true,false
75,78,Proliferation,true,true,false
91,84,Proliferation,true,false,true
69,58,Proliferation,true,true,true
61,70,Growth_Arrest,false,false,true
59,75,Proliferation,true,true,true
77,52,Proliferation,true,false,false
83,60,Proliferation,true,true,true
59,50,Proliferation,true,false,true
103,86,Growth_Arrest,false,false,true
86,61,Proliferation,true,false,true
82,46,Growth_Arrest,false,true,true
86,74,Proliferation,true,true,true
65,97,Growth_Arrest,false,true,false
72,92,Proliferation,true,false,true
86,77,Proliferation,true,false,false
52,94,Proliferation,true,false,false
71,57,Growth_Arrest,false,false,true
84,46,Proliferation,true,false,true
103,73,Proliferation,true,true,true
52,79,Proliferation,true,true,true
50,58,Proliferation,true,false,true
57,65,Growth_Arrest,false,true,false
49,71,Growth_Arrest,false,true,true
95,86,Proliferation,true,false,false
65,50,Proliferation,true,false,false
64,54,Proliferation,true,false,false
84,96,Proliferation,true,true,true
81,96,Proliferation,true,true,true
86,86,Proliferation,true,true,false
68,102,Proliferation,true,false,true
66,102,Proliferation,true,true,false
62,67,Proliferation,true,true,false
71,82,Proliferation,true,false,true
102,81,Proliferation,true,false,false
75,94,Proliferation,true,true,true
66,65,Growth_Arrest,false,true,false
87,62,Proliferation,true,false,true
45,78,Growth_Arrest,false,false,true
55,97,Proliferation,true,false,false
86,82,Proliferation,true,true,true
85,87,Proliferation,true,false,true
83,68,Proliferation,true,false,true
67,47,Proliferation,true,true,false
77,103,Proliferation,true,true,false
82,66,Growth_Arrest,false,false,true
81,104,Proliferation,true,false,true
89,56,Growth_Arrest,false,false,true
83,51,Proliferation,true,true,true
52,68,Proliferation,true,true,false
74,66,Proliferation,true,false,true
70,49,Proliferation,true,false,false
51,68,Proliferation,true,false,true
58,83,Proliferation,true,false,true
88,81,Growth_Arrest,false,true,true
61,60,Proliferation,true,true,false
74,71,Proliferation,true,true,true
81,79,Growth_Arrest,false,true,true
92,55,Proliferation,true,true,true
48,67,Proliferation,true,false,false
45,74,Proliferation,true,false,false
102,76,Proliferation,true,false,false
56,83,Proliferation,true,false,false
57,86,Proliferation,true,true,true
72,49,Growth_Arrest,false,false,true
50,61,Proliferation,true,false,true
73,95,Proliferation,true,true,true
71,76,Proliferation,true,false,false
65,56,Proliferation,true,true,false
55,66,Growth_Arrest,false,true,false
97,59,Proliferation,true,false,true
85,58,Proliferation,true,false,true
74,52,Growth_Arrest,false,false,false
69,61,Proliferation,true,false,false
85,101,Proliferation,true,true,false
67,63,Growth_Arrest,false,true,false
95,58,Proliferation,true,true,true
88,97,Growth_Arrest,false,true,false
80,80,Proliferation,true,false,true
73,87,Growth_Arrest,false,false,false
56,52,Proliferation,true,false,true
100,91,Proliferation,true,false,false
71,65,Proliferation,true,true,false
90,55,Growth_Arrest,false,false,true
72,100,Proliferation,true,false,false
63,96,Proliferation,true,true,false
64,52,Proliferation,true,true,true
60,86,Proliferation,true,false,false
68,101,Proliferation,true,true,true
75,47,Proliferation,true,false,true
53,67,Proliferation,true,false,true
86,65,Proliferation,true,true,true
78,102,Proliferation,true,true,true
61,90,Growth_Arrest,false,true,true
64,72,Growth_Arrest,false,true,false
95,78,Proliferation,true,true,true
54,91,Proliferation,true,false,true
82,90,Growth_Arrest,false,false,true
67,88,Proliferation,true,true,true
80,59,Proliferation,true,true,false
61,51,Proliferation,true,true,false
84,84,Growth_Arrest,false,false,true
88,91,Proliferation,true,true,false
62,79,Growth_Arrest,false,true,false
74,49,Proliferation,true,true,true
78,103,Proliferation,true,false,true
71,80,Proliferation,true,true,false
58,89,Proliferation,true,true,true
93,51,Growth_Arrest,false,false,false
53,64,Proliferation,true,true,true
69,88,Growth_Arrest,false,false,true
80,89,Proliferation,true,false,true
46,74,Growth_Arrest,false,false,true
78,92,Proliferation,true,false,true
92,65,Proliferation,true,true,true
49,63,Proliferation,true,true,true
48,83,Proliferation,true,false,true
53,62,Growth_Arrest,false,false,true
88,82,Proliferation,true,true,false
87,67,Proliferation,true,true,false
67,55,Proliferation,true,true,false
78,89,Growth_Arrest,false,true,false
68,77,Proliferation,true,true,true
69,79,Proliferation,true,true,false
77,45,Proliferation,true,true,false
83,78,Growth_Arrest,false,true,true
44,79,Proliferation,true,false,true
50,73,Proliferation,true,true,false
79,58,Proliferation,true,false,true
73,72,Proliferation,true,true,true
102,79,Proliferation,true,true,true
74,64,Growth_Arrest,false,false,true
94,53,Growth_Arrest,false,false,false
59,78,Growth_Arrest,false,false,false
58,74,Growth_Arrest,false,true,false
75,103,Growth_Arrest,false,false,true
71,78,Proliferation,true,true,true
78,53,Growth_Arrest,false,false,false
58,53,Proliferation,true,true,false
78,83,Growth_Arrest,false,false,false
66,75,Growth_Arrest,false,false,true
92,75,Proliferation,true,false,false
62,65,Proliferation,true,true,false
49,65,Growth_Arrest,false,true,false
60,77,Growth_Arrest,false,true,true
57,99,Proliferation,true,true,false
58,54,Proliferation,true,true,false
102,65,Proliferation,true,false,true
103,80,Growth_Arrest,false,false,true
98,65,Proliferation,true,true,true
86,84,Growth_Arrest,false,true,false
58,50,Growth_Arrest,false,true,true
66,61,Proliferation,true,true,true
52,91,Proliferation,true,true,true
51,62,Proliferation,true,false,true
69,55,Proliferation,true,false,true
64,94,Proliferation,true,false,true
77,95,Proliferation,true,false,false
81,94,Proliferation,true,false,false
74,60,Growth_Arrest,false,true,false
101,78,Proliferation,true,true,false
53,79,Proliferation,true,false,false
94,95,Growth_Arrest,false,true,true
90,82,Growth_Arrest,false,false,true
80,90,Proliferation,true,true,true
50,89,Growth_Arrest,false,false,true
101,81,Proliferation,true,false,true
86,80,Proliferation,true,false,true
82,89,Growth_Arrest,false,true,false
97,70,Proliferation,true,true,false
54,58,Growth_Arrest,false,true,false
46,86,Proliferation,true,false,true
69,87,Proliferation,true,false,true
47,86,Proliferation,true,true,true
92,62,Proliferation,true,false,false
80,94,Proliferation,true,false,true
89,90,Growth_Arrest,false,false,true
100,88,Proliferation,true,false,true
73,67,Proliferation,true,false,false
87,99,Proliferation,true,true,true
59,89,Proliferation,true,true,false
70,72,Proliferation,true,true,false
76,61,Growth_Arrest,false,false,false
53,80,Growth_Arrest,false,false,true
92,87,Proliferation,true,true,true
85,99,Proliferation,true,false,false
67,102,Proliferation,true,true,true
97,66,Proliferation,true,false,true
58,57,Growth_Arrest,false,false,false
87,77,Proliferation,true,true,false
96,84,Proliferation,true,true,false
53,55,Growth_Arrest,false,true,true
54,74,Proliferation,true,true,false
83,103,Growth_Arrest,false,false,false
81,54,Growth_Arrest,false,true,true
89,54,Proliferation,true,false,true
76,80,Proliferation,true,true,true
81,88,Proliferation,true,true,true
74,76,Proliferation,true,false,false
47,62,Proliferation,true,false,false
77,100,Proliferation,true,false,false
91,62,Growth_Arrest,false,false,false
48,74,Growth_Arrest,false,false,false
86,66,Growth_Arrest,false,true,true
48,79,Growth_Arrest,false,false,true
66,60,Growth_Arrest,false,false,false
67,83,Proliferation,true,true,true
52,55,Growth_Arrest,false,true,true
50,69,Proliferation,true,false,false
89,93,Proliferation,true,true,true
64,57,Proliferation,true,false,true
89,64,Proliferation,true,true,false
104,82,Proliferation,true,true,true
74,59,Proliferation,true,true,true
73,45,Proliferation,true,true,false
93,76,Proliferation,true,false,false
68,72,Proliferation,true,false,false
85,84,Growth_Arrest,false,true,true
59,95,Proliferation,true,false,true
63,50,Growth_Arrest,false,true,true
99,93,Growth_Arrest,false,true,true
103,75,Proliferation,true,true,true
77,54,Proliferation,true,false,true
75,64,Proliferation,true,false,false
98,64,Proliferation,true,false,false
57,84,Proliferation,true,true,true
52,67,Proliferation,true,true,false
99,83,Proliferation,true,false,true
53,57,Proliferation,true,false,false
87,48,Proliferation,true,false,false
77,77,Growth_Arrest,false,true,true
81,60,Growth_Arrest,false,false,false
57,78,Proliferation,true,false,true
61,102,Growth_Arrest,false,false,true
61,64,Growth_Arrest,false,false,false
64,75,Growth_Arrest,false,false,false
64,95,Proliferation,true,true,false
50,90,Proliferation,true,true,true
87,54,Proliferation,true,false,false
61,65,Proliferation,true,false,false
94,65,Proliferation,true,true,true
80,55,Proliferation,true,true,false
60,100,Growth_Arrest,false,true,false
78,78,Growth_Arrest,false,true,false
84,100,Proliferation,true,false,true
69,60,Proliferation,true,false,true
79,69,Proliferation,true,true,true
98,63,Proliferation,true,true,false
72,64,Growth_Arrest,false,false,false
62,63,Proliferation,true,true,false
100,73,Proliferation,true,true,false
82,96,Growth_Arrest,false,false,false
51,89,Growth_Arrest,false,true,true
71,67,Proliferation,true,false,false
69,104,Proliferation,true,true,false
94,52,Proliferation,true,true,false
66,96,Proliferation,true,true,false
87,80,Proliferation,true,false,false
66,72,Proliferation,true,false,false
72,72,Growth_Arrest,false,true,false
78,75,Proliferation,true,true,false
82,91,Proliferation,true,true,false
48,73,Proliferation,true,true,true
57,77,Growth_Arrest,false,true,true
63,81,Proliferation,true,true,false
72,87,Proliferation,true,false,true
65,58,Proliferation,true,false,false
59,58,Growth_Arrest,false,true,true
78,46,Proliferation,true,false,false
67,56,Proliferation,true,false,false
65,64,Growth_Arrest,false,false,true
72,54,Proliferation,true,true,true
71,54,Proliferation,true,true,true
68,55,Growth_Arrest,false,true,false
76,54,Proliferation,true,false,false
56,71,Proliferation,true,false,false
50,66,Growth_Arrest,false,true,true
91,77,Growth_Arrest,false,false,false
49,68,Growth_Arrest,false,false,false
46,71,Growth_Arrest,false,true,true
54,55,Growth_Arrest,false,true,true
83,96,Proliferation,true,true,true
62,75,Growth_Arrest,false,false,false
65,90,Proliferation,true,false,true
72,60,Proliferation,true,false,true
55,51,Proliferation,true,true,false
102,64,Proliferation,true,true,false
67,70,Proliferation,true,false,false
67,61,Proliferation,true,true,true
79,66,Growth_Arrest,false,false,true
92,91,Growth_Arrest,false,false,false
97,82,Growth_Arrest,false,false,true
88,90,Proliferation,true,true,false
70,82,Proliferation,true,false,false
78,100,Growth_Arrest,false,true,false
82,79,Proliferation,true,true,true
80,95,Proliferation,true,true,false
56,97,Proliferation,true,true,true
45,66,Proliferation,true,true,true
90,79,Proliferation,true,false,true
71,53,Proliferation,true,true,true
98,86,Proliferation,true,false,true
68,68,Proliferation,true,true,false
73,86,Growth_Arrest,false,true,false
80,67,Proliferation,true,false,false
65,51,Proliferation,true,false,true
67,48,Proliferation,true,true,false
80,53,Proliferation,true,false,false
66,49,Proliferation,true,true,true
50,78,Growth_Arrest,false,true,true
84,76,Proliferation,true,false,true
98,93,Growth_Arrest,false,true,true
54,84,Growth_Arrest,false,false,true
102,80,Proliferation,true,true,true
103,81,Growth_Arrest,false,true,true
100,83,Proliferation,true,true,false
101,86,Proliferation,true,false,true
70,94,Proliferation,true,false,false
79,44,Proliferation,true,false,false
96,55,Growth_Arrest,false,true,true
75,63,Proliferation,true,true,false
75,98,Proliferation,true,false,false
94,75,Proliferation,true,false,false
86,60,Proliferation,true,false,true
78,86,Growth_Arrest,false,true,true
81,46,Proliferation,true,true,true
80,75,Proliferation,true,false,false
89,62,Growth_Arrest,false,true,true
47,83,Proliferation,true,false,true
49,79,Proliferation,true,false,true
56,66,Proliferation,true,false,false
94,58,Proliferation,true,false,false
90,89,Proliferation,true,true,true
98,79,Proliferation,true,true,false
101,84,Proliferation,true,true,false
95,79,Growth_Arrest,false,true,true
49,69,Proliferation,true,false,false
55,79,Proliferation,true,false,false
102,75,Proliferation,true,true,true
101,70,Proliferation,true,true,true
79,51,Growth_Arrest,false,false,true
49,80,Proliferation,true,false,false
52,75,Proliferation,true,false,false
70,100,Proliferation,true,true,true
46,69,Proliferation,true,false,false
90,53,Growth_Arrest,false,false,false
96,69,Proliferation,true,true,true
59,61,Proliferation,true,false,true
87,63,Proliferation,true,false,true
78,65,Growth_Arrest,false,false,true
80,70,Growth_Arrest,false,false,true
82,74,Proliferation,true,false,false
59,93,Growth_Arrest,false,false,true
66,71,Proliferation,true,true,true
86,93,Proliferation,true,true,true
90,54,Growth_Arrest,false,true,false
81,47,Proliferation,true,true,false
56,77,Proliferation,true,true,true
63,55,Growth_Arrest,false,true,false
71,55,Proliferation,true,false,false
64,59,Proliferation,true,false,false
79,85,Proliferation,true,false,true
82,54,Growth_Arrest,false,false,true
90,72,Growth_Arrest,false,false,false
98,84,Proliferation,true,false,true
77,84,Proliferation,true,false,false
55,74,Proliferation,true,false,false
73,90,Growth_Arrest,false,true,false
58,81,Proliferation,true,false,false
70,95,Proliferation,true,true,false
74,58,Proliferation,true,true,false
74,83,Growth_Arrest,false,true,true
73,75,Proliferation,true,true,false
90,81,Proliferation,true,false,true
100,77,Growth_Arrest,false,false,true
76,71,Growth_Arrest,false,true,false
62,54,Growth_Arrest,false,true,true
79,94,Growth_Arrest,false,true,true
83,55,Growth_Arrest,false,false,false
55,87,Proliferation,true,true,true
62,47,Proliferation,true,true,true
68,88,Proliferation,true,true,true
67,96,Growth_Arrest,false,false,true
65,47,Growth_Arrest,false,true,false
90,95,Proliferation,true,true,true
93,57,Proliferation,true,false,false
76,63,Proliferation,true,false,false
60,68,Growth_Arrest,false,false,false
86,57,Proliferation,true,true,true
63,78,Proliferation,true,false,true
74,47,Growth_Arrest,false,true,true
49,61,Growth_Arrest,false,true,true
94,92,Growth_Arrest,false,true,true
88,79,Proliferation,true,true,true
61,61,Proliferation,true,true,false
50,84,Proliferation,true,true,true
85,54,Proliferation,true,false,false
79,105,Growth_Arrest,false,false,false
66,98,Proliferation,true,true,true
50,68,Proliferation,true,true,true
47,75,Growth_Arrest,false,true,true
70,67,Proliferation,true,false,true
69,93,Growth_Arrest,false,false,true
79,104,Growth_Arrest,false,false,false
80,62,Proliferation,true,false,true
62,97,Proliferation,true,true,false
86,55,Proliferation,true,false,false
51,86,Proliferation,true,false,false
63,79,Proliferation,true,true,true
68,93,Growth_Arrest,false,true,true
99,87,Growth_Arrest,false,false,true
77,85,Proliferation,true,true,true
59,57,Growth_Arrest,false,true,false
76,95,Proliferation,true,true,true
68,104,Proliferation,true,false,true
73,94,Growth_Arrest,false,true,false
73,102,Proliferation,true,false,false
76,77,Proliferation,true,true,false
51,58,Proliferation,true,true,false
58,62,Proliferation,true,false,false
87,72,Proliferation,true,false,false
75,62,Proliferation,true,false,true
67,62,Proliferation,true,true,false
72,57,Proliferation,true,true,false
67,73,Growth_Arrest,false,false,false
78,91,Proliferation,true,false,true
99,63,Proliferation,true,true,false
77,60,Proliferation,true,true,true
90,51,Growth_Arrest,false,true,false
73,57,Proliferation,true,true,true
92,51,Growth_Arrest,false,false,true
89,57,Growth_Arrest,false,true,true
84,65,Proliferation,true,true,false
49,59,Growth_Arrest,false,false,false
50,79,Proliferation,true,false,true
56,74,Growth_Arrest,false,true,false
83,57,Proliferation,true,false,false
97,93,Growth_Arrest,false,false,false
69,75,Proliferation,true,true,true
53,61,Growth_Arrest,false,true,true
77,86,Growth_Arrest,false,true,true
103,69,Proliferation,true,true,false
85,62,Growth_Arrest,false,true,true
70,73,Proliferation,true,false,false
94,67,Proliferation,true,false,true
57,75,Proliferation,true,false,false
85,47,Proliferation,true,false,true
89,50,Proliferation,true,false,true
82,47,Proliferation,true,true,true
55,95,Proliferation,true,true,false
62,64,Proliferation,true,false,true
83,62,Proliferation,true,false,true
80,82,Growth_Arrest,false,false,true
65,72,Growth_Arrest,false,true,false
51,84,Proliferation,true,true,true
62,55,Proliferation,true,false,false
87,75,Proliferation,true,true,true
65,63,Growth_Arrest,false,false,true
82,86,Proliferation,true,true,false
50,63,Proliferation,true,true,false
97,86,Proliferation,true,true,false
53,59,Proliferation,true,true,true
72,79,Growth_Arrest,false,false,false
62,89,Growth_Arrest,false,false,true
67,99,Proliferation,true,true,false
78,99,Growth_Arrest,false,false,false
90,92,Proliferation,true,false,true
102,83,Growth_Arrest,false,false,true
72,50,Proliferation,true,false,true
92,96,Growth_Arrest,false,false,true
63,49,Growth_Arrest,false,false,false
61,58,Growth_Arrest,false,false,false
104,81,Growth_Arrest,false,true,true
55,73,Growth_Arrest,false,false,true
82,83,Proliferation,true,false,true
69,103,Proliferation,true,true,false
66,77,Proliferation,true,false,true
67,46,Proliferation,true,false,true
84,94,Proliferation,true,true,false
80,87,Proliferation,true,false,false
81,68,Proliferation,true,true,true
81,85,Proliferation,true,true,true
46,66,Proliferation,true,true,false
56,57,Proliferation,true,false,false
82,65,Proliferation,true,false,true
74,67,Proliferation,true,false,false
86,69,Growth_Arrest,false,true,true
56,56,Proliferation,true,false,true
94,76,Growth_Arrest,false,false,false
102,88,Proliferation,true,true,false
76,57,Proliferation,true,false,true
74,78,Proliferation,true,false,false
72,65,Proliferation,true,true,false
96,76,Proliferation,true,true,false
71,81,Growth_Arrest,false,true,true
79,53,Proliferation,true,false,true
105,76,Growth_Arrest,false,true,false
73,56,Proliferation,true,false,true
58,55,Proliferation,true,true,false
68,92,Growth_Arrest,false,false,true
91,90,Proliferation,true,false,false
100,63,Growth_Arrest,false,true,false
81,65,Proliferation,true,true,true
101,67,Growth_Arrest,false,false,false
71,79,Proliferation,true,true,false
76,62,Proliferation,true,false,true
99,75,Growth_Arrest,false,false,true
103,78,Proliferation,true,true,false
66,100,Proliferation,true,true,false
78,98,Proliferation,true,false,true
99,56,Proliferation,true,false,false
53,75,Proliferation,true,true,true
88,98,Proliferation,true,false,true
102,61,Growth_Arrest,false,true,true
67,104,Proliferation,true,true,true
48,82,Growth_Arrest,false,true,true
78,66,Growth_Arrest,false,false,false
78,48,Proliferation,true,false,true
79,68,Proliferation,true,false,false
87,57,Proliferation,true,true,true
71,88,Growth_Arrest,false,false,false
89,52,Proliferation,true,true,true
90,100,Proliferation,true,true,false
66,59,Proliferation,true,true,false
66,56,Growth_Arrest,false,false,false
70,66,Growth_Arrest,false,false,false
99,86,Growth_Arrest,false,true,false
64,76,Growth_Arrest,false,true,false
75,75,Proliferation,true,false,true
80,98,Proliferation,true,true,false
54,96,Proliferation,true,false,true
69,46,Growth_Arrest,false,true,false
63,64,Proliferation,true,true,true
53,76,Growth_Arrest,false,true,true
56,65,Proliferation,true,true,false
57,64,Proliferation,true,true,true
57,89,Growth_Arrest,false,true,true
91,71,Proliferation,true,true,true
66,73,Proliferation,true,true,false
58,65,Growth_Arrest,false,true,false
56,86,Proliferation,true,false,false
96,86,Proliferation,true,false,true
72,99,Proliferation,true,false,false
82,70,Growth_Arrest,false,false,true
61,49,Proliferation,true,false,true
67,89,Proliferation,true,true,true
72,85,Growth_Arrest,false,true,false
92,72,Proliferation,true,false,false
57,52,Growth_Arrest,false,false,true
83,86,Proliferation,true,false,true
66,47,Proliferation,true,false,true
102,72,Proliferation,true,true,false
86,91,Growth_Arrest,false,false,true
60,94,Proliferation,true,true,false
64,65,Proliferation,true,true,false
87,86,Proliferation,true,true,true
58,86,Growth_Arrest,false,true,false
56,92,Proliferation,true,false,true
101,85,Growth_Arrest,false,false,true
87,81,Growth_Arrest,false,true,true
76,93,Growth_Arrest,false,false,true
81,66,Growth_Arrest,false,false,false
75,104,Growth_Arrest,false,true,false
91,75,Growth_Arrest,false,false,false
93,92,Proliferation,true,true,true
63,99,Proliferation,true,false,false
59,55,Proliferation,true,true,false
79,98,Proliferation,true,false,false
78,72,Proliferation,true,false,false
73,66,Growth_Arrest,false,false,true
70,69,Proliferation,true,false,false
84,72,Growth_Arrest,false,false,true
86,52,Proliferation,true,false,true
88,47,Proliferation,true,true,false
83,54,Proliferation,true,true,true
90,65,Proliferation,true,false,false
83,85,Growth_Arrest,false,false,true
74,69,Proliferation,true,true,true
90,76,Proliferation,true,false,true
101,90,Growth_Arrest,false,true,false
45,71,Proliferation,true,true,false
52,83,Growth_Arrest,false,true,true
75,92,Proliferation,true,false,true
69,59,Growth_Arrest,false,true,false
98,67,Growth_Arrest,false,false,false
65,59,Growth_Arrest,false,true,false
95,54,Growth_Arrest,false,false,true
86,101,Growth_Arrest,false,false,true
75,91,Proliferation,true,true,true
67,80,Proliferation,true,false,true
96,75,Proliferation,true,false,false
90,73,Proliferation,true,false,true
80,83,Proliferation,true,true,true
60,70,Proliferation,true,false,true
86,75,Proliferation,true,true,true
64,69,Growth_Arrest,false,false,true
46,85,Growth_Arrest,false,true,true
58,79,Proliferation,true,false,true
54,57,Proliferation,true,false,true
98,60,Proliferation,true,false,true
76,65,Proliferation,true,false,false
62,91,Growth_Arrest,false,false,true
82,78,Growth_Arrest,false,true,false
89,74,Proliferation,true,true,true
54,95,Proliferation,true,true,true
75,69,Growth_Arrest,false,false,false
80,96,Proliferation,true,false,true
95,71,Growth_Arrest,false,false,false
61,75,Proliferation,true,false,false
87,49,Growth_Arrest,false,true,false
51,70,Growth_Arrest,false,true,true
87,74,Proliferation,true,false,false
102,85,Proliferation,true,true,false
71,92,Proliferation,true,true,true
91,97,Proliferation,true,true,false
79,48,Proliferation,true,true,false
68,96,Proliferation,true,false,false
78,57,Proliferation,true,false,false
89,68,Proliferation,true,true,true
78,105,Growth_Arrest,false,false,false
58,82,Growth_Arrest,false,true,false
103,76,Proliferation,true,true,true
66,79,Proliferation,true,false,true
76,52,Proliferation,true,false,true
61,88,Proliferation,true,true,true
98,77,Proliferation,true,true,true
84,92,Growth_Arrest,false,true,true
98,57,Growth_Arrest,false,true,true
85,92,Proliferation,true,true,true
77,74,Proliferation,true,false,false
82,59,Proliferation,true,true,true
101,71,Proliferation,true,true,false
51,72,Growth_Arrest,false,true,false
55,92,Proliferation,true,false,false
76,48,Proliferation,true,false,true
64,62,Proliferation,true,true,false
70,62,Proliferation,true,false,false
76,50,Proliferation,true,false,true
87,78,Growth_Arrest,false,true,true
79,76,Proliferation,true,false,true
47,81,Proliferation,true,true,false
74,96,Proliferation,true,true,true
50,91,Proliferation,true,true,false
53,74,Proliferation,true,true,false
60,90,Proliferation,true,false,true
61,87,Proliferation,true,true,false
54,61,Proliferation,true,false,false
68,76,Growth_Arrest,false,true,true
60,61,Proliferation,true,false,true
87,102,Growth_Arrest,false,false,true
86,71,Proliferation,true,false,false
94,72,Proliferation,true,false,true
85,103,Proliferation,true,false,true
88,80,Growth_Arrest,false,true,true
70,65,Proliferation,true,false,false
89,59,Proliferation,true,false,false
96,95,Growth_Arrest,false,false,false
63,58,Proliferation,true,false,false
98,73,Growth_Arrest,false,false,true
73,44,Growth_Arrest,false,false,true
90,60,Proliferation,true,true,true
52,70,Proliferation,true,true,true
68,89,Proliferation,true,false,true
51,56,Proliferation,true,true,true
81,100,Proliferation,true,false,true
104,66,Proliferation,true,false,false
85,61,Proliferation,true,true,false
57,66,Growth_Arrest,false,true,false
53,58,Proliferation,true,true,true
56,54,Proliferation,true,true,false
62,60,Proliferation,true,false,false
81,58,Proliferation,true,false,false
81,75,Proliferation,true,true,true
72,56,Growth_Arrest,false,false,true
81,91,Proliferation,true,false,false
62,78,Proliferation,true,true,false
50,65,Proliferation,true,false,true
82,94,Proliferation,true,false,true
83,56,Growth_Arrest,false,true,false
67,93,Growth_Arrest,false,false,false
63,76,Proliferation,true,true,true
87,92,Proliferation,true,false,true
75,97,Proliferation,true,false,false
102,66,Growth_Arrest,false,true,false
67,97,Proliferation,true,true,false
80,66,Proliferation,true,true,true
79,50,Proliferation,true,false,true
72,84,Proliferation,true,true,true
83,59,Proliferation,true,true,true
66,67,Proliferation,true,false,false
45,82,Proliferation,true,true,false
48,75,Proliferation,true,true,false
98,71,Proliferation,true,true,false
52,92,Proliferation,true,false,false
61,80,Proliferation,true,true,false
91,64,Growth_Arrest,false,false,true
70,48,Proliferation,true,true,true
87,55,Growth_Arrest,false,true,true
53,86,Growth_Arrest,false,true,true
93,80,Proliferation,true,true,false
96,77,Proliferation,true,true,true
49,89,Proliferation,true,false,true
75,86,Proliferation,true,false,false
93,59,Proliferation,true,false,false
77,62,Proliferation,true,true,true
74,86,Growth_Arrest,false,true,true
48,66,Proliferation,true,true,false
84,55,Growth_Arrest,false,true,false
65,101,Proliferation,true,true,false
69,101,Proliferation,true,false,false
59,60,Growth_Arrest,false,false,false
89,67,Proliferation,true,false,true
72,105,Proliferation,true,false,true
47,74,Proliferation,true,false,false
99,88,Growth_Arrest,false,true,false
69,90,Growth_Arrest,false,false,false
78,68,Growth_Arrest,false,true,false
66,69,Proliferation,true,false,true
61,72,Growth_Arrest,false,false,false
48,81,Growth_Arrest,false,true,true
46,77,Proliferation,true,false,false
65,74,Growth_Arrest,false,false,true
80,76,Proliferation,true,true,false
66,81,Proliferation,true,true,false
57,91,Growth_Arrest,false,false,true
66,50,Growth_Arrest,false,true,true
89,88,Proliferation,true,false,true
93,99,Growth_Arrest,false,true,false
65,52,Proliferation,true,false,true
76,89,Proliferation,true,true,false
66,55,Proliferation,true,true,false
68,54,Growth_Arrest,false,false,false
73,101,Growth_Arrest,false,true,true
60,99,Growth_Arrest,false,true,false
57,72,Growth_Arrest,false,true,false
49,72,Proliferation,true,false,false
70,74,Proliferation,true,true,false
84,48,Proliferation,true,true,false
68,100,Proliferation,true,true,true
84,71,Proliferation,true,true,true
72,45,Proliferation,true,true,false
89,48,Proliferation,true,true,false
88,69,Proliferation,true,false,true
68,98,Growth_Arrest,false,true,false
61,91,Proliferation,true,true,true
79,67,Proliferation,true,true,true
97,85,Growth_Arrest,false,true,true
87,56,Proliferation,true,false,false
48,90,Proliferation,true,true,true
89,96,Proliferation,true,true,false
74,80,Proliferation,true,true,false
50,77,Growth_Arrest,false,false,true
53,70,Proliferation,true,true,true
74,62,Proliferation,true,true,false
72,86,Proliferation,true,true,true
67,95,Growth_Arrest,false,true,false
53,85,Proliferation,true,false,true
82,88,Proliferation,true,false,true
94,97,Proliferation,true,false,false
60,85,Growth_Arrest,false,false,true
51,93,Proliferation,true,true,true
58,76,Proliferation,true,false,false
48,80,Proliferation,true,true,true
79,55,Proliferation,true,false,true
61,48,Growth_Arrest,false,true,true
82,55,Growth_Arrest,false,false,true
55,96,Proliferation,true,false,true
50,93,Proliferation,true,true,true
77,58,Proliferation,true,true,true
78,84,Proliferation,true,true,false
62,81,Proliferation,true,true,false
77,99,Proliferation,true,false,true
68,103,Growth_Arrest,false,true,false
89,66,Proliferation,true,true,true
73,80,Proliferation,true,true,false
70,92,Proliferation,true,true,true
86,46,Proliferation,true,true,true
47,67,Growth_Arrest,false,true,true
91,53,Proliferation,true,false,true
49,90,Proliferation,true,true,true
71,84,Proliferation,true,false,true
73,77,Proliferation,true,false,true
49,81,Proliferation,true,false,false
57,71,Proliferation,true,true,false
64,48,Growth_Arrest,false,false,false
57,56,Proliferation,true,false,true
70,45,Proliferation,true,true,false
53,71,Proliferation,true,true,false
91,99,Proliferation,true,true,false
61,95,Proliferation,true,false,true
79,77,Growth_Arrest,false,true,true
102,67,Proliferation,true,false,false
99,89,Proliferation,true,false,false
86,98,Growth_Arrest,false,true,false
77,55,Proliferation,true,true,false
70,88,Proliferation,true,false,false
93,89,Proliferation,true,true,true
85,52,Proliferation,true,false,false
71,48,Proliferation,true,false,false
56,84,Proliferation,true,true,false
73,53,Proliferation,true,false,false
55,63,Proliferation,true,false,true
81,63,Growth_Arrest,false,false,false
71,73,Proliferation,true,true,true
47,65,Growth_Arrest,false,true,true
85,91,Proliferation,true,true,false
94,93,Proliferation,true,true,true
73,51,Growth_Arrest,false,false,false
54,53,Proliferation,true,false,true
97,94,Proliferation,true,false,true
76,78,Growth_Arrest,false,true,false
49,88,Proliferation,true,true,true
91,95,Proliferation,true,false,true
67,81,Proliferation,true,false,false
95,64,Growth_Arrest,false,true,false
85,81,Growth_Arrest,false,true,true
100,75,Proliferation,true,true,false
77,57,Proliferation,true,false,false
100,59,Proliferation,true,false,false
92,60,Proliferation,true,false,true
78,104,Proliferation,true,true,true
77,47,Proliferation,true,false,false
71,96,Growth_Arrest,false,true,true
58,58,Growth_Arrest,false,false,true
75,100,Proliferation,true,false,true
57,70,Proliferation,true,false,false
76,60,Growth_Arrest,false,true,true
84,67,Proliferation,true,true,false
81,95,Proliferation,true,true,true
75,53,Growth_Arrest,false,false,false
99,84,Proliferation,true,true,false
65,73,Growth_Arrest,false,false,false
48,70,Growth_Arrest,false,false,true
61,84,Growth_Arrest,false,true,false
70,97,Growth_Arrest,false,false,true
84,63,Proliferation,true,false,true
51,83,Proliferation,true,true,true
89,87,Proliferation,true,false,false
70,47,Proliferation,true,false,false
72,48,Growth_Arrest,false,true,false
64,55,Growth_Arrest,false,true,false
96,68,Growth_Arrest,false,true,false
91,88,Proliferation,true,false,false
71,61,Proliferation,true,false,true
75,57,Growth_Arrest,false,true,true
77,70,Proliferation,true,true,true
91,51,Growth_Arrest,false,true,false
76,68,Proliferation,true,true,false
77,81,Proliferation,true,false,true
75,101,Growth_Arrest,false,false,true
91,67,Growth_Arrest,false,true,false
81,92,Growth_Arrest,false,false,true
102,86,Growth_Arrest,false,true,false
95,89,Growth_Arrest,false,false,false
92,70,Proliferation,true,false,true
80,45,Proliferation,true,false,true
48,88,Proliferation,true,true,false
94,82,Growth_Arrest,false,false,false
60,48,Proliferation,true,false,true
73,92,Growth_Arrest,false,false,false
70,44,Proliferation,true,true,false
97,87,Proliferation,true,false,false
75,95,Proliferation,true,true,true
104,71,Growth_Arrest,false,true,true
50,80,Proliferation,true,true,true
57,97,Proliferation,true,true,true
94,51,Proliferation,true,false,false
70,51,Proliferation,true,false,true
54,87,Proliferation,true,true,true
65,89,Proliferation,true,false,false
83,61,Growth_Arrest,false,true,true
91,54,Proliferation,true,false,false
64,84,Proliferation,true,true,true
68,65,Proliferation,true,false,false
46,79,Growth_Arrest,false,true,false
61,79,Proliferation,true,true,false
74,104,Growth_Arrest,false,true,false
92,95,Proliferation,true,false,false
54,54,Proliferation,true,false,false
77,90,Proliferation,true,false,true
69,62,Proliferation,true,false,false
78,96,Proliferation,true,false,false
72,67,Proliferation,true,false,false
92,79,Proliferation,true,false,true
54,97,Proliferation,true,true,false
66,58,Proliferation,true,false,true
72,68,Proliferation,true,true,false
64,67,Growth_Arrest,false,true,false
59,97,Proliferation,true,false,true
88,71,Proliferation,true,true,true
49,64,Proliferation,true,false,true
69,80,Proliferation,true,true,true
103,84,Proliferation,true,true,false
83,46,Growth_Arrest,false,false,false
72,90,Growth_Arrest,false,true,false
68,45,Growth_Arrest,false,false,false
60,76,Proliferation,true,true,false
97,56,Growth_Arrest,false,false,true
102,84,Growth_Arrest,false,true,false
80,103,Proliferation,true,false,false
78,93,Growth_Arrest,false,true,true
89,89,Proliferation,true,true,true
89,100,Proliferation,true,true,false
63,67,Proliferation,true,true,false
63,89,Growth_Arrest,false,false,false
60,56,Proliferation,true,true,true
86,67,Proliferation,true,true,true
77,66,Proliferation,true,false,false
65,55,Proliferation,true,true,true
85,83,Proliferation,true,false,true
66,90,Proliferation,true,false,true
82,71,Proliferation,true,false,true
85,102,Proliferation,true,false,true
65,48,Proliferation,true,true,false
76,97,Growth_Arrest,false,true,true
83,48,Growth_Arrest,false,false,true
96,66,Proliferation,true,false,false
86,64,Proliferation,true,false,true
81,73,Proliferation,true,false,true
61,97,Proliferation,true,false,true
67,75,Growth_Arrest,false,false,false
85,79,Proliferation,true,false,true
99,74,Proliferation,true,false,false
93,68,Proliferation,true,true,true
83,63,Proliferation,true,false,true
66,78,Growth_Arrest,false,true,true
97,89,Proliferation,true,false,true
57,79,Proliferation,true,false,false
68,99,Growth_Arrest,false,false,false
74,70,Proliferation,true,false,false
78,87,Proliferation,true,true,false
80,99,Proliferation,true,false,false
100,72,Proliferation,true,false,false
82,45,Proliferation,true,false,false
56,81,Growth_Arrest,false,false,false
44,78,Proliferation,true,true,true
100,79,Proliferation,true,true,false
68,50,Proliferation,true,true,false
54,88,Proliferation,true,true,false
68,78,Proliferation,true,true,false
93,91,Proliferation,true,true,true
101,72,Proliferation,true,true,false
79,45,Proliferation,true,false,true
45,76,Growth_Arrest,false,false,true
93,72,Proliferation,true,false,false
58,73,Growth_Arrest,false,false,false
87,101,Proliferation,true,true,true
65,77,Growth_Arrest,false,true,true
72,83,Growth_Arrest,false,false,true
71,94,Proliferation,true,false,false
55,57,Growth_Arrest,false,true,false
79,63,Proliferation,true,false,false
56,76,Proliferation,true,true,false
100,60,Growth_Arrest,false,false,false
65,86,Proliferation,true,true,true
67,45,Growth_Arrest,false,false,true
75,79,Proliferation,true,false,true
75,76,Proliferation,true,false,false
93,53,Proliferation,true,false,false
71,75,Proliferation,true,false,true
101,73,Proliferation,true,false,true
59,73,Growth_Arrest,false,false,false
70,70,Proliferation,true,false,true
83,100,Growth_Arrest,false,true,true
94,57,Proliferation,true,false,true
56,75,Proliferation,true,false,true
63,93,Proliferation,true,false,false
48,77,Proliferation,true,false,false
97,61,Proliferation,true,true,true
90,94,Growth_Arrest,false,false,true
46,81,Growth_Arrest,false,true,true
64,79,Growth_Arrest,false,false,true
59,74,Proliferation,true,true,false
56,70,Growth_Arrest,false,false,true
88,84,Growth_Arrest,false,false,false
67,86,Growth_Arrest,false,false,false
88,51,Proliferation,true,false,false
90,91,Growth_Arrest,false,true,false
64,63,Proliferation,true,true,true
98,72,Proliferation,true,false,true
77,51,Proliferation,true,false,true
100,67,Growth_Arrest,false,true,false
53,60,Proliferation,true,true,false
84,89,Proliferation,true,true,false
99,66,Proliferation,true,true,false
75,65,Growth_Arrest,false,false,true
69,82,Proliferation,true,false,true
73,47,Growth_Arrest,false,false,false
58,66,Growth_Arrest,false,true,false
82,98,Proliferation,true,false,false
96,56,Proliferation,true,true,true
97,75,Proliferation,true,true,true
70,90,Growth_Arrest,false,false,true
82,73,Growth_Arrest,false,false,true
64,97,Proliferation,true,false,true
48,85,Growth_Arrest,false,false,true
87,95,Proliferation,true,true,false
100,65,Proliferation,true,true,true
93,88,Proliferation,true,false,true
76,105,Growth_Arrest,false,true,false
92,53,Growth_Arrest,false,true,true
50,62,Proliferation,true,true,false
58,51,Proliferation,true,false,true
62,90,Growth_Arrest,false,true,false
79,56,Proliferation,true,false,false
90,87,Proliferation,true,true,false
101,88,Proliferation,true,false,true
77,83,Proliferation,true,true,false
64,68,Proliferation,true,true,false
77,102,Proliferation,true,false,false
73,104,Proliferation,true,true,false
98,78,Proliferation,true,true,false
51,63,Growth_Arrest,false,false,false
68,73,Growth_Arrest,false,true,true
70,56,Growth_Arrest,false,true,false
86,54,Proliferation,true,true,true
54,81,Proliferation,true,false,true
90,75,Growth_Arrest,false,true,false
51,79,Proliferation,true,false,false
65,95,Proliferation,true,false,true
95,61,Growth_Arrest,false,true,false
86,81,Growth_Arrest,false,true,false
65,69,Proliferation,true,true,true
52,86,Proliferation,true,true,true
52,81,Growth_Arrest,false,false,false
64,89,Proliferation,true,true,true
69,52,Proliferation,true,true,false
87,73,Proliferation,true,false,true
64,64,Proliferation,true,true,true
48,59,Proliferation,true,false,false
57,53,Proliferation,true,false,false
47,73,Growth_Arrest,false,true,true
69,51,Proliferation,true,true,true
62,82,Proliferation,true,false,true
77,63,Growth_Arrest,false,true,true
85,77,Proliferation,true,true,false
49,78,Growth_Arrest,false,false,true
76,67,Proliferation,true,false,true
59,79,Growth_Arrest,false,false,true
55,53,Proliferation,true,false,true
80,86,Proliferation,true,true,false
71,63,Growth_Arrest,false,false,true
84,86,Proliferation,true,true,true
86,96,Proliferation,true,true,false
97,55,Proliferation,true,true,true
67,67,Proliferation,true,true,true
47,61,Proliferation,true,true,false
66,68,Proliferation,true,true,false
69,45,Proliferation,true,true,true
99,76,Growth_Arrest,false,false,false
105,70,Proliferation,true,false,true
76,83,Proliferation,true,false,true
73,73,Proliferation,true,true,false
72,93,Proliferation,true,false,true
67,71,Proliferation,true,false,false
84,58,Proliferation,true,true,true
49,84,Proliferation,true,false,false
60,78,Growth_Arrest,false,false,false
86,83,Proliferation,true,true,true
56,59,Proliferation,true,true,false
53,96,Proliferation,true,true,false
64,85,Proliferation,true,false,false
77,73,Proliferation,true,false,true
62,100,Growth_Arrest,false,false,true
69,66,Growth_Arrest,false,true,false
88,65,Growth_Arrest,false,true,true
85,93,Proliferation,true,false,true
93,83,Proliferation,true,true,false
56,62,Growth_Arrest,false,false,true
61,81,Proliferation,true,false,true
74,63,Proliferation,true,false,true
89,95,Proliferation,true,true,true
62,61,Growth_Arrest,false,false,true
59,90,Proliferation,true,false,false
54,89,Proliferation,true,true,true
91,60,Proliferation,true,false,true
83,104,Growth_Arrest,false,true,false
63,94,Proliferation,true,true,false
71,91,Growth_Arrest,false,true,true
101,80,Proliferation,true,true,true
67,68,Proliferation,true,false,false
83,72,Growth_Arrest,false,false,false
80,78,Proliferation,true,false,false
90,93,Proliferation,true,false,true
66,97,Proliferation,true,true,true
78,90,Proliferation,true,true,true
58,60,Proliferation,true,true,true
54,71,Proliferation,true,false,false
76,100,Proliferation,true,true,false
71,74,Proliferation,true,false,true
85,64,Proliferation,true,false,false
89,94,Proliferation,true,false,true
95,96,Growth_Arrest,false,true,false
78,62,Proliferation,true,false,false
85,69,Proliferation,true,false,true
87,71,Proliferation,true,false,false
85,72,Growth_Arrest,false,true,false
58,92,Proliferation,true,true,true
88,96,Growth_Arrest,false,true,false
100,84,Proliferation,true,true,false
86,89,Proliferation,true,false,true
77,98,Proliferation,true,true,false
56,50,Growth_Arrest,false,false,false
70,58,Proliferation,true,false,true
58,56,Proliferation,true,true,false
48,62,Growth_Arrest,false,true,true
50,57,Proliferation,true,false,false
83,70,Proliferation,true,false,true
91,55,Growth_Arrest,false,false,false
75,85,Growth_Arrest,false,false,false
93,52,Growth_Arrest,false,true,false
76,94,Proliferation,true,false,true
97,69,Growth_Arrest,false,true,false
55,77,Proliferation,true,true,false
80,64,Proliferation,true,false,true
70,84,Growth_Arrest,false,true,true
50,59,Proliferation,true,true,true
71,98,Growth_Arrest,false,false,true
104,69,Growth_Arrest,false,false,false
82,82,Proliferation,true,false,false
59,96,Growth_Arrest,false,false,true
72,46,Proliferation,true,false,true
95,65,Proliferation,true,false,true
95,67,Growth_Arrest,false,false,false
74,92,Growth_Arrest,false,true,true
70,77,Proliferation,true,false,false
51,71,Proliferation,true,true,true
92,83,Proliferation,true,false,true
82,62,Proliferation,true,true,true
94,71,Growth_Arrest,false,true,true
86,70,Proliferation,true,false,true
69,85,Growth_Arrest,false,false,false
67,92,Proliferation,true,false,true
70,60,Proliferation,true,false,false
68,67,Proliferation,true,false,true
99,62,Proliferation,true,false,false
64,78,Proliferation,true,true,true
80,65,Proliferation,true,false,true
76,51,Growth_Arrest,false,false,false
74,45,Proliferation,true,false,true
101,83,Proliferation,true,true,false
87,84,Proliferation,true,false,false
54,62,Growth_Arrest,false,false,true
99,72,Proliferation,true,false,true
60,63,Proliferation,true,true,true
56,64,Growth_Arrest,false,false,true
86,90,Growth_Arrest,false,false,false
61,85,Proliferation,true,false,true
73,84,Proliferation,true,false,true
78,81,Proliferation,true,false,true
49,75,Proliferation,true,true,false
73,78,Proliferation,true,false,false
67,98,Proliferation,true,true,false
72,62,Proliferation,true,false,false
85,97,Proliferation,true,false,false
89,84,Proliferation,true,false,true
70,83,Proliferation,true,false,false
59,56,Proliferation,true,false,false
59,63,Proliferation,true,true,true
63,56,Proliferation,true,true,false
70,80,Growth_Arrest,false,false,true
90,61,Growth_Arrest,false,true,true
71,49,Proliferation,true,false,true
95,90,Proliferation,true,false,false
66,91,Proliferation,true,true,true
102,87,Proliferation,true,true,true
84,99,Proliferation,true,false,true
85,59,Growth_Arrest,false,true,true
64,99,Proliferation,true,false,true
55,67,Growth_Arrest,false,true,false
77,59,Proliferation,true,true,false
57,63,Growth_Arrest,false,false,false
101,76,Proliferation,true,true,true
65,87,Growth_Arrest,false,true,false
99,65,Proliferation,true,true,false
96,59,Proliferation,true,false,false
68,51,Proliferation,true,false,true
66,57,Proliferation,true,false,true
89,91,Proliferation,true,false,true
49,60,Proliferation,true,false,true
60,51,Growth_Arrest,false,false,true
72,52,Proliferation,true,false,true
79,96,Proliferation,true,true,false
84,90,Proliferation,true,false,true
92,69,Proliferation,true,true,true
81,99,Proliferation,true,true,true
89,97,Proliferation,true,true,true
77,93,Proliferation,true,true,true
88,86,Proliferation,true,true,true
92,59,Growth_Arrest,false,false,false
63,71,Proliferation,true,false,true
54,67,Proliferation,true,false,false
61,55,Proliferation,true,true,true
69,49,Proliferation,true,true,true
75,96,Proliferation,true,false,true
80,58,Proliferation,true,true,false
85,80,Proliferation,true,true,true
84,56,Growth_Arrest,false,true,true
60,88,Growth_Arrest,false,false,false
73,74,Proliferation,true,true,false
47,77,Proliferation,true,true,false
98,56,Proliferation,true,false,false
70,63,Proliferation,true,true,true
63,90,Growth_Arrest,false,true,false
76,79,Growth_Arrest,false,false,true
51,64,Proliferation,true,false,false
65,78,Proliferation,true,false,true
61,86,Proliferation,true,true,false
44,74,Proliferation,true,false,true
44,76,Growth_Arrest,false,true,true
78,79,Proliferation,true,false,false
72,58,Proliferation,true,true,true
65,53,Proliferation,true,true,true
90,83,Proliferation,true,false,true
89,79,Growth_Arrest,false,false,false
65,94,Proliferation,true,false,false
63,86,Proliferation,true,false,true
84,70,Proliferation,true,false,true
72,74,Growth_Arrest,false,true,false
87,87,Proliferation,true,false,true
85,66,Proliferation,true,true,false
48,61,Proliferation,true,false,true
93,85,Growth_Arrest,false,true,false
86,87,Proliferation,true,true,false
96,73,Proliferation,true,false,false
83,81,Proliferation,true,false,false
52,69,Proliferation,true,false,false
88,85,Proliferation,true,false,false
62,50,Growth_Arrest,false,false,true
48,71,Growth_Arrest,false,false,false
84,47,Growth_Arrest,false,true,false
59,86,Proliferation,true,true,false
58,68,Proliferation,true,true,true
67,66,Proliferation,true,false,false
61,100,Growth_Arrest,false,true,true
86,73,Proliferation,true,true,false
97,79,Proliferation,true,false,true
68,49,Growth_Arrest,false,true,true
92,99,Proliferation,true,true,true
100,71,Proliferation,true,false,false
76,92,Proliferation,true,false,true
90,71,Growth_Arrest,false,false,true
60,71,Proliferation,true,true,true
84,81,Proliferation,true,true,true
51,61,Proliferation,true,false,false
70,98,Growth_Arrest,false,true,true
80,46,Growth_Arrest,false,true,true
95,57,Proliferation,true,false,false
78,80,Proliferation,true,true,false
59,59,Growth_Arrest,false,false,false
62,62,Proliferation,true,false,false
49,66,Growth_Arrest,false,true,false
47,68,Proliferation,true,true,false
95,70,Proliferation,true,false,true
70,79,Proliferation,true,true,false
60,52,Proliferation,true,false,false
89,51,Growth_Arrest,false,true,false
81,62,Proliferation,true,true,true
96,63,Proliferation,true,true,true
68,84,Proliferation,true,false,true
49,58,Proliferation,true,true,false
87,90,Proliferation,true,false,false
80,60,Proliferation,true,false,true
81,49,Growth_Arrest,false,false,true
73,61,Proliferation,true,false,false
89,98,Growth_Arrest,false,true,false
90,99,Growth_Arrest,false,false,false
95,59,Proliferation,true,true,false
105,74,Proliferation,true,false,true
78,69,Proliferation,true,true,false
54,69,Proliferation,true,false,true
69,96,Proliferation,true,false,false
56,90,Proliferation,true,false,true
93,63,Proliferation,true,false,false
61,71,Proliferation,true,true,true
79,102,Proliferation,true,true,false
69,56,Proliferation,true,false,true
71,52,Growth_Arrest,false,false,false
51,67,Proliferation,true,false,true
49,73,Growth_Arrest,false,false,false
71,99,Proliferation,true,false,true
55,98,Growth_Arrest,false,false,false
82,68,Proliferation,true,true,true
100,90,Proliferation,true,false,true
68,75,Proliferation,true,true,false
86,59,Proliferation,true,false,true
60,91,Growth_Arrest,false,true,true
63,46,Proliferation,true,true,true
82,52,Proliferation,true,true,true
82,99,Growth_Arrest,false,true,true
99,59,Proliferation,true,true,false
61,53,Proliferation,true,false,true
64,87,Growth_Arrest,false,true,true
75,77,Proliferation,true,true,true
84,77,Proliferation,true,true,true
84,57,Growth_Arrest,false,false,true
92,58,Proliferation,true,false,false
93,74,Proliferation,true,false,true
67,94,Proliferation,true,false,true
53,68,Proliferation,true,true,false
79,101,Growth_Arrest,false,false,false
47,69,Proliferation,true,false,true
80,50,Growth_Arrest,false,false,false
58,97,Proliferation,true,true,false
59,54,Proliferation,true,false,false
81,56,Proliferation,true,true,true
61,52,Proliferation,true,false,false
98,69,Proliferation,true,false,false
93,98,Proliferation,true,false,true
53,92,Growth_Arrest,false,true,false
104,78,Proliferation,true,true,true
93,60,Proliferation,true,true,true
73,100,Proliferation,true,true,true
55,89,Growth_Arrest,false,false,false
86,94,Proliferation,true,false,false
57,50,Growth_Arrest,false,false,true
56,55,Growth_Arrest,false,false,false
82,56,Growth_Arrest,false,false,true
76,84,Proliferation,true,false,true
64,50,Proliferation,true,true,false
94,86,Proliferation,true,true,false
55,68,Growth_Arrest,false,false,true
64,77,Growth_Arrest,false,true,true
62,102,Growth_Arrest,false,true,false
87,79,Growth_Arrest,false,false,true
60,62,Growth_Arrest,false,true,true
83,83,Proliferation,true,true,true
79,59,Proliferation,true,true,true
84,61,Proliferation,true,true,false
62,69,Proliferation,true,true,true
83,50,Proliferation,true,true,false
73,49,Proliferation,true,true,true
78,63,Proliferation,true,true,false
74,77,Proliferation,true,true,true
74,102,Proliferation,true,true,true
50,88,Growth_Arrest,false,true,true
87,76,Proliferation,true,false,false
55,91,Growth_Arrest,false,false,false
76,53,Proliferation,true,false,true
54,72,Proliferation,true,false,false
70,76,Proliferation,true,false,true
87,93,Proliferation,true,true,false
101,62,Proliferation,true,true,false
74,90,Proliferation,true,false,true
50,67,Proliferation,true,false,true
95,76,Proliferation,true,false,false
100,87,Proliferation,true,true,true
88,75,Proliferation,true,false,true
102,77,Growth_Arrest,false,true,true
80,57,Proliferation,true,false,false
63,62,Growth_Arrest,false,true,false
86,100,Proliferation,true,false,true
60,75,Proliferation,true,true,true
73,85,Growth_Arrest,false,true,false
81,82,Proliferation,true,false,true
73,46,Proliferation,true,true,false
90,62,Proliferation,true,false,false
71,71,Growth_Arrest,false,true,true
56,58,Growth_Arrest,false,true,true
94,77,Growth_Arrest,false,false,false
60,98,Proliferation,true,false,true
83,92,Proliferation,true,true,true
63,87,Proliferation,true,true,false
72,98,Proliferation,true,true,false
71,58,Growth_Arrest,false,false,false
52,84,Proliferation,true,true,true
71,44,Proliferation,true,true,true
89,75,Growth_Arrest,false,false,true
51,66,Proliferation,true,false,true
73,60,Proliferation,true,true,true
65,71,Growth_Arrest,false,false,false
93,75,Proliferation,true,false,false
51,77,Proliferation,true,false,true
86,97,Proliferation,true,true,false
96,65,Growth_Arrest,false,true,false
60,97,Growth_Arrest,false,false,true
81,53,Proliferation,true,true,false
90,78,Proliferation,true,true,true
73,59,Proliferation,true,true,true
56,94,Proliferation,true,true,false
51,94,Growth_Arrest,false,false,false
72,101,Growth_Arrest,false,false,false
74,54,Proliferation,true,true,false
60,84,Proliferation,true,false,false
64,81,Growth_Arrest,false,true,true
55,94,Proliferation,true,false,false
48,76,Proliferation,true,false,false
44,77,Proliferation,true,false,true
57,73,Growth_Arrest,false,true,false
82,67,Proliferation,true,false,false
54,56,Proliferation,true,true,false
92,92,Growth_Arrest,false,false,false
46,78,Proliferation,true,false,false
74,68,Proliferation,true,false,false
81,81,Proliferation,true,true,true
64,60,Proliferation,true,true,true
64,58,Proliferation,true,true,true
103,85,Growth_Arrest,false,true,true
84,95,Proliferation,true,false,false
101,63,Proliferation,true,false,true
61,62,Growth_Arrest,false,false,true
103,74,Proliferation,true,true,false
63,59,Proliferation,true,true,true
84,82,Proliferation,true,false,false
102,63,Proliferation,true,false,false
88,61,Growth_Arrest,false,false,true
65,88,Proliferation,true,false,false
83,75,Growth_Arrest,false,true,true
95,74,Proliferation,true,false,false
92,86,Growth_Arrest,false,false,false
80,101,Growth_Arrest,false,true,false
87,47,Growth_Arrest,false,true,true
84,103,Proliferation,true,true,true
90,84,Growth_Arrest,false,true,false
88,95,Proliferation,true,false,true
94,98,Growth_Arrest,false,false,true
95,84,Growth_Arrest,false,true,false
81,52,Proliferation,true,false,false
97,80,Growth_Arrest,false,false,false
84,51,Proliferation,true,false,false
93,50,Proliferation,true,false,false
78,52,Proliferation,true,true,false
98,80,Growth_Arrest,false,false,false
89,78,Growth_Arrest,false,false,false
61,57,Growth_Arrest,false,true,true
51,87,Proliferation,true,false,true
75,70,Proliferation,true,true,false
95,85,Proliferation,true,true,true
58,64,Proliferation,true,true,false
95,62,Growth_Arrest,false,false,true
52,66,Proliferation,true,false,false
64,96,Proliferation,true,false,true
75,49,Proliferation,true,true,true
79,61,Growth_Arrest,false,true,false
91,65,Proliferation,true,false,true
80,56,Proliferation,true,false,false
48,89,Growth_Arrest,false,true,false
104,80,Proliferation,true,false,true
64,88,Proliferation,true,true,false
84,98,Proliferation,true,false,true
71,93,Proliferation,true,true,false
68,70,Growth_Arrest,false,false,false
63,100,Proliferation,true,true,false
73,62,Growth_Arrest,false,true,true
92,84,Growth_Arrest,false,false,true
61,92,Growth_Arrest,false,false,false
79,90,Growth_Arrest,false,true,false
84,101,Proliferation,true,true,true
83,80,Growth_Arrest,false,false,false
80,73,Growth_Arrest,false,false,true
90,64,Proliferation,true,false,true
74,46,Growth_Arrest,false,true,true
98,90,Proliferation,true,false,true
89,53,Proliferation,true,true,true
50,83,Proliferation,true,false,true
84,87,Proliferation,true,false,false
76,76,Growth_Arrest,false,true,false
81,71,Growth_Arrest,false,true,true
70,57,Growth_Arrest,false,false,false
61,56,Proliferation,true,true,false
93,62,Proliferation,true,true,false
48,64,Proliferation,true,true,true
81,102,Growth_Arrest,false,false,true
58,52,Proliferation,true,false,true
76,69,Growth_Arrest,false,true,false
85,85,Proliferation,true,true,false
77,67,Proliferation,true,true,false
65,54,Proliferation,true,true,true
92,71,Proliferation,true,false,false
62,49,Proliferation,true,false,false
69,68,Proliferation,true,true,true
53,81,Proliferation,true,true,true
105,78,Proliferation,true,true,true
96,53,Proliferation,true,false,true
87,60,Growth_Arrest,false,false,false
83,91,Growth_Arrest,false,false,true
73,88,Proliferation,true,false,false
79,103,Proliferation,true,false,true
67,51,Proliferation,true,false,false
68,79,Proliferation,true,true,true
45,77,Growth_Arrest,false,true,false
50,74,Growth_Arrest,false,true,false
54,79,Proliferation,true,false,true
83,94,Proliferation,true,true,true
57,95,Growth_Arrest,false,true,true
44,70,Growth_Arrest,false,false,true
88,93,Growth_Arrest,false,false,false
52,57,Proliferation,true,true,false
63,103,Proliferation,true,false,true
91,78,Proliferation,true,true,false
89,99,Growth_Arrest,false,true,false
61,63,Growth_Arrest,false,true,true
58,93,Growth_Arrest,false,false,true
89,49,Proliferation,true,false,false
65,75,Proliferation,true,false,true
100,68,Growth_Arrest,false,true,false
85,51,Proliferation,true,true,false
57,96,Growth_Arrest,false,true,false
52,87,Proliferation,true,true,true
94,70,Proliferation,true,false,true
88,67,Proliferation,true,true,true
85,75,Proliferation,true,false,false
76,86,Proliferation,true,true,true
75,81,Proliferation,true,false,true
70,91,Growth_Arrest,false,true,false
57,61,Proliferation,true,true,true
51,91,Proliferation,true,true,true
82,85,Proliferation,true,false,false
101,65,Proliferation,true,false,true
93,96,Growth_Arrest,false,false,false
52,65,Proliferation,true,true,true
54,93,Proliferation,true,true,true
63,98,Growth_Arrest,false,false,true
96,60,Proliferation,true,false,true
102,78,Proliferation,true,false,true
72,82,Growth_Arrest,false,true,true
67,100,Growth_Arrest,false,false,true
74,105,Proliferation,true,true,true
70,101,Proliferation,true,false,true
97,77,Growth_Arrest,false,true,true
61,83,Growth_Arrest,false,true,false
44,73,Proliferation,true,true,true
74,74,Proliferation,true,false,true
85,50,Growth_Arrest,false,false,true
76,44,Growth_Arrest,false,false,false
55,82,Proliferation,true,true,false
48,68,Proliferation,true,true,false
51,57,Proliferation,true,false,false
101,61,Proliferation,true,true,false
54,52,Proliferation,true,true,false
78,64,Proliferation,true,false,true
53,63,Proliferation,true,false,false
64,101,Growth_Arrest,false,true,false
73,97,Proliferation,true,true,true
74,101,Growth_Arrest,false,true,true
79,75,Growth_Arrest,false,true,false
63,51,Growth_Arrest,false,false,false
66,70,Growth_Arrest,false,false,true
62,84,Proliferation,true,true,false
91,50,Growth_Arrest,false,false,true
60,58,Proliferation,true,true,false
76,72,Proliferation,true,true,false
76,75,Growth_Arrest,false,false,false
63,72,Proliferation,true,false,true
46,83,Proliferation,true,true,true
83,47,Proliferation,true,true,false
62,52,Growth_Arrest,false,false,false
97,78,Growth_Arrest,false,true,true
50,60,Proliferation,true,false,true
70,71,Growth_Arrest,false,false,false
77,92,Proliferation,true,true,false
69,54,Proliferation,true,false,true
73,64,Proliferation,true,true,true
55,65,Growth_Arrest,false,true,true
54,77,Proliferation,true,false,true
46,70,Proliferation,true,true,false
88,74,Proliferation,true,true,false
101,74,Proliferation,true,false,true
75,88,Proliferation,true,true,true
71,47,Proliferation,true,true,true
68,97,Proliferation,true,true,false
85,63,Proliferation,true,false,true
76,99,Growth_Arrest,false,false,true
89,55,Growth_Arrest,false,true,true
105,79,Proliferation,true,false,true
104,83,Growth_Arrest,false,true,true
94,68,Proliferation,true,true,false
92,57,Growth_Arrest,false,false,true
70,68,Proliferation,true,true,true
57,90,Growth_Arrest,false,true,true
62,57,Growth_Arrest,false,true,false
80,104,Proliferation,true,true,true
59,84,Growth_Arrest,false,false,true
60,82,Proliferation,true,true,true
83,89,Proliferation,true,false,true
96,88,Proliferation,true,false,false
75,102,Proliferation,true,false,false
62,51,Proliferation,true,false,true
79,84,Growth_Arrest,false,true,false
96,91,Proliferation,true,false,false
72,94,Growth_Arrest,false,true,false
88,50,Growth_Arrest,false,true,false
69,64,Proliferation,true,true,false
82,75,Proliferation,true,false,false
79,65,Proliferation,true,false,true
73,105,Proliferation,true,true,true
89,80,Proliferation,true,false,false
57,58,Proliferation,true,false,true
60,83,Proliferation,true,false,false
70,64,Proliferation,true,false,true
83,97,Proliferation,true,false,true
79,54,Growth_Arrest,false,true,false
101,68,Proliferation,true,true,true
69,72,Growth_Arrest,false,false,true
84,102,Proliferation,true,true,true
96,81,Growth_Arrest,false,false,true
71,62,Growth_Arrest,false,true,false
72,76,Growth_Arrest,false,false,true
91,83,Growth_Arrest,false,false,true
88,100,Proliferation,true,true,false
63,61,Proliferation,true,true,false
85,73,Proliferation,true,false,false
55,81,Proliferation,true,true,false
82,76,Growth_Arrest,false,false,true
79,79,Proliferation,true,false,true
87,69,Growth_Arrest,false,false,true
98,61,Proliferation,true,false,true
92,76,Proliferation,true,false,true
82,102,Proliferation,true,true,false
53,73,Proliferation,true,true,true
55,58,Growth_Arrest,false,false,true
59,88,Proliferation,true,false,true
74,57,Proliferation,true,true,false
70,52,Proliferation,true,false,true
69,83,Proliferation,true,false,false
87,83,Proliferation,true,false,true
91,68,Growth_Arrest,false,true,false
79,91,Growth_Arrest,false,true,true
78,56,Proliferation,true,false,false
71,105,Proliferation,true,false,true
77,65,Proliferation,true,true,true
84,68,Proliferation,true,false,true
79,92,Proliferation,true,true,false
78,60,Growth_Arrest,false,false,false
99,61,Growth_Arrest,false,false,true
84,53,Growth_Arrest,false,true,false
95,81,Proliferation,true,true,false
82,80,Growth_Arrest,false,true,false
92,52,Growth_Arrest,false,false,true
91,85,Growth_Arrest,false,false,false
48,63,Proliferation,true,true,false
72,75,Growth_Arrest,false,false,true
60,66,Growth_Arrest,false,false,false
88,62,Proliferation,true,true,false
65,99,Proliferation,true,false,true
73,50,Growth_Arrest,false,true,false
79,60,Proliferation,true,false,false
73,99,Proliferation,true,false,true
80,85,Growth_Arrest,false,true,false
103,64,Growth_Arrest,false,false,false
62,92,Growth_Arrest,false,true,true
92,89,Proliferation,true,false,true
83,77,Proliferation,true,true,false
77,96,Proliferation,true,false,true
78,55,Proliferation,true,false,true
59,62,Proliferation,true,true,false
81,87,Proliferation,true,true,false
79,49,Proliferation,true,false,false
74,97,Growth_Arrest,false,true,true
75,93,Proliferation,true,false,false
75,46,Proliferation,true,true,false
62,96,Proliferation,true,true,false
88,60,Growth_Arrest,false,true,true
90,77,Growth_Arrest,false,true,false
83,67,Proliferation,true,false,false
59,77,Proliferation,true,true,true
72,95,Growth_Arrest,false,true,true
63,101,Growth_Arrest,false,false,false
92,90,Growth_Arrest,false,true,false
89,86,Growth_Arrest,false,false,true
61,67,Proliferation,true,true,true
63,75,Proliferation,true,false,false
91,69,Proliferation,true,true,false
65,65,Proliferation,true,false,true
85,82,Proliferation,true,true,false
56,85,Proliferation,true,false,true
88,78,Proliferation,true,true,true
50,71,Proliferation,true,false,false
82,49,Proliferation,true,false,false
67,84,Growth_Arrest,false,true,true
96,80,Proliferation,true,false,false
104,75,Proliferation,true,false,false
58,70,Proliferation,true,false,false
81,101,Proliferation,true,false,true
75,51,Proliferation,true,true,false
46,72,Proliferation,true,false,true
91,89,Growth_Arrest,false,true,false
81,76,Proliferation,true,false,true
51,55,Proliferation,true,false,true
90,66,Proliferation,true,true,true
78,85,Growth_Arrest,false,false,true
97,76,Growth_Arrest,false,false,true
75,48,Proliferation,true,false,false
62,101,Growth_Arrest,false,true,false
93,84,Proliferation,true,true,false
84,79,Proliferation,true,true,false
83,98,Proliferation,true,true,false
103,79,Proliferation,true,true,false
66,48,Proliferation,true,true,true
105,72,Proliferation,true,false,false
92,50,Growth_Arrest,false,true,true
75,55,Growth_Arrest,false,true,true
60,96,Growth_Arrest,false,true,false
75,67,Growth_Arrest,false,false,false
60,65,Growth_Arrest,false,true,true
90,58,Proliferation,true,true,true
76,85,Proliferation,true,false,true
84,64,Growth_Arrest,false,false,true
83,69,Proliferation,true,false,false
94,83,Proliferation,true,false,false
56,67,Proliferation,true,false,false
72,63,Proliferation,true,true,true
63,47,Growth_Arrest,false,true,true
67,57,Proliferation,true,false,false
54,90,Proliferation,true,true,true
60,60,Proliferation,true,true,true
56,93,Proliferation,true,false,false
51,74,Growth_Arrest,false,false,true
88,53,Proliferation,true,false,true
76,45,Proliferation,true,true,false
99,70,Proliferation,true,false,true
53,89,Proliferation,true,false,true
70,81,Growth_Arrest,false,false,false
76,91,Proliferation,true,false,false
46,80,Proliferation,true,false,true
69,53,Proliferation,true,true,false
65,82,Proliferation,true,false,true
56,72,Proliferation,true,true,true
98,82,Proliferation,true,true,false
46,84,Proliferation,true,false,true
62,53,Proliferation,true,false,false
81,84,Growth_Arrest,false,false,true
73,55,Growth_Arrest,false,false,false
94,88,Growth_Arrest,false,false,true
91,80,Proliferation,true,false,false
93,61,Proliferation,true,false,true
65,76,Proliferation,true,false,true
92,68,Growth_Arrest,false,true,false
55,59,Proliferation,true,false,false
80,71,Growth_Arrest,false,false,true
52,64,Proliferation,true,true,false
85,46,Proliferation,true,false,true
98,92,Proliferation,true,false,false
95,91,Proliferation,true,false,true
53,72,Growth_Arrest,false,true,true
93,66,Proliferation,true,true,true
64,61,Growth_Arrest,false,true,false
67,50,Growth_Arrest,false,false,false
77,91,Growth_Arrest,false,true,true
74,103,Proliferation,true,false,true
50,82,Growth_Arrest,false,true,true
84,74,Proliferation,true,true,false
59,53,Proliferation,true,true,true
76,55,Growth_Arrest,false,true,true
60,59,Growth_Arrest,false,true,true
84,73,Proliferation,true,false,false
52,82,Proliferation,true,true,false
87,68,Proliferation,true,false,false
71,66,Proliferation,true,true,false
59,85,Proliferation,true,true,true
75,82,Proliferation,true,true,false
54,80,Proliferation,true,false,false
67,101,Growth_Arrest,false,false,true
90,52,Proliferation,true,false,true
69,86,Growth_Arrest,false,true,false
94,55,Proliferation,true,false,true
71,85,Proliferation,true,false,false
81,48,Proliferation,true,false,true
60,79,Proliferation,true,false,false
53,53,Proliferation,true,false,false
56,61,Growth_Arrest,false,false,true
57,94,Proliferation,true,false,false
57,54,Proliferation,true,false,false
74,85,Growth_Arrest,false,false,true
91,74,Proliferation,true,false,true
66,76,Growth_Arrest,false,false,false
98,89,Proliferation,true,true,false
69,57,Proliferation,true,false,false
67,79,Proliferation,true,true,false
98,91,Growth_Arrest,false,false,true
88,52,Proliferation,true,true,true
75,44,Growth_Arrest,false,true,false
65,61,Proliferation,true,true,false
77,68,Proliferation,true,true,false
45,68,Growth_Arrest,false,false,false
75,45,Proliferation,true,false,false
97,54,Proliferation,true,true,false
57,98,Proliferation,true,false,true
97,62,Proliferation,true,true,true
95,75,Growth_Arrest,false,true,false
98,74,Proliferation,true,false,true
60,87,Proliferation,true,true,false
61,68,Proliferation,true,true,true
71,56,Proliferation,true,true,false
62,66,Proliferation,true,false,true
58,72,Proliferation,true,true,true
70,61,Proliferation,true,true,true
55,93,Growth_Arrest,false,true,false
49,82,Proliferation,true,false,false
93,93,Growth_Arrest,false,false,true
88,88,Growth_Arrest,false,false,true
51,59,Proliferation,true,false,true
89,76,Proliferation,true,true,true
58,90,Proliferation,true,false,false
58,49,Growth_Arrest,false,true,true
80,79,Growth_Arrest,false,false,false
66,45,Proliferation,true,true,true
77,56,Growth_Arrest,false,false,false
84,93,Proliferation,true,false,true
89,85,Proliferation,true,true,false
90,70,Proliferation,true,false,true
52,71,Proliferation,true,false,true
53,88,Proliferation,true,true,true
85,71,Proliferation,true,true,false
87,88,Growth_Arrest,false,true,true
91,76,Proliferation,true,true,false
92,94,Proliferation,true,false,true
78,47,Proliferation,true,false,true
63,68,Proliferation,true,false,false
88,94,Proliferation,true,true,false
83,49,Proliferation,true,true,false
82,60,Growth_Arrest,false,true,true
89,58,Proliferation,true,false,true
51,88,Proliferation,true,false,false
58,59,Growth_Arrest,false,false,false
94,91,Growth_Arrest,false,false,true
86,76,Proliferation,true,false,true
61,89,Proliferation,true,true,true
80,84,Proliferation,true,true,false
102,69,Growth_Arrest,false,true,true
81,89,Proliferation,true,false,false
70,89,Proliferation,true,false,false
68,85,Proliferation,true,false,true
79,52,Proliferation,true,true,false
62,86,Proliferation,true,true,true
88,59,Growth_Arrest,false,false,false
72,69,Growth_Arrest,false,false,true
78,50,Proliferation,true,true,false
83,93,Proliferation,true,false,true
82,100,Growth_Arrest,false,false,false
55,70,Proliferation,true,false,true
102,71,Growth_Arrest,false,true,false
75,87,Proliferation,true,false,false
99,82,Proliferation,true,false,true
66,85,Proliferation,true,false,false
78,94,Proliferation,true,false,true
100,64,Growth_Arrest,false,false,true
63,73,Growth_Arrest,false,true,false
61,73,Growth_Arrest,false,true,false
64,73,Proliferation,true,true,false
55,72,Proliferation,true,true,true
47,63,Growth_Arrest,false,true,false
94,66,Growth_Arrest,false,true,true
71,69,Proliferation,true,true,true
91,70,Proliferation,true,false,true
45,75,Proliferation,true,true,false
100,78,Proliferation,true,false,true
59,83,Proliferation,true,true,true
75,68,Growth_Arrest,false,false,false
75,72,Proliferation,true,true,true
86,78,Proliferation,true,true,true
85,57,Growth_Arrest,false,true,true
64,93,Proliferation,true,true,true
44,71,Growth_Arrest,false,false,false
58,98,Proliferation,true,false,false
58,88,Proliferation,true,true,true
52,63,Growth_Arrest,false,true,false
85,88,Proliferation,true,true,false
81,70,Proliferation,true,true,false
51,76,Proliferation,true,false,false
104,76,Proliferation,true,true,false
76,49,Growth_Arrest,false,true,false
94,74,Growth_Arrest,false,true,true
83,64,Proliferation,true,false,false
50,64,Proliferation,true,true,false
89,70,Proliferation,true,true,true
47,76,Proliferation,true,true,true
63,102,Growth_Arrest,false,true,true
61,99,Growth_Arrest,false,true,false
72,88,Growth_Arrest,false,false,false
50,86,Growth_Arrest,false,false,false
57,80,Proliferation,true,true,true
60,101,Proliferation,true,true,true
47,79,Growth_Arrest,false,false,true
70,102,Proliferation,true,true,true
54,64,Proliferation,true,false,false
83,90,Growth_Arrest,false,true,false
94,62,Proliferation,true,false,false
74,95,Proliferation,true,false,false
70,103,Proliferation,true,false,true
98,55,Proliferation,true,false,true
95,82,Growth_Arrest,false,false,true
47,71,Proliferation,true,false,true
72,77,Proliferation,true,true,true
89,61,Proliferation,true,true,false
87,89,Growth_Arrest,false,true,true
74,93,Proliferation,true,true,false
52,59,Proliferation,true,false,true
69,99,Proliferation,true,true,true
84,66,Proliferation,true,true,false
61,54,Growth_Arrest,false,true,false
72,51,Proliferation,true,false,true
66,93,Proliferation,true,true,false
100,61,Proliferation,true,true,false
75,99,Growth_Arrest,false,false,false
95,69,Proliferation,true,true,true
81,72,Proliferation,true,true,false
53,84,Proliferation,true,true,true
62,88,Proliferation,true,true,false
73,82,Proliferation,true,true,false
65,62,Proliferation,true,true,true
64,100,Growth_Arrest,false,false,true
82,63,Proliferation,true,false,false
82,64,Proliferation,true,false,true
69,71,Proliferation,true,true,false
72,59,Proliferation,true,false,true
96,54,Proliferation,true,false,true
80,61,Proliferation,true,true,true
96,85,Proliferation,true,true,false
96,82,Growth_Arrest,false,false,true
54,76,Growth_Arrest,false,true,true
80,74,Proliferation,true,false,true
97,73,Proliferation,true,false,true
47,80,Growth_Arrest,false,false,false
68,46,Proliferation,true,true,false
72,102,Proliferation,true,false,true
88,64,Proliferation,true,false,true
75,59,Proliferation,true,false,false
54,68,Proliferation,true,false,false
88,102,Proliferation,true,false,false
70,75,Proliferation,true,false,true
63,70,Growth_Arrest,false,true,false
55,62,Growth_Arrest,false,true,false
94,54,Growth_Arrest,false,true,false
88,87,Proliferation,true,false,false
73,63,Proliferation,true,true,false
50,81,Proliferation,true,false,true
77,82,Proliferation,true,true,false
85,53,Proliferation,true,false,true
51,60,Proliferation,true,true,true
91,52,Proliferation,true,false,false
97,58,Growth_Arrest,false,true,false
70,87,Growth_Arrest,false,false,false
56,87,Proliferation,true,false,false
87,100,Proliferation,true,true,false
59,94,Proliferation,true,true,true
57,92,Proliferation,true,false,true
65,81,Proliferation,true,false,true
67,49,Proliferation,true,true,false
52,95,Proliferation,true,false,true
95,94,Proliferation,true,true,false
82,95,Proliferation,true,false,false
71,89,Proliferation,true,false,true
53,69,Proliferation,true,true,false
64,56,Growth_Arrest,false,true,false
91,59,Growth_Arrest,false,false,false
82,69,Proliferation,true,false,false
80,54,Proliferation,true,false,false
54,78,Proliferation,true,true,false
79,86,Proliferation,true,false,false
70,105,Growth_Arrest,false,false,false
70,104,Growth_Arrest,false,false,true
53,94,Proliferation,true,false,false
67,59,Proliferation,true,false,false
81,103,Proliferation,true,false,false
92,97,Proliferation,true,false,true
88,49,Proliferation,true,false,false
71,90,Growth_Arrest,false,false,true
95,88,Growth_Arrest,false,false,true
85,94,Proliferation,true,true,true
93,77,Proliferation,true,false,true
91,61,Growth_Arrest,false,true,false
66,103,Proliferation,true,false,false
47,78,Growth_Arrest,false,false,true
65,96,Growth_Arrest,false,false,false
70,86,Growth_Arrest,false,false,true
96,61,Proliferation,true,false,true
56,95,Proliferation,true,true,false
91,66,Proliferation,true,false,true
85,89,Proliferation,true,true,true
58,94,Proliferation,true,false,true
77,61,Growth_Arrest,false,false,true
103,83,Proliferation,true,false,false
45,72,Proliferation,true,false,true
77,88,Proliferation,true,true,true
61,93,Proliferation,true,false,false
74,89,Growth_Arrest,false,false,false
61,96,Proliferation,true,false,false
72,80,Growth_Arrest,false,true,false
74,84,Proliferation,true,true,false
51,92,Proliferation,true,false,false
58,69,Proliferation,true,true,true
84,78,Growth_Arrest,false,true,false
86,62,Proliferation,true,false,false
51,69,Proliferation,true,true,false
63,48,Proliferation,true,false,true
69,78,Proliferation,true,true,false
68,47,Proliferation,true,true,false
104,74,Proliferation,true,false,true
82,87,Proliferation,true,true,true
63,74,Proliferation,true,false,false
83,66,Growth_Arrest,false,true,true
68,56,Proliferation,true,false,true
54,60,Growth_Arrest,false,true,false
71,102,Proliferation,true,true,true
104,73,Proliferation,true,false,true
76,101,Growth_Arrest,false,false,false
71,51,Proliferation,true,true,true
58,99,Growth_Arrest,false,true,true
64,98,Proliferation,true,false,true
63,65,Proliferation,true,true,true
103,77,Proliferation,true,true,false
46,75,Proliferation,true,false,false
98,75,Proliferation,true,true,true
67,76,Proliferation,true,false,true
78,59,Growth_Arrest,false,true,true
95,80,Proliferation,true,false,false
59,64,Proliferation,true,true,true
91,56,Proliferation,true,false,true
99,90,Growth_Arrest,false,false,true
57,82,Growth_Arrest,false,false,true
53,66,Proliferation,true,false,true
79,47,Proliferation,true,false,false
83,53,Growth_Arrest,false,true,false
63,66,Proliferation,true,true,false
63,82,Proliferation,true,true,false
92,85,Proliferation,true,false,false
90,80,Proliferation,true,true,true
70,96,Proliferation,true,true,true
67,52,Proliferation,true,false,false
70,78,Proliferation,true,false,false
84,50,Proliferation,true,false,true
99,68,Proliferation,true,true,false
79,71,Proliferation,true,false,true
73,83,Proliferation,true,false,false
69,50,Proliferation,true,false,false
87,64,Proliferation,true,true,false
72,89,Proliferation,true,false,false
99,79,Proliferation,true,false,true
86,95,Proliferation,true,true,true
86,50,Proliferation,true,true,false
64,49,Proliferation,true,false,false
78,70,Growth_Arrest,false,true,false
77,104,Proliferation,true,false,true
75,52,Proliferation,true,true,false
85,76,Proliferation,true,true,false
84,85,Growth_Arrest,false,true,false
90,85,Proliferation,true,true,false
101,77,Proliferation,true,true,true
80,69,Proliferation,true,true,true
93,69,Proliferation,true,false,false
91,81,Proliferation,true,false,false
60,49,Proliferation,true,true,true
55,71,Growth_Arrest,false,true,false
68,94,Proliferation,true,true,false
55,88,Growth_Arrest,false,true,true
79,74,Growth_Arrest,false,true,true
96,70,Proliferation,true,false,false
94,59,Proliferation,true,false,true
77,72,Proliferation,true,true,true
55,64,Proliferation,true,false,true
74,75,Growth_Arrest,false,false,false
99,57,Proliferation,true,true,true
83,52,Growth_Arrest,false,false,true
100,69,Proliferation,true,false,true
66,86,Growth_Arrest,false,true,true
82,77,Proliferation,true,true,false
54,94,Proliferation,true,true,false
90,67,Proliferation,true,false,true
69,97,Proliferation,true,false,false
104,70,Growth_Arrest,false,true,false
94,89,Proliferation,true,false,true
89,60,Proliferation,true,true,true
90,56,Proliferation,true,false,true
71,87,Proliferation,true,false,false
67,58,Proliferation,true,false,false
52,58,Proliferation,true,true,false
58,84,Proliferation,true,false,true
71,64,Growth_Arrest,false,false,false
69,91,Growth_Arrest,false,true,true
47,66,Growth_Arrest,false,false,false
75,60,Growth_Arrest,false,true,false
72,97,Proliferation,true,true,true
76,98,Proliferation,true,true,false
103,63,Growth_Arrest,false,true,false
66,82,Proliferation,true,true,false
68,66,Growth_Arrest,false,false,false
91,96,Proliferation,true,true,false
81,83,Proliferation,true,true,true
52,85,Proliferation,true,false,false
97,68,Proliferation,true,false,false
79,83,Growth_Arrest,false,false,false
66,101,Proliferation,true,false,true
78,49,Proliferation,true,true,true
100,62,Proliferation,true,false,false
97,95,Proliferation,true,true,true
79,78,Proliferation,true,false,true
68,69,Growth_Arrest,false,false,false
60,57,Proliferation,true,true,true
93,78,Proliferation,true,true,false
103,68,Proliferation,true,false,false
51,85,Proliferation,true,true,true
64,71,Growth_Arrest,false,false,false
72,53,Proliferation,true,false,true
66,46,Proliferation,true,false,true
56,89,Proliferation,true,true,false
65,49,Proliferation,true,false,false
100,74,Proliferation,true,true,true
56,60,Proliferation,true,true,true
65,98,Proliferation,true,false,true
89,82,Proliferation,true,false,true
52,93,Proliferation,true,false,false
62,72,Proliferation,true,true,true
53,77,Proliferation,true,true,true
77,53,Proliferation,true,true,true
86,92,Proliferation,true,false,false
70,54,Growth_Arrest,false,false,false
86,58,Proliferation,true,false,true
74,72,Growth_Arrest,false,true,true
88,55,Proliferation,true,false,false
92,73,Proliferation,true,false,false
75,83,Growth_Arrest,false,false,true
90,88,Proliferation,true,true,false
96,94,Proliferation,true,true,false
91,86,Proliferation,true,true,true
60,53,Growth_Arrest,false,false,true
97,74,Proliferation,true,false,true
70,59,Proliferation,true,true,true
58,91,Growth_Arrest,false,false,true
95,66,Proliferation,true,false,false
85,60,Growth_Arrest,false,false,true
69,89,Proliferation,true,false,false
50,75,Proliferation,true,false,true
88,89,Proliferation,true,true,true
95,95,Proliferation,true,true,true
69,67,Proliferation,true,false,true
68,82,Proliferation,true,true,false
97,64,Proliferation,true,true,true
80,93,Growth_Arrest,false,true,true
82,72,Proliferation,true,false,true
95,93,Proliferation,true,true,false
53,82,Proliferation,true,false,false
44,72,Growth_Arrest,false,true,true
52,54,Proliferation,true,false,true
100,82,Proliferation,true,true,true
84,59,Proliferation,true,false,false
74,94,Proliferation,true,false,true
73,89,Proliferation,true,true,false
45,70,Proliferation,true,false,true
88,48,Proliferation,true,true,true
74,48,Proliferation,true,true,true
79,81,Proliferation,true,false,true
101,79,Proliferation,true,true,false
71,100,Growth_Arrest,false,true,false
96,93,Proliferation,true,false,true
56,80,Proliferation,true,false,false
87,61,Growth_Arrest,false,false,true
68,57,Growth_Arrest,false,false,false
75,73,Proliferation,true,false,false
92,74,Proliferation,true,true,true
66,62,Proliferation,true,false,true
92,78,Proliferation,true,true,true
68,71,Proliferation,true,true,false
79,97,Proliferation,true,true,false
60,93,Proliferation,true,false,true
95,53,Proliferation,true,true,false
85,48,Proliferation,true,false,false
82,81,Proliferation,true,true,false
81,45,Growth_Arrest,false,true,true
52,74,Growth_Arrest,false,false,true
75,56,Proliferation,true,false,false
92,56,Growth_Arrest,false,true,true
66,51,Proliferation,true,true,true
46,73,Proliferation,true,true,true
105,71,Proliferation,true,true,true
59,48,Growth_Arrest,false,true,false
57,69,Proliferation,true,true,true
55,60,Proliferation,true,false,false
93,95,Proliferation,true,false,false
69,76,Proliferation,true,true,false
59,72,Proliferation,true,false,true
96,79,Growth_Arrest,false,false,false
94,78,Proliferation,true,false,false
95,55,Proliferation,true,false,true
57,59,Proliferation,true,false,false
83,84,Proliferation,true,false,false
65,46,Growth_Arrest,false,false,true
76,70,Proliferation,true,false,false
69,73,Proliferation,true,true,true
93,81,Growth_Arrest,false,false,true
104,68,Proliferation,true,true,false
90,68,Growth_Arrest,false,true,false
64,47,Proliferation,true,true,true
92,61,Proliferation,true,false,true
85,74,Proliferation,true,true,true
96,58,Growth_Arrest,false,true,false
95,52,Proliferation,true,true,true
76,82,Proliferation,true,true,true
98,66,Proliferation,true,false,false
57,81,Growth_Arrest,false,true,false
57,83,Growth_Arrest,false,true,true
99,81,Growth_Arrest,false,true,false
77,71,Proliferation,true,true,false
62,94,Proliferation,true,true,false
54,75,Growth_Arrest,false,false,true
90,59,Growth_Arrest,false,false,false
89,77,Proliferation,true,true,false
61,59,Proliferation,true,true,false
73,79,Proliferation,true,false,false
93,73,Proliferation,true,true,false
59,69,Proliferation,true,true,false
83,102,Proliferation,true,true,false
61,101,Growth_Arrest,false,true,true
67,65,Growth_Arrest,false,true,true
48,60,Proliferation,true,false,true
80,72,Proliferation,true,false,false
57,62,Growth_Arrest,false,false,true
51,90,Proliferation,true,false,true
63,92,Proliferation,true,true,false
55,69,Proliferation,true,false,true
62,93,Proliferation,true,true,false
47,82,Growth_Arrest,false,false,false
93,97,Proliferation,true,true,true
100,80,Proliferation,true,true,true
56,51,Proliferation,true,false,false
95,92,Proliferation,true,false,false
57,85,Proliferation,true,true,true
80,77,Proliferation,true,true,false
59,99,Proliferation,true,true,false
55,78,Proliferation,true,true,true
97,81,Growth_Arrest,false,false,true
78,61,Growth_Arrest,false,false,true
80,47,Proliferation,true,true,false
82,101,Growth_Arrest,false,false,false
66,92,Proliferation,true,false,true
71,104,Proliferation,true,false,true
98,62,Proliferation,true,true,true
60,64,Proliferation,true,false,true
73,58,Growth_Arrest,false,true,true
85,96,Proliferation,true,false,false
61,69,Proliferation,true,true,false
98,88,Proliferation,true,false,true
93,94,Proliferation,true,true,true
45,83,Proliferation,true,true,true
99,91,Growth_Arrest,false,false,true
67,103,Growth_Arrest,false,true,true
88,57,Proliferation,true,true,true
66,83,Growth_Arrest,false,true,true
68,62,Proliferation,true,true,true
64,92,Proliferation,true,false,false
65,68,Proliferation,true,false,true
68,81,Proliferation,true,false,true
91,91,Growth_Arrest,false,false,false
89,81,Proliferation,true,true,false
80,49,Proliferation,true,true,false
88,66,Growth_Arrest,false,true,true
91,93,Growth_Arrest,false,true,true
94,69,Growth_Arrest,false,false,true
67,87,Growth_Arrest,false,true,true
63,88,Proliferation,true,false,false
55,55,Proliferation,true,true,true
83,74,Proliferation,true,false,true
56,73,Growth_Arrest,false,true,false
77,75,Proliferation,true,false,true
84,49,Proliferation,true,true,true
100,66,Growth_Arrest,false,true,false
95,60,Proliferation,true,true,true
66,88,Proliferation,true,true,false
79,57,Proliferation,true,true,true
74,88,Proliferation,true,false,true
75,71,Proliferation,true,false,false
97,72,Growth_Arrest,false,false,false
78,97,Proliferation,true,false,true
101,60,Proliferation,true,false,true
83,79,Proliferation,true,true,false
54,63,Proliferation,true,true,false
71,95,Growth_Arrest,false,true,false
81,61,Proliferation,true,true,false
96,62,Proliferation,true,false,false
92,64,Proliferation,true,true,true
86,103,Proliferation,true,true,true
89,65,Proliferation,true,false,false
69,102,Growth_Arrest,false,false,true
97,83,Proliferation,true,false,false
97,88,Growth_Arrest,false,true,true
76,104,Growth_Arrest,false,false,false
88,73,Proliferation,true,false,false
80,97,Proliferation,true,true,true
82,57,Proliferation,true,true,true
88,63,Proliferation,true,true,true
62,68,Proliferation,true,true,false
85,90,Proliferation,true,true,false
72,61,Proliferation,true,false,true
74,55,Proliferation,true,true,false
91,72,Growth_Arrest,false,false,true
78,67,Growth_Arrest,false,true,true
48,69,Proliferation,true,false,false
95,63,Growth_Arrest,false,false,false
77,50,Proliferation,true,false,true
59,67,Proliferation,true,false,false
64,66,Proliferation,true,false,false
75,61,Proliferation,true,false,true
72,44,Proliferation,true,true,false
78,88,Proliferation,true,false,false
92,82,Proliferation,true,true,false
82,93,Growth_Arrest,false,true,true
67,82,Growth_Arrest,false,false,false
61,76,Growth_Arrest,false,false,false
74,87,Proliferation,true,false,true
93,86,Proliferation,true,true,true
55,61,Growth_Arrest,false,false,false
49,83,Proliferation,true,true,false
47,84,Proliferation,true,false,false
62,83,Proliferation,true,true,false
94,94,Proliferation,true,false,true
93,70,Proliferation,true,true,false
66,89,Growth_Arrest,false,true,true
83,99,Proliferation,true,true,false
79,82,Growth_Arrest,false,false,false
86,88,Proliferation,true,true,false
59,82,Proliferation,true,false,false
66,80,Growth_Arrest,false,false,true
49,76,Growth_Arrest,false,false,false
68,91,Proliferation,true,false,false
59,49,Proliferation,true,false,false
59,70,Proliferation,true,true,true
52,73,Proliferation,true,true,true
69,65,Proliferation,true,true,true
47,88,Growth_Arrest,false,true,false
58,67,Proliferation,true,true,false
66,84,Growth_Arrest,false,false,true
102,82,Proliferation,true,false,false
52,76,Proliferation,true,true,false
88,99,Growth_Arrest,false,false,false
66,99,Proliferation,true,false,false
49,85,Proliferation,true,false,false
99,85,Growth_Arrest,false,false,false
72,55,Proliferation,true,true,true
92,98,Proliferation,true,true,true
83,73,Proliferation,true,true,true
55,84,Growth_Arrest,false,true,false
62,80,Proliferation,true,false,true
99,92,Growth_Arrest,false,false,false
62,74,Growth_Arrest,false,true,false
101,75,Proliferation,true,true,true
78,74,Growth_Arrest,false,false,false
101,87,Proliferation,true,false,true
98,59,Proliferation,true,true,false
69,74,Growth_Arrest,false,false,true
63,84,Proliferation,true,true,false
52,56,Proliferation,true,true,false
77,64,Proliferation,true,true,false
60,73,Proliferation,true,true,true
88,76,Proliferation,true,false,false
88,70,Proliferation,true,false,false
86,47,Growth_Arrest,false,false,true
84,83,Growth_Arrest,false,false,false
59,87,Proliferation,true,true,true
77,97,Proliferation,true,false,false
73,70,Proliferation,true,false,false
98,68,Growth_Arrest,false,true,false
90,49,Proliferation,true,true,true
81,78,Proliferation,true,true,false
57,93,Proliferation,true,false,true
95,97,Proliferation,true,false,false
77,69,Proliferation,true,true,true
76,81,Proliferation,true,true,false
67,90,Proliferation,true,false,true
69,100,Proliferation,true,false,false
74,91,Proliferation,true,false,false
74,51,Proliferation,true,false,true
96,67,Proliferation,true,true,true
72,47,Growth_Arrest,false,true,true
78,101,Growth_Arrest,false,true,true
70,93,Growth_Arrest,false,false,false
81,50,Growth_Arrest,false,true,false
45,67,Growth_Arrest,false,false,false
65,100,Growth_Arrest,false,false,false
52,90,Proliferation,true,false,true
76,64,Proliferation,true,true,false
68,59,Proliferation,true,false,false
97,65,Proliferation,true,false,false
63,95,Growth_Arrest,false,true,true
58,77,Growth_Arrest,false,false,false
76,88,Proliferation,true,true,false
73,91,Proliferation,true,false,true
54,65,Proliferation,true,true,true
69,77,Proliferation,true,true,false
66,53,Growth_Arrest,false,true,true
67,85,Proliferation,true,true,false
77,44,Proliferation,true,false,false
74,53,Proliferation,true,true,false
71,46,Proliferation,true,true,true
96,64,Proliferation,true,false,true
60,80,Proliferation,true,true,true
47,87,Proliferation,true,true,true
55,52,Proliferation,true,false,true
63,57,Proliferation,true,true,false
53,93,Growth_Arrest,false,false,true
96,72,Proliferation,true,false,true
94,60,Proliferation,true,true,false
63,97,Proliferation,true,true,true
78,76,Proliferation,true,true,false
64,86,Proliferation,true,true,false
73,71,Growth_Arrest,false,true,false
61,77,Growth_Arrest,false,false,true
92,54,Growth_Arrest,false,false,true
56,79,Proliferation,true,false,true
62,70,Proliferation,true,true,true
93,79,Proliferation,true,true,true
68,60,Growth_Arrest,false,false,false
54,73,Growth_Arrest,false,false,false
102,68,Proliferation,true,false,false
60,72,Proliferation,true,false,true
72,70,Proliferation,true,false,true
85,49,Growth_Arrest,false,false,true
83,76,Growth_Arrest,false,false,true
58,87,Growth_Arrest,false,false,false
58,71,Proliferation,true,false,false
98,70,Growth_Arrest,false,false,true
80,81,Proliferation,true,true,true
47,72,Proliferation,true,true,true
79,87,Proliferation,true,true,true
72,71,Proliferation,true,true,false
80,63,Proliferation,true,false,true
52,88,Proliferation,true,true,false
86,48,Proliferation,true,false,false
67,72,Proliferation,true,true,false
74,99,Proliferation,true,true,false
79,99,Proliferation,true,true,true
60,92,Proliferation,true,false,false
102,70,Proliferation,true,true,true
103,82,Proliferation,true,true,true
94,84,Proliferation,true,false,true
62,98,Proliferation,true,true,false
92,88,Proliferation,true,false,true
53,56,Proliferation,true,false,false
84,97,Proliferation,true,true,true
93,82,Growth_Arrest,false,false,false
62,87,Growth_Arrest,false,false,false
90,96,Proliferation,true,true,true
70,46,Growth_Arrest,false,false,false
49,87,Proliferation,true,false,true
50,85,Proliferation,true,true,false
81,57,Growth_Arrest,false,true,true
101,69,Growth_Arrest,false,false,false
66,87,Growth_Arrest,false,false,false
71,86,Proliferation,true,true,true
76,102,Proliferation,true,true,false
59,76,Proliferation,true,true,true
45,69,Growth_Arrest,false,true,true
79,93,Proliferation,true,false,false
96,83,Growth_Arrest,false,false,true
51,78,Proliferation,true,false,false
57,87,Proliferation,true,false,false
76,56,Proliferation,true,true,true
60,67,Growth_Arrest,false,true,true
66,95,Growth_Arrest,false,false,true
84,54,Proliferation,true,true,false
66,63,Proliferation,true,true,false
65,91,Proliferation,true,true,true
65,66,Proliferation,true,false,true
73,103,Proliferation,true,true,false
72,96,Proliferation,true,false,true
85,100,Growth_Arrest,false,true,false
53,83,Growth_Arrest,false,true,true
79,100,Growth_Arrest,false,true,true
82,61,Proliferation,true,true,false
55,75,Proliferation,true,true,true
71,68,Proliferation,true,false,false
77,48,Proliferation,true,true,false
60,74,Growth_Arrest,false,false,false
77,78,Proliferation,true,true,false
48,65,Growth_Arrest,false,false,false
55,54,Proliferation,true,true,false
54,82,Proliferation,true,false,false
75,50,Proliferation,true,false,false
81,98,Growth_Arrest,false,false,true
87,91,Proliferation,true,false,true
76,59,Growth_Arrest,false,false,false
88,58,Proliferation,true,true,true
95,72,Growth_Arrest,false,false,true
69,63,Proliferation,true,false,true
87,50,Proliferation,true,false,true
51,73,Proliferation,true,true,false
90,98,Growth_Arrest,false,true,true
81,80,Proliferation,true,false,true
84,75,Proliferation,true,true,false
48,86,Proliferation,true,true,true
71,83,Proliferation,true,true,true
92,77,Proliferation,true,true,true
45,79,Proliferation,true,false,false
60,89,Proliferation,true,true,false
77,101,Proliferation,true,true,true
89,101,Proliferation,true,false,true
64,74,Proliferation,true,false,true
91,100,Proliferation,true,true,false
66,66,Proliferation,true,true,true
76,73,Growth_Arrest,false,false,true
68,74,Proliferation,true,false,false
72,103,Growth_Arrest,false,false,true
92,67,Proliferation,true,false,false
73,93,Growth_Arrest,false,true,true
81,67,Growth_Arrest,false,true,false
46,68,Proliferation,true,false,true
61,47,Proliferation,true,false,true
57,51,Proliferation,true,true,false
66,54,Proliferation,true,true,false
77,94,Proliferation,true,true,false
90,97,Growth_Arrest,false,false,true
79,46,Proliferation,true,false,false
49,74,Growth_Arrest,false,true,false
90,63,Proliferation,true,false,true
56,78,Proliferation,true,false,false
60,54,Proliferation,true,true,true
55,76,Growth_Arrest,false,true,false
62,48,Proliferation,true,false,false
62,76,Proliferation,true,false,false
58,63,Proliferation,true,false,false
59,98,Proliferation,true,false,false
105,77,Proliferation,true,false,false
73,68,Proliferation,true,true,false
100,58,Growth_Arrest,false,true,false
87,51,Proliferation,true,true,false
73,81,Proliferation,true,false,false
44,75,Proliferation,true,true,true
70,53,Proliferation,true,true,false
82,53,Growth_Arrest,false,true,true
73,96,Proliferation,true,true,false
60,81,Proliferation,true,false,true
99,60,Growth_Arrest,false,true,true
73,76,Growth_Arrest,false,false,true
59,81,Growth_Arrest,false,true,true
48,72,Proliferation,true,true,true
83,45,Growth_Arrest,false,true,true
79,88,Proliferation,true,false,true
68,95,Proliferation,true,true,false
45,80,Growth_Arrest,false,false,false
101,82,Growth_Arrest,false,true,false
80,92,Proliferation,true,false,false
66,74,Proliferation,true,true,false
50,70,Growth_Arrest,false,true,true
78,44,Proliferation,true,false,false
69,69,Growth_Arrest,false,false,false
58,100,Proliferation,true,true,true
65,57,Proliferation,true,true,true
49,70,Proliferation,true,false,true
82,48,Proliferation,true,true,false
64,83,Proliferation,true,false,false
47,85,Proliferation,true,false,false
65,60,Proliferation,true,false,true
97,57,Proliferation,true,true,false
89,69,Proliferation,true,true,false
54,92,Proliferation,true,false,true
69,84,Proliferation,true,false,true
57,76,Growth_Arrest,false,true,true
82,97,Proliferation,true,true,false
88,83,Proliferation,true,false,false
59,52,Proliferation,true,true,false
96,74,Proliferation,true,true,true
68,58,Proliferation,true,true,true
73,54,Proliferation,true,false,true
59,101,Proliferation,true,false,false
57,60,Growth_Arrest,false,true,false
56,91,Growth_Arrest,false,true,false
103,65,Proliferation,true,true,false
81,90,Proliferation,true,true,true
61,74,Proliferation,true,false,false
89,73,Growth_Arrest,false,true,false
52,72,Proliferation,true,false,true
78,71,Growth_Arrest,false,false,false
71,72,Growth_Arrest,false,true,false
72,73,Growth_Arrest,false,true,true
95,87,Growth_Arrest,false,true,false
73,98,Growth_Arrest,false,false,false
101,59,Proliferation,true,false,false
74,79,Proliferation,true,true,true
95,77,Growth_Arrest,false,false,true
68,63,Proliferation,true,false,true
65,83,Proliferation,true,true,true
96,71,Growth_Arrest,false,false,false
55,90,Proliferation,true,true,true
60,95,Proliferation,true,true,true
49,91,Proliferation,true,true,true
67,78,Proliferation,true,false,true
83,65,Growth_Arrest,false,false,true
57,57,Proliferation,true,true,false
98,85,Proliferation,true,true,true
46,65,Proliferation,true,false,false
66,94,Proliferation,true,true,false
93,65,Growth_Arrest,false,false,true
51,81,Proliferation,true,false,false
65,102,Proliferation,true,false,false
48,78,Growth_Arrest,false,true,true
88,72,Growth_Arrest,false,true,false
66,104,Growth_Arrest,false,false,true
77,79,Proliferation,true,true,false
81,55,Proliferation,true,false,false
97,84,Growth_Arrest,false,true,true
46,63,Proliferation,true,false,false
100,81,Proliferation,true,true,true
80,102,Growth_Arrest,false,true,false
63,91,Proliferation,true,true,false
67,54,Growth_Arrest,false,false,false
78,95,Proliferation,true,true,false
87,94,Proliferation,true,true,true
97,63,Proliferation,true,false,false
93,55,Proliferation,true,false,true
97,60,Growth_Arrest,false,false,true
58,61,Proliferation,true,false,true
87,97,Proliferation,true,true,true
80,51,Proliferation,true,true,true
88,92,Growth_Arrest,false,true,true
103,70,Proliferation,true,true,true
70,50,Growth_Arrest,false,true,false
69,94,Proliferation,true,true,false
66,64,Proliferation,true,true,false
64,103,Growth_Arrest,false,false,true
74,73,Proliferation,true,false,false
61,98,Proliferation,true,false,false
100,86,Proliferation,true,true,false
71,60,Proliferation,true,true,false
45,81,Proliferation,true,true,false
94,56,Proliferation,true,false,true
57,74,Growth_Arrest,false,true,false
82,103,Growth_Arrest,false,false,false
86,85,Proliferation,true,true,true
90,90,Proliferation,true,false,true
87,66,Proliferation,true,false,true
65,70,Proliferation,true,false,true
54,70,Proliferation,true,true,false
84,69,Proliferation,true,false,true
83,58,Proliferation,true,false,true
91,49,Proliferation,true,true,false
75,54,Growth_Arrest,false,false,false
73,69,Growth_Arrest,false,true,false
76,46,Growth_Arrest,false,false,false
58,80,Proliferation,true,true,true
101,89,Proliferation,true,false,false
84,88,Proliferation,true,false,false
80,100,Growth_Arrest,false,false,false
84,91,Proliferation,true,true,false
95,73,Growth_Arrest,false,false,true
95,56,Proliferation,true,true,true
93,58,Proliferation,true,false,true
87,70,Proliferation,true,true,true
67,69,Growth_Arrest,false,true,true
