# origin=center, cell_size_um=20.0, domain_size_um=3000.0, description="Spheroid pattern with 8000 cells"
x,y,phenotype,gene_Proliferation,gene_glycoATP,gene_mitoATP
-35,-26,Proliferation,true,true,true
-19,-16,Proliferation,true,true,true
2,-24,Proliferation,true,false,true
36,-1,Proliferation,true,true,false
6,-26,Growth_Arrest,false,false,false
7,32,Proliferation,true,false,false
7,-33,Proliferation,true,true,true
-15,44,Growth_Arrest,false,true,false
21,43,Growth_Arrest,false,false,false
-50,2,Proliferation,true,false,true
13,-32,Growth_Arrest,false,false,true
36,3,Proliferation,true,true,false
38,-25,Proliferation,true,false,false
-11,10,Growth_Arrest,false,true,false
48,-8,Growth_Arrest,false,true,false
33,-22,Proliferation,true,false,false
15,-20,Proliferation,true,false,true
6,25,Growth_Arrest,false,false,true
-13,-49,Proliferation,true,false,true
22,-9,Proliferation,true,false,true
-6,0,Growth_Arrest,false,true,false
-15,-25,Proliferation,true,true,false
-15,-16,Proliferation,true,false,true
-15,-4,Proliferation,true,false,true
-13,35,Proliferation,true,false,false
11,0,Growth_Arrest,false,false,true
0,45,Proliferation,true,false,false
-14,-23,Proliferation,true,true,true
-1,38,Proliferation,true,false,false
12,-17,Growth_Arrest,false,true,false
-35,1,Growth_Arrest,false,true,true
15,44,Proliferation,true,false,true
-6,23,Proliferation,true,false,false
20,-13,Growth_Arrest,false,false,true
-43,-12,Growth_Arrest,false,false,false
42,17,Growth_Arrest,false,true,false
-26,-2,Growth_Arrest,false,false,false
-20,-39,Proliferation,true,true,false
13,-45,Proliferation,true,false,true
13,-30,Proliferation,true,false,false
2,-47,Proliferation,true,false,true
-5,42,Proliferation,true,false,false
-1,-50,Proliferation,true,false,true
2,-15,Growth_Arrest,false,true,false
-36,-10,Proliferation,true,false,true
-44,20,Proliferation,true,false,true
3,-50,Growth_Arrest,false,true,true
32,-38,Proliferation,true,true,true
-30,-31,Growth_Arrest,false,true,false
42,16,Proliferation,true,false,true
-2,36,Growth_Arrest,false,false,false
-4,16,Growth_Arrest,false,true,false
-47,10,Proliferation,true,true,true
35,14,Proliferation,true,true,false
-29,-34,Growth_Arrest,false,false,false
-5,40,Proliferation,true,false,true
34,26,Growth_Arrest,false,true,false
-14,-19,Proliferation,true,false,true
10,-46,Proliferation,true,false,false
-28,31,Proliferation,true,false,true
-2,-32,Growth_Arrest,false,true,true
18,26,Proliferation,true,true,true
-23,28,Proliferation,true,true,false
-35,9,Proliferation,true,false,true
6,-29,Proliferation,true,true,true
24,-8,Proliferation,true,false,false
44,-22,Proliferation,true,false,true
34,29,Growth_Arrest,false,false,true
-7,27,Proliferation,true,true,true
-22,6,Growth_Arrest,false,true,true
4,34,Growth_Arrest,false,true,false
3,-46,Growth_Arrest,false,true,true
1,-19,Proliferation,true,false,true
27,21,Proliferation,true,false,false
12,-41,Growth_Arrest,false,true,true
-40,-6,Proliferation,true,true,false
-39,23,Proliferation,true,true,true
21,-29,Proliferation,true,false,false
-17,24,Proliferation,true,false,false
7,21,Growth_Arrest,false,true,true
-16,-30,Proliferation,true,false,true
9,-32,Proliferation,true,true,true
-7,40,Proliferation,true,false,true
-16,34,Growth_Arrest,false,true,false
24,31,Growth_Arrest,false,false,true
30,7,Growth_Arrest,false,false,false
-13,29,Proliferation,true,true,true
-13,-7,Growth_Arrest,false,false,true
19,32,Proliferation,true,true,false
-43,-2,Growth_Arrest,false,false,true
-18,2,Proliferation,true,true,false
28,-23,Proliferation,true,false,true
3,-10,Proliferation,true,false,false
26,-12,Proliferation,true,false,false
20,20,Proliferation,true,false,false
-12,29,Growth_Arrest,false,true,true
4,-10,Proliferation,true,true,true
41,-18,Proliferation,true,false,false
11,-24,Proliferation,true,true,true
-13,44,Proliferation,true,false,false
19,45,Growth_Arrest,false,true,true
-5,49,Proliferation,true,true,false
-7,-15,Growth_Arrest,false,false,true
16,40,Proliferation,true,false,false
-38,31,Proliferation,true,true,false
27,-3,Growth_Arrest,false,true,true
-11,-1,Proliferation,true,true,true
-5,-2,Proliferation,true,false,true
9,42,Proliferation,true,false,true
-5,-35,Growth_Arrest,false,true,false
16,-36,Proliferation,true,true,true
-11,-48,Proliferation,true,true,false
-19,-29,Proliferation,true,true,false
-9,22,Proliferation,true,false,true
-32,24,Growth_Arrest,false,true,false
15,38,Proliferation,true,true,true
0,-26,Growth_Arrest,false,false,false
-30,10,Growth_Arrest,false,true,false
10,17,Proliferation,true,true,false
26,-4,Proliferation,true,false,false
-6,-36,Proliferation,true,false,true
5,-6,Growth_Arrest,false,true,true
-27,-39,Proliferation,true,false,true
44,-14,Proliferation,true,false,false
7,-5,Growth_Arrest,false,true,true
22,-28,Growth_Arrest,false,true,false
29,-39,Proliferation,true,true,false
-10,23,Growth_Arrest,false,true,false
-19,41,Proliferation,true,true,true
10,-11,Growth_Arrest,false,true,true
-32,-23,Proliferation,true,true,false
-39,-17,Proliferation,true,true,true
26,24,Proliferation,true,true,false
3,-26,Proliferation,true,true,false
-30,29,Growth_Arrest,false,true,false
-6,4,Proliferation,true,false,false
-20,-14,Growth_Arrest,false,true,true
-48,1,Proliferation,true,true,true
15,-14,Growth_Arrest,false,true,false
-3,-3,Proliferation,true,false,false
8,23,Proliferation,true,false,false
35,34,Growth_Arrest,false,true,true
6,33,Proliferation,true,false,true
4,-37,Proliferation,true,false,false
-29,14,Proliferation,true,true,true
10,-26,Growth_Arrest,false,false,true
-14,-7,Proliferation,true,false,true
-8,-24,Growth_Arrest,false,true,true
9,46,Proliferation,true,false,true
-30,27,Proliferation,true,true,false
14,4,Proliferation,true,true,true
3,48,Proliferation,true,false,true
34,17,Proliferation,true,false,true
-1,41,Proliferation,true,true,true
-21,-12,Growth_Arrest,false,true,false
30,38,Proliferation,true,true,false
4,37,Proliferation,true,true,false
6,-38,Proliferation,true,true,true
-16,-17,Proliferation,true,false,false
17,33,Proliferation,true,true,false
7,14,Proliferation,true,false,false
-41,20,Proliferation,true,true,false
18,-44,Proliferation,true,false,true
-26,-8,Growth_Arrest,false,true,true
10,26,Proliferation,true,false,false
-11,-29,Growth_Arrest,false,true,false
15,22,Growth_Arrest,false,true,true
11,45,Growth_Arrest,false,true,false
36,9,Proliferation,true,false,false
8,-6,Proliferation,true,false,false
45,19,Proliferation,true,true,true
-14,-4,Proliferation,true,true,false
37,-28,Proliferation,true,true,false
-32,3,Growth_Arrest,false,false,false
0,46,Proliferation,true,true,true
30,-32,Proliferation,true,true,false
-28,-29,Proliferation,true,true,true
-30,17,Growth_Arrest,false,true,false
46,11,Proliferation,true,false,false
22,-6,Proliferation,true,true,false
-45,2,Proliferation,true,false,true
8,-41,Proliferation,true,true,false
13,42,Growth_Arrest,false,false,true
13,-22,Proliferation,true,true,false
40,-29,Growth_Arrest,false,true,true
28,-3,Proliferation,true,false,true
-49,-1,Proliferation,true,true,true
15,31,Growth_Arrest,false,false,false
27,-30,Proliferation,true,false,true
46,-5,Proliferation,true,false,true
-16,28,Proliferation,true,false,false
-35,18,Proliferation,true,false,false
35,11,Growth_Arrest,false,false,false
36,-11,Growth_Arrest,false,true,false
-30,16,Growth_Arrest,false,false,true
10,-16,Growth_Arrest,false,true,true
-17,43,Proliferation,true,true,false
4,-26,Proliferation,true,true,true
-32,8,Proliferation,true,false,false
-30,28,Proliferation,true,true,false
-16,6,Proliferation,true,false,true
-3,41,Growth_Arrest,false,false,false
2,-2,Growth_Arrest,false,true,false
15,-28,Proliferation,true,false,true
-28,-30,Proliferation,true,true,true
4,23,Growth_Arrest,false,true,false
15,-7,Growth_Arrest,false,true,true
13,-10,Proliferation,true,false,false
37,-6,Proliferation,true,false,true
-36,4,Growth_Arrest,false,false,true
-1,-31,Proliferation,true,true,true
-45,5,Proliferation,true,false,false
-17,36,Growth_Arrest,false,false,false
32,-37,Proliferation,true,false,false
-41,-23,Growth_Arrest,false,true,true
-13,15,Growth_Arrest,false,true,true
-13,-44,Proliferation,true,false,true
-6,-47,Proliferation,true,false,true
-2,27,Proliferation,true,false,false
12,34,Growth_Arrest,false,true,false
28,22,Proliferation,true,false,true
34,22,Growth_Arrest,false,false,true
-14,-38,Growth_Arrest,false,false,true
-36,-5,Growth_Arrest,false,true,false
-14,0,Growth_Arrest,false,false,false
-12,-39,Growth_Arrest,false,false,false
-23,0,Proliferation,true,true,false
14,10,Growth_Arrest,false,false,true
17,-24,Proliferation,true,true,true
38,16,Proliferation,true,true,false
-27,16,Proliferation,true,true,true
-13,-3,Proliferation,true,false,true
11,47,Growth_Arrest,false,true,true
-20,19,Proliferation,true,true,true
-31,27,Proliferation,true,false,true
-41,-8,Proliferation,true,false,false
-35,31,Proliferation,true,true,false
-33,-29,Proliferation,true,true,false
-30,-14,Proliferation,true,false,false
42,-4,Proliferation,true,true,false
34,-30,Proliferation,true,true,false
-25,16,Growth_Arrest,false,true,true
-26,1,Proliferation,true,false,true
28,-42,Growth_Arrest,false,false,false
31,-5,Growth_Arrest,false,false,false
-34,-20,Proliferation,true,true,false
-32,-14,Proliferation,true,false,true
-21,-36,Growth_Arrest,false,true,false
25,-8,Growth_Arrest,false,true,true
43,-13,Proliferation,true,false,false
32,-23,Growth_Arrest,false,false,false
23,30,Growth_Arrest,false,false,false
29,16,Growth_Arrest,false,true,true
34,-33,Proliferation,true,true,true
27,31,Proliferation,true,false,true
29,-5,Proliferation,true,false,true
-29,23,Proliferation,true,true,true
20,0,Proliferation,true,true,false
-26,-43,Growth_Arrest,false,false,true
-3,-47,Proliferation,true,false,true
-4,4,Proliferation,true,true,false
-6,26,Proliferation,true,true,false
24,-39,Growth_Arrest,false,false,true
27,41,Proliferation,true,false,false
-38,28,Proliferation,true,true,false
-33,29,Growth_Arrest,false,false,true
-7,3,Growth_Arrest,false,false,true
17,-11,Growth_Arrest,false,true,false
-40,-20,Proliferation,true,false,false
34,-35,Proliferation,true,true,true
-29,-10,Growth_Arrest,false,true,false
47,-15,Proliferation,true,true,true
38,21,Growth_Arrest,false,false,true
31,19,Proliferation,true,true,true
16,-47,Proliferation,true,true,true
32,-10,Proliferation,true,true,false
19,-19,Proliferation,true,true,false
20,-41,Proliferation,true,false,false
-25,19,Proliferation,true,false,true
-4,-4,Proliferation,true,true,true
-10,31,Growth_Arrest,false,true,false
16,32,Growth_Arrest,false,false,false
28,-19,Proliferation,true,true,true
-3,26,Proliferation,true,false,false
35,3,Proliferation,true,true,true
-8,27,Growth_Arrest,false,false,false
-25,-19,Proliferation,true,false,true
-22,-33,Growth_Arrest,false,false,false
43,9,Proliferation,true,false,true
-30,39,Proliferation,true,true,false
-3,-1,Proliferation,true,false,false
40,-5,Growth_Arrest,false,true,false
-32,-18,Growth_Arrest,false,false,true
-9,42,Proliferation,true,true,false
12,27,Proliferation,true,true,true
37,-24,Growth_Arrest,false,true,true
34,-28,Proliferation,true,true,true
-14,22,Proliferation,true,false,true
14,47,Proliferation,true,false,false
37,-29,Growth_Arrest,false,false,false
-36,-26,Growth_Arrest,false,true,true
17,-37,Proliferation,true,false,true
11,-36,Growth_Arrest,false,true,false
-27,-34,Proliferation,true,false,true
-48,16,Growth_Arrest,false,true,false
-21,24,Proliferation,true,false,true
15,-34,Growth_Arrest,false,true,false
43,-20,Proliferation,true,true,false
48,-10,Growth_Arrest,false,false,true
-12,24,Proliferation,true,true,false
23,-34,Proliferation,true,true,true
-28,26,Proliferation,true,false,true
39,16,Proliferation,true,true,false
-8,40,Growth_Arrest,false,true,true
4,16,Proliferation,true,false,true
10,-14,Proliferation,true,true,true
-13,-11,Proliferation,true,true,false
-4,-25,Proliferation,true,false,true
-40,24,Proliferation,true,true,true
-7,-44,Proliferation,true,false,true
7,-11,Proliferation,true,true,false
18,-10,Proliferation,true,false,true
-36,-7,Proliferation,true,true,false
14,34,Proliferation,true,false,false
26,25,Growth_Arrest,false,true,true
-7,11,Proliferation,true,true,true
-27,4,Proliferation,true,false,false
8,22,Proliferation,true,false,false
24,24,Proliferation,true,true,false
-29,4,Growth_Arrest,false,false,false
3,46,Proliferation,true,true,false
29,30,Proliferation,true,false,false
36,24,Growth_Arrest,false,false,true
-15,-36,Proliferation,true,false,false
-10,24,Proliferation,true,false,false
-3,36,Proliferation,true,false,true
13,-40,Growth_Arrest,false,false,false
25,1,Growth_Arrest,false,true,true
17,-2,Proliferation,true,true,false
33,33,Proliferation,true,false,true
24,-13,Proliferation,true,true,false
-19,-36,Growth_Arrest,false,false,true
44,-16,Proliferation,true,false,false
43,12,Proliferation,true,true,true
7,5,Proliferation,true,false,false
43,-19,Proliferation,true,true,false
45,7,Proliferation,true,true,true
20,4,Proliferation,true,true,true
-42,-7,Proliferation,true,true,true
37,-17,Proliferation,true,false,false
-19,31,Proliferation,true,false,true
15,-24,Proliferation,true,true,true
-23,38,Growth_Arrest,false,true,true
14,-28,Proliferation,true,true,true
7,29,Proliferation,true,false,false
-27,-40,Proliferation,true,true,false
-26,13,Proliferation,true,false,false
11,-10,Proliferation,true,false,true
26,-10,Proliferation,true,true,true
16,-45,Proliferation,true,true,true
20,9,Proliferation,true,false,true
32,-27,Proliferation,true,false,true
-23,-11,Proliferation,true,false,true
13,24,Proliferation,true,true,true
-22,-30,Proliferation,true,true,false
-32,5,Proliferation,true,true,false
9,-4,Growth_Arrest,false,false,true
38,19,Proliferation,true,true,true
3,-39,Proliferation,true,false,true
30,-29,Proliferation,true,true,true
37,-18,Proliferation,true,true,true
-39,-5,Proliferation,true,false,true
23,19,Proliferation,true,true,false
4,36,Growth_Arrest,false,false,false
-9,-18,Proliferation,true,true,false
-23,13,Growth_Arrest,false,false,true
0,32,Proliferation,true,false,true
-34,-10,Proliferation,true,true,true
42,0,Growth_Arrest,false,true,false
-26,5,Growth_Arrest,false,true,false
5,-5,Proliferation,true,false,true
23,29,Proliferation,true,false,true
-23,3,Proliferation,true,false,false
5,-16,Proliferation,true,false,true
-3,34,Proliferation,true,true,false
6,9,Proliferation,true,false,true
-1,-24,Proliferation,true,false,false
-45,6,Growth_Arrest,false,true,false
-31,-18,Proliferation,true,true,false
-1,49,Proliferation,true,false,false
-35,-12,Proliferation,true,true,false
2,32,Proliferation,true,false,false
13,-29,Growth_Arrest,false,true,false
7,-12,Proliferation,true,true,false
24,33,Proliferation,true,true,true
1,31,Growth_Arrest,false,true,true
4,-27,Proliferation,true,true,true
-24,-20,Growth_Arrest,false,false,false
6,-25,Growth_Arrest,false,false,true
-14,-29,Growth_Arrest,false,false,true
-35,-24,Proliferation,true,true,false
7,-40,Proliferation,true,false,false
-6,-34,Growth_Arrest,false,true,false
-46,-17,Proliferation,true,false,true
-48,2,Proliferation,true,false,false
-2,-37,Proliferation,true,false,false
22,-2,Proliferation,true,false,false
-43,26,Growth_Arrest,false,true,true
-30,1,Proliferation,true,false,false
-40,-29,Proliferation,true,true,true
-8,-11,Proliferation,true,false,false
24,10,Proliferation,true,true,false
26,41,Growth_Arrest,false,false,false
-11,43,Growth_Arrest,false,false,false
-22,-2,Proliferation,true,true,false
-50,4,Proliferation,true,true,false
-43,-17,Growth_Arrest,false,false,true
-31,1,Proliferation,true,true,false
-26,3,Growth_Arrest,false,false,true
36,-7,Growth_Arrest,false,true,true
-38,9,Proliferation,true,true,false
-42,-18,Proliferation,true,false,true
39,7,Proliferation,true,false,true
-17,25,Proliferation,true,true,true
10,5,Proliferation,true,true,false
4,-49,Growth_Arrest,false,false,true
12,41,Growth_Arrest,false,true,false
-24,29,Proliferation,true,false,false
-19,-37,Proliferation,true,true,true
23,35,Proliferation,true,false,false
-31,-20,Proliferation,true,false,false
34,-13,Proliferation,true,true,false
-21,7,Proliferation,true,true,true
4,-34,Proliferation,true,true,false
-24,-6,Proliferation,true,false,false
16,-4,Proliferation,true,false,false
20,-9,Proliferation,true,false,false
13,0,Growth_Arrest,false,true,true
-39,9,Growth_Arrest,false,true,false
-11,32,Proliferation,true,false,false
46,-16,Proliferation,true,false,false
-14,-17,Proliferation,true,true,true
-28,-11,Growth_Arrest,false,false,true
17,-23,Proliferation,true,true,true
16,9,Proliferation,true,false,true
15,-23,Proliferation,true,false,false
-37,-9,Proliferation,true,false,false
5,-49,Proliferation,true,true,false
-22,45,Growth_Arrest,false,false,true
26,4,Proliferation,true,true,true
-28,0,Proliferation,true,true,false
-3,48,Growth_Arrest,false,false,true
-2,14,Proliferation,true,true,false
-45,3,Proliferation,true,false,false
-48,-10,Proliferation,true,true,true
-14,39,Growth_Arrest,false,true,true
25,19,Proliferation,true,true,false
-9,8,Proliferation,true,true,false
-37,-33,Proliferation,true,true,true
-11,17,Proliferation,true,false,true
38,-3,Proliferation,true,true,true
-23,-39,Proliferation,true,true,true
18,-3,Growth_Arrest,false,true,true
-24,-45,Proliferation,true,false,false
16,15,Proliferation,true,true,false
36,-13,Proliferation,true,true,false
-27,-8,Growth_Arrest,false,true,true
-2,30,Growth_Arrest,false,false,false
10,8,Growth_Arrest,false,true,false
34,21,Proliferation,true,false,true
-14,-40,Growth_Arrest,false,true,false
-33,37,Growth_Arrest,false,true,true
-16,-37,Growth_Arrest,false,true,true
10,-19,Growth_Arrest,false,false,false
44,-12,Proliferation,true,true,false
-31,-25,Proliferation,true,true,true
29,-32,Growth_Arrest,false,true,false
-22,29,Proliferation,true,true,true
30,29,Proliferation,true,true,false
9,22,Proliferation,true,false,false
-3,-22,Growth_Arrest,false,false,true
-14,-2,Growth_Arrest,false,true,true
4,-33,Proliferation,true,false,false
-4,-2,Growth_Arrest,false,true,false
2,3,Growth_Arrest,false,true,false
22,-4,Proliferation,true,true,false
26,-14,Growth_Arrest,false,true,false
-46,9,Growth_Arrest,false,true,false
42,12,Proliferation,true,true,false
-20,-34,Proliferation,true,false,false
25,-30,Growth_Arrest,false,false,false
34,-27,Proliferation,true,true,true
26,15,Growth_Arrest,false,true,false
11,5,Growth_Arrest,false,false,true
6,45,Proliferation,true,true,true
16,3,Proliferation,true,false,false
-33,-4,Proliferation,true,false,true
27,37,Proliferation,true,false,false
-34,29,Proliferation,true,true,false
-2,40,Growth_Arrest,false,false,true
-13,-42,Growth_Arrest,false,true,true
15,-48,Proliferation,true,true,true
-14,-25,Proliferation,true,true,false
8,-48,Proliferation,true,true,true
-20,29,Growth_Arrest,false,false,true
-3,-35,Proliferation,true,true,false
-17,28,Growth_Arrest,false,true,false
46,-18,Growth_Arrest,false,true,false
5,-44,Proliferation,true,false,false
-8,-42,Proliferation,true,false,true
37,27,Growth_Arrest,false,true,true
-43,15,Growth_Arrest,false,true,true
6,-28,Proliferation,true,true,true
-9,15,Proliferation,true,false,true
-14,-13,Proliferation,true,true,false
-6,8,Proliferation,true,true,false
-19,26,Proliferation,true,false,false
-2,-8,Growth_Arrest,false,false,true
2,7,Growth_Arrest,false,true,false
3,0,Growth_Arrest,false,false,false
-7,-25,Growth_Arrest,false,true,false
-40,10,Proliferation,true,false,true
21,21,Growth_Arrest,false,false,true
-10,39,Proliferation,true,true,false
-24,-30,Growth_Arrest,false,true,false
12,-20,Proliferation,true,true,false
-39,13,Proliferation,true,true,true
4,8,Proliferation,true,true,true
-34,22,Proliferation,true,false,false
-5,4,Proliferation,true,true,false
-17,-29,Growth_Arrest,false,false,true
10,-4,Growth_Arrest,false,true,false
-31,15,Growth_Arrest,false,true,true
-40,-18,Proliferation,true,false,false
-40,6,Proliferation,true,true,true
31,26,Growth_Arrest,false,false,false
36,-10,Proliferation,true,false,true
6,10,Proliferation,true,true,true
2,-42,Proliferation,true,true,false
42,1,Growth_Arrest,false,false,false
37,11,Proliferation,true,false,false
38,6,Proliferation,true,true,true
3,-14,Proliferation,true,false,true
-16,13,Growth_Arrest,false,true,true
15,40,Growth_Arrest,false,true,false
-33,22,Proliferation,true,true,false
-14,-12,Proliferation,true,true,true
3,-21,Proliferation,true,false,true
20,34,Growth_Arrest,false,true,true
-14,-10,Growth_Arrest,false,false,true
44,-13,Proliferation,true,false,false
38,29,Growth_Arrest,false,false,false
28,2,Proliferation,true,false,true
-22,-25,Proliferation,true,true,true
-21,-26,Proliferation,true,false,false
18,-19,Proliferation,true,true,true
32,17,Proliferation,true,true,false
-25,3,Proliferation,true,true,true
0,-17,Proliferation,true,false,false
-11,-44,Proliferation,true,false,false
-26,-6,Growth_Arrest,false,true,true
-6,-5,Proliferation,true,true,false
-31,9,Proliferation,true,false,false
-6,-41,Proliferation,true,false,true
5,24,Growth_Arrest,false,true,false
25,-16,Proliferation,true,true,true
-8,-22,Proliferation,true,true,true
8,12,Growth_Arrest,false,true,true
41,12,Growth_Arrest,false,true,true
22,13,Growth_Arrest,false,true,false
-42,-6,Growth_Arrest,false,false,false
-24,-44,Proliferation,true,false,false
-15,32,Growth_Arrest,false,false,false
-18,38,Proliferation,true,false,false
-20,-36,Proliferation,true,true,false
5,-38,Proliferation,true,true,true
31,-2,Proliferation,true,true,true
46,-12,Growth_Arrest,false,true,true
-23,14,Proliferation,true,true,false
-31,-38,Proliferation,true,true,true
12,-39,Proliferation,true,false,false
26,39,Growth_Arrest,false,false,true
-37,17,Growth_Arrest,false,false,false
28,11,Proliferation,true,true,false
-18,-1,Growth_Arrest,false,true,true
-40,-19,Growth_Arrest,false,true,true
25,-28,Proliferation,true,true,false
1,-49,Growth_Arrest,false,true,true
0,7,Proliferation,true,false,true
-14,42,Proliferation,true,true,true
14,23,Growth_Arrest,false,true,true
-17,-14,Growth_Arrest,false,true,true
30,15,Proliferation,true,false,false
17,-10,Growth_Arrest,false,true,true
-15,38,Growth_Arrest,false,false,false
-29,-27,Proliferation,true,true,false
12,38,Proliferation,true,false,false
46,1,Proliferation,true,true,true
31,-32,Growth_Arrest,false,true,true
15,20,Growth_Arrest,false,true,false
-2,38,Growth_Arrest,false,true,true
24,22,Growth_Arrest,false,false,true
17,-16,Proliferation,true,false,false
10,-35,Growth_Arrest,false,false,true
-18,-17,Growth_Arrest,false,false,false
38,5,Proliferation,true,false,false
30,33,Growth_Arrest,false,true,false
-41,18,Proliferation,true,false,false
-24,-28,Proliferation,true,false,false
22,-27,Proliferation,true,true,false
-44,7,Proliferation,true,true,true
46,-8,Proliferation,true,false,true
33,-34,Growth_Arrest,false,false,true
6,29,Proliferation,true,false,true
-3,-10,Proliferation,true,true,true
-24,-39,Proliferation,true,true,false
14,28,Growth_Arrest,false,true,true
-22,-41,Proliferation,true,true,false
32,8,Proliferation,true,true,false
-3,-28,Proliferation,true,true,true
48,7,Growth_Arrest,false,false,true
17,-12,Growth_Arrest,false,true,true
-32,36,Proliferation,true,false,false
-9,10,Growth_Arrest,false,false,true
-24,22,Proliferation,true,true,false
-15,-43,Proliferation,true,true,true
-9,35,Growth_Arrest,false,true,false
-1,21,Growth_Arrest,false,true,true
25,-19,Proliferation,true,false,true
40,-18,Proliferation,true,false,true
-32,-16,Proliferation,true,true,true
7,11,Proliferation,true,false,true
19,-1,Proliferation,true,true,false
-10,-43,Proliferation,true,false,true
24,-3,Proliferation,true,false,true
-8,0,Proliferation,true,false,false
18,-15,Proliferation,true,false,true
-7,13,Proliferation,true,false,false
-37,-28,Growth_Arrest,false,false,true
4,39,Proliferation,true,true,false
10,-24,Growth_Arrest,false,true,true
45,17,Proliferation,true,true,false
35,-10,Proliferation,true,true,true
-12,-24,Growth_Arrest,false,false,true
0,0,Growth_Arrest,false,true,false
-2,-41,Proliferation,true,false,false
-5,9,Proliferation,true,false,true
6,47,Proliferation,true,true,true
27,-19,Growth_Arrest,false,false,false
-21,-15,Growth_Arrest,false,true,false
16,-32,Proliferation,true,false,true
-14,44,Proliferation,true,false,false
7,6,Growth_Arrest,false,false,true
-4,42,Growth_Arrest,false,false,false
6,20,Proliferation,true,false,false
-28,-10,Proliferation,true,true,true
-35,-17,Proliferation,true,false,true
6,-27,Proliferation,true,true,true
-27,-13,Proliferation,true,false,false
-26,38,Proliferation,true,true,true
-20,33,Growth_Arrest,false,false,true
-30,2,Proliferation,true,false,true
-2,-11,Proliferation,true,true,true
-30,-34,Growth_Arrest,false,false,false
-6,31,Proliferation,true,true,false
16,27,Growth_Arrest,false,true,false
34,-37,Proliferation,true,false,true
-23,37,Proliferation,true,true,false
20,-16,Proliferation,true,false,true
-21,-35,Growth_Arrest,false,false,true
-24,39,Proliferation,true,true,false
39,-20,Proliferation,true,false,true
32,-9,Growth_Arrest,false,false,true
31,-28,Proliferation,true,true,true
-18,34,Proliferation,true,false,true
25,4,Proliferation,true,false,false
-9,-42,Proliferation,true,false,false
-22,13,Proliferation,true,false,true
-47,6,Proliferation,true,false,false
-46,-9,Growth_Arrest,false,true,true
-18,13,Growth_Arrest,false,true,false
-13,-6,Growth_Arrest,false,false,false
-10,41,Proliferation,true,true,false
24,20,Proliferation,true,false,true
-8,-38,Proliferation,true,true,false
-34,-11,Proliferation,true,false,false
-29,-24,Growth_Arrest,false,true,true
17,8,Proliferation,true,false,false
26,-35,Growth_Arrest,false,true,true
6,19,Growth_Arrest,false,false,false
-20,-15,Proliferation,true,false,true
-20,-40,Proliferation,true,true,false
-15,-15,Growth_Arrest,false,false,false
20,5,Growth_Arrest,false,true,true
-39,-23,Proliferation,true,true,false
-2,35,Proliferation,true,true,true
11,-3,Proliferation,true,false,false
42,-18,Proliferation,true,true,false
33,-28,Proliferation,true,true,false
-42,8,Proliferation,true,false,true
-40,2,Proliferation,true,false,true
22,-38,Proliferation,true,true,false
-22,-5,Proliferation,true,true,true
30,-39,Growth_Arrest,false,true,false
40,-1,Growth_Arrest,false,false,false
-10,-32,Growth_Arrest,false,false,true
-11,12,Proliferation,true,true,false
14,-11,Proliferation,true,true,true
-50,-1,Proliferation,true,false,true
-12,10,Proliferation,true,false,true
-44,-5,Proliferation,true,true,false
-43,12,Growth_Arrest,false,false,false
17,-38,Growth_Arrest,false,false,true
4,13,Growth_Arrest,false,false,true
21,44,Growth_Arrest,false,true,false
-8,25,Proliferation,true,false,true
46,-1,Proliferation,true,false,true
16,23,Growth_Arrest,false,false,false
8,7,Proliferation,true,true,false
24,-26,Proliferation,true,true,false
28,-13,Proliferation,true,false,false
4,44,Proliferation,true,false,true
39,-6,Proliferation,true,true,false
-1,-45,Proliferation,true,true,true
20,-46,Proliferation,true,true,true
-16,-22,Proliferation,true,false,true
-50,7,Proliferation,true,false,false
-28,21,Proliferation,true,false,true
5,29,Growth_Arrest,false,false,true
-13,-40,Growth_Arrest,false,true,false
-42,-12,Proliferation,true,false,true
47,7,Growth_Arrest,false,true,true
-16,41,Proliferation,true,true,true
34,-11,Growth_Arrest,false,true,false
-21,33,Proliferation,true,true,true
-38,22,Growth_Arrest,false,false,true
-23,-10,Growth_Arrest,false,true,true
-21,-33,Proliferation,true,false,false
0,13,Proliferation,true,false,true
22,-36,Proliferation,true,false,false
38,-28,Proliferation,true,false,true
-43,-11,Growth_Arrest,false,true,true
-16,16,Growth_Arrest,false,true,true
0,38,Growth_Arrest,false,false,false
38,7,Proliferation,true,false,false
19,1,Proliferation,true,false,true
-28,2,Proliferation,true,true,true
-13,-30,Growth_Arrest,false,false,false
-12,22,Growth_Arrest,false,true,true
-35,-32,Proliferation,true,false,false
12,-16,Growth_Arrest,false,true,true
1,-4,Growth_Arrest,false,false,false
6,42,Proliferation,true,true,false
26,-9,Proliferation,true,false,true
-39,1,Proliferation,true,false,true
-16,-3,Growth_Arrest,false,true,true
-7,-31,Growth_Arrest,false,true,true
15,33,Proliferation,true,false,false
25,20,Proliferation,true,false,true
16,-16,Growth_Arrest,false,false,false
46,-17,Proliferation,true,true,true
16,-46,Proliferation,true,true,true
17,-36,Growth_Arrest,false,false,true
23,2,Proliferation,true,true,true
1,20,Proliferation,true,true,false
-5,29,Proliferation,true,false,false
8,31,Proliferation,true,false,true
21,17,Proliferation,true,true,true
-9,2,Growth_Arrest,false,false,true
8,-25,Proliferation,true,false,false
-5,32,Proliferation,true,true,false
-12,26,Proliferation,true,false,false
-29,29,Proliferation,true,true,true
-14,36,Growth_Arrest,false,true,true
-9,-48,Proliferation,true,false,true
14,-36,Growth_Arrest,false,true,false
-4,0,Proliferation,true,false,false
28,23,Proliferation,true,false,false
3,33,Proliferation,true,true,false
42,-11,Proliferation,true,false,true
-26,-7,Proliferation,true,true,false
15,47,Proliferation,true,false,false
-31,-39,Proliferation,true,false,true
-45,16,Growth_Arrest,false,false,false
28,39,Growth_Arrest,false,true,false
41,-22,Growth_Arrest,false,false,false
-7,39,Proliferation,true,true,true
-30,-33,Proliferation,true,false,true
6,5,Proliferation,true,true,false
-37,-23,Proliferation,true,false,false
37,-33,Growth_Arrest,false,false,false
16,14,Proliferation,true,false,true
17,-43,Growth_Arrest,false,false,true
-2,-21,Growth_Arrest,false,true,true
12,36,Proliferation,true,false,true
16,-30,Proliferation,true,false,false
-2,-25,Growth_Arrest,false,false,true
-16,19,Proliferation,true,false,false
-12,43,Proliferation,true,false,false
6,-13,Proliferation,true,true,true
-5,-32,Proliferation,true,false,true
22,43,Proliferation,true,true,true
0,-3,Proliferation,true,true,false
-18,-2,Proliferation,true,false,false
39,-21,Proliferation,true,true,true
3,-27,Proliferation,true,true,false
-22,25,Proliferation,true,true,true
-18,8,Proliferation,true,true,true
39,2,Proliferation,true,false,false
-22,-20,Growth_Arrest,false,false,true
43,-1,Proliferation,true,false,true
-38,-3,Proliferation,true,false,false
-5,-13,Growth_Arrest,false,false,false
-3,45,Proliferation,true,false,true
-2,-17,Proliferation,true,false,true
28,-33,Proliferation,true,false,false
7,-9,Proliferation,true,true,false
-15,27,Proliferation,true,false,true
14,-22,Proliferation,true,true,true
-15,34,Proliferation,true,true,false
21,-30,Proliferation,true,true,true
-6,15,Growth_Arrest,false,true,true
10,-33,Proliferation,true,true,true
0,15,Proliferation,true,true,true
-25,29,Proliferation,true,false,true
17,-14,Proliferation,true,true,false
-1,-37,Proliferation,true,false,false
-8,46,Proliferation,true,false,true
46,-7,Growth_Arrest,false,false,true
4,-46,Growth_Arrest,false,false,false
-1,26,Proliferation,true,false,false
-26,19,Growth_Arrest,false,true,true
31,10,Proliferation,true,false,false
-50,-4,Growth_Arrest,false,true,false
7,15,Proliferation,true,true,false
-46,-6,Growth_Arrest,false,true,false
-7,-29,Proliferation,true,false,false
-2,2,Growth_Arrest,false,false,true
4,27,Growth_Arrest,false,false,true
-48,-16,Proliferation,true,false,true
-46,16,Proliferation,true,false,false
-49,-8,Growth_Arrest,false,false,true
10,28,Growth_Arrest,false,true,true
-34,-15,Growth_Arrest,false,true,false
-18,21,Growth_Arrest,false,true,false
17,46,Growth_Arrest,false,false,true
-32,17,Growth_Arrest,false,true,true
-47,0,Growth_Arrest,false,true,false
-23,-6,Growth_Arrest,false,false,true
36,-17,Growth_Arrest,false,true,true
24,37,Proliferation,true,true,false
-36,6,Proliferation,true,true,true
-19,-47,Proliferation,true,false,false
37,-4,Proliferation,true,false,true
-49,10,Growth_Arrest,false,true,true
-33,-19,Proliferation,true,true,true
10,30,Proliferation,true,false,true
29,-8,Proliferation,true,true,false
12,7,Proliferation,true,false,false
26,7,Proliferation,true,false,true
-37,-5,Proliferation,true,false,true
-5,-45,Proliferation,true,true,false
18,-45,Proliferation,true,true,false
42,26,Proliferation,true,false,true
-41,-17,Proliferation,true,true,true
16,-1,Proliferation,true,true,true
-33,-20,Proliferation,true,true,false
18,23,Proliferation,true,true,false
15,21,Proliferation,true,true,true
-22,37,Proliferation,true,false,true
22,-25,Proliferation,true,true,true
33,-17,Growth_Arrest,false,true,true
-34,11,Growth_Arrest,false,false,true
-19,-6,Proliferation,true,true,true
23,18,Growth_Arrest,false,true,true
-6,-19,Growth_Arrest,false,true,false
23,-19,Proliferation,true,false,false
-38,23,Proliferation,true,true,true
-20,12,Proliferation,true,true,true
-43,-16,Proliferation,true,false,true
-48,-12,Proliferation,true,false,true
-10,-18,Proliferation,true,false,false
-34,28,Proliferation,true,false,false
-13,-15,Growth_Arrest,false,false,true
24,-27,Proliferation,true,false,false
23,37,Proliferation,true,true,true
-29,20,Growth_Arrest,false,false,false
39,-9,Proliferation,true,true,false
26,-31,Proliferation,true,true,true
-29,-3,Proliferation,true,false,true
1,23,Proliferation,true,false,false
7,42,Growth_Arrest,false,true,false
-1,-33,Proliferation,true,true,true
-30,-23,Proliferation,true,false,false
7,-20,Proliferation,true,false,false
25,-37,Proliferation,true,false,true
1,9,Proliferation,true,true,true
-8,3,Growth_Arrest,false,true,true
3,49,Proliferation,true,false,true
44,-7,Proliferation,true,true,true
-28,11,Proliferation,true,true,false
14,6,Growth_Arrest,false,false,false
-40,-31,Growth_Arrest,false,false,true
-15,41,Proliferation,true,false,false
6,37,Growth_Arrest,false,false,true
25,5,Proliferation,true,false,false
39,-31,Growth_Arrest,false,false,true
16,-23,Proliferation,true,true,false
-4,-48,Proliferation,true,true,false
21,6,Growth_Arrest,false,false,false
14,-25,Growth_Arrest,false,false,false
-22,33,Proliferation,true,false,true
41,-27,Proliferation,true,true,false
-31,36,Proliferation,true,false,true
17,-35,Proliferation,true,true,false
6,44,Proliferation,true,false,false
15,46,Proliferation,true,true,false
47,-2,Proliferation,true,true,true
17,0,Proliferation,true,true,true
-30,-10,Proliferation,true,false,false
28,9,Proliferation,true,false,false
46,3,Proliferation,true,true,false
-17,4,Proliferation,true,false,false
-44,-24,Proliferation,true,true,false
20,-6,Growth_Arrest,false,true,true
-11,16,Growth_Arrest,false,false,true
-5,-48,Growth_Arrest,false,false,false
25,-26,Growth_Arrest,false,true,false
-27,-2,Proliferation,true,true,true
-18,40,Growth_Arrest,false,false,false
17,44,Proliferation,true,true,false
19,12,Proliferation,true,false,true
5,10,Growth_Arrest,false,false,false
33,8,Proliferation,true,true,true
34,-23,Proliferation,true,true,true
20,-22,Proliferation,true,false,false
-47,19,Proliferation,true,false,false
5,25,Growth_Arrest,false,false,true
41,6,Proliferation,true,false,true
2,24,Proliferation,true,false,false
-10,-31,Proliferation,true,false,true
22,34,Proliferation,true,true,false
-37,24,Proliferation,true,false,false
-3,49,Proliferation,true,false,false
-31,-15,Growth_Arrest,false,true,false
-17,22,Proliferation,true,true,false
25,10,Proliferation,true,true,false
-11,-6,Growth_Arrest,false,true,false
-33,4,Proliferation,true,false,false
43,23,Proliferation,true,true,false
-9,31,Growth_Arrest,false,true,false
26,-15,Proliferation,true,false,true
46,12,Proliferation,true,false,true
-6,-44,Growth_Arrest,false,true,true
-14,15,Proliferation,true,false,false
-40,15,Proliferation,true,false,true
-25,-9,Proliferation,true,true,true
3,-45,Growth_Arrest,false,false,false
-35,28,Growth_Arrest,false,true,true
-18,-23,Growth_Arrest,false,false,true
-12,11,Growth_Arrest,false,false,false
-36,12,Growth_Arrest,false,true,true
-14,43,Proliferation,true,false,false
-30,35,Proliferation,true,true,false
32,35,Proliferation,true,false,true
-43,5,Proliferation,true,false,true
-38,15,Proliferation,true,false,true
20,22,Proliferation,true,false,false
-28,9,Proliferation,true,false,false
28,-8,Proliferation,true,true,true
-36,1,Proliferation,true,false,true
-15,33,Proliferation,true,false,false
17,20,Growth_Arrest,false,true,false
27,40,Growth_Arrest,false,true,false
-3,3,Proliferation,true,true,false
33,-10,Proliferation,true,true,true
-28,3,Proliferation,true,false,true
-21,18,Proliferation,true,false,true
35,4,Proliferation,true,false,false
1,-48,Proliferation,true,true,true
-2,6,Proliferation,true,false,true
3,4,Proliferation,true,false,false
6,39,Growth_Arrest,false,false,true
5,20,Proliferation,true,false,false
0,49,Proliferation,true,true,false
-4,-32,Growth_Arrest,false,true,false
-6,-31,Proliferation,true,true,false
-5,47,Proliferation,true,true,false
-37,-31,Growth_Arrest,false,true,true
4,10,Proliferation,true,false,true
41,-25,Growth_Arrest,false,true,false
43,4,Proliferation,true,true,true
0,14,Proliferation,true,false,false
36,-6,Growth_Arrest,false,true,true
-8,-34,Growth_Arrest,false,false,true
-39,-15,Proliferation,true,false,false
-43,18,Growth_Arrest,false,true,false
3,5,Proliferation,true,false,true
-23,5,Proliferation,true,false,false
-46,5,Proliferation,true,false,true
-4,-12,Growth_Arrest,false,false,true
2,40,Proliferation,true,false,false
15,-13,Growth_Arrest,false,true,false
15,-31,Proliferation,true,false,true
-6,-49,Proliferation,true,false,false
25,17,Proliferation,true,true,true
27,39,Proliferation,true,true,false
31,1,Proliferation,true,true,true
-23,-28,Proliferation,true,false,true
15,36,Proliferation,true,true,false
-3,-17,Growth_Arrest,false,false,true
39,27,Proliferation,true,false,false
-7,-34,Proliferation,true,true,true
39,1,Growth_Arrest,false,false,false
24,-37,Proliferation,true,false,true
8,16,Proliferation,true,false,true
-16,47,Proliferation,true,false,true
-17,-26,Proliferation,true,false,false
-3,4,Growth_Arrest,false,false,true
43,-2,Proliferation,true,false,false
-44,-14,Growth_Arrest,false,true,false
-4,-40,Proliferation,true,false,false
-33,-39,Proliferation,true,true,false
-11,38,Proliferation,true,true,true
-43,9,Proliferation,true,true,false
5,13,Proliferation,true,false,true
-22,40,Proliferation,true,true,true
-28,-33,Growth_Arrest,false,true,true
31,-18,Proliferation,true,true,true
30,31,Proliferation,true,false,true
-30,38,Proliferation,true,true,true
8,-15,Proliferation,true,true,true
-15,15,Proliferation,true,true,true
-20,5,Proliferation,true,true,false
42,-7,Proliferation,true,false,false
-4,44,Proliferation,true,false,true
-20,-20,Growth_Arrest,false,true,true
-17,-1,Proliferation,true,true,false
-9,6,Growth_Arrest,false,true,false
13,30,Proliferation,true,true,false
11,21,Proliferation,true,false,false
-40,-30,Growth_Arrest,false,true,true
-33,36,Growth_Arrest,false,false,true
12,21,Proliferation,true,false,true
20,25,Proliferation,true,false,true
-11,-12,Proliferation,true,true,false
-3,-42,Growth_Arrest,false,true,false
15,25,Proliferation,true,false,false
10,-3,Growth_Arrest,false,true,true
24,-23,Proliferation,true,true,false
9,11,Proliferation,true,false,true
-26,-40,Proliferation,true,false,true
-1,31,Proliferation,true,false,false
-8,29,Proliferation,true,false,true
-28,1,Growth_Arrest,false,true,true
6,38,Growth_Arrest,false,true,true
22,10,Proliferation,true,false,false
11,-16,Proliferation,true,false,false
-31,20,Proliferation,true,true,false
-7,23,Proliferation,true,true,true
12,29,Proliferation,true,true,false
46,17,Growth_Arrest,false,false,true
-40,-14,Growth_Arrest,false,false,true
8,48,Proliferation,true,false,false
-23,34,Proliferation,true,true,true
37,-19,Growth_Arrest,false,true,true
19,43,Proliferation,true,false,false
-1,-39,Proliferation,true,true,true
48,10,Growth_Arrest,false,false,true
33,-21,Growth_Arrest,false,true,false
47,-17,Growth_Arrest,false,false,false
-5,15,Growth_Arrest,false,true,false
-29,-5,Proliferation,true,true,true
-19,-39,Proliferation,true,true,true
-45,-4,Proliferation,true,true,true
23,-17,Growth_Arrest,false,false,true
20,-43,Growth_Arrest,false,false,true
13,44,Growth_Arrest,false,false,false
-24,-25,Proliferation,true,true,true
-19,12,Growth_Arrest,false,true,false
32,-3,Proliferation,true,false,true
6,40,Growth_Arrest,false,false,true
-8,48,Proliferation,true,true,true
6,36,Proliferation,true,true,false
10,46,Proliferation,true,false,true
23,21,Growth_Arrest,false,false,true
24,26,Proliferation,true,false,true
4,-39,Proliferation,true,true,false
3,-25,Proliferation,true,true,true
1,-28,Proliferation,true,true,false
-15,43,Proliferation,true,true,true
-6,-40,Growth_Arrest,false,true,true
34,-7,Proliferation,true,false,true
-5,35,Growth_Arrest,false,false,true
-17,11,Proliferation,true,true,true
-5,45,Proliferation,true,true,true
18,-26,Proliferation,true,false,true
-7,21,Proliferation,true,true,false
8,42,Proliferation,true,false,true
26,10,Growth_Arrest,false,true,false
-22,28,Growth_Arrest,false,true,false
37,-15,Proliferation,true,false,false
24,-38,Proliferation,true,false,true
-24,24,Growth_Arrest,false,false,false
20,-40,Proliferation,true,true,false
4,22,Growth_Arrest,false,true,false
-10,27,Growth_Arrest,false,false,false
2,13,Proliferation,true,true,false
31,7,Proliferation,true,true,true
-7,44,Proliferation,true,false,false
13,-3,Proliferation,true,false,false
-14,-36,Growth_Arrest,false,true,true
4,-1,Proliferation,true,true,false
16,39,Proliferation,true,true,false
-25,40,Proliferation,true,true,true
4,-18,Proliferation,true,false,false
33,-36,Proliferation,true,false,true
-35,32,Proliferation,true,false,true
12,-7,Proliferation,true,true,true
3,27,Proliferation,true,false,true
36,11,Proliferation,true,true,true
6,48,Proliferation,true,true,false
45,-14,Proliferation,true,true,true
23,-22,Growth_Arrest,false,false,false
18,-33,Growth_Arrest,false,false,false
11,19,Growth_Arrest,false,true,true
-40,-23,Proliferation,true,true,false
19,-32,Growth_Arrest,false,false,false
-9,39,Proliferation,true,true,true
-7,14,Proliferation,true,false,true
28,16,Proliferation,true,true,true
7,8,Proliferation,true,false,true
25,-43,Proliferation,true,false,false
26,-3,Proliferation,true,false,true
-39,31,Proliferation,true,false,true
30,-33,Proliferation,true,true,false
-19,10,Proliferation,true,true,true
48,5,Growth_Arrest,false,false,true
-16,-39,Proliferation,true,true,false
44,6,Growth_Arrest,false,false,true
3,38,Proliferation,true,true,false
35,28,Growth_Arrest,false,true,false
35,-35,Proliferation,true,false,true
40,23,Growth_Arrest,false,false,true
19,-34,Growth_Arrest,false,false,false
-42,-5,Growth_Arrest,false,false,true
21,-20,Growth_Arrest,false,false,false
-15,31,Proliferation,true,true,false
-39,-11,Growth_Arrest,false,false,false
34,20,Proliferation,true,false,true
-22,39,Growth_Arrest,false,false,true
7,-30,Proliferation,true,false,true
-8,31,Proliferation,true,true,true
2,-36,Growth_Arrest,false,false,false
38,22,Growth_Arrest,false,false,false
-13,-35,Growth_Arrest,false,false,true
34,-29,Proliferation,true,false,false
-3,1,Proliferation,true,false,true
35,29,Proliferation,true,false,false
-10,43,Growth_Arrest,false,false,true
-16,46,Proliferation,true,false,true
-7,-24,Growth_Arrest,false,true,true
16,-7,Proliferation,true,false,true
14,-12,Proliferation,true,true,true
1,-5,Proliferation,true,false,false
21,-31,Proliferation,true,true,false
2,-5,Growth_Arrest,false,false,true
-1,29,Growth_Arrest,false,true,false
-2,41,Growth_Arrest,false,false,false
-13,-25,Proliferation,true,true,false
-49,11,Growth_Arrest,false,true,false
-25,42,Proliferation,true,true,false
22,12,Proliferation,true,false,true
13,41,Proliferation,true,false,false
13,-24,Proliferation,true,false,true
26,23,Proliferation,true,true,false
-27,-25,Proliferation,true,false,false
-1,-34,Growth_Arrest,false,false,false
34,-1,Growth_Arrest,false,true,true
-25,-26,Proliferation,true,true,true
14,42,Proliferation,true,false,false
20,-45,Growth_Arrest,false,true,true
-7,17,Growth_Arrest,false,true,true
-24,1,Proliferation,true,false,false
5,31,Growth_Arrest,false,true,true
21,16,Proliferation,true,false,true
-13,39,Proliferation,true,true,true
6,41,Proliferation,true,false,false
-27,-28,Proliferation,true,true,true
14,-16,Proliferation,true,true,false
22,6,Growth_Arrest,false,true,true
13,38,Proliferation,true,true,false
41,1,Proliferation,true,true,true
-4,-30,Proliferation,true,false,true
-16,-31,Growth_Arrest,false,false,true
45,3,Growth_Arrest,false,true,false
-9,-28,Growth_Arrest,false,true,false
-7,38,Proliferation,true,true,true
-12,-13,Proliferation,true,false,false
22,-16,Growth_Arrest,false,true,true
2,-10,Growth_Arrest,false,true,false
31,-27,Proliferation,true,true,true
7,3,Growth_Arrest,false,true,true
-18,-19,Proliferation,true,false,true
-12,30,Proliferation,true,false,true
-33,-34,Growth_Arrest,false,false,true
-38,-10,Growth_Arrest,false,true,true
12,-44,Proliferation,true,true,true
37,13,Growth_Arrest,false,false,true
24,-12,Growth_Arrest,false,true,true
-31,-16,Proliferation,true,false,false
-30,23,Proliferation,true,false,true
-1,-35,Proliferation,true,true,true
-30,5,Growth_Arrest,false,true,false
-50,-8,Growth_Arrest,false,true,true
-35,-36,Proliferation,true,false,true
-29,24,Proliferation,true,false,true
-4,-21,Proliferation,true,false,true
-31,-29,Proliferation,true,true,true
44,10,Proliferation,true,true,false
-11,3,Growth_Arrest,false,false,true
46,-15,Growth_Arrest,false,true,true
-16,36,Growth_Arrest,false,false,false
-21,9,Growth_Arrest,false,true,true
46,4,Proliferation,true,false,true
10,19,Proliferation,true,true,true
34,-12,Proliferation,true,false,false
-17,-31,Growth_Arrest,false,true,true
42,8,Proliferation,true,true,true
20,-12,Proliferation,true,false,false
-3,31,Proliferation,true,true,true
-26,10,Proliferation,true,true,true
-34,-33,Proliferation,true,true,true
-44,3,Proliferation,true,false,true
-15,9,Proliferation,true,true,true
-13,-39,Growth_Arrest,false,false,false
13,-26,Proliferation,true,false,true
-50,1,Proliferation,true,false,true
-31,24,Proliferation,true,false,true
-48,-13,Proliferation,true,false,false
13,8,Proliferation,true,true,false
-22,-24,Growth_Arrest,false,true,false
49,-7,Proliferation,true,false,true
-20,18,Growth_Arrest,false,true,false
-27,-22,Proliferation,true,true,false
37,-25,Growth_Arrest,false,false,true
-38,-1,Growth_Arrest,false,true,false
-4,7,Proliferation,true,true,false
16,-43,Proliferation,true,false,true
-19,-35,Proliferation,true,false,false
-8,-5,Proliferation,true,true,false
-32,-6,Proliferation,true,true,false
-11,-40,Proliferation,true,false,true
42,15,Proliferation,true,false,true
-3,-13,Proliferation,true,true,true
-33,27,Proliferation,true,false,false
-12,-8,Proliferation,true,false,true
35,-12,Proliferation,true,true,false
8,-21,Proliferation,true,false,true
15,3,Proliferation,true,true,true
19,-26,Proliferation,true,true,false
-22,-46,Growth_Arrest,false,true,true
-25,-28,Growth_Arrest,false,true,false
-1,-29,Growth_Arrest,false,false,false
-25,-29,Proliferation,true,true,false
19,-36,Proliferation,true,false,true
-29,-26,Growth_Arrest,false,true,true
24,17,Proliferation,true,false,false
14,-47,Proliferation,true,true,true
-46,2,Proliferation,true,false,false
-2,-46,Proliferation,true,false,true
6,-42,Growth_Arrest,false,false,true
-29,-20,Growth_Arrest,false,false,false
5,-21,Proliferation,true,false,true
-20,-19,Growth_Arrest,false,false,true
8,19,Proliferation,true,false,false
22,-12,Growth_Arrest,false,false,true
2,-50,Proliferation,true,false,false
20,43,Proliferation,true,true,true
-44,-2,Proliferation,true,true,true
-26,36,Growth_Arrest,false,false,true
35,0,Proliferation,true,false,true
-41,13,Proliferation,true,true,false
-42,18,Growth_Arrest,false,false,true
-7,-10,Proliferation,true,false,false
-32,37,Proliferation,true,false,true
9,47,Growth_Arrest,false,true,false
27,24,Proliferation,true,true,false
18,10,Proliferation,true,false,true
-6,-25,Growth_Arrest,false,true,false
-14,-20,Proliferation,true,false,true
-26,8,Proliferation,true,true,true
-13,24,Growth_Arrest,false,true,false
-24,-4,Proliferation,true,true,true
-49,-7,Proliferation,true,false,false
44,18,Proliferation,true,false,false
17,28,Proliferation,true,true,false
9,15,Growth_Arrest,false,false,false
22,42,Growth_Arrest,false,false,false
-30,33,Growth_Arrest,false,false,true
40,25,Proliferation,true,false,false
30,-1,Growth_Arrest,false,true,false
-4,-46,Proliferation,true,false,false
-47,-10,Proliferation,true,true,false
-27,22,Proliferation,true,true,false
-20,40,Growth_Arrest,false,false,false
40,-9,Proliferation,true,true,false
-46,-20,Proliferation,true,true,true
-41,15,Growth_Arrest,false,false,true
9,-25,Growth_Arrest,false,false,true
27,4,Growth_Arrest,false,false,true
-19,-30,Growth_Arrest,false,false,false
40,26,Proliferation,true,false,false
-9,-26,Growth_Arrest,false,true,true
35,16,Growth_Arrest,false,true,true
-25,-25,Growth_Arrest,false,true,false
-34,-19,Proliferation,true,true,true
-30,15,Growth_Arrest,false,false,true
31,5,Proliferation,true,false,true
-36,-13,Proliferation,true,false,true
-19,13,Growth_Arrest,false,true,false
-35,24,Proliferation,true,false,false
49,-8,Growth_Arrest,false,true,false
-36,14,Growth_Arrest,false,false,false
-20,-26,Growth_Arrest,false,true,true
-19,46,Proliferation,true,true,false
0,-23,Proliferation,true,false,false
34,-4,Proliferation,true,true,true
-6,-11,Growth_Arrest,false,false,false
-26,34,Proliferation,true,true,false
-8,28,Growth_Arrest,false,false,true
29,28,Proliferation,true,false,true
12,-24,Proliferation,true,true,true
-14,45,Proliferation,true,false,true
37,4,Growth_Arrest,false,false,false
-45,15,Proliferation,true,true,true
6,-47,Growth_Arrest,false,false,false
0,-1,Proliferation,true,false,false
-3,-18,Growth_Arrest,false,true,false
-4,-33,Proliferation,true,true,false
-8,20,Proliferation,true,true,true
-42,-26,Proliferation,true,false,false
3,-3,Proliferation,true,false,false
-30,-1,Proliferation,true,true,false
42,11,Proliferation,true,false,true
5,-13,Growth_Arrest,false,true,true
-13,30,Proliferation,true,false,true
24,-24,Growth_Arrest,false,true,false
18,-35,Growth_Arrest,false,false,true
-6,-43,Proliferation,true,true,true
13,-4,Proliferation,true,true,true
13,31,Proliferation,true,false,true
4,-5,Proliferation,true,false,false
2,4,Proliferation,true,false,false
11,7,Proliferation,true,true,true
27,-40,Growth_Arrest,false,true,true
-7,-48,Proliferation,true,true,true
48,12,Proliferation,true,true,true
37,-26,Proliferation,true,true,true
-1,2,Proliferation,true,false,true
-6,-33,Proliferation,true,true,true
-35,0,Growth_Arrest,false,true,true
-29,32,Proliferation,true,false,false
13,5,Proliferation,true,false,false
-22,19,Proliferation,true,false,false
32,38,Proliferation,true,true,false
9,-7,Proliferation,true,false,true
-41,-30,Growth_Arrest,false,true,true
12,10,Growth_Arrest,false,true,false
-21,4,Proliferation,true,true,true
-10,45,Growth_Arrest,false,true,true
-5,-17,Proliferation,true,false,true
-27,3,Proliferation,true,true,false
29,36,Proliferation,true,false,false
-11,5,Proliferation,true,true,false
43,1,Proliferation,true,false,false
22,-20,Proliferation,true,true,false
-21,17,Growth_Arrest,false,true,false
-21,-3,Proliferation,true,false,false
-47,-7,Growth_Arrest,false,true,false
2,-38,Proliferation,true,true,false
30,23,Proliferation,true,false,false
29,-12,Growth_Arrest,false,false,false
29,22,Proliferation,true,true,false
-8,7,Growth_Arrest,false,true,true
-26,-23,Proliferation,true,false,true
-33,-36,Growth_Arrest,false,false,false
13,-39,Growth_Arrest,false,false,true
-10,25,Proliferation,true,false,false
-3,43,Proliferation,true,false,true
40,6,Proliferation,true,false,true
-8,-41,Proliferation,true,false,true
13,6,Proliferation,true,true,true
21,3,Proliferation,true,true,true
-37,-18,Proliferation,true,false,true
-37,-4,Proliferation,true,true,true
-28,-28,Growth_Arrest,false,true,false
-18,-16,Proliferation,true,true,true
6,-23,Proliferation,true,false,true
-19,5,Proliferation,true,true,true
35,2,Proliferation,true,false,true
38,-9,Growth_Arrest,false,true,false
32,18,Proliferation,true,false,false
29,26,Proliferation,true,false,true
-23,29,Proliferation,true,true,true
-14,-31,Proliferation,true,true,false
-22,18,Proliferation,true,false,false
33,-31,Growth_Arrest,false,true,true
-40,28,Growth_Arrest,false,false,false
-10,9,Growth_Arrest,false,true,false
-28,-42,Proliferation,true,true,true
28,3,Proliferation,true,false,true
27,-17,Proliferation,true,true,false
-36,8,Growth_Arrest,false,true,true
-33,-32,Growth_Arrest,false,true,true
18,4,Proliferation,true,true,true
15,32,Proliferation,true,true,false
7,-22,Proliferation,true,false,false
41,-6,Proliferation,true,false,true
-42,7,Proliferation,true,false,true
30,28,Proliferation,true,true,false
-39,27,Proliferation,true,true,false
-24,-23,Proliferation,true,true,false
19,6,Growth_Arrest,false,false,true
32,-6,Growth_Arrest,false,true,false
-33,-2,Proliferation,true,false,true
43,11,Proliferation,true,true,false
-13,41,Proliferation,true,false,true
-26,-19,Growth_Arrest,false,true,true
-28,-9,Growth_Arrest,false,false,true
2,-9,Growth_Arrest,false,true,true
19,0,Growth_Arrest,false,true,false
-15,-27,Proliferation,true,true,false
-47,-5,Growth_Arrest,false,true,true
-14,4,Growth_Arrest,false,false,false
2,-22,Proliferation,true,true,true
4,21,Proliferation,true,true,false
-7,33,Growth_Arrest,false,false,true
-14,2,Proliferation,true,false,true
13,39,Proliferation,true,false,true
5,36,Growth_Arrest,false,true,true
-14,-8,Proliferation,true,false,true
-3,16,Growth_Arrest,false,true,true
-28,-37,Proliferation,true,true,false
1,38,Growth_Arrest,false,false,false
21,-25,Growth_Arrest,false,true,true
-21,-28,Proliferation,true,false,false
39,-14,Proliferation,true,false,false
19,-16,Growth_Arrest,false,true,true
-19,-33,Proliferation,true,false,true
-22,-34,Proliferation,true,true,false
-18,41,Proliferation,true,false,true
-31,16,Proliferation,true,true,false
22,0,Proliferation,true,false,false
-22,-21,Proliferation,true,false,true
-6,9,Proliferation,true,false,true
41,-9,Proliferation,true,false,false
26,22,Proliferation,true,false,true
21,41,Proliferation,true,true,false
-26,35,Growth_Arrest,false,false,true
-6,43,Proliferation,true,false,false
-23,-45,Proliferation,true,true,false
41,-8,Proliferation,true,true,true
5,34,Proliferation,true,false,false
-35,30,Growth_Arrest,false,false,true
-47,-6,Proliferation,true,true,false
9,-10,Proliferation,true,true,true
-9,44,Proliferation,true,false,false
36,-23,Proliferation,true,false,false
9,-35,Proliferation,true,true,false
10,-40,Proliferation,true,true,false
-34,25,Proliferation,true,true,true
-2,-26,Growth_Arrest,false,true,true
31,-24,Proliferation,true,true,false
-12,-5,Proliferation,true,true,false
28,-39,Proliferation,true,true,true
-17,-32,Proliferation,true,true,true
-34,-17,Growth_Arrest,false,false,true
-6,3,Proliferation,true,true,false
19,38,Growth_Arrest,false,true,true
18,5,Proliferation,true,true,false
-10,38,Proliferation,true,false,false
7,-41,Proliferation,true,false,false
-10,-49,Growth_Arrest,false,false,true
-31,34,Proliferation,true,false,false
-48,11,Proliferation,true,true,true
29,-14,Proliferation,true,false,false
-42,12,Growth_Arrest,false,true,false
-42,15,Proliferation,true,true,false
8,29,Proliferation,true,false,true
-40,-11,Proliferation,true,false,false
-42,17,Growth_Arrest,false,false,false
-22,-16,Proliferation,true,false,false
12,16,Proliferation,true,true,false
44,-11,Proliferation,true,true,false
-32,-34,Proliferation,true,false,true
8,43,Proliferation,true,true,true
14,12,Proliferation,true,false,true
-10,-9,Growth_Arrest,false,true,false
-29,-16,Proliferation,true,true,true
-42,-19,Proliferation,true,true,false
21,35,Growth_Arrest,false,false,true
-2,5,Proliferation,true,true,true
25,2,Growth_Arrest,false,true,true
30,3,Proliferation,true,true,false
9,9,Growth_Arrest,false,true,true
2,-3,Growth_Arrest,false,false,true
9,-13,Growth_Arrest,false,true,false
-10,5,Growth_Arrest,false,true,false
-19,20,Proliferation,true,true,true
-28,-2,Proliferation,true,true,true
40,19,Proliferation,true,true,true
-1,-44,Growth_Arrest,false,false,true
-39,-27,Proliferation,true,true,false
32,33,Proliferation,true,true,false
-7,-42,Proliferation,true,true,false
-41,-14,Growth_Arrest,false,false,true
-40,-24,Proliferation,true,false,true
-20,31,Proliferation,true,true,false
-27,24,Proliferation,true,false,false
26,6,Growth_Arrest,false,true,true
-33,-25,Proliferation,true,false,true
19,-39,Proliferation,true,true,true
-8,-46,Proliferation,true,false,false
27,8,Proliferation,true,false,false
0,-12,Proliferation,true,true,false
-20,-41,Proliferation,true,false,false
-16,-6,Proliferation,true,false,true
-43,25,Proliferation,true,true,false
10,42,Proliferation,true,true,false
44,19,Proliferation,true,true,true
-7,22,Proliferation,true,true,false
-7,-46,Proliferation,true,true,true
-39,-2,Proliferation,true,true,true
25,8,Proliferation,true,true,false
-6,-14,Growth_Arrest,false,false,false
-24,-26,Growth_Arrest,false,false,false
44,12,Growth_Arrest,false,false,false
24,27,Growth_Arrest,false,false,true
27,-16,Growth_Arrest,false,false,true
-7,42,Proliferation,true,true,true
0,-24,Proliferation,true,true,true
-28,4,Growth_Arrest,false,true,true
47,10,Proliferation,true,true,false
-4,-26,Proliferation,true,false,false
-1,9,Proliferation,true,true,false
9,39,Growth_Arrest,false,true,true
2,31,Proliferation,true,true,true
3,14,Proliferation,true,true,false
-20,-31,Proliferation,true,false,false
34,28,Growth_Arrest,false,true,true
-13,6,Proliferation,true,true,false
0,42,Growth_Arrest,false,true,true
5,-23,Proliferation,true,false,true
37,3,Proliferation,true,true,true
-38,-4,Proliferation,true,false,false
39,-3,Growth_Arrest,false,true,true
46,-19,Proliferation,true,false,false
-32,26,Proliferation,true,true,true
-25,37,Growth_Arrest,false,false,false
-42,19,Proliferation,true,true,true
3,24,Proliferation,true,false,true
26,38,Proliferation,true,false,true
15,-38,Growth_Arrest,false,false,true
-13,1,Proliferation,true,true,false
-47,-12,Growth_Arrest,false,true,true
-6,-16,Proliferation,true,false,false
-21,32,Proliferation,true,true,true
21,27,Growth_Arrest,false,false,false
17,-40,Proliferation,true,true,true
-10,1,Growth_Arrest,false,false,false
0,47,Proliferation,true,true,false
-13,2,Proliferation,true,true,true
17,-7,Growth_Arrest,false,false,false
45,-1,Growth_Arrest,false,true,true
-21,22,Proliferation,true,true,true
27,38,Proliferation,true,true,false
7,44,Proliferation,true,false,false
-41,-10,Growth_Arrest,false,false,true
40,-7,Growth_Arrest,false,true,true
-38,-34,Proliferation,true,true,false
-10,12,Proliferation,true,true,true
-49,-9,Growth_Arrest,false,false,true
13,32,Proliferation,true,true,false
-26,-38,Proliferation,true,false,true
31,-21,Proliferation,true,false,false
-4,-14,Proliferation,true,false,true
15,6,Growth_Arrest,false,false,false
-15,1,Proliferation,true,true,true
4,26,Growth_Arrest,false,true,true
-40,-8,Growth_Arrest,false,false,true
38,4,Proliferation,true,false,true
-32,13,Proliferation,true,true,true
-3,-32,Proliferation,true,true,false
21,32,Growth_Arrest,false,true,true
33,37,Proliferation,true,true,true
17,-30,Proliferation,true,true,true
1,25,Proliferation,true,false,true
31,21,Proliferation,true,false,false
-18,-26,Proliferation,true,true,true
-9,18,Proliferation,true,false,false
41,-16,Proliferation,true,false,false
9,27,Proliferation,true,false,true
-25,-6,Proliferation,true,false,false
42,-17,Growth_Arrest,false,true,false
-46,-15,Proliferation,true,true,false
2,-20,Growth_Arrest,false,false,false
-11,7,Proliferation,true,false,false
1,-24,Proliferation,true,false,true
8,32,Proliferation,true,true,false
-13,12,Proliferation,true,false,true
-12,4,Proliferation,true,true,false
-43,-13,Proliferation,true,true,true
-33,17,Proliferation,true,true,false
-15,-5,Proliferation,true,true,true
-5,8,Proliferation,true,true,true
-24,-31,Proliferation,true,false,false
5,-33,Proliferation,true,false,false
37,-14,Proliferation,true,false,true
-41,29,Proliferation,true,false,false
20,26,Growth_Arrest,false,false,false
-38,-5,Proliferation,true,false,false
-1,37,Proliferation,true,false,true
33,26,Proliferation,true,false,false
-18,9,Proliferation,true,true,false
1,1,Growth_Arrest,false,false,false
48,-14,Proliferation,true,false,true
-41,-1,Growth_Arrest,false,false,false
17,30,Proliferation,true,true,true
36,5,Proliferation,true,false,false
6,-34,Proliferation,true,true,false
25,3,Proliferation,true,false,true
-10,-44,Proliferation,true,false,false
-29,3,Proliferation,true,false,false
-22,2,Proliferation,true,true,true
-12,18,Proliferation,true,false,false
-3,14,Growth_Arrest,false,true,true
9,-12,Proliferation,true,true,true
-45,-23,Growth_Arrest,false,true,false
-19,11,Proliferation,true,false,false
-16,25,Proliferation,true,true,false
-29,-11,Growth_Arrest,false,true,true
-34,-28,Growth_Arrest,false,false,false
23,32,Proliferation,true,false,true
1,-3,Growth_Arrest,false,true,true
18,-37,Proliferation,true,false,false
-49,-5,Proliferation,true,false,false
-16,-48,Proliferation,true,false,true
-30,-13,Growth_Arrest,false,false,true
-5,-1,Growth_Arrest,false,true,false
1,6,Proliferation,true,true,false
-5,18,Proliferation,true,false,true
-48,8,Proliferation,true,true,true
20,18,Growth_Arrest,false,false,true
0,28,Proliferation,true,false,true
49,0,Proliferation,true,true,true
-32,-26,Proliferation,true,true,false
15,-3,Proliferation,true,true,true
34,19,Proliferation,true,true,true
-32,20,Growth_Arrest,false,true,true
-1,-49,Proliferation,true,true,false
35,-20,Proliferation,true,true,true
-3,-27,Proliferation,true,false,true
-10,-7,Growth_Arrest,false,true,true
39,-29,Proliferation,true,true,false
29,33,Growth_Arrest,false,false,true
-29,-8,Proliferation,true,true,true
16,-13,Growth_Arrest,false,true,false
23,-20,Growth_Arrest,false,true,false
-33,1,Growth_Arrest,false,false,false
7,48,Growth_Arrest,false,true,false
-13,-17,Proliferation,true,true,false
-11,-49,Proliferation,true,true,false
25,-33,Growth_Arrest,false,true,true
-42,-20,Growth_Arrest,false,false,false
26,13,Growth_Arrest,false,false,false
43,2,Proliferation,true,false,false
8,49,Proliferation,true,true,true
-35,35,Proliferation,true,true,true
-32,-22,Proliferation,true,false,true
-24,-35,Proliferation,true,false,true
9,1,Proliferation,true,false,true
-27,-20,Growth_Arrest,false,false,true
34,-17,Proliferation,true,true,false
-15,8,Proliferation,true,true,true
-24,-33,Growth_Arrest,false,false,true
39,19,Proliferation,true,true,true
-6,35,Proliferation,true,true,true
-15,30,Proliferation,true,true,false
-2,20,Proliferation,true,true,false
-43,11,Proliferation,true,true,false
47,14,Growth_Arrest,false,false,true
17,42,Proliferation,true,true,true
-19,-15,Proliferation,true,true,true
-10,-24,Proliferation,true,true,true
-20,3,Proliferation,true,true,true
-33,6,Growth_Arrest,false,false,false
8,-24,Proliferation,true,false,true
37,24,Proliferation,true,true,false
-22,42,Growth_Arrest,false,true,true
3,-15,Growth_Arrest,false,true,false
3,30,Proliferation,true,false,true
-7,1,Proliferation,true,true,false
-31,22,Proliferation,true,true,false
28,-4,Proliferation,true,true,false
-13,25,Proliferation,true,true,false
-45,-17,Proliferation,true,false,true
36,-28,Proliferation,true,true,true
26,-29,Growth_Arrest,false,true,true
-22,-17,Proliferation,true,false,false
-27,19,Proliferation,true,true,true
43,-7,Growth_Arrest,false,true,true
-22,11,Proliferation,true,true,false
-38,-31,Proliferation,true,true,false
0,30,Proliferation,true,true,true
5,-1,Growth_Arrest,false,true,false
-25,17,Growth_Arrest,false,false,true
-46,-19,Proliferation,true,true,false
36,-26,Proliferation,true,false,true
22,11,Growth_Arrest,false,true,true
8,25,Proliferation,true,true,true
13,-8,Growth_Arrest,false,false,true
35,-18,Proliferation,true,false,true
-4,24,Proliferation,true,false,false
18,-27,Proliferation,true,false,false
-17,10,Proliferation,true,true,true
-18,37,Proliferation,true,false,true
-18,-34,Proliferation,true,false,true
-45,-10,Proliferation,true,true,true
-6,-28,Proliferation,true,true,true
-45,-11,Growth_Arrest,false,false,true
45,2,Proliferation,true,false,false
9,-44,Proliferation,true,false,false
33,35,Proliferation,true,false,false
-6,33,Proliferation,true,true,false
-31,-37,Proliferation,true,false,true
-21,37,Growth_Arrest,false,true,true
-13,21,Proliferation,true,false,false
-5,-23,Proliferation,true,false,true
23,25,Proliferation,true,false,true
-27,37,Proliferation,true,true,false
4,35,Growth_Arrest,false,true,false
32,37,Proliferation,true,true,true
-2,10,Proliferation,true,false,false
-17,33,Growth_Arrest,false,true,false
-23,9,Proliferation,true,false,false
-35,-13,Proliferation,true,true,true
5,-42,Proliferation,true,true,true
45,-12,Growth_Arrest,false,true,false
24,9,Proliferation,true,false,false
29,32,Proliferation,true,false,false
-25,34,Growth_Arrest,false,true,true
-40,16,Proliferation,true,false,true
-2,8,Growth_Arrest,false,true,false
-26,-17,Proliferation,true,false,true
5,-41,Growth_Arrest,false,true,true
-15,24,Proliferation,true,true,true
38,-33,Growth_Arrest,false,false,true
-18,27,Proliferation,true,false,true
-34,23,Proliferation,true,true,false
-23,10,Growth_Arrest,false,true,false
-30,-18,Growth_Arrest,false,true,false
30,13,Proliferation,true,true,true
18,-42,Proliferation,true,false,false
12,-5,Growth_Arrest,false,true,true
-31,-6,Proliferation,true,false,true
-35,27,Growth_Arrest,false,false,false
40,-20,Growth_Arrest,false,true,true
-4,33,Proliferation,true,true,true
27,-13,Proliferation,true,true,false
13,-17,Growth_Arrest,false,true,true
-12,36,Growth_Arrest,false,false,false
29,3,Proliferation,true,false,false
-15,-18,Proliferation,true,true,true
-38,25,Proliferation,true,false,true
-12,-15,Proliferation,true,true,false
-29,0,Growth_Arrest,false,false,false
-50,9,Growth_Arrest,false,true,true
-6,24,Proliferation,true,false,false
17,12,Proliferation,true,true,true
-14,38,Proliferation,true,false,true
-12,-37,Proliferation,true,true,true
16,25,Proliferation,true,false,true
15,-4,Proliferation,true,false,true
-7,-20,Proliferation,true,false,false
-42,24,Growth_Arrest,false,true,false
-25,-31,Proliferation,true,false,false
-18,35,Growth_Arrest,false,true,true
-41,-6,Growth_Arrest,false,false,false
45,-13,Growth_Arrest,false,true,false
-40,30,Proliferation,true,false,true
30,22,Growth_Arrest,false,false,true
31,-3,Proliferation,true,true,true
30,0,Proliferation,true,true,false
17,31,Growth_Arrest,false,false,false
28,30,Growth_Arrest,false,true,false
10,-47,Proliferation,true,false,true
7,36,Proliferation,true,false,true
-24,7,Proliferation,true,true,true
-43,-6,Proliferation,true,false,true
-9,-20,Growth_Arrest,false,false,true
-50,6,Growth_Arrest,false,false,false
0,-13,Growth_Arrest,false,false,false
-19,-40,Proliferation,true,true,true
-26,30,Growth_Arrest,false,true,false
-7,-16,Growth_Arrest,false,true,false
30,36,Proliferation,true,true,false
0,-29,Growth_Arrest,false,true,false
3,-43,Proliferation,true,false,false
-26,-41,Proliferation,true,false,false
0,34,Proliferation,true,true,false
15,-17,Proliferation,true,true,true
37,6,Proliferation,true,false,false
46,-20,Proliferation,true,true,false
-33,-30,Proliferation,true,false,false
14,37,Growth_Arrest,false,true,true
-9,7,Growth_Arrest,false,true,false
-34,-12,Proliferation,true,true,false
36,-22,Proliferation,true,true,true
-16,20,Proliferation,true,false,false
-38,-13,Growth_Arrest,false,false,true
-27,14,Proliferation,true,true,true
-44,-18,Growth_Arrest,false,true,false
-10,11,Growth_Arrest,false,false,false
-16,-7,Proliferation,true,false,true
-29,-28,Proliferation,true,false,false
-30,-39,Proliferation,true,true,false
13,33,Proliferation,true,true,false
9,0,Growth_Arrest,false,false,true
-31,-24,Proliferation,true,true,true
23,-39,Proliferation,true,false,true
-30,26,Proliferation,true,true,true
-8,-39,Proliferation,true,false,false
-5,-28,Proliferation,true,true,true
21,37,Proliferation,true,false,true
6,-21,Proliferation,true,false,false
-40,-22,Proliferation,true,false,true
13,46,Proliferation,true,true,true
38,10,Growth_Arrest,false,true,false
20,-1,Proliferation,true,false,true
-17,-17,Proliferation,true,false,false
-9,41,Proliferation,true,true,false
32,25,Proliferation,true,true,true
-23,-9,Proliferation,true,true,true
12,-43,Proliferation,true,false,false
-7,-21,Proliferation,true,false,false
26,-43,Proliferation,true,true,true
33,20,Growth_Arrest,false,true,false
2,1,Growth_Arrest,false,true,false
-3,32,Growth_Arrest,false,true,false
-30,32,Proliferation,true,false,true
5,-32,Proliferation,true,true,false
19,-18,Growth_Arrest,false,true,false
8,5,Proliferation,true,true,true
11,-39,Growth_Arrest,false,true,true
25,26,Proliferation,true,false,true
-24,4,Growth_Arrest,false,false,false
1,-6,Proliferation,true,true,true
-47,13,Proliferation,true,true,false
2,41,Proliferation,true,false,false
-10,-11,Proliferation,true,false,true
12,-34,Proliferation,true,true,true
46,10,Proliferation,true,true,false
7,18,Proliferation,true,true,false
26,-18,Growth_Arrest,false,false,true
-28,7,Proliferation,true,false,true
29,38,Growth_Arrest,false,false,false
19,-21,Proliferation,true,true,true
-45,-13,Growth_Arrest,false,true,true
29,0,Proliferation,true,true,false
-19,15,Proliferation,true,true,true
12,33,Proliferation,true,false,true
-9,-16,Growth_Arrest,false,true,false
-49,12,Proliferation,true,false,true
34,5,Growth_Arrest,false,true,true
-21,38,Proliferation,true,false,true
-4,-35,Proliferation,true,false,false
11,-21,Proliferation,true,true,false
-14,-42,Proliferation,true,false,false
-44,23,Proliferation,true,false,true
3,21,Proliferation,true,true,true
-25,-43,Growth_Arrest,false,true,false
10,-1,Proliferation,true,true,false
2,-25,Proliferation,true,false,true
-36,34,Proliferation,true,true,false
-17,42,Proliferation,true,false,false
-13,-13,Proliferation,true,false,false
-16,-13,Growth_Arrest,false,true,false
-33,9,Proliferation,true,true,true
-2,39,Proliferation,true,true,false
-7,-23,Growth_Arrest,false,true,false
-37,-22,Proliferation,true,false,true
22,40,Growth_Arrest,false,true,false
-41,-25,Growth_Arrest,false,false,true
-36,25,Proliferation,true,false,false
45,-8,Proliferation,true,false,true
18,18,Growth_Arrest,false,false,true
6,-5,Proliferation,true,true,true
-36,-14,Proliferation,true,false,false
25,27,Proliferation,true,true,true
-7,-19,Proliferation,true,false,false
-3,-46,Proliferation,true,true,true
12,13,Proliferation,true,true,true
-29,28,Growth_Arrest,false,true,true
44,16,Growth_Arrest,false,false,true
22,-14,Proliferation,true,false,false
-37,21,Proliferation,true,true,true
-24,-5,Growth_Arrest,false,true,false
23,-23,Proliferation,true,true,false
36,-16,Proliferation,true,false,false
-33,-11,Growth_Arrest,false,false,true
40,18,Growth_Arrest,false,true,true
-35,-30,Proliferation,true,false,false
-27,35,Proliferation,true,true,false
-34,-24,Proliferation,true,true,false
6,21,Proliferation,true,false,false
11,-17,Proliferation,true,false,false
-6,-21,Proliferation,true,true,false
21,1,Proliferation,true,true,true
-18,14,Proliferation,true,true,false
-6,19,Growth_Arrest,false,false,false
1,-41,Proliferation,true,false,true
19,46,Proliferation,true,true,false
-34,-29,Growth_Arrest,false,true,false
-45,10,Proliferation,true,false,false
-28,-32,Proliferation,true,false,true
-21,39,Proliferation,true,false,true
-45,13,Growth_Arrest,false,true,false
35,-31,Proliferation,true,false,true
37,20,Proliferation,true,true,true
-34,-30,Proliferation,true,false,false
-12,-42,Proliferation,true,true,true
43,-3,Proliferation,true,false,false
45,-10,Growth_Arrest,false,true,true
-1,-43,Proliferation,true,true,true
-26,-4,Proliferation,true,false,false
6,34,Proliferation,true,false,true
25,-1,Proliferation,true,true,false
-3,-36,Proliferation,true,true,true
-47,-13,Proliferation,true,true,false
0,39,Proliferation,true,false,true
14,-23,Growth_Arrest,false,true,false
-6,-48,Proliferation,true,true,true
37,19,Proliferation,true,false,false
43,-26,Growth_Arrest,false,true,true
-18,46,Growth_Arrest,false,false,true
27,36,Proliferation,true,false,true
22,1,Growth_Arrest,false,false,false
-36,-19,Growth_Arrest,false,false,true
-30,-9,Proliferation,true,true,true
-2,-48,Proliferation,true,false,true
29,-9,Proliferation,true,false,true
-18,36,Proliferation,true,true,true
35,-2,Proliferation,true,false,false
4,9,Proliferation,true,true,true
-20,-22,Proliferation,true,false,true
1,18,Proliferation,true,true,false
-9,-29,Proliferation,true,false,true
-34,3,Growth_Arrest,false,true,false
-30,-19,Proliferation,true,false,false
-26,17,Growth_Arrest,false,true,false
5,-12,Growth_Arrest,false,false,true
45,0,Growth_Arrest,false,false,true
-25,-21,Proliferation,true,false,false
32,-32,Proliferation,true,true,false
-24,23,Proliferation,true,true,true
36,21,Proliferation,true,true,false
39,-5,Growth_Arrest,false,true,false
2,8,Proliferation,true,false,true
-45,-8,Proliferation,true,true,true
26,-21,Proliferation,true,true,false
17,-3,Growth_Arrest,false,true,false
7,31,Proliferation,true,true,false
33,2,Growth_Arrest,false,false,false
-43,-1,Proliferation,true,false,false
9,-8,Proliferation,true,false,false
-34,13,Proliferation,true,true,false
-29,-29,Growth_Arrest,false,false,true
18,38,Proliferation,true,true,false
-18,-15,Proliferation,true,true,false
45,-7,Proliferation,true,false,false
3,40,Proliferation,true,false,true
7,-2,Proliferation,true,true,false
4,-15,Proliferation,true,true,false
-23,16,Proliferation,true,false,false
41,11,Growth_Arrest,false,true,true
7,-29,Proliferation,true,true,true
14,-19,Growth_Arrest,false,false,true
-42,-17,Proliferation,true,false,true
-17,-21,Proliferation,true,true,true
11,-13,Proliferation,true,true,false
-48,10,Growth_Arrest,false,true,true
24,-4,Growth_Arrest,false,false,false
-23,2,Proliferation,true,true,false
29,23,Proliferation,true,false,true
26,33,Growth_Arrest,false,false,false
17,35,Proliferation,true,false,false
18,-32,Proliferation,true,false,false
-12,-14,Proliferation,true,true,true
-22,16,Proliferation,true,true,false
31,28,Proliferation,true,false,true
-34,-23,Proliferation,true,true,true
48,3,Growth_Arrest,false,false,true
-38,8,Proliferation,true,true,true
-24,-22,Proliferation,true,false,true
-23,-25,Proliferation,true,false,true
-4,11,Proliferation,true,true,true
9,-50,Proliferation,true,false,true
-15,-39,Growth_Arrest,false,false,false
-3,44,Proliferation,true,false,true
-32,33,Growth_Arrest,false,false,false
2,-16,Growth_Arrest,false,false,false
19,27,Proliferation,true,false,true
0,-45,Proliferation,true,true,false
-21,28,Growth_Arrest,false,true,true
-27,28,Proliferation,true,false,false
-17,-16,Proliferation,true,true,true
19,-43,Growth_Arrest,false,true,false
5,6,Growth_Arrest,false,true,true
-11,33,Proliferation,true,false,false
-45,-12,Growth_Arrest,false,true,true
15,9,Proliferation,true,false,false
-10,-21,Proliferation,true,true,false
-27,-35,Growth_Arrest,false,false,false
-45,-16,Proliferation,true,true,true
-18,-20,Proliferation,true,true,false
7,-37,Proliferation,true,false,true
-17,-47,Proliferation,true,false,true
1,-35,Growth_Arrest,false,true,true
-20,7,Proliferation,true,true,true
-11,-36,Growth_Arrest,false,false,true
21,40,Proliferation,true,true,false
1,-18,Growth_Arrest,false,false,false
-44,-16,Proliferation,true,true,false
0,-47,Proliferation,true,true,false
-47,-15,Growth_Arrest,false,false,false
-3,-5,Growth_Arrest,false,false,false
-25,-37,Proliferation,true,true,true
6,-3,Proliferation,true,false,false
3,-32,Growth_Arrest,false,false,false
7,13,Proliferation,true,true,false
5,-46,Proliferation,true,false,true
38,-21,Proliferation,true,true,true
18,-1,Proliferation,true,true,false
0,-6,Proliferation,true,true,false
3,37,Proliferation,true,false,true
1,37,Growth_Arrest,false,false,true
28,33,Growth_Arrest,false,false,false
-40,5,Proliferation,true,true,false
12,-10,Growth_Arrest,false,false,true
43,-9,Growth_Arrest,false,false,true
-27,33,Proliferation,true,false,false
-10,-13,Proliferation,true,false,true
29,18,Proliferation,true,false,true
-14,-22,Proliferation,true,false,true
-48,13,Proliferation,true,true,false
0,-9,Proliferation,true,true,false
-19,-2,Proliferation,true,false,true
-2,-36,Proliferation,true,false,false
39,-16,Proliferation,true,false,true
-19,-26,Proliferation,true,false,true
2,-35,Growth_Arrest,false,true,false
20,2,Growth_Arrest,false,false,false
-43,8,Growth_Arrest,false,true,true
26,5,Growth_Arrest,false,true,true
-21,2,Growth_Arrest,false,true,false
-21,40,Proliferation,true,false,true
-3,35,Growth_Arrest,false,false,false
-14,40,Growth_Arrest,false,false,false
6,-15,Growth_Arrest,false,false,true
-1,-13,Proliferation,true,true,false
31,35,Proliferation,true,false,true
-17,21,Proliferation,true,true,true
6,43,Growth_Arrest,false,false,false
26,20,Proliferation,true,false,false
-26,-14,Proliferation,true,true,false
-13,47,Proliferation,true,false,true
4,-24,Proliferation,true,true,true
-38,-23,Growth_Arrest,false,true,true
-34,27,Growth_Arrest,false,true,false
-27,-6,Proliferation,true,false,true
-43,20,Proliferation,true,true,true
-10,7,Growth_Arrest,false,true,false
15,-18,Proliferation,true,true,false
-10,44,Proliferation,true,true,true
-8,-15,Proliferation,true,false,false
1,28,Proliferation,true,true,true
-15,-41,Proliferation,true,false,true
34,-18,Proliferation,true,true,true
18,-39,Proliferation,true,true,false
-17,0,Proliferation,true,true,true
-5,-7,Proliferation,true,true,true
16,24,Growth_Arrest,false,false,true
28,-30,Proliferation,true,true,true
-46,-5,Proliferation,true,true,true
6,11,Proliferation,true,true,true
25,-23,Proliferation,true,false,false
43,17,Proliferation,true,true,true
3,23,Proliferation,true,true,true
7,25,Proliferation,true,true,false
12,-3,Growth_Arrest,false,false,true
22,16,Proliferation,true,false,false
12,39,Growth_Arrest,false,false,false
-26,15,Proliferation,true,true,false
22,-1,Proliferation,true,false,false
14,-35,Proliferation,true,false,false
10,4,Proliferation,true,false,true
40,-27,Proliferation,true,false,false
-35,-18,Proliferation,true,false,false
-17,39,Proliferation,true,true,false
-39,12,Growth_Arrest,false,true,true
-34,-37,Growth_Arrest,false,false,true
2,17,Growth_Arrest,false,true,false
22,-41,Proliferation,true,false,false
-36,13,Growth_Arrest,false,false,true
0,19,Growth_Arrest,false,true,false
-24,33,Growth_Arrest,false,true,false
35,-1,Growth_Arrest,false,true,false
-32,38,Proliferation,true,false,false
18,-8,Proliferation,true,true,false
16,31,Growth_Arrest,false,false,false
20,32,Proliferation,true,true,true
-39,-30,Growth_Arrest,false,true,true
22,-35,Proliferation,true,false,false
14,24,Proliferation,true,true,false
45,-16,Proliferation,true,true,false
32,-26,Proliferation,true,false,false
-22,0,Proliferation,true,true,false
-21,3,Proliferation,true,true,true
-39,-6,Proliferation,true,true,true
26,-20,Growth_Arrest,false,false,true
26,3,Growth_Arrest,false,true,false
31,25,Growth_Arrest,false,true,false
-24,-32,Proliferation,true,true,false
37,-10,Proliferation,true,false,false
46,15,Proliferation,true,false,true
-17,32,Growth_Arrest,false,false,false
-37,9,Growth_Arrest,false,false,true
-28,-41,Growth_Arrest,false,false,false
23,24,Growth_Arrest,false,true,false
0,36,Proliferation,true,true,true
-36,0,Proliferation,true,true,false
-19,-41,Growth_Arrest,false,false,false
29,4,Proliferation,true,true,true
-40,13,Proliferation,true,true,true
32,-20,Growth_Arrest,false,true,true
-20,-5,Proliferation,true,false,true
37,-21,Growth_Arrest,false,false,false
23,44,Proliferation,true,true,false
20,-28,Growth_Arrest,false,false,true
-11,-21,Proliferation,true,false,false
9,45,Proliferation,true,false,false
46,9,Proliferation,true,false,false
28,-14,Growth_Arrest,false,false,false
10,35,Growth_Arrest,false,true,false
-9,-4,Growth_Arrest,false,false,true
-11,40,Growth_Arrest,false,false,true
16,-41,Growth_Arrest,false,false,true
-39,22,Growth_Arrest,false,true,true
16,-18,Proliferation,true,true,false
-2,44,Growth_Arrest,false,false,false
-22,-37,Proliferation,true,false,false
-11,31,Growth_Arrest,false,true,true
30,10,Proliferation,true,false,false
-35,34,Proliferation,true,false,false
35,-11,Proliferation,true,false,false
-1,7,Proliferation,true,true,true
9,24,Proliferation,true,false,false
15,41,Proliferation,true,true,true
-31,-12,Proliferation,true,true,true
2,39,Proliferation,true,false,true
-7,20,Proliferation,true,true,true
-13,-33,Proliferation,true,false,true
19,33,Proliferation,true,true,false
-2,48,Proliferation,true,true,true
-18,6,Proliferation,true,false,true
9,3,Proliferation,true,true,true
-2,-47,Proliferation,true,true,false
32,-34,Proliferation,true,true,false
25,31,Growth_Arrest,false,false,false
22,-18,Growth_Arrest,false,false,true
3,26,Proliferation,true,false,false
18,44,Proliferation,true,false,false
-46,18,Proliferation,true,true,false
10,41,Growth_Arrest,false,true,false
-11,21,Growth_Arrest,false,false,false
-40,-16,Growth_Arrest,false,true,false
1,-33,Growth_Arrest,false,false,true
-18,-13,Growth_Arrest,false,false,false
3,36,Proliferation,true,false,true
16,45,Proliferation,true,false,true
7,49,Proliferation,true,true,true
24,-34,Proliferation,true,true,false
6,-41,Proliferation,true,false,true
19,-35,Growth_Arrest,false,false,false
-4,8,Proliferation,true,false,false
4,-43,Growth_Arrest,false,true,false
30,-14,Proliferation,true,true,true
-1,6,Growth_Arrest,false,true,false
-8,-36,Proliferation,true,false,true
35,15,Growth_Arrest,false,false,false
49,-6,Proliferation,true,false,false
23,-38,Proliferation,true,true,true
17,18,Growth_Arrest,false,false,false
-1,-3,Proliferation,true,false,true
27,-32,Growth_Arrest,false,true,false
-37,23,Proliferation,true,true,false
-18,-32,Proliferation,true,false,true
-40,11,Proliferation,true,true,true
-45,20,Proliferation,true,true,true
-1,5,Growth_Arrest,false,true,false
-27,27,Proliferation,true,false,true
-23,-7,Proliferation,true,true,false
-29,-25,Proliferation,true,true,true
26,-7,Growth_Arrest,false,false,true
-27,13,Proliferation,true,true,false
-6,-18,Proliferation,true,false,false
-1,15,Growth_Arrest,false,true,false
-11,-19,Proliferation,true,true,false
-8,24,Proliferation,true,false,false
-5,-15,Growth_Arrest,false,true,false
-15,-8,Proliferation,true,true,true
-3,28,Proliferation,true,false,true
0,-10,Proliferation,true,true,false
29,-38,Proliferation,true,false,false
-22,-9,Growth_Arrest,false,false,true
0,11,Proliferation,true,false,true
-23,-26,Growth_Arrest,false,true,true
25,0,Proliferation,true,false,false
-2,-49,Proliferation,true,false,false
-19,-19,Proliferation,true,true,true
5,-29,Proliferation,true,true,true
23,40,Proliferation,true,false,true
-6,-32,Proliferation,true,true,true
17,41,Proliferation,true,false,true
-40,3,Proliferation,true,false,true
15,-10,Proliferation,true,false,false
43,8,Proliferation,true,true,true
-3,37,Proliferation,true,true,true
-41,-5,Proliferation,true,true,false
-28,18,Growth_Arrest,false,true,true
39,25,Growth_Arrest,false,false,true
39,-1,Proliferation,true,true,false
-18,12,Growth_Arrest,false,false,true
-27,15,Growth_Arrest,false,false,false
13,43,Growth_Arrest,false,false,true
6,15,Proliferation,true,true,false
16,2,Growth_Arrest,false,true,true
-41,-24,Proliferation,true,false,false
-47,18,Proliferation,true,true,true
33,-13,Growth_Arrest,false,false,false
-5,16,Growth_Arrest,false,true,true
-1,-27,Proliferation,true,true,true
-3,47,Proliferation,true,true,true
-22,-36,Proliferation,true,true,true
-21,-40,Growth_Arrest,false,true,false
2,-19,Proliferation,true,false,false
31,-22,Growth_Arrest,false,true,false
-17,38,Growth_Arrest,false,true,false
-14,19,Growth_Arrest,false,true,false
37,-5,Growth_Arrest,false,false,false
9,44,Growth_Arrest,false,true,false
-29,-2,Proliferation,true,false,true
25,-27,Growth_Arrest,false,true,false
3,12,Proliferation,true,true,false
-19,22,Growth_Arrest,false,true,false
1,17,Growth_Arrest,false,false,true
-36,23,Proliferation,true,true,true
-1,14,Growth_Arrest,false,false,false
-50,-2,Proliferation,true,false,false
-12,37,Growth_Arrest,false,true,false
41,21,Proliferation,true,false,false
-2,-2,Proliferation,true,false,true
-14,1,Proliferation,true,false,false
-24,35,Proliferation,true,true,true
-25,-3,Proliferation,true,true,false
46,2,Proliferation,true,true,true
37,-22,Growth_Arrest,false,false,true
33,10,Proliferation,true,false,false
-1,3,Proliferation,true,true,true
-11,-7,Growth_Arrest,false,true,true
13,25,Proliferation,true,true,true
-10,22,Growth_Arrest,false,false,true
-2,42,Proliferation,true,true,false
-15,-40,Proliferation,true,true,true
-26,-29,Proliferation,true,true,false
1,-40,Proliferation,true,true,true
-41,11,Proliferation,true,true,true
-5,21,Proliferation,true,false,true
19,-30,Growth_Arrest,false,false,false
-7,18,Proliferation,true,true,true
-19,37,Proliferation,true,false,true
7,22,Proliferation,true,false,true
9,8,Proliferation,true,true,false
-29,9,Growth_Arrest,false,true,false
-29,-21,Growth_Arrest,false,false,false
32,15,Growth_Arrest,false,false,true
28,13,Proliferation,true,true,false
-35,-7,Proliferation,true,false,true
-6,37,Growth_Arrest,false,true,true
43,15,Growth_Arrest,false,false,true
20,12,Growth_Arrest,false,false,true
-19,33,Proliferation,true,false,true
-4,-49,Proliferation,true,false,true
18,-20,Proliferation,true,false,false
-47,-1,Proliferation,true,true,false
-17,-39,Proliferation,true,true,true
-23,-3,Proliferation,true,false,true
-8,-2,Growth_Arrest,false,false,true
47,-13,Growth_Arrest,false,false,true
-42,-3,Proliferation,true,false,true
-20,11,Growth_Arrest,false,false,true
-25,31,Proliferation,true,false,true
20,35,Proliferation,true,false,false
7,45,Proliferation,true,true,true
8,-20,Proliferation,true,false,false
-4,-29,Growth_Arrest,false,false,true
-11,-25,Growth_Arrest,false,false,false
-2,-14,Proliferation,true,false,true
-25,-39,Proliferation,true,false,true
1,-37,Proliferation,true,false,true
-7,0,Proliferation,true,true,true
-8,34,Proliferation,true,false,true
24,19,Proliferation,true,true,false
1,-1,Proliferation,true,false,true
5,2,Growth_Arrest,false,false,false
-48,0,Growth_Arrest,false,true,false
-17,-8,Growth_Arrest,false,true,false
25,-13,Proliferation,true,true,false
-2,12,Growth_Arrest,false,false,false
19,-12,Proliferation,true,false,true
4,20,Growth_Arrest,false,true,true
-49,-10,Growth_Arrest,false,false,false
-21,30,Growth_Arrest,false,true,false
21,38,Proliferation,true,false,true
-17,27,Growth_Arrest,false,true,true
47,0,Growth_Arrest,false,false,false
16,-2,Proliferation,true,true,false
26,-30,Proliferation,true,true,false
-1,-46,Growth_Arrest,false,true,true
-5,5,Proliferation,true,false,false
-41,14,Proliferation,true,false,true
-24,-10,Proliferation,true,false,false
-16,17,Growth_Arrest,false,true,true
24,11,Growth_Arrest,false,true,true
30,-3,Proliferation,true,false,true
-13,10,Proliferation,true,false,false
33,-26,Growth_Arrest,false,false,true
35,13,Growth_Arrest,false,false,true
42,25,Growth_Arrest,false,false,false
34,31,Proliferation,true,false,false
-12,-11,Proliferation,true,false,true
27,10,Growth_Arrest,false,true,true
4,19,Growth_Arrest,false,false,true
-18,25,Proliferation,true,false,true
21,-9,Proliferation,true,false,false
1,27,Proliferation,true,true,true
-35,8,Proliferation,true,false,true
-16,37,Proliferation,true,true,false
-40,7,Growth_Arrest,false,true,false
16,21,Growth_Arrest,false,false,true
26,16,Growth_Arrest,false,false,false
-35,4,Growth_Arrest,false,false,false
-3,-12,Growth_Arrest,false,false,true
-4,13,Proliferation,true,false,false
-12,-17,Growth_Arrest,false,true,true
-12,-27,Growth_Arrest,false,true,true
5,-11,Growth_Arrest,false,false,true
39,-2,Growth_Arrest,false,false,true
-29,33,Growth_Arrest,false,true,false
-41,27,Proliferation,true,false,false
-6,42,Growth_Arrest,false,true,true
27,17,Proliferation,true,true,false
28,-1,Growth_Arrest,false,false,false
-4,-47,Growth_Arrest,false,false,true
-16,-27,Proliferation,true,true,true
37,21,Proliferation,true,false,true
-46,14,Proliferation,true,true,true
-29,11,Proliferation,true,true,false
-33,-14,Proliferation,true,false,false
-28,37,Growth_Arrest,false,false,true
-5,-6,Proliferation,true,true,true
10,9,Proliferation,true,true,true
-6,20,Proliferation,true,false,false
27,-20,Growth_Arrest,false,true,true
-40,-12,Proliferation,true,true,true
18,-14,Proliferation,true,false,false
-46,-12,Growth_Arrest,false,false,true
2,-4,Proliferation,true,false,true
-36,11,Growth_Arrest,false,false,true
-35,23,Proliferation,true,true,true
-41,1,Proliferation,true,false,false
27,26,Proliferation,true,true,true
38,-1,Growth_Arrest,false,true,false
1,-16,Proliferation,true,false,true
-13,-23,Proliferation,true,true,false
40,3,Growth_Arrest,false,false,false
-26,-30,Growth_Arrest,false,true,true
-34,21,Proliferation,true,true,true
-20,-8,Growth_Arrest,false,true,false
23,-28,Proliferation,true,false,false
11,23,Proliferation,true,true,false
-14,16,Proliferation,true,true,true
-15,-28,Proliferation,true,false,true
-17,-28,Proliferation,true,false,false
-2,17,Growth_Arrest,false,true,false
-35,5,Proliferation,true,false,true
8,39,Growth_Arrest,false,false,true
-20,-42,Proliferation,true,true,true
-21,-6,Growth_Arrest,false,true,true
46,-13,Growth_Arrest,false,false,false
32,-15,Growth_Arrest,false,false,true
37,2,Proliferation,true,true,false
-19,-46,Proliferation,true,false,false
18,19,Proliferation,true,false,true
-3,24,Proliferation,true,true,true
-30,20,Proliferation,true,true,false
-20,46,Proliferation,true,false,false
-31,17,Proliferation,true,false,true
12,19,Growth_Arrest,false,false,false
-38,-17,Proliferation,true,true,true
-41,-2,Proliferation,true,true,false
33,27,Proliferation,true,true,false
5,-3,Proliferation,true,true,false
7,-14,Proliferation,true,false,true
-11,-43,Growth_Arrest,false,true,true
13,3,Growth_Arrest,false,false,true
-34,8,Proliferation,true,true,true
-12,1,Proliferation,true,false,false
-32,-7,Proliferation,true,true,true
23,-5,Growth_Arrest,false,true,true
19,-17,Proliferation,true,true,true
-9,-45,Proliferation,true,false,true
23,-27,Proliferation,true,true,false
-15,-13,Proliferation,true,false,false
-6,28,Proliferation,true,false,true
-33,33,Growth_Arrest,false,true,true
-21,29,Proliferation,true,false,true
-42,11,Proliferation,true,true,true
27,15,Proliferation,true,false,true
-30,34,Proliferation,true,false,false
36,8,Proliferation,true,false,true
21,13,Proliferation,true,false,false
-45,22,Proliferation,true,false,false
8,4,Proliferation,true,false,false
5,-9,Proliferation,true,false,true
14,31,Proliferation,true,true,true
28,-2,Proliferation,true,false,false
31,-26,Proliferation,true,true,false
33,36,Proliferation,true,false,false
-26,-12,Proliferation,true,true,false
-4,23,Growth_Arrest,false,false,false
7,-17,Proliferation,true,false,true
-10,-29,Proliferation,true,false,false
-37,3,Proliferation,true,true,false
25,32,Proliferation,true,false,false
-16,-43,Proliferation,true,false,true
24,-15,Growth_Arrest,false,false,true
36,12,Proliferation,true,false,false
25,42,Proliferation,true,false,true
-26,23,Proliferation,true,false,true
-33,-27,Proliferation,true,true,false
7,-47,Proliferation,true,true,false
15,-22,Growth_Arrest,false,true,false
-30,-3,Proliferation,true,true,false
47,1,Growth_Arrest,false,true,true
-18,15,Proliferation,true,false,false
12,4,Proliferation,true,false,true
-3,40,Proliferation,true,false,true
-11,-5,Growth_Arrest,false,true,false
-22,-23,Proliferation,true,true,false
-14,-41,Proliferation,true,false,false
40,-11,Proliferation,true,true,true
14,35,Growth_Arrest,false,true,false
44,-19,Proliferation,true,false,true
-40,0,Proliferation,true,true,true
-1,-25,Proliferation,true,false,false
10,22,Proliferation,true,true,false
-15,-11,Proliferation,true,false,false
33,9,Proliferation,true,false,false
-29,-1,Growth_Arrest,false,false,false
1,21,Proliferation,true,true,true
-37,16,Proliferation,true,true,false
26,1,Proliferation,true,true,true
19,-46,Proliferation,true,false,true
44,-6,Proliferation,true,true,false
18,30,Growth_Arrest,false,true,false
30,-11,Proliferation,true,false,false
-33,20,Proliferation,true,false,true
-39,-8,Growth_Arrest,false,false,false
24,-22,Proliferation,true,true,true
0,-34,Growth_Arrest,false,true,true
22,-17,Proliferation,true,true,true
-16,9,Proliferation,true,false,false
26,-40,Growth_Arrest,false,true,true
32,-2,Proliferation,true,true,true
12,-8,Proliferation,true,false,true
16,-17,Proliferation,true,true,false
-27,-9,Proliferation,true,true,true
-39,4,Proliferation,true,true,false
-50,-6,Proliferation,true,true,true
30,-10,Growth_Arrest,false,false,true
-16,3,Proliferation,true,true,true
-3,42,Proliferation,true,false,true
-44,-4,Proliferation,true,false,true
-17,-22,Proliferation,true,true,false
42,-3,Growth_Arrest,false,true,true
-30,-26,Proliferation,true,true,false
49,2,Proliferation,true,true,true
-25,-23,Proliferation,true,true,false
-1,4,Growth_Arrest,false,true,false
29,-36,Growth_Arrest,false,true,true
-11,36,Proliferation,true,false,true
17,-15,Growth_Arrest,false,false,true
-13,22,Growth_Arrest,false,true,false
4,48,Proliferation,true,false,true
-46,-16,Growth_Arrest,false,true,false
-25,11,Proliferation,true,false,false
-19,36,Proliferation,true,false,false
20,-19,Proliferation,true,true,true
32,7,Proliferation,true,false,true
-36,5,Growth_Arrest,false,true,false
-48,-9,Growth_Arrest,false,true,true
-24,-12,Growth_Arrest,false,false,false
8,-26,Proliferation,true,false,true
30,35,Growth_Arrest,false,true,true
-13,23,Growth_Arrest,false,true,false
-20,-2,Proliferation,true,false,false
9,41,Proliferation,true,true,true
15,-29,Proliferation,true,false,true
32,12,Proliferation,true,true,false
36,-33,Growth_Arrest,false,true,false
49,1,Proliferation,true,true,true
-16,-2,Growth_Arrest,false,true,false
-13,14,Growth_Arrest,false,true,true
36,22,Growth_Arrest,false,true,true
-2,47,Proliferation,true,false,false
-5,-31,Growth_Arrest,false,true,true
-45,8,Proliferation,true,false,false
42,-8,Proliferation,true,false,false
-15,29,Proliferation,true,true,false
1,16,Proliferation,true,false,true
-17,31,Proliferation,true,false,true
7,-31,Proliferation,true,true,true
-23,27,Growth_Arrest,false,true,false
11,-41,Growth_Arrest,false,false,false
-4,21,Proliferation,true,false,false
-33,-13,Proliferation,true,true,true
22,-19,Proliferation,true,true,true
-33,19,Proliferation,true,true,false
28,10,Proliferation,true,true,false
10,20,Growth_Arrest,false,true,false
2,2,Growth_Arrest,false,true,true
-6,-7,Proliferation,true,false,false
-25,6,Growth_Arrest,false,false,false
-10,-39,Proliferation,true,true,true
19,14,Proliferation,true,false,true
-12,8,Proliferation,true,true,true
-49,-2,Proliferation,true,false,false
-26,9,Proliferation,true,true,false
4,31,Proliferation,true,true,false
8,-44,Proliferation,true,true,false
-3,-40,Growth_Arrest,false,true,false
-9,-12,Proliferation,true,false,true
1,19,Proliferation,true,false,false
-15,21,Proliferation,true,false,false
-36,-30,Proliferation,true,true,true
-23,20,Growth_Arrest,false,false,false
-9,-5,Proliferation,true,true,true
25,33,Growth_Arrest,false,false,false
-26,21,Growth_Arrest,false,true,true
25,-11,Proliferation,true,false,true
-41,-18,Proliferation,true,true,true
1,-22,Proliferation,true,false,true
1,-36,Proliferation,true,true,false
17,29,Growth_Arrest,false,true,true
10,13,Proliferation,true,true,false
44,5,Growth_Arrest,false,true,false
-28,-34,Proliferation,true,false,true
-19,35,Proliferation,true,true,true
16,37,Proliferation,true,false,true
13,22,Proliferation,true,false,true
34,14,Proliferation,true,false,true
-48,14,Proliferation,true,false,false
-16,21,Proliferation,true,true,false
-9,20,Proliferation,true,false,false
-15,-48,Growth_Arrest,false,true,true
4,4,Proliferation,true,true,true
-8,33,Proliferation,true,false,false
46,8,Proliferation,true,false,false
-11,-26,Proliferation,true,false,false
7,37,Proliferation,true,true,true
-46,-13,Proliferation,true,true,false
-34,-13,Growth_Arrest,false,true,true
6,1,Proliferation,true,true,false
-18,4,Proliferation,true,true,false
32,28,Growth_Arrest,false,true,true
26,34,Proliferation,true,false,true
-9,-40,Proliferation,true,true,true
-27,-23,Proliferation,true,false,true
-23,-41,Proliferation,true,true,true
-20,34,Growth_Arrest,false,false,true
-31,32,Growth_Arrest,false,true,false
-5,-24,Growth_Arrest,false,false,false
4,29,Proliferation,true,false,false
-24,-37,Growth_Arrest,false,false,true
-32,12,Proliferation,true,true,true
0,-18,Proliferation,true,false,false
23,-35,Proliferation,true,true,false
27,29,Proliferation,true,true,false
8,30,Proliferation,true,true,true
0,43,Growth_Arrest,false,false,false
-7,-30,Growth_Arrest,false,true,false
37,-9,Growth_Arrest,false,false,true
42,7,Proliferation,true,true,true
19,10,Proliferation,true,true,true
-45,-9,Growth_Arrest,false,true,true
-39,-7,Growth_Arrest,false,true,true
-15,-22,Proliferation,true,false,false
-4,-37,Proliferation,true,true,false
34,3,Growth_Arrest,false,false,true
31,31,Growth_Arrest,false,true,false
22,-44,Proliferation,true,true,true
26,-28,Proliferation,true,true,false
4,-4,Growth_Arrest,false,true,true
20,-26,Proliferation,true,false,false
-12,23,Proliferation,true,true,false
39,-8,Proliferation,true,true,false
-19,0,Growth_Arrest,false,false,false
22,-30,Proliferation,true,false,true
1,30,Proliferation,true,false,true
-8,11,Growth_Arrest,false,false,true
-30,-16,Proliferation,true,true,true
38,-22,Proliferation,true,false,false
12,-15,Proliferation,true,true,false
-5,-39,Growth_Arrest,false,true,true
44,21,Growth_Arrest,false,true,true
-4,28,Proliferation,true,false,true
6,49,Proliferation,true,false,false
8,-14,Proliferation,true,false,false
9,13,Proliferation,true,true,false
-32,-10,Growth_Arrest,false,false,true
8,-28,Proliferation,true,true,false
-13,27,Proliferation,true,false,false
-35,29,Growth_Arrest,false,false,true
-26,-5,Proliferation,true,true,false
-38,11,Proliferation,true,false,false
14,32,Proliferation,true,true,true
28,14,Proliferation,true,false,true
24,18,Growth_Arrest,false,true,true
-9,16,Growth_Arrest,false,true,true
29,-11,Proliferation,true,true,false
-28,36,Proliferation,true,true,true
-18,-41,Proliferation,true,true,false
-36,-17,Proliferation,true,false,false
-4,49,Proliferation,true,true,true
-20,-3,Proliferation,true,false,true
38,-12,Growth_Arrest,false,true,false
-4,-19,Proliferation,true,false,false
-44,22,Proliferation,true,false,false
6,-49,Growth_Arrest,false,false,true
-30,11,Proliferation,true,false,false
-45,-18,Proliferation,true,true,true
39,11,Proliferation,true,false,false
-30,-37,Growth_Arrest,false,false,true
-29,39,Proliferation,true,true,true
33,-6,Growth_Arrest,false,false,true
25,-35,Proliferation,true,false,false
28,36,Proliferation,true,false,true
-34,-3,Growth_Arrest,false,true,true
-32,9,Growth_Arrest,false,false,true
29,21,Growth_Arrest,false,false,false
31,30,Proliferation,true,false,false
28,7,Proliferation,true,false,false
5,40,Proliferation,true,false,true
-41,8,Growth_Arrest,false,false,false
37,18,Proliferation,true,true,false
-45,-21,Proliferation,true,true,false
-31,-2,Growth_Arrest,false,false,false
-15,-34,Proliferation,true,true,false
21,-34,Growth_Arrest,false,true,false
-20,25,Proliferation,true,false,false
-10,-42,Growth_Arrest,false,false,false
17,-45,Proliferation,true,true,false
31,12,Proliferation,true,true,true
20,-17,Proliferation,true,false,false
33,-11,Proliferation,true,false,false
25,37,Proliferation,true,false,false
2,19,Growth_Arrest,false,false,true
-37,-32,Proliferation,true,false,false
-33,3,Growth_Arrest,false,true,true
10,-20,Proliferation,true,false,false
-43,-24,Growth_Arrest,false,true,false
15,5,Proliferation,true,false,true
44,1,Growth_Arrest,false,true,true
-23,-35,Growth_Arrest,false,true,false
-31,14,Proliferation,true,true,true
44,9,Proliferation,true,false,true
-15,-33,Proliferation,true,true,true
-16,-24,Growth_Arrest,false,false,true
-20,26,Proliferation,true,true,false
14,17,Proliferation,true,false,true
20,-24,Proliferation,true,true,true
4,-19,Growth_Arrest,false,false,true
-4,15,Growth_Arrest,false,true,true
2,42,Proliferation,true,true,true
-16,-35,Proliferation,true,true,true
-21,5,Proliferation,true,false,true
34,11,Proliferation,true,true,false
2,28,Proliferation,true,false,true
41,-13,Proliferation,true,true,true
-46,6,Proliferation,true,true,false
-26,27,Proliferation,true,false,false
34,-14,Proliferation,true,true,false
24,39,Growth_Arrest,false,false,false
39,29,Proliferation,true,false,true
-11,-28,Growth_Arrest,false,false,true
3,29,Growth_Arrest,false,true,true
-35,-37,Growth_Arrest,false,true,true
13,-6,Growth_Arrest,false,true,true
3,-40,Proliferation,true,true,true
-1,-6,Proliferation,true,false,true
-25,-7,Growth_Arrest,false,false,false
-16,38,Growth_Arrest,false,true,true
-15,-45,Proliferation,true,true,false
2,15,Growth_Arrest,false,false,false
4,-44,Growth_Arrest,false,true,false
39,13,Growth_Arrest,false,false,false
6,35,Proliferation,true,false,false
-46,11,Growth_Arrest,false,false,false
-23,-1,Proliferation,true,true,false
-28,-35,Proliferation,true,false,true
24,-21,Growth_Arrest,false,true,true
-17,-12,Proliferation,true,true,true
16,-8,Proliferation,true,false,false
-39,17,Proliferation,true,true,false
-30,-32,Proliferation,true,true,true
14,44,Growth_Arrest,false,false,true
-29,37,Growth_Arrest,false,true,true
4,14,Proliferation,true,true,false
-6,34,Growth_Arrest,false,true,true
23,-45,Proliferation,true,false,true
-20,-45,Proliferation,true,false,true
10,-44,Proliferation,true,false,false
0,-14,Growth_Arrest,false,true,true
20,36,Proliferation,true,false,false
-41,16,Proliferation,true,false,true
-34,31,Proliferation,true,false,true
-20,45,Growth_Arrest,false,true,true
-47,-20,Growth_Arrest,false,false,true
4,40,Proliferation,true,true,true
25,-2,Proliferation,true,true,true
-31,7,Proliferation,true,false,true
-27,-1,Proliferation,true,false,true
8,27,Growth_Arrest,false,true,false
-21,-27,Proliferation,true,false,false
23,31,Proliferation,true,true,true
-15,-37,Growth_Arrest,false,false,false
46,-6,Proliferation,true,false,true
34,-20,Proliferation,true,false,false
13,-49,Proliferation,true,false,true
19,25,Proliferation,true,false,false
-8,9,Growth_Arrest,false,true,true
23,-37,Proliferation,true,true,false
-23,-20,Proliferation,true,false,false
-37,2,Proliferation,true,true,false
-13,-32,Growth_Arrest,false,true,false
-37,29,Growth_Arrest,false,true,false
25,-12,Proliferation,true,true,true
-11,9,Proliferation,true,true,true
-16,8,Proliferation,true,true,true
7,-27,Proliferation,true,false,true
13,-15,Growth_Arrest,false,true,true
-30,-2,Proliferation,true,true,true
-2,18,Proliferation,true,false,false
42,-6,Proliferation,true,true,true
-22,-45,Growth_Arrest,false,false,true
-10,19,Proliferation,true,true,true
28,25,Proliferation,true,true,true
-32,-31,Growth_Arrest,false,false,false
18,-34,Growth_Arrest,false,false,true
-9,-46,Proliferation,true,true,false
-2,43,Growth_Arrest,false,true,false
29,-13,Proliferation,true,false,true
-1,8,Growth_Arrest,false,true,true
-16,-41,Growth_Arrest,false,false,true
-33,31,Proliferation,true,true,true
-9,-36,Proliferation,true,true,false
13,-18,Proliferation,true,false,false
5,23,Proliferation,true,true,false
38,-5,Growth_Arrest,false,false,true
-39,-9,Proliferation,true,false,true
28,-38,Growth_Arrest,false,false,false
-9,1,Proliferation,true,false,true
-11,-27,Proliferation,true,true,false
42,-22,Proliferation,true,true,false
-21,-7,Proliferation,true,false,true
12,6,Proliferation,true,false,true
-18,-11,Growth_Arrest,false,false,false
-38,-24,Proliferation,true,true,false
-40,-25,Proliferation,true,true,false
-37,1,Proliferation,true,false,false
-6,32,Growth_Arrest,false,false,true
-1,42,Growth_Arrest,false,true,true
-31,5,Growth_Arrest,false,false,false
14,1,Growth_Arrest,false,false,false
10,-41,Proliferation,true,true,false
22,36,Proliferation,true,false,true
-33,15,Proliferation,true,false,false
4,-17,Proliferation,true,false,false
-35,26,Proliferation,true,false,false
32,-29,Proliferation,true,true,true
-4,40,Proliferation,true,true,false
19,-23,Proliferation,true,false,false
20,1,Growth_Arrest,false,false,true
-14,29,Proliferation,true,false,false
47,4,Proliferation,true,false,true
-21,1,Proliferation,true,false,true
29,5,Proliferation,true,true,false
45,14,Proliferation,true,true,true
-17,23,Proliferation,true,true,false
-25,8,Proliferation,true,false,false
-34,14,Proliferation,true,true,true
-29,-41,Proliferation,true,true,true
-20,-11,Growth_Arrest,false,true,false
22,-21,Proliferation,true,false,true
-25,38,Growth_Arrest,false,false,false
26,-26,Proliferation,true,true,true
-9,-34,Growth_Arrest,false,false,true
-9,21,Growth_Arrest,false,false,true
-44,-12,Growth_Arrest,false,false,false
29,7,Proliferation,true,true,true
-4,-45,Growth_Arrest,false,false,true
-20,16,Proliferation,true,true,true
-4,48,Growth_Arrest,false,false,false
26,-24,Proliferation,true,true,true
-34,9,Growth_Arrest,false,false,true
-18,11,Proliferation,true,false,false
41,-12,Proliferation,true,false,true
2,21,Growth_Arrest,false,false,false
47,-12,Proliferation,true,false,true
21,-24,Growth_Arrest,false,false,true
11,-23,Growth_Arrest,false,true,false
1,36,Growth_Arrest,false,true,true
-21,-25,Proliferation,true,false,true
7,16,Proliferation,true,false,true
-1,24,Proliferation,true,false,false
-21,10,Proliferation,true,true,false
24,23,Proliferation,true,false,true
30,17,Growth_Arrest,false,true,false
-4,39,Proliferation,true,false,false
-6,-38,Growth_Arrest,false,true,true
-16,-10,Proliferation,true,true,false
-37,20,Proliferation,true,false,false
25,15,Growth_Arrest,false,false,true
-28,14,Growth_Arrest,false,true,false
33,-14,Growth_Arrest,false,false,true
-9,46,Proliferation,true,false,false
-33,-22,Growth_Arrest,false,false,false
11,31,Proliferation,true,false,false
-33,32,Proliferation,true,false,false
-42,0,Proliferation,true,true,true
-27,-19,Proliferation,true,true,true
8,36,Proliferation,true,false,false
18,-5,Growth_Arrest,false,true,true
16,8,Proliferation,true,true,true
-27,0,Proliferation,true,true,false
16,-9,Proliferation,true,true,false
-19,-13,Proliferation,true,false,false
28,28,Proliferation,true,true,true
-17,-33,Proliferation,true,true,false
24,-11,Growth_Arrest,false,false,true
-4,43,Proliferation,true,true,true
28,-35,Proliferation,true,false,true
-12,-38,Proliferation,true,false,false
18,-18,Proliferation,true,false,true
-31,-19,Growth_Arrest,false,true,true
22,41,Proliferation,true,true,false
33,29,Growth_Arrest,false,false,false
0,-41,Growth_Arrest,false,false,true
37,10,Proliferation,true,true,false
-31,10,Growth_Arrest,false,false,false
-11,-18,Proliferation,true,false,true
-21,-29,Proliferation,true,true,true
0,-36,Growth_Arrest,false,false,true
25,11,Proliferation,true,true,false
-26,-24,Growth_Arrest,false,false,true
-45,-19,Growth_Arrest,false,true,false
-4,18,Growth_Arrest,false,true,true
-41,-29,Growth_Arrest,false,true,true
-9,-7,Proliferation,true,true,false
-10,-12,Proliferation,true,false,false
-9,34,Proliferation,true,false,false
-45,18,Proliferation,true,true,false
36,16,Growth_Arrest,false,true,true
13,-20,Growth_Arrest,false,true,false
34,18,Growth_Arrest,false,true,true
10,27,Proliferation,true,true,true
-46,-7,Proliferation,true,true,false
1,8,Proliferation,true,false,false
7,26,Proliferation,true,true,true
-23,-2,Growth_Arrest,false,false,true
-36,-15,Proliferation,true,false,false
23,3,Proliferation,true,false,false
26,0,Growth_Arrest,false,false,false
-19,28,Proliferation,true,true,true
47,6,Growth_Arrest,false,false,false
-7,32,Proliferation,true,true,true
-4,-16,Growth_Arrest,false,false,true
29,-21,Proliferation,true,true,true
4,-23,Growth_Arrest,false,true,true
33,25,Growth_Arrest,false,true,false
22,-8,Growth_Arrest,false,false,false
3,-38,Proliferation,true,false,true
-49,1,Growth_Arrest,false,true,true
13,-14,Proliferation,true,false,true
24,-30,Growth_Arrest,false,true,false
-31,-11,Proliferation,true,true,false
5,19,Proliferation,true,false,false
12,-21,Proliferation,true,false,true
-37,-27,Proliferation,true,true,false
-33,38,Proliferation,true,false,true
18,-22,Proliferation,true,false,false
5,41,Growth_Arrest,false,false,true
-3,30,Growth_Arrest,false,true,false
-36,16,Proliferation,true,true,true
-47,15,Growth_Arrest,false,true,true
-1,39,Proliferation,true,true,true
34,4,Growth_Arrest,false,false,true
11,36,Proliferation,true,true,false
30,-28,Proliferation,true,false,true
-1,-2,Proliferation,true,true,false
15,7,Growth_Arrest,false,true,false
10,-39,Growth_Arrest,false,false,false
-21,-11,Proliferation,true,false,false
-3,17,Growth_Arrest,false,true,true
-27,2,Proliferation,true,false,false
39,20,Growth_Arrest,false,false,true
21,25,Growth_Arrest,false,true,false
36,0,Proliferation,true,false,false
-38,-22,Proliferation,true,false,false
0,-22,Proliferation,true,false,true
-7,30,Proliferation,true,true,true
-28,41,Proliferation,true,true,false
33,23,Proliferation,true,true,false
28,-40,Proliferation,true,true,false
32,36,Proliferation,true,true,false
28,19,Proliferation,true,false,true
32,11,Proliferation,true,true,true
-44,-9,Proliferation,true,true,true
29,6,Proliferation,true,false,false
11,-46,Proliferation,true,false,true
12,37,Proliferation,true,false,false
-30,-27,Growth_Arrest,false,true,true
37,28,Proliferation,true,true,false
-8,8,Growth_Arrest,false,false,true
-35,-33,Growth_Arrest,false,false,true
-28,38,Proliferation,true,false,true
22,-24,Growth_Arrest,false,true,false
45,15,Proliferation,true,true,false
36,-34,Growth_Arrest,false,false,true
-14,34,Proliferation,true,true,true
11,39,Growth_Arrest,false,false,false
-20,-24,Growth_Arrest,false,true,false
-42,20,Growth_Arrest,false,false,false
-12,-26,Proliferation,true,true,true
26,-23,Growth_Arrest,false,true,true
-33,-7,Growth_Arrest,false,false,true
-11,-41,Proliferation,true,false,false
10,44,Proliferation,true,false,true
-2,0,Proliferation,true,true,true
-6,-39,Proliferation,true,true,false
40,2,Growth_Arrest,false,false,false
-14,47,Proliferation,true,true,false
33,-18,Proliferation,true,false,false
-18,-27,Proliferation,true,false,false
23,-32,Proliferation,true,false,true
-9,-27,Growth_Arrest,false,false,false
-35,-4,Growth_Arrest,false,true,false
-17,9,Proliferation,true,false,true
-33,-15,Proliferation,true,false,false
-40,12,Proliferation,true,true,true
-31,-23,Proliferation,true,false,false
-29,22,Proliferation,true,false,false
-5,-34,Growth_Arrest,false,true,true
-19,-34,Growth_Arrest,false,true,false
4,-47,Growth_Arrest,false,false,false
3,-47,Proliferation,true,false,true
-38,-8,Proliferation,true,false,false
-2,-16,Proliferation,true,false,false
27,-37,Growth_Arrest,false,true,false
-11,19,Proliferation,true,true,false
-5,31,Proliferation,true,false,true
9,7,Proliferation,true,true,true
-23,4,Proliferation,true,false,true
-33,-8,Proliferation,true,false,false
-32,-8,Proliferation,true,false,true
1,13,Proliferation,true,false,false
19,-41,Proliferation,true,false,false
46,-9,Growth_Arrest,false,false,false
32,-35,Growth_Arrest,false,true,true
-26,32,Proliferation,true,false,true
-19,34,Proliferation,true,true,true
15,1,Proliferation,true,false,true
39,-26,Growth_Arrest,false,true,false
-23,-23,Growth_Arrest,false,true,true
42,5,Proliferation,true,false,true
8,37,Proliferation,true,false,true
4,7,Proliferation,true,false,true
39,-7,Growth_Arrest,false,true,false
6,-7,Growth_Arrest,false,false,true
-22,9,Proliferation,true,true,true
39,30,Proliferation,true,false,false
21,22,Proliferation,true,true,true
-19,23,Growth_Arrest,false,false,true
-9,38,Growth_Arrest,false,true,false
8,-43,Proliferation,true,false,true
23,8,Growth_Arrest,false,true,false
6,-4,Growth_Arrest,false,false,false
-6,-45,Proliferation,true,true,true
42,-13,Growth_Arrest,false,false,false
38,25,Proliferation,true,false,true
-43,24,Growth_Arrest,false,false,false
13,-11,Growth_Arrest,false,true,false
15,18,Proliferation,true,true,true
40,-19,Growth_Arrest,false,false,false
7,-36,Proliferation,true,false,true
-8,47,Growth_Arrest,false,false,true
-37,-3,Proliferation,true,false,true
6,-14,Proliferation,true,false,true
5,-22,Proliferation,true,true,true
32,24,Proliferation,true,false,false
-20,-38,Proliferation,true,true,false
38,-4,Growth_Arrest,false,true,false
-7,-36,Growth_Arrest,false,false,true
-35,-15,Proliferation,true,true,false
-12,47,Growth_Arrest,false,true,true
-5,-9,Growth_Arrest,false,false,true
-8,16,Growth_Arrest,false,true,true
31,-11,Proliferation,true,true,false
9,6,Proliferation,true,false,true
30,-34,Proliferation,true,true,false
1,45,Proliferation,true,false,false
-9,-6,Proliferation,true,false,false
-24,-14,Growth_Arrest,false,false,false
-25,33,Proliferation,true,false,false
-1,-14,Proliferation,true,true,false
-28,13,Growth_Arrest,false,true,false
30,27,Proliferation,true,true,true
-10,13,Proliferation,true,false,true
21,18,Growth_Arrest,false,false,false
7,-4,Proliferation,true,false,false
46,13,Growth_Arrest,false,false,false
25,41,Growth_Arrest,false,false,false
36,-12,Proliferation,true,false,true
31,27,Proliferation,true,true,true
-16,14,Proliferation,true,false,true
0,-19,Proliferation,true,true,true
-10,15,Proliferation,true,true,false
-11,20,Proliferation,true,false,false
19,-29,Proliferation,true,true,false
19,9,Growth_Arrest,false,true,false
-13,-41,Growth_Arrest,false,false,false
-30,-25,Proliferation,true,false,true
-43,-23,Growth_Arrest,false,false,false
14,9,Proliferation,true,false,true
8,-27,Growth_Arrest,false,false,false
-14,-39,Proliferation,true,false,false
20,3,Growth_Arrest,false,false,false
-35,-20,Proliferation,true,true,true
14,22,Proliferation,true,true,false
43,-22,Proliferation,true,true,true
23,10,Growth_Arrest,false,true,false
-46,-3,Growth_Arrest,false,true,true
-31,30,Growth_Arrest,false,false,false
14,45,Proliferation,true,true,false
-5,-30,Growth_Arrest,false,false,true
9,29,Proliferation,true,false,true
-18,24,Growth_Arrest,false,false,false
25,-25,Growth_Arrest,false,false,false
-15,-29,Proliferation,true,false,true
-18,29,Proliferation,true,false,true
-23,39,Growth_Arrest,false,true,false
-12,14,Proliferation,true,true,true
-9,23,Proliferation,true,true,false
19,18,Growth_Arrest,false,false,false
21,-42,Proliferation,true,false,false
11,12,Growth_Arrest,false,false,false
34,24,Proliferation,true,true,true
16,-37,Proliferation,true,true,false
12,43,Growth_Arrest,false,false,false
16,-22,Proliferation,true,true,false
-17,29,Proliferation,true,false,false
19,26,Proliferation,true,false,false
-39,14,Growth_Arrest,false,true,true
26,28,Growth_Arrest,false,false,false
39,-23,Growth_Arrest,false,true,false
21,-22,Growth_Arrest,false,false,true
5,-48,Proliferation,true,false,true
35,-15,Proliferation,true,false,true
-14,46,Proliferation,true,true,false
13,10,Proliferation,true,true,true
-20,8,Growth_Arrest,false,false,true
21,-32,Growth_Arrest,false,false,true
43,-5,Proliferation,true,true,true
8,13,Proliferation,true,true,false
19,35,Proliferation,true,false,false
-2,34,Growth_Arrest,false,true,false
32,-39,Growth_Arrest,false,true,true
36,28,Proliferation,true,false,true
-2,28,Proliferation,true,false,true
8,-17,Proliferation,true,true,false
12,15,Proliferation,true,false,false
33,18,Proliferation,true,true,false
11,48,Proliferation,true,false,false
-21,19,Proliferation,true,false,false
-23,-34,Growth_Arrest,false,true,true
6,-43,Proliferation,true,true,true
10,-49,Proliferation,true,false,true
-34,-18,Proliferation,true,false,true
-4,9,Growth_Arrest,false,true,false
-43,-22,Proliferation,true,true,false
12,-13,Growth_Arrest,false,true,true
-12,-41,Proliferation,true,false,true
-45,14,Growth_Arrest,false,true,false
-22,-10,Growth_Arrest,false,false,true
18,-25,Proliferation,true,false,true
26,18,Growth_Arrest,false,true,false
15,26,Proliferation,true,false,true
26,36,Growth_Arrest,false,true,false
45,-4,Growth_Arrest,false,true,true
10,2,Proliferation,true,false,true
-38,6,Proliferation,true,false,false
9,14,Growth_Arrest,false,true,true
11,42,Proliferation,true,false,true
-18,-5,Proliferation,true,true,true
-13,19,Proliferation,true,true,false
16,-15,Growth_Arrest,false,true,false
38,-10,Growth_Arrest,false,true,false
-18,-35,Proliferation,true,false,true
2,-46,Growth_Arrest,false,true,true
-49,3,Proliferation,true,true,false
-21,-30,Proliferation,true,false,false
18,-29,Proliferation,true,false,true
15,2,Growth_Arrest,false,true,true
35,-9,Growth_Arrest,false,false,false
-38,-18,Proliferation,true,true,true
-10,35,Growth_Arrest,false,true,true
-21,12,Proliferation,true,true,true
7,39,Proliferation,true,false,true
12,1,Growth_Arrest,false,true,true
15,-25,Growth_Arrest,false,true,true
35,27,Proliferation,true,true,true
-21,-18,Proliferation,true,false,true
31,32,Proliferation,true,false,false
-16,30,Proliferation,true,true,true
3,-24,Proliferation,true,false,false
-37,-19,Growth_Arrest,false,false,true
38,13,Proliferation,true,true,false
-21,-43,Proliferation,true,true,false
-22,10,Proliferation,true,false,true
10,-18,Proliferation,true,false,true
-28,32,Proliferation,true,true,false
24,38,Growth_Arrest,false,false,false
3,-12,Proliferation,true,true,true
19,17,Proliferation,true,true,false
-11,13,Proliferation,true,true,true
-21,23,Proliferation,true,true,false
-3,-14,Growth_Arrest,false,false,false
-12,48,Proliferation,true,false,true
14,-15,Proliferation,true,false,false
46,-11,Proliferation,true,true,true
-15,36,Proliferation,true,false,true
-17,-38,Proliferation,true,true,false
14,20,Proliferation,true,true,true
43,21,Growth_Arrest,false,false,true
-3,39,Proliferation,true,true,false
-4,-23,Growth_Arrest,false,false,true
28,-7,Proliferation,true,true,false
37,8,Proliferation,true,false,false
35,5,Proliferation,true,false,false
17,40,Growth_Arrest,false,true,false
14,5,Proliferation,true,false,true
-31,8,Growth_Arrest,false,true,true
3,35,Growth_Arrest,false,false,true
-47,-3,Growth_Arrest,false,true,false
1,-7,Proliferation,true,false,false
-18,-30,Growth_Arrest,false,true,true
35,23,Proliferation,true,false,true
-22,24,Proliferation,true,false,true
4,-3,Growth_Arrest,false,true,false
-37,32,Growth_Arrest,false,true,false
-15,0,Growth_Arrest,false,false,true
38,-30,Proliferation,true,false,false
25,39,Growth_Arrest,false,true,true
29,-24,Proliferation,true,false,false
30,-7,Proliferation,true,true,true
4,32,Proliferation,true,false,false
19,21,Proliferation,true,false,true
-15,-12,Proliferation,true,true,true
-5,27,Proliferation,true,true,true
30,-6,Growth_Arrest,false,true,true
24,8,Proliferation,true,true,true
-43,1,Proliferation,true,false,false
36,7,Proliferation,true,true,false
-10,-20,Proliferation,true,true,false
10,23,Proliferation,true,true,false
-14,-6,Growth_Arrest,false,false,false
-37,33,Growth_Arrest,false,true,false
-31,31,Proliferation,true,true,false
-13,-19,Growth_Arrest,false,false,false
-17,-36,Growth_Arrest,false,true,true
-45,11,Growth_Arrest,false,false,true
5,-10,Growth_Arrest,false,true,true
-29,26,Growth_Arrest,false,false,false
-10,-6,Proliferation,true,false,false
34,36,Growth_Arrest,false,false,true
9,-30,Proliferation,true,false,false
-27,26,Proliferation,true,false,true
-2,26,Proliferation,true,false,false
5,49,Proliferation,true,true,true
24,-9,Proliferation,true,false,false
-23,6,Proliferation,true,false,true
17,-26,Proliferation,true,false,true
32,-18,Proliferation,true,false,true
-22,3,Proliferation,true,false,true
-8,22,Proliferation,true,true,false
-36,29,Growth_Arrest,false,true,false
-30,4,Proliferation,true,false,true
-11,-4,Proliferation,true,true,false
-2,33,Proliferation,true,false,true
41,-11,Proliferation,true,true,false
31,24,Proliferation,true,true,true
-1,0,Growth_Arrest,false,true,false
11,8,Growth_Arrest,false,true,false
-15,47,Proliferation,true,false,false
-31,-35,Proliferation,true,false,true
-28,-8,Proliferation,true,false,true
9,-48,Proliferation,true,false,true
26,-6,Proliferation,true,true,true
-38,1,Growth_Arrest,false,false,true
17,24,Proliferation,true,true,true
-18,-18,Proliferation,true,true,true
-32,-27,Proliferation,true,true,true
20,19,Growth_Arrest,false,false,true
-6,12,Growth_Arrest,false,false,false
-23,8,Proliferation,true,false,true
-31,-10,Proliferation,true,true,false
30,-12,Proliferation,true,false,true
-18,-9,Proliferation,true,true,true
-40,-1,Growth_Arrest,false,false,true
-28,22,Growth_Arrest,false,false,true
44,2,Proliferation,true,false,false
-13,0,Proliferation,true,false,false
-29,-6,Proliferation,true,false,false
-2,1,Proliferation,true,true,false
-35,13,Growth_Arrest,false,true,false
18,-31,Proliferation,true,false,true
-4,-9,Proliferation,true,true,true
2,22,Growth_Arrest,false,false,true
-38,-25,Proliferation,true,false,true
28,-32,Growth_Arrest,false,false,true
7,33,Proliferation,true,false,false
-41,28,Proliferation,true,true,true
-18,5,Proliferation,true,false,true
-37,10,Proliferation,true,false,true
22,31,Proliferation,true,false,true
45,9,Proliferation,true,false,false
5,-26,Proliferation,true,false,false
-29,40,Growth_Arrest,false,false,false
-30,7,Growth_Arrest,false,false,true
-20,36,Growth_Arrest,false,false,true
3,17,Proliferation,true,false,false
-50,5,Proliferation,true,false,true
-19,-27,Growth_Arrest,false,false,false
12,31,Proliferation,true,false,false
-24,-21,Growth_Arrest,false,true,true
38,-15,Proliferation,true,true,true
-28,-6,Growth_Arrest,false,false,true
-38,30,Proliferation,true,true,true
29,24,Proliferation,true,true,false
28,-21,Proliferation,true,false,false
-41,0,Proliferation,true,false,false
22,35,Proliferation,true,false,false
13,-25,Growth_Arrest,false,true,false
-12,-47,Proliferation,true,true,false
-41,4,Proliferation,true,false,true
10,3,Proliferation,true,true,true
-14,-35,Proliferation,true,true,true
-1,35,Growth_Arrest,false,false,true
-25,-42,Growth_Arrest,false,false,false
11,-20,Growth_Arrest,false,false,true
47,2,Proliferation,true,false,false
7,19,Growth_Arrest,false,false,false
23,-2,Proliferation,true,true,false
12,-1,Proliferation,true,false,true
18,20,Proliferation,true,true,false
43,-8,Growth_Arrest,false,true,true
-2,-7,Proliferation,true,true,true
36,26,Growth_Arrest,false,false,true
-17,-25,Growth_Arrest,false,true,true
-30,18,Proliferation,true,true,false
-15,-9,Proliferation,true,true,true
-11,2,Proliferation,true,true,true
17,-21,Growth_Arrest,false,true,false
-17,34,Proliferation,true,false,false
44,-9,Growth_Arrest,false,false,true
42,10,Proliferation,true,true,true
-29,30,Proliferation,true,false,true
-9,24,Proliferation,true,false,false
35,1,Proliferation,true,false,true
46,18,Proliferation,true,false,true
-6,-2,Proliferation,true,true,false
-37,12,Growth_Arrest,false,true,true
-1,19,Proliferation,true,false,false
38,-7,Growth_Arrest,false,false,true
9,-23,Growth_Arrest,false,true,false
23,-36,Growth_Arrest,false,false,false
-18,-42,Proliferation,true,true,false
-26,26,Proliferation,true,true,true
19,3,Growth_Arrest,false,false,true
17,37,Growth_Arrest,false,true,true
-27,-31,Proliferation,true,true,true
33,-1,Proliferation,true,false,true
37,22,Proliferation,true,true,false
37,14,Growth_Arrest,false,false,false
7,-8,Growth_Arrest,false,true,false
11,-28,Proliferation,true,false,false
-8,-33,Growth_Arrest,false,true,true
5,-19,Growth_Arrest,false,true,true
-35,-31,Growth_Arrest,false,true,false
8,47,Proliferation,true,true,true
-44,-25,Proliferation,true,true,true
-35,-8,Growth_Arrest,false,true,true
43,10,Growth_Arrest,false,false,true
-3,-23,Growth_Arrest,false,false,true
-32,-33,Proliferation,true,true,true
34,-31,Growth_Arrest,false,true,false
33,24,Growth_Arrest,false,false,false
-30,-41,Proliferation,true,false,true
-14,-11,Growth_Arrest,false,true,false
8,-47,Proliferation,true,false,true
-13,-1,Growth_Arrest,false,true,true
40,-2,Proliferation,true,true,false
5,-25,Proliferation,true,false,false
29,14,Growth_Arrest,false,false,true
18,-24,Proliferation,true,false,false
-9,-49,Proliferation,true,false,false
42,6,Proliferation,true,true,false
17,32,Growth_Arrest,false,false,false
-13,-46,Proliferation,true,true,false
38,20,Proliferation,true,true,false
-33,-37,Proliferation,true,true,true
-33,26,Growth_Arrest,false,false,true
49,-5,Growth_Arrest,false,false,false
42,-5,Proliferation,true,false,true
7,38,Growth_Arrest,false,false,true
-32,11,Growth_Arrest,false,true,true
24,2,Proliferation,true,false,true
23,39,Proliferation,true,false,false
18,31,Growth_Arrest,false,true,true
-39,15,Proliferation,true,false,true
9,12,Proliferation,true,false,false
-29,-31,Growth_Arrest,false,true,false
9,-49,Growth_Arrest,false,true,true
-7,-5,Growth_Arrest,false,false,true
9,-41,Growth_Arrest,false,true,false
16,18,Proliferation,true,true,false
-5,24,Proliferation,true,false,false
2,-37,Growth_Arrest,false,true,true
40,-15,Proliferation,true,false,true
-13,-8,Proliferation,true,false,true
8,-13,Proliferation,true,false,true
17,3,Proliferation,true,false,false
38,-31,Proliferation,true,false,false
-6,-12,Growth_Arrest,false,true,true
-40,29,Growth_Arrest,false,true,false
11,-48,Proliferation,true,true,false
2,-40,Growth_Arrest,false,false,true
31,-29,Proliferation,true,false,false
-28,35,Growth_Arrest,false,true,true
-39,32,Proliferation,true,true,true
27,-26,Proliferation,true,true,true
-4,-6,Growth_Arrest,false,false,false
-41,12,Growth_Arrest,false,false,false
-8,-45,Proliferation,true,true,true
22,38,Proliferation,true,false,true
-19,-23,Proliferation,true,true,true
45,18,Proliferation,true,true,true
20,-34,Proliferation,true,false,true
15,29,Proliferation,true,false,false
12,0,Proliferation,true,true,false
36,-29,Growth_Arrest,false,true,false
29,19,Proliferation,true,false,true
49,6,Proliferation,true,false,true
-25,12,Proliferation,true,true,false
-11,24,Proliferation,true,true,true
35,-22,Growth_Arrest,false,false,false
39,-13,Proliferation,true,false,false
24,3,Proliferation,true,false,true
-22,-4,Growth_Arrest,false,false,true
30,-15,Growth_Arrest,false,true,false
20,-35,Proliferation,true,true,false
10,-45,Growth_Arrest,false,false,true
27,0,Growth_Arrest,false,true,true
-5,-50,Proliferation,true,false,false
-11,42,Proliferation,true,false,true
27,30,Proliferation,true,true,false
-32,14,Proliferation,true,false,true
-18,-45,Proliferation,true,true,false
13,16,Proliferation,true,false,true
-24,40,Proliferation,true,true,true
-12,-2,Proliferation,true,true,true
32,5,Proliferation,true,true,false
35,-14,Growth_Arrest,false,true,true
-33,-23,Growth_Arrest,false,false,false
36,-3,Proliferation,true,true,false
-24,28,Growth_Arrest,false,false,false
25,-34,Growth_Arrest,false,false,false
-44,-8,Growth_Arrest,false,false,false
28,-11,Proliferation,true,false,true
27,-41,Proliferation,true,false,true
38,8,Growth_Arrest,false,false,true
28,5,Growth_Arrest,false,false,false
45,-11,Proliferation,true,false,false
-32,31,Proliferation,true,true,true
-27,8,Proliferation,true,true,false
-16,44,Growth_Arrest,false,false,false
-36,30,Proliferation,true,false,false
3,-9,Proliferation,true,false,false
1,-50,Proliferation,true,true,false
-29,-38,Growth_Arrest,false,true,true
-16,-33,Growth_Arrest,false,true,true
43,5,Proliferation,true,false,false
39,-25,Proliferation,true,false,false
-10,-26,Growth_Arrest,false,true,false
39,-10,Proliferation,true,false,true
-9,48,Proliferation,true,true,true
-42,-9,Growth_Arrest,false,false,false
7,28,Growth_Arrest,false,false,true
-8,-7,Proliferation,true,false,false
19,15,Growth_Arrest,false,true,false
-23,-21,Growth_Arrest,false,false,true
-18,30,Proliferation,true,false,false
22,17,Growth_Arrest,false,true,true
30,8,Growth_Arrest,false,false,false
-12,41,Proliferation,true,true,false
-17,40,Proliferation,true,false,true
-7,-50,Proliferation,true,true,false
-36,-1,Proliferation,true,true,false
5,42,Growth_Arrest,false,false,true
15,27,Growth_Arrest,false,true,true
-37,4,Growth_Arrest,false,false,true
24,-36,Proliferation,true,false,true
28,40,Proliferation,true,true,true
44,-20,Growth_Arrest,false,true,false
30,2,Proliferation,true,true,true
-18,19,Proliferation,true,false,false
1,12,Growth_Arrest,false,true,false
-32,7,Proliferation,true,true,false
-38,3,Proliferation,true,true,true
-1,20,Proliferation,true,false,true
31,-35,Proliferation,true,true,true
4,28,Growth_Arrest,false,true,false
13,-38,Growth_Arrest,false,false,false
-29,16,Proliferation,true,false,false
42,-21,Growth_Arrest,false,false,false
-22,-44,Growth_Arrest,false,true,true
-39,-21,Growth_Arrest,false,true,true
25,29,Proliferation,true,true,true
6,-6,Proliferation,true,false,false
-10,28,Growth_Arrest,false,true,false
-31,-27,Growth_Arrest,false,false,false
-30,-29,Proliferation,true,true,false
35,-26,Proliferation,true,true,false
17,-46,Growth_Arrest,false,false,false
-6,5,Proliferation,true,true,false
-18,-25,Growth_Arrest,false,true,true
16,-28,Growth_Arrest,false,true,false
-22,-26,Growth_Arrest,false,true,true
-27,29,Proliferation,true,false,false
-7,-14,Proliferation,true,true,true
-44,-3,Growth_Arrest,false,false,true
-21,45,Proliferation,true,false,false
-48,-2,Proliferation,true,true,true
4,-7,Proliferation,true,true,true
-1,27,Growth_Arrest,false,true,true
27,18,Proliferation,true,false,false
-3,-44,Proliferation,true,false,false
-19,3,Proliferation,true,true,true
-27,20,Proliferation,true,true,false
23,43,Proliferation,true,true,false
4,33,Proliferation,true,false,false
-6,-50,Proliferation,true,false,true
-24,27,Proliferation,true,true,false
-28,-24,Proliferation,true,false,false
13,11,Proliferation,true,true,false
39,-17,Proliferation,true,false,false
16,-10,Proliferation,true,false,true
-5,3,Proliferation,true,true,false
6,-48,Growth_Arrest,false,false,true
-31,-31,Proliferation,true,true,false
11,-4,Growth_Arrest,false,false,false
-48,-4,Growth_Arrest,false,true,false
12,-33,Proliferation,true,true,true
-37,18,Growth_Arrest,false,true,true
21,-2,Proliferation,true,true,true
-4,2,Proliferation,true,false,false
16,-24,Proliferation,true,true,false
11,40,Proliferation,true,false,true
-1,45,Growth_Arrest,false,true,true
-14,12,Proliferation,true,false,false
-21,-24,Proliferation,true,false,true
-41,25,Proliferation,true,true,false
41,-14,Proliferation,true,false,false
-6,-13,Proliferation,true,false,false
21,-37,Proliferation,true,false,true
-10,18,Proliferation,true,false,true
-41,-22,Proliferation,true,false,true
43,-11,Proliferation,true,false,true
38,-16,Proliferation,true,false,true
4,-45,Proliferation,true,false,false
-31,12,Proliferation,true,false,false
-18,-7,Growth_Arrest,false,false,false
-4,29,Proliferation,true,true,false
-5,-21,Proliferation,true,false,false
-21,-10,Proliferation,true,false,false
-30,-30,Proliferation,true,false,true
-9,40,Proliferation,true,false,false
-48,-11,Growth_Arrest,false,true,true
-32,16,Proliferation,true,false,false
18,-38,Proliferation,true,false,false
-4,47,Proliferation,true,false,false
16,10,Proliferation,true,true,true
-11,23,Growth_Arrest,false,true,true
-32,-20,Proliferation,true,true,false
-33,30,Growth_Arrest,false,true,true
-27,-7,Growth_Arrest,false,true,false
-28,-19,Proliferation,true,false,true
-37,0,Growth_Arrest,false,true,true
45,21,Proliferation,true,false,true
30,-25,Proliferation,true,false,true
-22,32,Proliferation,true,true,true
-39,20,Proliferation,true,true,true
31,-10,Proliferation,true,true,true
-48,-8,Proliferation,true,true,false
-28,25,Growth_Arrest,false,false,true
-47,3,Proliferation,true,true,false
15,35,Growth_Arrest,false,false,false
40,7,Proliferation,true,true,false
21,-13,Proliferation,true,true,false
13,-2,Proliferation,true,true,true
37,15,Proliferation,true,false,true
24,1,Proliferation,true,true,false
30,34,Growth_Arrest,false,false,false
-26,-22,Proliferation,true,false,true
-9,28,Growth_Arrest,false,true,true
-22,-3,Proliferation,true,true,false
-49,8,Growth_Arrest,false,false,true
-23,1,Proliferation,true,true,false
-36,-8,Growth_Arrest,false,false,true
-7,49,Proliferation,true,false,false
20,-18,Proliferation,true,true,false
21,-11,Proliferation,true,true,false
-14,14,Proliferation,true,false,false
-5,-11,Proliferation,true,true,true
-9,-32,Proliferation,true,false,true
4,-2,Proliferation,true,true,true
1,-26,Proliferation,true,true,true
-8,17,Proliferation,true,false,true
-5,12,Growth_Arrest,false,false,true
2,29,Growth_Arrest,false,true,true
-19,-24,Proliferation,true,true,true
14,-3,Growth_Arrest,false,true,false
12,17,Proliferation,true,true,false
11,22,Proliferation,true,true,false
-20,0,Growth_Arrest,false,true,true
-38,26,Proliferation,true,true,true
-28,6,Proliferation,true,true,true
-34,0,Growth_Arrest,false,false,true
26,-25,Proliferation,true,false,true
32,-31,Proliferation,true,true,false
-42,-27,Proliferation,true,false,false
-1,34,Proliferation,true,false,false
-43,19,Proliferation,true,true,true
28,35,Proliferation,true,false,false
-15,42,Proliferation,true,true,true
-29,-23,Growth_Arrest,false,true,false
-20,22,Proliferation,true,true,false
27,-35,Growth_Arrest,false,true,true
-11,30,Proliferation,true,true,false
-8,-30,Proliferation,true,false,true
-14,-45,Proliferation,true,true,true
-11,0,Growth_Arrest,false,false,false
-37,14,Growth_Arrest,false,false,false
-40,-15,Growth_Arrest,false,true,false
41,2,Growth_Arrest,false,true,false
0,-38,Proliferation,true,true,true
4,43,Growth_Arrest,false,true,false
-28,29,Growth_Arrest,false,false,true
2,0,Proliferation,true,true,false
15,11,Proliferation,true,true,true
3,-48,Proliferation,true,false,true
-29,2,Growth_Arrest,false,false,false
-28,-39,Proliferation,true,true,true
7,-13,Proliferation,true,true,false
-1,-12,Proliferation,true,false,true
-15,-14,Proliferation,true,false,true
-4,17,Proliferation,true,true,true
41,-23,Proliferation,true,false,false
-4,-7,Growth_Arrest,false,false,false
-46,15,Growth_Arrest,false,true,false
13,19,Growth_Arrest,false,false,true
-14,32,Growth_Arrest,false,true,false
-13,-29,Proliferation,true,false,false
21,-1,Growth_Arrest,false,true,false
33,-15,Proliferation,true,true,true
24,-20,Proliferation,true,true,true
25,-9,Proliferation,true,true,false
23,26,Proliferation,true,true,true
18,6,Growth_Arrest,false,false,false
34,-34,Proliferation,true,false,false
0,27,Proliferation,true,false,false
45,13,Proliferation,true,true,false
-5,-43,Proliferation,true,false,true
19,37,Growth_Arrest,false,false,false
-28,5,Proliferation,true,true,true
-12,27,Proliferation,true,false,false
10,-7,Proliferation,true,false,false
-36,26,Growth_Arrest,false,true,false
1,44,Proliferation,true,true,true
-20,-44,Proliferation,true,true,true
-24,26,Proliferation,true,false,true
43,14,Proliferation,true,false,false
10,-29,Proliferation,true,false,true
-4,-42,Proliferation,true,false,false
23,-3,Proliferation,true,false,true
-4,-18,Proliferation,true,false,false
-16,43,Proliferation,true,true,true
37,-1,Proliferation,true,true,true
-26,-1,Proliferation,true,true,false
13,4,Proliferation,true,true,false
-29,-9,Proliferation,true,true,true
-11,-33,Proliferation,true,false,false
-6,7,Proliferation,true,true,true
32,-19,Growth_Arrest,false,true,true
-31,-33,Proliferation,true,false,true
-3,29,Proliferation,true,false,false
-42,9,Proliferation,true,true,true
-35,-22,Proliferation,true,false,false
-36,-32,Growth_Arrest,false,false,true
-16,27,Growth_Arrest,false,true,false
25,-42,Growth_Arrest,false,true,true
31,-37,Proliferation,true,true,true
-34,10,Proliferation,true,true,false
27,16,Growth_Arrest,false,false,false
11,4,Growth_Arrest,false,true,true
19,-3,Proliferation,true,true,true
-1,-28,Proliferation,true,false,true
-3,-24,Proliferation,true,false,false
23,12,Proliferation,true,true,true
1,-9,Proliferation,true,true,true
15,45,Proliferation,true,false,true
23,1,Proliferation,true,false,false
-2,45,Proliferation,true,false,false
-2,29,Proliferation,true,true,true
-19,-12,Growth_Arrest,false,false,true
-8,36,Proliferation,true,false,false
5,-40,Growth_Arrest,false,true,false
17,-32,Proliferation,true,true,false
10,11,Proliferation,true,false,true
21,9,Proliferation,true,false,false
-18,31,Proliferation,true,false,true
41,26,Proliferation,true,true,true
-27,-30,Growth_Arrest,false,false,true
46,19,Proliferation,true,false,false
-34,17,Proliferation,true,false,false
-3,-30,Growth_Arrest,false,true,false
28,-26,Proliferation,true,true,true
3,-13,Proliferation,true,true,false
2,35,Proliferation,true,true,false
39,3,Growth_Arrest,false,false,true
-38,20,Growth_Arrest,false,true,true
35,25,Proliferation,true,true,false
45,-5,Proliferation,true,false,false
3,9,Proliferation,true,false,true
27,-28,Growth_Arrest,false,true,false
5,47,Proliferation,true,true,false
-13,-45,Growth_Arrest,false,true,false
13,27,Growth_Arrest,false,false,false
31,-19,Growth_Arrest,false,false,false
-12,-1,Proliferation,true,true,true
-17,-42,Proliferation,true,false,false
-22,-40,Proliferation,true,true,false
-14,10,Proliferation,true,false,false
-16,-45,Proliferation,true,false,false
38,-26,Growth_Arrest,false,true,true
-19,-21,Growth_Arrest,false,true,false
-14,-9,Proliferation,true,false,true
-22,-38,Growth_Arrest,false,true,true
-41,-15,Proliferation,true,true,true
-35,-28,Proliferation,true,true,true
-3,9,Proliferation,true,false,false
3,-20,Proliferation,true,false,false
30,18,Proliferation,true,false,true
6,-24,Growth_Arrest,false,false,true
-38,16,Proliferation,true,true,false
29,-31,Growth_Arrest,false,false,false
44,-4,Growth_Arrest,false,false,true
23,-40,Proliferation,true,false,false
-36,28,Growth_Arrest,false,true,false
17,36,Proliferation,true,true,true
17,-33,Proliferation,true,false,true
-28,15,Growth_Arrest,false,true,true
-26,-42,Growth_Arrest,false,false,true
-34,36,Proliferation,true,false,true
-44,8,Proliferation,true,false,true
-15,10,Growth_Arrest,false,true,false
-16,22,Growth_Arrest,false,false,false
19,-4,Proliferation,true,false,true
-5,-12,Proliferation,true,false,true
-35,-35,Growth_Arrest,false,false,false
2,36,Proliferation,true,false,true
-45,-24,Proliferation,true,false,true
-9,-43,Proliferation,true,true,false
-32,-29,Growth_Arrest,false,true,true
-28,39,Proliferation,true,true,true
-11,34,Proliferation,true,true,false
32,-5,Proliferation,true,true,false
21,-35,Growth_Arrest,false,true,false
-6,27,Proliferation,true,true,true
1,-14,Proliferation,true,true,false
-6,16,Proliferation,true,true,false
35,-17,Proliferation,true,false,false
-13,48,Proliferation,true,false,false
26,-5,Growth_Arrest,false,false,true
-43,-18,Proliferation,true,true,true
-24,31,Proliferation,true,true,false
-47,12,Proliferation,true,false,true
-13,-37,Growth_Arrest,false,false,false
-17,-15,Proliferation,true,false,false
13,-43,Proliferation,true,false,true
-11,-3,Proliferation,true,false,false
42,19,Growth_Arrest,false,false,false
29,-18,Growth_Arrest,false,true,true
45,-18,Proliferation,true,true,false
38,14,Proliferation,true,true,true
44,7,Proliferation,true,true,false
21,30,Proliferation,true,false,false
12,-28,Growth_Arrest,false,false,true
0,-7,Proliferation,true,true,true
7,-18,Proliferation,true,true,true
11,35,Proliferation,true,false,true
3,34,Proliferation,true,true,false
-22,31,Growth_Arrest,false,true,true
-16,10,Proliferation,true,false,false
-4,19,Growth_Arrest,false,false,false
-18,-24,Proliferation,true,true,false
-7,31,Proliferation,true,false,false
35,-30,Proliferation,true,false,false
-14,26,Proliferation,true,false,true
28,-16,Proliferation,true,true,true
12,20,Proliferation,true,false,false
-20,10,Growth_Arrest,false,false,true
40,0,Proliferation,true,true,false
-1,11,Proliferation,true,true,true
0,-35,Proliferation,true,false,true
48,-13,Proliferation,true,true,false
8,17,Growth_Arrest,false,false,true
7,-3,Proliferation,true,false,true
-33,28,Growth_Arrest,false,false,true
-17,-2,Growth_Arrest,false,true,true
29,25,Proliferation,true,true,false
23,-1,Proliferation,true,true,true
33,-27,Proliferation,true,false,false
-21,-21,Growth_Arrest,false,true,true
27,-1,Growth_Arrest,false,false,false
11,-27,Growth_Arrest,false,false,true
35,-28,Proliferation,true,true,false
9,-29,Proliferation,true,false,false
-10,47,Proliferation,true,false,true
16,-35,Proliferation,true,false,false
22,15,Proliferation,true,true,true
-44,13,Proliferation,true,true,true
-10,14,Proliferation,true,true,true
-25,-14,Proliferation,true,false,true
-31,-8,Proliferation,true,true,false
28,31,Growth_Arrest,false,false,false
14,30,Proliferation,true,false,false
-2,37,Proliferation,true,true,false
16,-21,Growth_Arrest,false,true,false
-13,17,Proliferation,true,false,true
36,-30,Growth_Arrest,false,false,false
-39,-20,Proliferation,true,false,false
12,22,Proliferation,true,true,false
-24,2,Proliferation,true,true,true
9,-33,Growth_Arrest,false,false,false
-2,-40,Growth_Arrest,false,false,true
-42,22,Growth_Arrest,false,true,true
30,32,Proliferation,true,false,false
10,-42,Proliferation,true,true,true
-16,-28,Proliferation,true,true,true
41,-2,Proliferation,true,false,false
-49,5,Proliferation,true,true,true
-37,-34,Proliferation,true,false,false
-21,-41,Proliferation,true,true,true
40,4,Proliferation,true,true,false
-16,23,Proliferation,true,true,true
43,-17,Growth_Arrest,false,true,false
-28,-21,Proliferation,true,false,true
4,-35,Proliferation,true,false,true
-3,-45,Proliferation,true,true,false
-5,-20,Proliferation,true,true,false
25,-3,Growth_Arrest,false,false,false
21,4,Growth_Arrest,false,false,true
-30,-20,Proliferation,true,false,false
43,0,Proliferation,true,false,true
-1,30,Proliferation,true,false,false
-38,33,Proliferation,true,true,false
-15,28,Proliferation,true,true,true
8,41,Growth_Arrest,false,false,true
-44,-6,Proliferation,true,true,true
-5,-41,Proliferation,true,true,true
-10,49,Proliferation,true,false,false
-35,7,Proliferation,true,false,false
31,9,Proliferation,true,true,false
-19,18,Proliferation,true,true,false
0,-8,Growth_Arrest,false,true,true
17,6,Growth_Arrest,false,true,false
21,29,Proliferation,true,false,true
-19,29,Proliferation,true,true,true
-4,12,Proliferation,true,false,true
5,37,Growth_Arrest,false,true,true
8,14,Proliferation,true,false,true
29,-23,Proliferation,true,true,false
35,-6,Growth_Arrest,false,false,false
24,-35,Growth_Arrest,false,false,false
13,20,Proliferation,true,false,true
11,-1,Growth_Arrest,false,true,true
0,44,Proliferation,true,true,false
35,35,Proliferation,true,false,true
-35,-14,Proliferation,true,false,false
-29,1,Proliferation,true,true,false
10,-17,Proliferation,true,false,false
-1,-11,Proliferation,true,false,false
-19,8,Growth_Arrest,false,true,false
29,40,Proliferation,true,true,false
-23,-17,Proliferation,true,false,false
-26,-39,Proliferation,true,false,true
-18,42,Proliferation,true,true,true
41,-29,Growth_Arrest,false,true,false
-1,-9,Proliferation,true,false,false
13,-9,Proliferation,true,true,true
-7,48,Growth_Arrest,false,true,false
-11,-13,Proliferation,true,false,true
-46,17,Proliferation,true,true,true
47,-10,Proliferation,true,false,false
-4,25,Growth_Arrest,false,true,true
34,33,Growth_Arrest,false,true,true
23,-26,Growth_Arrest,false,false,false
11,-47,Proliferation,true,false,false
28,-29,Proliferation,true,true,false
1,41,Proliferation,true,true,false
-32,-2,Growth_Arrest,false,false,true
13,7,Proliferation,true,true,false
21,-36,Growth_Arrest,false,true,true
-16,11,Proliferation,true,false,true
-8,-4,Proliferation,true,false,true
12,-42,Growth_Arrest,false,true,true
-9,-10,Proliferation,true,true,true
-34,18,Proliferation,true,true,true
24,-18,Proliferation,true,true,true
-16,-9,Proliferation,true,true,false
-19,27,Proliferation,true,false,false
2,-34,Proliferation,true,true,true
35,-29,Growth_Arrest,false,true,true
13,15,Proliferation,true,false,true
-40,-7,Proliferation,true,false,true
-12,7,Growth_Arrest,false,true,false
33,11,Proliferation,true,false,false
-5,-44,Proliferation,true,false,true
4,-50,Proliferation,true,false,true
36,10,Proliferation,true,false,false
-7,-28,Proliferation,true,false,true
-33,2,Proliferation,true,true,false
20,-10,Proliferation,true,false,false
6,28,Proliferation,true,false,false
-12,9,Proliferation,true,false,true
-38,-20,Proliferation,true,false,false
16,47,Growth_Arrest,false,false,false
-5,36,Growth_Arrest,false,false,false
-11,44,Proliferation,true,false,false
-36,31,Growth_Arrest,false,true,true
-14,-14,Growth_Arrest,false,true,false
-14,-28,Proliferation,true,true,true
-28,23,Proliferation,true,true,true
6,-32,Proliferation,true,true,false
-1,-15,Growth_Arrest,false,true,false
15,34,Growth_Arrest,false,false,false
-42,2,Proliferation,true,true,false
29,-16,Proliferation,true,false,true
-25,15,Proliferation,true,false,true
-35,-25,Growth_Arrest,false,false,true
9,-1,Growth_Arrest,false,true,true
-44,-1,Proliferation,true,true,false
2,23,Growth_Arrest,false,false,true
-15,-19,Proliferation,true,true,true
-2,23,Proliferation,true,true,true
0,-39,Proliferation,true,true,true
3,11,Growth_Arrest,false,false,false
-27,-38,Proliferation,true,true,true
2,18,Growth_Arrest,false,false,true
-30,8,Proliferation,true,true,false
44,11,Proliferation,true,true,false
-23,-16,Proliferation,true,false,false
36,-32,Proliferation,true,true,false
23,-24,Growth_Arrest,false,true,true
26,-17,Proliferation,true,false,false
-7,-33,Proliferation,true,true,true
43,22,Proliferation,true,false,true
-32,6,Growth_Arrest,false,false,true
-20,-18,Growth_Arrest,false,true,false
-29,38,Proliferation,true,false,false
21,31,Proliferation,true,true,false
7,0,Growth_Arrest,false,false,true
-34,-21,Proliferation,true,false,false
27,-39,Proliferation,true,false,false
28,8,Proliferation,true,false,true
-25,-2,Growth_Arrest,false,false,true
0,-33,Proliferation,true,true,false
-6,47,Proliferation,true,false,false
-7,47,Growth_Arrest,false,false,false
-33,13,Proliferation,true,false,false
22,-40,Proliferation,true,false,true
-43,3,Growth_Arrest,false,false,false
11,-5,Proliferation,true,true,true
4,17,Proliferation,true,false,false
6,-8,Growth_Arrest,false,false,true
26,-8,Growth_Arrest,false,true,false
-45,-15,Proliferation,true,true,false
-7,43,Growth_Arrest,false,false,true
32,27,Growth_Arrest,false,true,true
-28,-1,Proliferation,true,true,false
13,-21,Proliferation,true,true,false
-18,20,Proliferation,true,false,true
-47,11,Proliferation,true,false,false
22,-23,Proliferation,true,false,false
32,-14,Proliferation,true,true,true
28,20,Proliferation,true,true,false
20,8,Proliferation,true,false,true
17,-42,Proliferation,true,true,false
-48,-15,Proliferation,true,false,false
12,-49,Proliferation,true,true,true
15,24,Proliferation,true,true,true
47,-7,Proliferation,true,true,false
47,13,Proliferation,true,true,true
-17,46,Growth_Arrest,false,false,true
-10,6,Proliferation,true,false,false
-17,15,Proliferation,true,true,false
34,-10,Proliferation,true,false,false
2,48,Proliferation,true,true,false
-5,14,Proliferation,true,false,false
-12,-12,Proliferation,true,true,false
-46,-4,Proliferation,true,false,false
-2,-42,Proliferation,true,true,true
-28,-18,Growth_Arrest,false,true,false
-7,-8,Proliferation,true,false,false
8,-5,Proliferation,true,false,true
-14,-32,Proliferation,true,false,true
-5,25,Proliferation,true,true,false
-24,6,Proliferation,true,true,true
-44,-17,Proliferation,true,true,true
22,-42,Growth_Arrest,false,true,true
14,-10,Growth_Arrest,false,false,true
-39,28,Growth_Arrest,false,true,false
8,-23,Proliferation,true,true,true
-11,47,Growth_Arrest,false,false,false
22,-15,Proliferation,true,true,true
-38,-28,Proliferation,true,false,true
29,1,Proliferation,true,true,false
-39,-22,Proliferation,true,false,false
1,-31,Growth_Arrest,false,false,true
-37,25,Proliferation,true,true,true
21,-44,Growth_Arrest,false,false,false
-16,31,Proliferation,true,false,true
0,33,Proliferation,true,false,true
9,17,Proliferation,true,true,true
29,27,Proliferation,true,true,false
-45,21,Proliferation,true,false,true
-7,-32,Proliferation,true,false,false
-46,7,Proliferation,true,false,true
-2,-50,Growth_Arrest,false,true,false
-8,-43,Proliferation,true,true,false
22,23,Growth_Arrest,false,false,false
-25,-32,Proliferation,true,false,true
33,-29,Growth_Arrest,false,false,false
48,-6,Proliferation,true,true,true
44,-15,Proliferation,true,true,true
15,4,Proliferation,true,true,false
18,25,Proliferation,true,false,false
28,18,Proliferation,true,true,false
41,7,Proliferation,true,false,true
-32,-36,Proliferation,true,true,true
8,18,Growth_Arrest,false,false,false
43,-14,Proliferation,true,true,false
-14,17,Growth_Arrest,false,false,false
-26,20,Proliferation,true,true,false
47,8,Proliferation,true,false,true
12,-37,Growth_Arrest,false,true,false
31,16,Proliferation,true,false,true
-16,4,Proliferation,true,false,true
-49,-13,Growth_Arrest,false,false,true
-38,29,Proliferation,true,true,true
9,26,Growth_Arrest,false,false,false
9,-40,Proliferation,true,true,true
-40,21,Growth_Arrest,false,false,true
0,5,Proliferation,true,false,false
16,-12,Growth_Arrest,false,true,true
-3,2,Proliferation,true,true,false
-18,-12,Growth_Arrest,false,false,true
-22,-14,Growth_Arrest,false,false,true
-14,-30,Proliferation,true,true,false
10,47,Growth_Arrest,false,false,false
5,45,Proliferation,true,true,false
-16,5,Growth_Arrest,false,false,true
-33,-31,Proliferation,true,false,false
-4,-34,Proliferation,true,true,false
-13,38,Growth_Arrest,false,false,true
-47,-14,Proliferation,true,true,false
-12,-44,Growth_Arrest,false,false,true
-42,27,Proliferation,true,false,false
-42,26,Growth_Arrest,false,false,false
-35,20,Growth_Arrest,false,true,true
-4,35,Proliferation,true,true,false
4,-21,Proliferation,true,false,false
-48,-7,Growth_Arrest,false,false,true
-14,41,Proliferation,true,false,false
-17,-46,Proliferation,true,true,true
-27,-10,Proliferation,true,true,false
-46,-22,Proliferation,true,true,true
15,-33,Proliferation,true,true,true
43,20,Growth_Arrest,false,false,true
13,-1,Proliferation,true,true,true
-45,-20,Proliferation,true,true,true
26,-22,Growth_Arrest,false,true,true
8,-34,Proliferation,true,false,false
-20,-23,Proliferation,true,true,true
32,-11,Growth_Arrest,false,true,true
-39,-26,Growth_Arrest,false,false,true
-50,8,Growth_Arrest,false,false,true
44,-5,Proliferation,true,true,false
-37,-12,Proliferation,true,true,false
-2,-19,Proliferation,true,true,false
-10,-16,Proliferation,true,false,false
27,1,Proliferation,true,false,true
10,6,Proliferation,true,false,false
21,-41,Growth_Arrest,false,true,false
-36,-35,Proliferation,true,false,true
-10,26,Proliferation,true,false,true
-15,12,Proliferation,true,true,true
15,-21,Proliferation,true,true,true
20,-14,Proliferation,true,false,true
-46,-14,Growth_Arrest,false,false,true
-26,22,Proliferation,true,true,false
13,36,Growth_Arrest,false,false,false
16,-42,Proliferation,true,false,true
36,-25,Proliferation,true,false,true
-18,-33,Proliferation,true,false,true
-15,45,Proliferation,true,false,false
7,43,Growth_Arrest,false,false,false
-7,35,Proliferation,true,true,true
2,-28,Growth_Arrest,false,true,true
-21,11,Growth_Arrest,false,true,false
-39,-33,Proliferation,true,false,true
-25,18,Proliferation,true,false,false
31,-14,Proliferation,true,true,true
41,-10,Proliferation,true,true,true
12,42,Proliferation,true,false,true
28,-34,Proliferation,true,true,true
-49,13,Proliferation,true,true,false
26,8,Proliferation,true,false,true
-24,14,Growth_Arrest,false,true,false
33,28,Proliferation,true,false,false
-36,27,Growth_Arrest,false,true,true
16,1,Proliferation,true,false,false
-39,2,Growth_Arrest,false,false,true
28,4,Proliferation,true,true,true
-23,-29,Proliferation,true,false,false
23,17,Growth_Arrest,false,false,true
27,7,Growth_Arrest,false,false,false
-27,5,Proliferation,true,true,false
4,1,Proliferation,true,false,true
10,-13,Proliferation,true,false,true
-1,-23,Growth_Arrest,false,false,false
35,10,Proliferation,true,false,false
9,19,Proliferation,true,false,false
2,11,Growth_Arrest,false,false,false
19,7,Proliferation,true,false,false
11,14,Proliferation,true,false,false
19,-40,Proliferation,true,true,false
30,-26,Proliferation,true,false,true
22,26,Proliferation,true,true,false
36,25,Growth_Arrest,false,true,false
-26,28,Growth_Arrest,false,true,true
-38,-16,Proliferation,true,true,false
43,25,Proliferation,true,true,true
-32,-38,Proliferation,true,false,false
28,-6,Proliferation,true,false,false
-2,46,Proliferation,true,true,true
10,-28,Proliferation,true,false,false
-30,-7,Growth_Arrest,false,false,true
19,-8,Proliferation,true,false,false
-19,1,Proliferation,true,true,false
-37,-10,Proliferation,true,false,true
28,-37,Growth_Arrest,false,false,false
0,-40,Proliferation,true,true,true
3,16,Proliferation,true,false,true
-30,-6,Proliferation,true,true,true
4,-31,Proliferation,true,false,false
-8,19,Proliferation,true,false,true
-22,-29,Growth_Arrest,false,true,false
42,-26,Proliferation,true,true,true
42,3,Growth_Arrest,false,false,false
6,16,Proliferation,true,true,true
-25,30,Growth_Arrest,false,true,false
19,30,Proliferation,true,false,true
29,-35,Proliferation,true,true,true
-5,-46,Proliferation,true,false,false
8,0,Proliferation,true,false,true
27,33,Proliferation,true,false,false
-3,19,Proliferation,true,false,false
38,11,Proliferation,true,false,false
25,16,Proliferation,true,false,false
7,-10,Proliferation,true,false,false
-38,12,Proliferation,true,false,false
41,13,Proliferation,true,true,true
4,38,Growth_Arrest,false,false,false
-3,25,Proliferation,true,false,false
34,-21,Proliferation,true,true,true
-43,14,Growth_Arrest,false,false,false
-9,45,Growth_Arrest,false,true,false
4,41,Proliferation,true,true,true
-11,26,Proliferation,true,false,true
-37,-14,Proliferation,true,true,true
-38,-21,Growth_Arrest,false,false,false
20,-7,Proliferation,true,false,false
-21,-42,Proliferation,true,true,false
47,-8,Proliferation,true,true,false
24,-40,Proliferation,true,true,true
-11,-32,Proliferation,true,false,false
5,8,Proliferation,true,true,true
12,23,Proliferation,true,true,false
-3,-39,Proliferation,true,true,false
29,35,Proliferation,true,false,true
8,-40,Growth_Arrest,false,false,false
-32,2,Growth_Arrest,false,true,true
22,25,Proliferation,true,true,false
36,32,Proliferation,true,true,true
-42,-10,Proliferation,true,true,true
-7,36,Growth_Arrest,false,false,false
-30,25,Growth_Arrest,false,false,false
1,-10,Proliferation,true,true,false
22,-32,Proliferation,true,false,true
17,25,Proliferation,true,true,true
-16,-14,Growth_Arrest,false,true,false
-37,6,Proliferation,true,false,false
35,9,Proliferation,true,false,false
43,-6,Proliferation,true,false,false
-2,22,Proliferation,true,false,false
19,16,Proliferation,true,false,false
16,42,Proliferation,true,true,true
2,-43,Growth_Arrest,false,false,false
22,-22,Proliferation,true,true,false
3,1,Proliferation,true,true,true
33,21,Proliferation,true,false,true
14,-14,Proliferation,true,false,true
-21,-23,Proliferation,true,false,false
-24,-38,Growth_Arrest,false,true,true
-24,32,Proliferation,true,false,false
-2,-4,Growth_Arrest,false,false,true
16,16,Proliferation,true,true,false
-33,23,Growth_Arrest,false,true,true
22,-26,Proliferation,true,false,false
18,21,Proliferation,true,false,true
3,42,Proliferation,true,true,true
15,28,Proliferation,true,true,false
33,32,Growth_Arrest,false,false,false
11,-9,Proliferation,true,false,true
43,-21,Proliferation,true,false,true
43,6,Proliferation,true,false,true
31,-30,Proliferation,true,true,false
-26,-36,Proliferation,true,false,true
17,-34,Growth_Arrest,false,false,false
15,-1,Growth_Arrest,false,true,true
25,9,Proliferation,true,false,true
-29,12,Proliferation,true,false,true
26,-1,Growth_Arrest,false,false,true
7,-42,Proliferation,true,true,true
36,19,Proliferation,true,true,true
25,22,Proliferation,true,true,false
32,32,Growth_Arrest,false,false,false
-39,-10,Proliferation,true,false,true
5,-31,Growth_Arrest,false,false,false
0,10,Growth_Arrest,false,false,false
-9,5,Proliferation,true,true,true
17,-22,Growth_Arrest,false,true,false
11,11,Growth_Arrest,false,false,false
-34,2,Proliferation,true,true,true
-5,-3,Proliferation,true,true,true
40,-6,Proliferation,true,true,false
-20,42,Growth_Arrest,false,false,false
5,44,Proliferation,true,true,true
4,-28,Growth_Arrest,false,false,false
44,-1,Growth_Arrest,false,true,false
-8,13,Proliferation,true,true,true
-44,17,Proliferation,true,false,false
-15,2,Growth_Arrest,false,true,false
-47,-18,Proliferation,true,true,true
17,43,Proliferation,true,true,false
42,-14,Proliferation,true,false,true
14,-6,Proliferation,true,true,true
11,-49,Growth_Arrest,false,true,false
-22,-42,Proliferation,true,true,false
6,-33,Proliferation,true,false,true
-6,-17,Growth_Arrest,false,true,true
18,8,Proliferation,true,true,false
-44,12,Growth_Arrest,false,true,true
-43,-3,Growth_Arrest,false,true,true
11,3,Proliferation,true,true,true
42,14,Proliferation,true,false,false
-17,-20,Growth_Arrest,false,false,true
-25,23,Growth_Arrest,false,false,true
31,38,Proliferation,true,false,false
-29,-35,Proliferation,true,true,true
-7,-41,Growth_Arrest,false,true,false
-31,-4,Growth_Arrest,false,true,false
-3,-41,Proliferation,true,false,false
-36,15,Growth_Arrest,false,true,true
-20,-32,Proliferation,true,false,false
-24,-8,Proliferation,true,true,false
-34,37,Growth_Arrest,false,true,false
2,49,Proliferation,true,true,true
36,-14,Proliferation,true,false,false
-9,9,Proliferation,true,false,false
20,13,Proliferation,true,true,false
47,5,Growth_Arrest,false,false,false
40,-3,Proliferation,true,true,true
3,41,Growth_Arrest,false,true,false
-18,45,Growth_Arrest,false,false,true
-35,19,Proliferation,true,false,false
-27,-26,Growth_Arrest,false,false,false
-32,-5,Growth_Arrest,false,true,true
-38,-2,Growth_Arrest,false,true,false
17,-20,Proliferation,true,true,true
-22,-31,Proliferation,true,false,true
28,38,Growth_Arrest,false,false,false
-12,44,Growth_Arrest,false,true,true
27,-25,Proliferation,true,false,false
2,30,Growth_Arrest,false,true,false
15,-42,Proliferation,true,false,false
40,-17,Growth_Arrest,false,true,true
23,-11,Growth_Arrest,false,true,false
-36,18,Proliferation,true,false,true
10,12,Proliferation,true,true,true
-39,26,Proliferation,true,false,false
5,-50,Proliferation,true,false,true
10,18,Proliferation,true,false,true
-18,32,Growth_Arrest,false,true,true
19,-45,Growth_Arrest,false,true,false
17,14,Proliferation,true,false,false
6,-2,Proliferation,true,true,false
0,35,Proliferation,true,false,true
19,-22,Proliferation,true,false,true
-7,-13,Proliferation,true,false,false
16,-31,Growth_Arrest,false,true,false
25,6,Proliferation,true,false,false
-39,3,Proliferation,true,true,true
31,-8,Growth_Arrest,false,true,true
6,3,Proliferation,true,true,false
8,20,Proliferation,true,false,false
13,13,Proliferation,true,true,false
2,-14,Proliferation,true,true,false
37,31,Proliferation,true,true,false
7,-28,Proliferation,true,false,false
-6,-26,Growth_Arrest,false,false,false
-3,-6,Proliferation,true,true,true
-8,4,Growth_Arrest,false,false,false
-28,-38,Growth_Arrest,false,true,true
-12,-7,Proliferation,true,true,true
-40,-27,Proliferation,true,false,false
-12,-6,Proliferation,true,true,true
-27,6,Proliferation,true,false,false
-5,6,Proliferation,true,false,false
-25,36,Proliferation,true,false,true
19,-6,Growth_Arrest,false,true,false
9,-34,Proliferation,true,true,false
10,-22,Proliferation,true,false,true
-44,4,Proliferation,true,true,false
21,-40,Proliferation,true,false,false
34,-9,Growth_Arrest,false,false,false
-39,16,Proliferation,true,false,true
-7,26,Proliferation,true,true,false
-22,-12,Proliferation,true,true,false
34,25,Proliferation,true,true,false
41,22,Proliferation,true,true,true
-3,-33,Proliferation,true,false,true
-34,6,Proliferation,true,false,false
37,1,Proliferation,true,true,true
19,-24,Proliferation,true,false,true
-25,-41,Proliferation,true,false,false
41,-24,Growth_Arrest,false,false,false
32,20,Proliferation,true,true,true
-27,12,Proliferation,true,true,true
-21,13,Proliferation,true,false,false
24,6,Proliferation,true,false,true
-39,-4,Growth_Arrest,false,true,false
10,-8,Proliferation,true,true,true
41,14,Growth_Arrest,false,false,false
0,-46,Growth_Arrest,false,false,false
2,26,Proliferation,true,true,false
19,40,Growth_Arrest,false,true,true
18,43,Proliferation,true,false,true
-23,23,Proliferation,true,false,false
20,-30,Proliferation,true,true,true
41,4,Proliferation,true,true,false
-3,-34,Proliferation,true,true,true
23,-14,Proliferation,true,true,true
-10,-15,Proliferation,true,false,true
16,43,Proliferation,true,false,false
19,-42,Growth_Arrest,false,true,false
10,21,Growth_Arrest,false,true,true
-9,-9,Growth_Arrest,false,false,false
-30,13,Proliferation,true,false,true
-20,44,Proliferation,true,false,false
0,17,Growth_Arrest,false,false,true
-24,-7,Proliferation,true,false,false
14,-32,Growth_Arrest,false,true,true
46,16,Proliferation,true,true,true
37,-31,Proliferation,true,false,false
-41,5,Proliferation,true,true,true
1,7,Proliferation,true,true,false
-30,37,Proliferation,true,false,false
-2,-9,Proliferation,true,false,false
-11,29,Proliferation,true,false,false
-17,-5,Growth_Arrest,false,true,false
23,0,Growth_Arrest,false,false,true
-26,39,Proliferation,true,true,true
-29,-4,Proliferation,true,true,true
17,7,Proliferation,true,true,true
-8,-18,Proliferation,true,false,true
16,33,Proliferation,true,true,true
-16,-25,Proliferation,true,false,true
24,43,Proliferation,true,true,true
38,-29,Proliferation,true,true,false
-43,-27,Growth_Arrest,false,false,false
-20,38,Proliferation,true,false,false
-38,-11,Proliferation,true,false,false
-14,7,Proliferation,true,false,true
27,27,Proliferation,true,true,false
-7,-18,Proliferation,true,true,true
-14,-27,Proliferation,true,false,true
-26,7,Proliferation,true,false,true
-4,41,Proliferation,true,true,true
-14,37,Growth_Arrest,false,true,true
29,-30,Proliferation,true,true,true
-26,43,Growth_Arrest,false,false,false
-33,10,Growth_Arrest,false,false,true
24,15,Growth_Arrest,false,true,false
18,-46,Growth_Arrest,false,false,false
-19,14,Growth_Arrest,false,false,false
6,-22,Growth_Arrest,false,true,true
16,-25,Proliferation,true,true,true
-17,-41,Growth_Arrest,false,true,true
20,33,Proliferation,true,false,true
41,19,Proliferation,true,true,true
27,6,Proliferation,true,true,false
-29,-36,Proliferation,true,true,true
-7,-7,Growth_Arrest,false,false,true
27,5,Growth_Arrest,false,true,false
-19,-17,Growth_Arrest,false,true,true
20,-39,Growth_Arrest,false,false,false
-34,-36,Proliferation,true,true,false
15,8,Proliferation,true,true,true
39,0,Proliferation,true,false,true
-32,-39,Proliferation,true,false,false
41,17,Growth_Arrest,false,true,false
-48,3,Growth_Arrest,false,false,true
22,27,Proliferation,true,false,false
-14,27,Proliferation,true,true,true
-17,-30,Growth_Arrest,false,false,false
13,-35,Proliferation,true,false,true
-25,9,Proliferation,true,true,false
-7,6,Growth_Arrest,false,true,false
-38,7,Proliferation,true,true,false
-33,-38,Proliferation,true,false,false
-42,-4,Growth_Arrest,false,true,false
-39,-24,Proliferation,true,true,true
18,41,Growth_Arrest,false,true,false
-14,-46,Proliferation,true,false,false
1,5,Growth_Arrest,false,false,false
-21,21,Proliferation,true,false,false
30,-20,Proliferation,true,true,false
15,-12,Growth_Arrest,false,true,false
11,41,Proliferation,true,false,true
-15,-42,Proliferation,true,true,true
19,-33,Proliferation,true,true,true
-7,2,Proliferation,true,false,false
8,26,Proliferation,true,true,true
-25,26,Proliferation,true,false,true
12,26,Proliferation,true,false,true
-25,-34,Proliferation,true,true,true
15,-27,Growth_Arrest,false,true,false
-20,23,Proliferation,true,true,true
-4,46,Growth_Arrest,false,false,true
20,-25,Proliferation,true,false,true
5,27,Proliferation,true,false,true
-13,-43,Proliferation,true,false,false
4,-22,Growth_Arrest,false,false,true
-13,-26,Growth_Arrest,false,true,true
22,-37,Proliferation,true,true,true
-27,39,Growth_Arrest,false,true,false
-23,21,Proliferation,true,false,true
34,-3,Proliferation,true,true,true
-19,45,Proliferation,true,false,false
10,29,Proliferation,true,true,true
28,24,Proliferation,true,false,true
5,4,Proliferation,true,false,false
28,-41,Growth_Arrest,false,false,false
-4,-31,Proliferation,true,true,false
-12,5,Growth_Arrest,false,false,true
8,28,Proliferation,true,false,false
-45,23,Growth_Arrest,false,true,true
-22,-15,Proliferation,true,true,true
16,-20,Growth_Arrest,false,true,true
1,26,Proliferation,true,true,true
-37,-21,Proliferation,true,false,false
-29,-40,Growth_Arrest,false,true,false
20,42,Proliferation,true,true,false
-41,9,Proliferation,true,true,false
22,8,Proliferation,true,false,false
7,30,Proliferation,true,true,true
-6,39,Proliferation,true,false,true
14,-44,Proliferation,true,true,false
41,16,Growth_Arrest,false,true,false
-23,-30,Proliferation,true,false,true
4,-42,Growth_Arrest,false,false,true
7,-48,Proliferation,true,true,true
9,31,Proliferation,true,false,true
12,11,Proliferation,true,true,false
34,-19,Growth_Arrest,false,true,true
-25,-35,Proliferation,true,true,true
-5,-29,Growth_Arrest,false,true,false
-35,2,Proliferation,true,false,false
-34,-26,Growth_Arrest,false,true,true
32,30,Growth_Arrest,false,true,true
18,-17,Proliferation,true,false,true
14,-13,Proliferation,true,true,true
44,4,Proliferation,true,false,false
-21,35,Growth_Arrest,false,true,false
-44,-13,Proliferation,true,false,false
-15,16,Growth_Arrest,false,true,false
23,-4,Proliferation,true,true,true
-31,-7,Proliferation,true,false,true
-14,28,Proliferation,true,false,true
3,-18,Proliferation,true,false,false
17,11,Proliferation,true,true,false
-42,-29,Growth_Arrest,false,false,true
39,-30,Proliferation,true,false,false
-34,26,Proliferation,true,false,false
0,6,Proliferation,true,false,true
20,-2,Proliferation,true,false,false
-37,22,Proliferation,true,true,true
-10,0,Proliferation,true,false,true
9,-43,Growth_Arrest,false,true,false
-9,-44,Proliferation,true,true,true
10,-43,Proliferation,true,true,false
-32,-25,Growth_Arrest,false,true,true
35,-5,Growth_Arrest,false,false,false
-37,-1,Proliferation,true,false,false
5,43,Proliferation,true,true,true
29,-33,Proliferation,true,false,false
-43,4,Proliferation,true,false,true
15,-45,Growth_Arrest,false,false,true
10,-23,Proliferation,true,true,false
3,-8,Growth_Arrest,false,false,false
28,-28,Proliferation,true,false,true
-17,-7,Proliferation,true,true,true
33,-16,Growth_Arrest,false,false,false
-26,-15,Proliferation,true,false,true
-14,8,Proliferation,true,true,true
-42,-21,Growth_Arrest,false,false,true
-4,36,Growth_Arrest,false,false,true
25,-7,Growth_Arrest,false,false,false
-8,-37,Proliferation,true,true,true
-3,-11,Proliferation,true,true,false
-6,-9,Proliferation,true,true,false
-22,-13,Growth_Arrest,false,false,false
-3,-16,Proliferation,true,true,true
13,-31,Proliferation,true,true,true
-12,6,Proliferation,true,false,true
-39,30,Growth_Arrest,false,false,true
19,-47,Growth_Arrest,false,false,true
5,46,Proliferation,true,true,true
-30,-17,Growth_Arrest,false,true,true
-46,-21,Proliferation,true,false,true
14,-21,Proliferation,true,false,true
40,21,Growth_Arrest,false,false,true
-2,24,Growth_Arrest,false,false,false
13,28,Growth_Arrest,false,false,false
22,3,Proliferation,true,true,false
-33,11,Proliferation,true,false,false
43,-10,Proliferation,true,true,false
20,-37,Growth_Arrest,false,false,false
13,45,Proliferation,true,false,true
-23,-31,Proliferation,true,true,true
34,-25,Growth_Arrest,false,false,false
-16,-46,Growth_Arrest,false,false,false
-20,-37,Proliferation,true,true,false
12,-2,Proliferation,true,true,true
0,-37,Proliferation,true,true,false
2,10,Proliferation,true,true,false
-21,-20,Proliferation,true,false,false
21,33,Proliferation,true,false,false
-31,-30,Growth_Arrest,false,true,true
-19,40,Proliferation,true,false,true
9,49,Proliferation,true,true,false
36,17,Proliferation,true,false,false
19,-11,Growth_Arrest,false,false,false
-41,3,Proliferation,true,true,false
-21,-37,Growth_Arrest,false,true,true
29,-41,Proliferation,true,true,false
33,-24,Proliferation,true,true,true
9,25,Proliferation,true,false,false
9,36,Proliferation,true,true,true
-4,5,Proliferation,true,false,true
-27,-33,Growth_Arrest,false,true,true
7,34,Growth_Arrest,false,true,true
49,3,Proliferation,true,false,false
-7,-49,Proliferation,true,false,false
-9,-24,Proliferation,true,true,false
1,-23,Growth_Arrest,false,false,false
40,-13,Growth_Arrest,false,true,false
7,-35,Growth_Arrest,false,true,true
-41,-4,Proliferation,true,true,false
22,-3,Proliferation,true,true,true
35,-36,Growth_Arrest,false,true,false
4,42,Proliferation,true,true,true
-16,-47,Proliferation,true,true,true
32,31,Growth_Arrest,false,true,true
36,1,Growth_Arrest,false,true,true
-13,-21,Growth_Arrest,false,true,true
-20,-16,Growth_Arrest,false,true,true
30,-27,Proliferation,true,false,true
25,36,Growth_Arrest,false,true,true
10,-30,Proliferation,true,false,true
-12,39,Proliferation,true,true,true
48,8,Proliferation,true,false,false
25,30,Proliferation,true,false,true
48,2,Proliferation,true,true,true
-33,-17,Growth_Arrest,false,false,true
0,-25,Proliferation,true,true,true
-17,2,Proliferation,true,false,false
20,-21,Growth_Arrest,false,false,true
-35,21,Proliferation,true,true,true
13,-28,Proliferation,true,false,true
-45,-1,Growth_Arrest,false,false,false
44,-3,Proliferation,true,true,false
0,16,Proliferation,true,true,true
-24,41,Proliferation,true,true,false
-9,-23,Proliferation,true,true,true
-37,-15,Proliferation,true,false,true
-12,25,Proliferation,true,true,false
-37,31,Proliferation,true,false,false
40,8,Proliferation,true,false,true
-5,38,Proliferation,true,true,false
1,-29,Proliferation,true,true,true
39,-15,Proliferation,true,true,false
-20,21,Proliferation,true,false,false
36,2,Proliferation,true,true,true
-29,-17,Growth_Arrest,false,false,false
-9,-37,Proliferation,true,true,true
12,47,Growth_Arrest,false,false,true
25,40,Proliferation,true,true,false
-48,4,Growth_Arrest,false,false,false
-39,29,Growth_Arrest,false,false,false
-8,14,Growth_Arrest,false,true,false
-24,-16,Proliferation,true,true,true
-21,-14,Proliferation,true,false,true
-20,-35,Proliferation,true,false,true
-38,19,Growth_Arrest,false,true,false
-9,19,Proliferation,true,true,true
46,6,Growth_Arrest,false,false,true
-38,-30,Growth_Arrest,false,true,false
1,29,Proliferation,true,false,false
-36,32,Proliferation,true,false,true
36,-5,Growth_Arrest,false,false,true
-20,9,Proliferation,true,true,false
37,-27,Proliferation,true,false,true
-30,14,Growth_Arrest,false,true,false
15,-9,Proliferation,true,false,false
5,17,Proliferation,true,false,true
-11,-24,Proliferation,true,false,true
-10,-30,Growth_Arrest,false,true,true
-10,-35,Proliferation,true,true,true
41,25,Proliferation,true,true,true
-40,20,Growth_Arrest,false,true,true
41,-3,Proliferation,true,true,true
1,4,Proliferation,true,true,false
25,-38,Proliferation,true,false,true
40,-4,Proliferation,true,false,true
-28,-23,Proliferation,true,true,true
-29,8,Growth_Arrest,false,true,false
-9,32,Proliferation,true,true,true
42,9,Proliferation,true,true,false
-33,-1,Growth_Arrest,false,false,false
-47,14,Growth_Arrest,false,false,false
31,-33,Proliferation,true,true,false
6,27,Proliferation,true,true,true
-29,41,Proliferation,true,true,true
-3,-25,Growth_Arrest,false,true,false
3,-35,Growth_Arrest,false,true,false
30,-16,Proliferation,true,true,true
15,-43,Proliferation,true,true,true
14,-5,Proliferation,true,false,false
20,-5,Growth_Arrest,false,true,true
32,-8,Growth_Arrest,false,false,false
37,26,Proliferation,true,false,true
9,38,Proliferation,true,true,false
22,19,Growth_Arrest,false,false,true
-32,-15,Growth_Arrest,false,true,false
23,-42,Proliferation,true,true,false
-13,34,Growth_Arrest,false,false,true
-15,20,Growth_Arrest,false,true,false
-12,33,Proliferation,true,false,false
29,-29,Proliferation,true,true,true
-9,-22,Proliferation,true,true,true
-39,6,Proliferation,true,true,false
-23,-33,Proliferation,true,false,true
39,5,Growth_Arrest,false,false,false
39,-22,Proliferation,true,false,true
37,-13,Growth_Arrest,false,false,true
-29,27,Proliferation,true,false,false
19,42,Proliferation,true,true,false
7,7,Proliferation,true,false,false
-10,-48,Proliferation,true,true,true
-18,-29,Growth_Arrest,false,true,false
7,-23,Proliferation,true,false,false
-15,39,Growth_Arrest,false,false,true
-47,-8,Growth_Arrest,false,true,true
24,-16,Proliferation,true,false,false
-10,-47,Growth_Arrest,false,false,true
13,21,Proliferation,true,true,true
-1,-48,Proliferation,true,true,true
24,-43,Proliferation,true,true,true
-3,-7,Proliferation,true,true,false
23,36,Growth_Arrest,false,true,false
20,45,Proliferation,true,true,false
-43,2,Proliferation,true,true,true
46,0,Growth_Arrest,false,true,true
-26,31,Proliferation,true,false,false
-36,-29,Proliferation,true,false,false
-16,-29,Growth_Arrest,false,false,true
13,40,Proliferation,true,false,true
-32,-24,Proliferation,true,true,false
-11,45,Growth_Arrest,false,true,true
-10,3,Growth_Arrest,false,true,true
17,39,Growth_Arrest,false,false,false
16,-33,Growth_Arrest,false,true,true
4,-36,Proliferation,true,false,false
-12,-48,Growth_Arrest,false,false,false
6,-35,Proliferation,true,true,true
33,5,Proliferation,true,false,false
27,9,Proliferation,true,true,false
-24,-19,Proliferation,true,false,true
33,6,Proliferation,true,false,false
-27,38,Growth_Arrest,false,false,false
-11,-37,Proliferation,true,true,false
20,41,Proliferation,true,false,false
-15,17,Proliferation,true,false,true
6,-46,Growth_Arrest,false,false,true
40,-8,Growth_Arrest,false,true,true
19,-38,Proliferation,true,true,true
47,-9,Growth_Arrest,false,false,true
30,4,Proliferation,true,true,false
-19,25,Growth_Arrest,false,false,false
39,-28,Proliferation,true,false,true
3,28,Growth_Arrest,false,true,true
18,-12,Proliferation,true,true,false
35,-16,Proliferation,true,true,true
-26,-13,Proliferation,true,false,true
14,11,Growth_Arrest,false,true,true
-22,30,Growth_Arrest,false,true,true
42,22,Proliferation,true,false,true
-12,-4,Proliferation,true,false,false
25,7,Proliferation,true,false,true
0,-43,Proliferation,true,false,true
-34,-38,Proliferation,true,false,false
44,-2,Proliferation,true,false,false
-8,1,Growth_Arrest,false,false,true
-1,-40,Growth_Arrest,false,false,false
-9,11,Growth_Arrest,false,true,true
26,26,Proliferation,true,false,false
30,5,Proliferation,true,true,true
4,-40,Proliferation,true,false,false
-38,-29,Proliferation,true,false,true
-30,36,Proliferation,true,true,true
38,-8,Growth_Arrest,false,true,false
25,13,Proliferation,true,true,false
22,14,Growth_Arrest,false,true,true
-12,-10,Proliferation,true,false,false
-3,-21,Proliferation,true,true,false
-10,-19,Proliferation,true,true,false
2,9,Proliferation,true,true,true
-10,21,Proliferation,true,false,true
-27,1,Proliferation,true,false,true
7,-24,Proliferation,true,false,true
-11,-15,Proliferation,true,true,true
-6,-22,Growth_Arrest,false,false,true
15,19,Proliferation,true,false,false
15,-11,Growth_Arrest,false,true,false
-3,15,Growth_Arrest,false,false,false
28,1,Proliferation,true,false,false
26,9,Proliferation,true,false,false
-13,20,Proliferation,true,true,false
30,-38,Proliferation,true,false,false
-8,26,Proliferation,true,true,false
-5,2,Growth_Arrest,false,true,false
9,10,Growth_Arrest,false,false,false
-25,20,Growth_Arrest,false,false,true
-27,-36,Proliferation,true,false,true
-41,-9,Proliferation,true,true,true
34,0,Proliferation,true,false,false
-32,-11,Proliferation,true,true,false
-44,5,Growth_Arrest,false,true,false
48,-1,Growth_Arrest,false,true,true
34,12,Proliferation,true,true,false
-37,28,Proliferation,true,false,false
3,19,Growth_Arrest,false,false,true
-46,8,Proliferation,true,false,true
34,-5,Proliferation,true,true,false
-32,21,Growth_Arrest,false,false,true
25,-40,Growth_Arrest,false,true,true
39,15,Proliferation,true,false,true
-29,-14,Growth_Arrest,false,false,false
41,-7,Growth_Arrest,false,false,true
19,-14,Growth_Arrest,false,false,false
31,-4,Proliferation,true,true,false
-28,24,Proliferation,true,false,true
-11,-45,Proliferation,true,false,false
-4,-36,Growth_Arrest,false,false,true
-18,-43,Proliferation,true,true,false
48,-5,Proliferation,true,false,true
-45,-22,Growth_Arrest,false,true,true
-5,30,Proliferation,true,true,false
-14,6,Growth_Arrest,false,true,false
-31,35,Proliferation,true,false,false
38,31,Proliferation,true,true,true
43,-12,Proliferation,true,true,false
27,-24,Proliferation,true,true,true
32,2,Proliferation,true,false,false
13,-48,Proliferation,true,false,false
-13,-12,Proliferation,true,true,true
17,45,Growth_Arrest,false,false,false
-5,-4,Proliferation,true,false,true
26,-37,Growth_Arrest,false,true,false
40,-22,Growth_Arrest,false,false,false
-19,21,Proliferation,true,false,true
-16,33,Growth_Arrest,false,true,true
29,-4,Growth_Arrest,false,false,false
27,-14,Proliferation,true,false,false
-9,30,Proliferation,true,false,false
-5,33,Proliferation,true,true,true
-38,-19,Proliferation,true,true,false
-31,29,Proliferation,true,false,true
-24,-1,Proliferation,true,true,false
-6,-24,Growth_Arrest,false,false,true
24,13,Growth_Arrest,false,true,false
-1,-30,Proliferation,true,true,false
0,-20,Growth_Arrest,false,true,false
-13,-47,Proliferation,true,true,true
-19,16,Proliferation,true,false,false
23,-8,Proliferation,true,true,false
18,-7,Proliferation,true,false,true
-29,-37,Growth_Arrest,false,false,true
9,-6,Proliferation,true,false,true
33,3,Proliferation,true,false,false
-1,28,Proliferation,true,false,true
48,-4,Growth_Arrest,false,true,false
-29,13,Growth_Arrest,false,true,true
-31,-26,Proliferation,true,false,true
-17,41,Growth_Arrest,false,true,false
1,14,Proliferation,true,true,false
12,-12,Proliferation,true,false,false
37,32,Growth_Arrest,false,true,true
38,12,Proliferation,true,true,false
-50,-5,Proliferation,true,true,true
-5,-26,Proliferation,true,true,true
-8,44,Proliferation,true,false,true
40,-12,Growth_Arrest,false,true,true
-44,9,Growth_Arrest,false,true,true
14,2,Proliferation,true,true,true
-12,13,Growth_Arrest,false,true,true
7,12,Proliferation,true,false,false
29,-19,Proliferation,true,false,false
24,30,Proliferation,true,false,false
18,24,Growth_Arrest,false,true,false
34,9,Proliferation,true,true,false
-38,-12,Growth_Arrest,false,false,false
18,15,Proliferation,true,true,false
39,-27,Proliferation,true,false,false
-26,-25,Proliferation,true,true,false
11,-18,Proliferation,true,true,false
11,34,Proliferation,true,false,true
-42,-23,Growth_Arrest,false,false,false
40,24,Proliferation,true,false,true
-27,41,Growth_Arrest,false,true,false
19,-10,Growth_Arrest,false,true,true
14,36,Proliferation,true,true,false
-24,5,Proliferation,true,false,true
-27,-4,Growth_Arrest,false,false,true
-10,37,Proliferation,true,true,false
-20,-7,Growth_Arrest,false,true,true
-5,-10,Growth_Arrest,false,false,true
14,39,Growth_Arrest,false,true,true
15,17,Proliferation,true,true,false
-27,10,Proliferation,true,false,false
49,7,Proliferation,true,false,true
-33,-16,Proliferation,true,false,true
-18,-37,Proliferation,true,true,true
-44,0,Proliferation,true,true,true
-14,-44,Proliferation,true,false,false
-43,-19,Proliferation,true,false,true
12,-31,Growth_Arrest,false,true,true
15,16,Proliferation,true,false,true
25,-20,Proliferation,true,true,false
-8,-48,Growth_Arrest,false,false,true
5,-17,Proliferation,true,false,false
3,-1,Growth_Arrest,false,false,true
7,-15,Proliferation,true,false,false
36,-18,Proliferation,true,false,true
20,-23,Growth_Arrest,false,false,false
-6,-23,Proliferation,true,true,false
-26,-21,Proliferation,true,true,true
32,3,Proliferation,true,false,false
-42,-14,Proliferation,true,true,true
-19,-42,Growth_Arrest,false,false,true
10,-27,Proliferation,true,true,true
-40,26,Proliferation,true,true,true
28,-10,Proliferation,true,false,false
-3,27,Proliferation,true,true,false
-15,40,Growth_Arrest,false,false,true
-11,6,Proliferation,true,true,false
37,25,Proliferation,true,true,false
46,-10,Proliferation,true,false,false
-32,27,Proliferation,true,false,false
18,-13,Proliferation,true,false,true
42,-10,Proliferation,true,false,false
-23,-42,Growth_Arrest,false,true,false
29,20,Proliferation,true,true,false
30,24,Proliferation,true,false,true
-35,15,Proliferation,true,false,true
-25,-36,Proliferation,true,true,false
38,-19,Proliferation,true,false,false
25,-41,Proliferation,true,true,true
-22,36,Growth_Arrest,false,true,true
-21,42,Growth_Arrest,false,false,true
-41,21,Proliferation,true,true,false
29,15,Growth_Arrest,false,true,true
48,6,Proliferation,true,false,true
-35,-29,Growth_Arrest,false,false,true
-27,18,Growth_Arrest,false,true,true
-5,11,Proliferation,true,true,false
-7,9,Proliferation,true,true,true
-28,-22,Proliferation,true,false,false
23,14,Growth_Arrest,false,false,true
-35,-16,Proliferation,true,false,true
-4,-20,Proliferation,true,false,false
29,17,Proliferation,true,true,false
-3,-15,Proliferation,true,false,true
-12,34,Proliferation,true,true,true
-29,-12,Proliferation,true,true,true
-35,33,Proliferation,true,true,false
-42,10,Proliferation,true,true,true
14,14,Proliferation,true,false,false
13,35,Growth_Arrest,false,true,false
-33,-33,Proliferation,true,true,false
13,-42,Proliferation,true,false,false
13,-33,Growth_Arrest,false,false,false
-9,-15,Proliferation,true,true,false
5,-43,Growth_Arrest,false,true,false
-12,45,Growth_Arrest,false,false,true
28,-15,Proliferation,true,false,false
-1,-26,Growth_Arrest,false,false,false
25,34,Proliferation,true,false,false
17,-41,Proliferation,true,false,false
-10,46,Proliferation,true,false,false
43,13,Proliferation,true,false,true
-40,-28,Proliferation,true,true,false
-17,13,Growth_Arrest,false,false,true
-26,-44,Proliferation,true,false,true
-34,30,Proliferation,true,false,false
1,-15,Growth_Arrest,false,true,true
42,-25,Proliferation,true,true,true
-8,21,Proliferation,true,true,false
-20,-13,Proliferation,true,true,false
21,20,Growth_Arrest,false,false,true
14,-20,Proliferation,true,true,true
24,-17,Proliferation,true,false,true
32,-36,Growth_Arrest,false,true,true
-22,35,Growth_Arrest,false,true,true
35,-27,Growth_Arrest,false,true,false
-23,-32,Proliferation,true,false,true
-23,25,Proliferation,true,false,false
30,21,Proliferation,true,false,false
-28,-20,Proliferation,true,false,false
11,13,Growth_Arrest,false,true,true
-34,-22,Proliferation,true,false,true
14,-18,Growth_Arrest,false,false,true
-25,1,Proliferation,true,false,true
-34,4,Growth_Arrest,false,false,true
29,-22,Proliferation,true,true,false
-42,-25,Proliferation,true,true,false
30,19,Growth_Arrest,false,false,false
31,6,Proliferation,true,true,false
-12,46,Proliferation,true,true,true
27,2,Growth_Arrest,false,false,false
26,12,Proliferation,true,false,false
19,19,Growth_Arrest,false,false,true
11,10,Proliferation,true,false,true
22,-10,Growth_Arrest,false,true,false
-13,5,Proliferation,true,false,false
30,16,Proliferation,true,true,true
17,34,Proliferation,true,false,false
-17,-37,Proliferation,true,false,true
-24,-11,Growth_Arrest,false,true,false
-10,48,Growth_Arrest,false,false,true
19,24,Growth_Arrest,false,true,false
-39,7,Growth_Arrest,false,false,true
-5,23,Proliferation,true,false,false
-9,-17,Proliferation,true,false,true
2,-41,Proliferation,true,true,false
-24,19,Proliferation,true,true,true
30,-40,Growth_Arrest,false,true,true
-27,-21,Proliferation,true,true,true
28,32,Growth_Arrest,false,true,true
-15,13,Proliferation,true,false,true
14,43,Proliferation,true,false,false
20,-11,Proliferation,true,false,false
23,7,Proliferation,true,true,false
31,-6,Proliferation,true,true,false
17,4,Proliferation,true,true,true
-30,-15,Proliferation,true,false,true
4,0,Proliferation,true,false,false
-2,-18,Proliferation,true,false,true
-29,-7,Growth_Arrest,false,false,false
-36,22,Proliferation,true,true,false
26,-11,Proliferation,true,true,true
18,39,Proliferation,true,false,true
-6,11,Growth_Arrest,false,true,false
-2,-23,Proliferation,true,true,false
5,28,Proliferation,true,true,false
-12,-9,Growth_Arrest,false,false,false
-23,22,Proliferation,true,true,true
-27,23,Growth_Arrest,false,true,false
-34,32,Growth_Arrest,false,true,true
-6,2,Proliferation,true,true,true
-49,9,Proliferation,true,true,true
-38,2,Proliferation,true,true,false
-36,17,Growth_Arrest,false,true,true
-44,-20,Proliferation,true,false,false
-15,3,Growth_Arrest,false,false,true
27,-29,Proliferation,true,false,true
44,-18,Proliferation,true,true,false
46,-4,Proliferation,true,false,false
-3,33,Growth_Arrest,false,false,true
-32,23,Proliferation,true,true,true
26,-34,Growth_Arrest,false,true,false
22,-31,Proliferation,true,true,true
21,-5,Proliferation,true,false,false
42,-1,Proliferation,true,false,false
41,20,Proliferation,true,false,false
-3,-9,Proliferation,true,false,true
-8,-12,Proliferation,true,true,false
34,23,Proliferation,true,true,false
4,45,Proliferation,true,true,true
-44,-21,Growth_Arrest,false,false,false
-18,-38,Proliferation,true,false,true
36,-19,Growth_Arrest,false,false,false
-13,-28,Growth_Arrest,false,false,false
-7,-1,Proliferation,true,true,false
38,18,Growth_Arrest,false,true,false
-43,6,Proliferation,true,true,true
42,23,Growth_Arrest,false,false,false
18,-47,Proliferation,true,false,true
26,14,Growth_Arrest,false,false,false
2,5,Proliferation,true,true,true
23,-18,Proliferation,true,false,true
2,-49,Proliferation,true,false,true
-22,26,Proliferation,true,true,false
1,11,Proliferation,true,false,false
11,15,Proliferation,true,false,false
20,-8,Growth_Arrest,false,true,true
-21,34,Proliferation,true,false,false
-15,18,Proliferation,true,false,true
-20,-28,Proliferation,true,false,true
31,36,Proliferation,true,true,false
-48,-14,Proliferation,true,true,false
30,-22,Proliferation,true,true,true
-44,-26,Proliferation,true,true,true
17,16,Growth_Arrest,false,false,true
10,1,Proliferation,true,false,false
18,-4,Proliferation,true,false,false
26,-16,Proliferation,true,false,true
-17,-13,Growth_Arrest,false,true,true
16,19,Growth_Arrest,false,true,true
-5,0,Proliferation,true,false,false
4,15,Growth_Arrest,false,false,false
29,-15,Proliferation,true,false,false
11,30,Proliferation,true,false,true
-29,35,Proliferation,true,true,true
36,-15,Proliferation,true,true,true
32,-4,Proliferation,true,false,false
31,29,Growth_Arrest,false,false,false
34,16,Proliferation,true,false,true
24,-7,Proliferation,true,false,true
-20,2,Growth_Arrest,false,true,false
-7,-47,Proliferation,true,true,true
-21,26,Proliferation,true,true,true
-14,21,Growth_Arrest,false,false,true
-2,31,Growth_Arrest,false,false,true
-21,41,Growth_Arrest,false,false,true
-35,10,Growth_Arrest,false,false,false
14,-9,Growth_Arrest,false,false,false
20,16,Proliferation,true,true,false
-10,-28,Growth_Arrest,false,true,true
-16,0,Proliferation,true,true,false
-17,-9,Proliferation,true,false,true
31,37,Growth_Arrest,false,true,false
-33,18,Proliferation,true,true,false
10,-9,Proliferation,true,true,true
-45,-2,Growth_Arrest,false,true,false
-18,-31,Proliferation,true,false,true
37,-32,Proliferation,true,false,false
39,26,Growth_Arrest,false,false,false
10,24,Growth_Arrest,false,true,false
31,20,Proliferation,true,true,false
-4,-50,Growth_Arrest,false,false,true
-14,3,Growth_Arrest,false,false,true
-20,-25,Proliferation,true,false,false
-16,-36,Proliferation,true,false,true
24,-28,Proliferation,true,true,true
-26,24,Proliferation,true,true,false
40,29,Growth_Arrest,false,true,false
-6,46,Proliferation,true,true,true
0,48,Proliferation,true,false,false
-47,5,Proliferation,true,false,true
15,-2,Growth_Arrest,false,false,false
1,24,Proliferation,true,true,false
11,27,Growth_Arrest,false,true,false
11,32,Growth_Arrest,false,false,false
-19,-10,Proliferation,true,true,true
-8,-13,Proliferation,true,false,true
-39,21,Proliferation,true,false,false
-17,-48,Growth_Arrest,false,false,true
-31,-9,Proliferation,true,true,true
11,25,Proliferation,true,true,true
14,8,Growth_Arrest,false,true,false
19,5,Proliferation,true,false,true
10,-48,Proliferation,true,true,false
-15,-26,Proliferation,true,true,false
5,-30,Proliferation,true,false,false
-13,8,Proliferation,true,true,true
15,-36,Proliferation,true,false,false
19,28,Growth_Arrest,false,false,true
-17,3,Growth_Arrest,false,false,false
9,5,Proliferation,true,true,true
3,13,Proliferation,true,false,true
-28,-5,Growth_Arrest,false,true,true
-34,-6,Growth_Arrest,false,false,false
28,-5,Proliferation,true,true,true
-36,-11,Growth_Arrest,false,true,false
-22,7,Proliferation,true,false,true
-1,-18,Proliferation,true,false,false
8,-4,Proliferation,true,true,true
35,33,Proliferation,true,true,true
-42,23,Proliferation,true,true,false
-41,-7,Proliferation,true,false,true
47,-16,Proliferation,true,true,true
10,40,Proliferation,true,false,true
20,-4,Proliferation,true,false,false
43,24,Proliferation,true,true,false
28,6,Growth_Arrest,false,false,true
-7,10,Growth_Arrest,false,false,true
-33,21,Proliferation,true,true,true
44,-8,Growth_Arrest,false,true,true
36,15,Growth_Arrest,false,true,true
-10,-10,Growth_Arrest,false,true,true
21,-33,Proliferation,true,true,true
-28,27,Proliferation,true,true,false
1,10,Proliferation,true,false,true
-2,-24,Proliferation,true,false,false
-26,29,Growth_Arrest,false,false,false
-7,24,Growth_Arrest,false,true,true
6,2,Proliferation,true,true,true
7,41,Growth_Arrest,false,true,true
-28,19,Proliferation,true,true,false
15,30,Growth_Arrest,false,true,true
6,-37,Proliferation,true,false,false
11,33,Proliferation,true,false,false
-23,42,Proliferation,true,false,true
-12,-45,Proliferation,true,false,false
40,-21,Proliferation,true,true,false
48,-7,Proliferation,true,false,true
-13,32,Growth_Arrest,false,true,false
5,22,Proliferation,true,true,false
44,13,Growth_Arrest,false,false,true
-3,11,Proliferation,true,true,true
36,31,Proliferation,true,true,true
1,-17,Proliferation,true,true,true
45,-6,Proliferation,true,true,false
-37,-16,Proliferation,true,true,false
11,38,Proliferation,true,true,true
14,-46,Growth_Arrest,false,false,true
-12,-46,Growth_Arrest,false,true,false
7,-43,Proliferation,true,true,false
14,-34,Proliferation,true,true,true
37,12,Proliferation,true,false,true
-37,-26,Growth_Arrest,false,false,false
21,-17,Growth_Arrest,false,false,false
12,30,Growth_Arrest,false,false,true
27,-7,Proliferation,true,true,true
40,-28,Growth_Arrest,false,false,false
38,-2,Proliferation,true,true,false
-35,14,Proliferation,true,true,false
16,-3,Proliferation,true,false,false
44,22,Proliferation,true,true,true
-48,12,Proliferation,true,false,false
30,-8,Growth_Arrest,false,true,false
27,-4,Proliferation,true,false,true
11,-8,Proliferation,true,true,true
-26,-3,Proliferation,true,false,false
35,-34,Proliferation,true,false,false
-18,22,Growth_Arrest,false,false,true
12,-36,Growth_Arrest,false,false,true
-9,29,Proliferation,true,false,true
-5,-27,Proliferation,true,true,false
-9,4,Proliferation,true,false,true
-33,25,Proliferation,true,false,false
-21,-39,Proliferation,true,false,true
-31,-21,Proliferation,true,true,true
14,-33,Proliferation,true,false,false
2,-30,Growth_Arrest,false,true,false
-22,21,Growth_Arrest,false,true,false
49,5,Proliferation,true,true,true
-28,16,Growth_Arrest,false,false,true
-21,44,Proliferation,true,true,true
-7,-11,Growth_Arrest,false,true,false
25,-21,Proliferation,true,false,true
17,-25,Proliferation,true,false,true
-5,17,Proliferation,true,true,true
-32,1,Proliferation,true,true,false
33,-19,Proliferation,true,false,false
2,-23,Growth_Arrest,false,false,false
27,-5,Proliferation,true,false,true
-21,-5,Proliferation,true,false,false
-19,32,Growth_Arrest,false,false,false
-20,-43,Proliferation,true,true,false
33,-7,Proliferation,true,false,true
-44,-19,Proliferation,true,false,false
0,21,Proliferation,true,true,false
7,23,Growth_Arrest,false,false,true
-39,5,Growth_Arrest,false,false,true
23,-21,Growth_Arrest,false,true,true
-7,-39,Growth_Arrest,false,false,false
-16,-4,Proliferation,true,true,false
-8,23,Growth_Arrest,false,false,false
15,-15,Proliferation,true,true,true
12,-30,Proliferation,true,false,false
42,2,Growth_Arrest,false,false,true
-21,-44,Growth_Arrest,false,true,false
38,-23,Proliferation,true,false,true
-2,15,Growth_Arrest,false,false,true
38,-18,Proliferation,true,true,true
-12,19,Growth_Arrest,false,false,false
-20,24,Proliferation,true,true,true
37,23,Proliferation,true,false,true
-33,0,Proliferation,true,true,true
-23,35,Proliferation,true,true,false
-2,-12,Proliferation,true,false,true
-44,25,Proliferation,true,false,false
-43,13,Proliferation,true,false,false
34,13,Proliferation,true,false,false
-15,-21,Growth_Arrest,false,true,true
33,-32,Proliferation,true,false,false
14,46,Proliferation,true,false,false
18,14,Proliferation,true,false,false
-23,41,Proliferation,true,false,false
10,-32,Proliferation,true,true,false
-16,-1,Growth_Arrest,false,false,true
7,27,Proliferation,true,true,true
-38,24,Proliferation,true,false,false
13,17,Growth_Arrest,false,true,true
31,-23,Growth_Arrest,false,false,false
-2,13,Growth_Arrest,false,false,true
10,-6,Proliferation,true,true,false
43,18,Proliferation,true,false,true
9,-9,Proliferation,true,false,false
-20,13,Proliferation,true,true,true
-24,37,Proliferation,true,false,false
-19,-18,Proliferation,true,false,false
16,12,Proliferation,true,true,false
47,-4,Proliferation,true,false,true
38,0,Growth_Arrest,false,false,false
-9,47,Growth_Arrest,false,true,true
-29,-13,Proliferation,true,true,true
15,-32,Proliferation,true,true,true
-20,-1,Growth_Arrest,false,false,true
-32,-1,Proliferation,true,false,true
-37,-25,Proliferation,true,false,true
23,15,Proliferation,true,true,false
35,26,Proliferation,true,true,false
-7,12,Growth_Arrest,false,true,false
-25,25,Growth_Arrest,false,false,false
4,46,Growth_Arrest,false,false,false
39,21,Proliferation,true,true,true
-22,23,Proliferation,true,false,true
-40,27,Proliferation,true,true,false
3,25,Proliferation,true,false,false
21,10,Proliferation,true,true,true
26,27,Growth_Arrest,false,true,true
4,-8,Growth_Arrest,false,true,true
8,-49,Proliferation,true,false,true
3,-30,Proliferation,true,true,false
-32,18,Proliferation,true,false,true
28,-36,Growth_Arrest,false,true,true
-21,-38,Growth_Arrest,false,false,false
33,15,Proliferation,true,false,false
-33,-3,Proliferation,true,false,false
24,0,Growth_Arrest,false,true,false
45,-20,Proliferation,true,true,true
30,6,Proliferation,true,false,false
22,-13,Proliferation,true,false,false
-31,6,Proliferation,true,false,false
-32,10,Growth_Arrest,false,true,false
6,32,Growth_Arrest,false,true,true
-8,35,Growth_Arrest,false,true,false
5,-15,Proliferation,true,false,false
-8,6,Proliferation,true,true,true
-27,25,Proliferation,true,true,false
-3,-4,Proliferation,true,false,false
10,0,Proliferation,true,true,true
9,-26,Proliferation,true,false,true
13,-16,Proliferation,true,false,true
-12,-28,Growth_Arrest,false,true,true
41,-1,Proliferation,true,true,false
-27,-12,Proliferation,true,true,false
24,-42,Proliferation,true,true,true
36,23,Proliferation,true,false,false
-22,15,Proliferation,true,false,false
45,-3,Proliferation,true,true,true
6,4,Growth_Arrest,false,false,false
-22,-18,Proliferation,true,true,true
-30,3,Proliferation,true,false,false
1,-11,Proliferation,true,true,false
5,12,Growth_Arrest,false,false,true
-18,16,Proliferation,true,false,false
-13,11,Growth_Arrest,false,false,true
-38,27,Proliferation,true,true,true
-24,12,Proliferation,true,true,true
43,-16,Proliferation,true,false,false
12,-22,Growth_Arrest,false,false,true
11,-35,Proliferation,true,true,true
-18,39,Proliferation,true,false,false
-5,48,Growth_Arrest,false,true,true
-46,21,Proliferation,true,false,true
39,-4,Proliferation,true,false,true
-24,-24,Proliferation,true,false,true
-15,37,Proliferation,true,false,false
2,-29,Proliferation,true,false,false
-8,-16,Proliferation,true,false,false
-20,1,Growth_Arrest,false,true,true
3,47,Proliferation,true,true,false
-16,-38,Growth_Arrest,false,true,false
33,19,Proliferation,true,true,false
8,3,Growth_Arrest,false,true,false
-20,-9,Proliferation,true,false,true
-12,-18,Proliferation,true,true,true
31,-13,Proliferation,true,true,true
-25,-24,Proliferation,true,true,false
-26,37,Proliferation,true,false,false
-26,-10,Proliferation,true,false,true
-36,-2,Proliferation,true,false,true
24,-2,Proliferation,true,false,true
1,-45,Proliferation,true,true,true
-31,33,Proliferation,true,false,true
-33,14,Proliferation,true,true,true
14,-45,Growth_Arrest,false,true,false
9,-39,Proliferation,true,false,false
37,5,Proliferation,true,false,false
-4,3,Proliferation,true,false,false
14,-24,Proliferation,true,true,true
0,3,Proliferation,true,true,true
-13,-10,Growth_Arrest,false,true,false
-47,1,Growth_Arrest,false,true,true
-11,35,Proliferation,true,true,true
34,6,Proliferation,true,true,true
-24,-18,Growth_Arrest,false,false,false
5,-47,Growth_Arrest,false,false,false
23,11,Growth_Arrest,false,true,false
33,31,Proliferation,true,true,false
-14,-43,Proliferation,true,true,true
0,22,Growth_Arrest,false,false,false
-11,48,Proliferation,true,true,true
14,15,Proliferation,true,false,true
-47,-19,Proliferation,true,true,true
-3,-48,Growth_Arrest,false,false,true
-20,20,Proliferation,true,true,false
23,-9,Proliferation,true,false,true
38,-13,Growth_Arrest,false,true,false
15,-30,Growth_Arrest,false,false,true
9,-38,Proliferation,true,true,false
-23,11,Proliferation,true,false,true
5,0,Proliferation,true,false,false
17,38,Growth_Arrest,false,true,false
-14,-1,Growth_Arrest,false,false,false
20,-44,Growth_Arrest,false,true,false
-31,19,Proliferation,true,false,false
-40,8,Growth_Arrest,false,false,false
39,4,Proliferation,true,true,true
-32,32,Proliferation,true,false,false
-23,-44,Growth_Arrest,false,true,false
-11,18,Proliferation,true,false,true
-17,7,Proliferation,true,true,false
-26,12,Growth_Arrest,false,true,false
-1,-7,Growth_Arrest,false,false,true
43,16,Proliferation,true,true,false
-13,33,Growth_Arrest,false,true,true
-25,7,Growth_Arrest,false,false,false
32,19,Proliferation,true,false,true
36,29,Proliferation,true,false,false
7,20,Proliferation,true,false,true
20,-15,Growth_Arrest,false,true,false
-8,15,Proliferation,true,false,false
21,14,Growth_Arrest,false,false,false
25,23,Proliferation,true,true,true
29,13,Growth_Arrest,false,false,false
-19,-1,Growth_Arrest,false,true,false
12,-19,Proliferation,true,true,true
-4,-11,Proliferation,true,false,true
-27,-42,Proliferation,true,true,true
-9,17,Proliferation,true,false,true
-25,-40,Proliferation,true,true,false
12,32,Growth_Arrest,false,true,false
12,-40,Proliferation,true,true,true
-23,-36,Growth_Arrest,false,false,true
-5,46,Proliferation,true,true,false
-32,-21,Proliferation,true,false,true
5,-35,Growth_Arrest,false,true,false
-19,-20,Growth_Arrest,false,true,false
19,31,Proliferation,true,true,false
21,-7,Proliferation,true,false,true
-12,12,Proliferation,true,true,true
-12,32,Growth_Arrest,false,false,true
49,-1,Proliferation,true,false,false
-36,-24,Growth_Arrest,false,true,false
-2,-10,Proliferation,true,true,true
35,-3,Growth_Arrest,false,true,false
19,44,Proliferation,true,true,false
29,29,Proliferation,true,false,false
16,20,Proliferation,true,false,false
-41,2,Proliferation,true,true,false
9,18,Proliferation,true,true,false
-25,-5,Proliferation,true,true,true
-7,41,Proliferation,true,false,false
-15,-31,Proliferation,true,false,true
-27,-11,Proliferation,true,false,false
24,-33,Proliferation,true,false,false
-35,-21,Proliferation,true,true,true
-7,-35,Growth_Arrest,false,true,true
-22,-6,Growth_Arrest,false,true,true
-18,-14,Proliferation,true,false,true
14,27,Proliferation,true,false,true
-43,22,Proliferation,true,true,false
0,23,Proliferation,true,true,true
45,-9,Proliferation,true,true,false
10,32,Proliferation,true,true,false
-16,29,Proliferation,true,false,false
-38,-7,Proliferation,true,true,false
0,29,Growth_Arrest,false,true,false
-13,16,Proliferation,true,false,true
-10,-33,Growth_Arrest,false,false,true
-29,-33,Proliferation,true,true,false
39,-12,Growth_Arrest,false,false,true
21,-28,Growth_Arrest,false,false,false
34,30,Proliferation,true,true,false
-15,-3,Proliferation,true,true,true
35,-8,Proliferation,true,true,false
3,-41,Growth_Arrest,false,false,true
-17,-18,Growth_Arrest,false,true,false
20,40,Proliferation,true,false,false
29,31,Proliferation,true,true,false
39,-18,Proliferation,true,false,false
35,-7,Proliferation,true,true,false
-29,15,Proliferation,true,true,false
-22,4,Proliferation,true,true,false
34,7,Proliferation,true,true,false
-5,-14,Growth_Arrest,false,true,true
-30,-38,Proliferation,true,true,false
-12,-33,Proliferation,true,true,false
19,41,Proliferation,true,false,false
2,-11,Proliferation,true,true,true
33,-20,Proliferation,true,false,false
-4,34,Proliferation,true,false,true
-44,15,Growth_Arrest,false,true,false
-5,22,Proliferation,true,true,false
-23,17,Growth_Arrest,false,true,false
-10,40,Proliferation,true,true,false
28,12,Growth_Arrest,false,false,true
-34,19,Growth_Arrest,false,false,true
-1,10,Growth_Arrest,false,true,false
-20,6,Proliferation,true,false,false
-21,-46,Proliferation,true,true,true
31,-15,Proliferation,true,true,true
-29,-42,Growth_Arrest,false,true,true
-8,-19,Proliferation,true,true,false
8,-38,Proliferation,true,true,true
-12,28,Growth_Arrest,false,false,true
-1,-1,Proliferation,true,false,true
-1,-20,Proliferation,true,false,true
27,14,Growth_Arrest,false,false,true
15,-37,Proliferation,true,true,true
24,42,Growth_Arrest,false,true,false
20,-32,Proliferation,true,true,false
-22,-27,Proliferation,true,true,false
13,-47,Growth_Arrest,false,false,false
4,5,Proliferation,true,false,true
13,-23,Growth_Arrest,false,true,true
-5,19,Proliferation,true,true,true
40,16,Growth_Arrest,false,true,false
40,-25,Proliferation,true,true,true
9,34,Proliferation,true,true,true
2,-39,Proliferation,true,true,true
0,-5,Proliferation,true,true,true
-46,20,Proliferation,true,true,true
30,-24,Proliferation,true,true,true
23,38,Proliferation,true,false,true
-21,0,Proliferation,true,true,false
12,44,Proliferation,true,false,true
35,12,Proliferation,true,true,false
-15,-23,Proliferation,true,true,true
14,21,Growth_Arrest,false,true,false
-11,-46,Proliferation,true,true,true
-13,36,Proliferation,true,true,true
40,17,Proliferation,true,true,true
4,-12,Proliferation,true,true,true
-17,-35,Growth_Arrest,false,false,true
4,24,Proliferation,true,true,true
37,-3,Proliferation,true,false,false
30,20,Proliferation,true,true,false
-5,-25,Proliferation,true,true,true
-42,25,Proliferation,true,true,true
27,12,Proliferation,true,false,true
18,16,Proliferation,true,false,true
11,-44,Growth_Arrest,false,true,false
11,29,Growth_Arrest,false,false,true
-13,-18,Proliferation,true,true,false
2,-21,Proliferation,true,false,false
32,29,Proliferation,true,true,false
39,-11,Proliferation,true,false,true
-41,-19,Proliferation,true,false,true
9,32,Growth_Arrest,false,false,false
-37,8,Growth_Arrest,false,false,false
14,-30,Proliferation,true,false,true
16,-39,Proliferation,true,true,false
41,-17,Proliferation,true,false,false
23,20,Growth_Arrest,false,true,false
-39,18,Growth_Arrest,false,false,false
3,10,Growth_Arrest,false,false,false
-19,2,Proliferation,true,true,false
-19,-4,Proliferation,true,false,false
-29,-22,Growth_Arrest,false,false,false
-39,24,Proliferation,true,true,false
-11,-20,Proliferation,true,true,true
-27,-27,Proliferation,true,true,true
-26,-37,Proliferation,true,true,false
9,-36,Growth_Arrest,false,true,true
33,16,Growth_Arrest,false,false,true
-11,-17,Proliferation,true,false,false
35,-23,Proliferation,true,false,false
-20,-47,Proliferation,true,true,false
-28,28,Proliferation,true,true,false
-24,-42,Proliferation,true,true,true
9,-5,Proliferation,true,false,true
-12,-21,Proliferation,true,false,true
9,-2,Proliferation,true,true,false
14,-39,Proliferation,true,true,true
-6,-20,Growth_Arrest,false,false,true
-16,-8,Growth_Arrest,false,true,false
-13,13,Proliferation,true,true,false
-31,26,Proliferation,true,true,true
-9,-50,Proliferation,true,false,false
9,-22,Growth_Arrest,false,true,false
-5,10,Growth_Arrest,false,true,false
25,-29,Proliferation,true,true,true
-11,-42,Proliferation,true,false,true
-26,40,Proliferation,true,false,true
23,-12,Proliferation,true,false,true
6,26,Growth_Arrest,false,true,false
-40,-21,Proliferation,true,true,true
-14,-18,Proliferation,true,true,false
17,23,Proliferation,true,false,true
8,-11,Growth_Arrest,false,true,false
-14,5,Growth_Arrest,false,true,false
45,10,Proliferation,true,false,true
23,-16,Proliferation,true,true,false
7,-46,Growth_Arrest,false,false,true
14,-38,Proliferation,true,false,false
17,-8,Growth_Arrest,false,false,false
-47,-2,Proliferation,true,false,true
1,33,Growth_Arrest,false,true,false
-13,45,Proliferation,true,false,true
35,-32,Proliferation,true,false,false
-17,14,Growth_Arrest,false,true,false
32,-13,Proliferation,true,false,false
-12,-32,Growth_Arrest,false,false,false
16,-14,Proliferation,true,true,false
-9,33,Proliferation,true,true,true
-7,-3,Growth_Arrest,false,true,true
9,4,Growth_Arrest,false,false,true
4,-29,Proliferation,true,false,false
-44,1,Growth_Arrest,false,true,false
23,16,Proliferation,true,true,true
5,18,Proliferation,true,false,true
-31,39,Growth_Arrest,false,true,true
-10,20,Proliferation,true,true,true
-32,-30,Growth_Arrest,false,false,true
-8,49,Proliferation,true,true,true
9,-19,Proliferation,true,false,true
-3,-38,Growth_Arrest,false,true,true
-42,28,Growth_Arrest,false,false,false
-28,34,Growth_Arrest,false,true,true
-22,1,Proliferation,true,true,true
-6,10,Proliferation,true,false,true
-27,-18,Growth_Arrest,false,false,true
20,28,Growth_Arrest,false,false,true
34,1,Proliferation,true,false,false
-36,-31,Proliferation,true,true,false
3,44,Proliferation,true,true,true
9,40,Growth_Arrest,false,true,true
17,2,Growth_Arrest,false,true,false
23,33,Proliferation,true,true,true
-37,-7,Growth_Arrest,false,false,false
-24,38,Growth_Arrest,false,true,true
-34,-9,Growth_Arrest,false,true,false
45,6,Proliferation,true,false,false
-16,-23,Growth_Arrest,false,false,true
37,-23,Proliferation,true,true,false
44,-24,Proliferation,true,true,true
13,18,Proliferation,true,true,true
-20,4,Growth_Arrest,false,false,true
-1,17,Proliferation,true,false,false
39,28,Proliferation,true,true,false
-19,19,Proliferation,true,false,true
28,-17,Growth_Arrest,false,true,false
-28,17,Proliferation,true,true,true
-41,-3,Growth_Arrest,false,true,false
13,1,Proliferation,true,false,true
30,-35,Growth_Arrest,false,true,false
7,46,Growth_Arrest,false,false,true
3,-11,Proliferation,true,false,false
40,14,Proliferation,true,false,false
-27,-32,Proliferation,true,false,true
-12,16,Growth_Arrest,false,false,false
17,19,Proliferation,true,true,true
-21,14,Proliferation,true,false,true
6,30,Growth_Arrest,false,false,false
-23,-38,Growth_Arrest,false,true,true
-46,-11,Proliferation,true,true,true
1,34,Proliferation,true,true,true
-13,-38,Proliferation,true,false,false
0,37,Proliferation,true,true,true
-30,-35,Proliferation,true,true,false
0,12,Proliferation,true,true,false
-14,-37,Growth_Arrest,false,true,false
-15,19,Growth_Arrest,false,true,false
30,-5,Proliferation,true,false,false
-11,22,Proliferation,true,false,false
13,37,Proliferation,true,false,false
-33,-6,Proliferation,true,true,true
3,22,Proliferation,true,false,false
17,27,Growth_Arrest,false,true,false
-39,-3,Proliferation,true,false,true
-14,48,Proliferation,true,false,true
8,-12,Growth_Arrest,false,true,false
6,6,Proliferation,true,true,true
28,26,Growth_Arrest,false,false,false
-7,-27,Proliferation,true,true,true
-15,35,Growth_Arrest,false,true,false
38,17,Growth_Arrest,false,true,true
30,-13,Growth_Arrest,false,true,false
-9,26,Proliferation,true,false,false
-35,-19,Proliferation,true,false,true
40,28,Proliferation,true,false,false
45,-17,Proliferation,true,false,false
-8,-50,Proliferation,true,false,false
47,12,Proliferation,true,false,true
-47,-17,Proliferation,true,false,false
-5,43,Growth_Arrest,false,true,false
-34,12,Growth_Arrest,false,false,false
-43,-15,Growth_Arrest,false,false,true
26,35,Proliferation,true,false,true
12,-29,Proliferation,true,false,true
-15,-2,Proliferation,true,false,true
15,37,Proliferation,true,false,true
24,-10,Growth_Arrest,false,false,true
38,-32,Proliferation,true,true,false
40,15,Proliferation,true,true,true
44,-17,Growth_Arrest,false,false,true
-17,-40,Growth_Arrest,false,true,false
-17,-4,Growth_Arrest,false,true,false
-31,-40,Growth_Arrest,false,true,false
-17,-34,Proliferation,true,false,true
5,1,Growth_Arrest,false,false,false
20,-20,Proliferation,true,false,true
14,40,Proliferation,true,true,false
23,9,Proliferation,true,true,false
29,-20,Proliferation,true,false,true
35,-19,Proliferation,true,true,false
4,47,Growth_Arrest,false,false,false
13,47,Proliferation,true,true,true
14,18,Proliferation,true,false,false
20,29,Growth_Arrest,false,false,true
-16,-5,Proliferation,true,false,true
24,34,Proliferation,true,true,false
26,40,Proliferation,true,false,false
-2,-29,Proliferation,true,false,true
-16,-34,Proliferation,true,true,true
-35,-9,Growth_Arrest,false,true,false
-9,-8,Proliferation,true,false,false
41,9,Proliferation,true,true,true
0,31,Proliferation,true,false,true
11,-15,Proliferation,true,false,false
-8,-29,Proliferation,true,true,true
-15,11,Proliferation,true,true,true
31,-31,Growth_Arrest,false,true,false
-13,46,Proliferation,true,false,true
49,9,Proliferation,true,true,false
31,-7,Proliferation,true,false,true
10,39,Proliferation,true,false,false
-3,-37,Growth_Arrest,false,false,true
-16,39,Proliferation,true,true,false
-10,-40,Growth_Arrest,false,true,false
5,5,Growth_Arrest,false,false,true
-40,-4,Proliferation,true,false,false
12,3,Proliferation,true,false,true
-31,-3,Proliferation,true,false,false
-24,42,Growth_Arrest,false,false,false
19,22,Growth_Arrest,false,false,false
-34,-27,Proliferation,true,false,true
-41,-20,Growth_Arrest,false,true,false
13,-5,Growth_Arrest,false,false,false
-41,7,Proliferation,true,false,false
-27,32,Proliferation,true,false,true
-44,-23,Proliferation,true,true,false
-47,9,Proliferation,true,false,true
-30,22,Proliferation,true,true,false
29,37,Growth_Arrest,false,false,false
18,34,Growth_Arrest,false,true,false
44,23,Growth_Arrest,false,false,true
-28,-4,Growth_Arrest,false,true,true
32,-24,Proliferation,true,true,true
30,-30,Growth_Arrest,false,true,false
-5,41,Proliferation,true,true,false
44,-10,Proliferation,true,true,true
-22,41,Proliferation,true,false,true
31,33,Proliferation,true,false,false
-28,-27,Proliferation,true,false,false
-36,-20,Proliferation,true,true,false
-28,-26,Proliferation,true,false,false
-5,37,Growth_Arrest,false,false,false
14,25,Proliferation,true,false,true
-24,3,Proliferation,true,false,true
-13,28,Growth_Arrest,false,true,true
-22,-8,Growth_Arrest,false,true,true
-39,-16,Proliferation,true,false,true
27,-8,Proliferation,true,true,false
32,-22,Growth_Arrest,false,false,false
-5,34,Growth_Arrest,false,false,false
-10,42,Proliferation,true,true,false
-1,-10,Proliferation,true,false,true
29,-28,Proliferation,true,false,false
-33,-10,Growth_Arrest,false,true,false
-34,34,Proliferation,true,false,true
-19,44,Proliferation,true,false,true
27,-21,Growth_Arrest,false,true,false
-36,7,Growth_Arrest,false,false,false
5,-8,Growth_Arrest,false,true,false
14,33,Proliferation,true,true,true
35,22,Growth_Arrest,false,true,true
-8,-9,Proliferation,true,false,false
32,-17,Growth_Arrest,false,false,false
21,24,Proliferation,true,false,true
-3,46,Proliferation,true,false,true
-25,13,Growth_Arrest,false,true,false
-2,-38,Proliferation,true,true,true
-49,-12,Proliferation,true,true,true
1,-8,Proliferation,true,false,true
45,12,Proliferation,true,true,false
37,-34,Growth_Arrest,false,false,true
-19,-22,Proliferation,true,true,true
0,-50,Proliferation,true,true,true
-24,8,Growth_Arrest,false,true,false
-18,-21,Proliferation,true,true,false
19,8,Proliferation,true,false,true
20,14,Proliferation,true,true,true
22,30,Proliferation,true,true,false
-3,22,Proliferation,true,true,true
26,-27,Proliferation,true,false,false
-24,34,Growth_Arrest,false,true,false
35,20,Proliferation,true,true,false
-6,17,Proliferation,true,false,true
-40,-26,Growth_Arrest,false,false,true
21,36,Proliferation,true,false,false
-16,-11,Proliferation,true,true,false
49,4,Growth_Arrest,false,false,true
25,21,Proliferation,true,false,false
-24,21,Growth_Arrest,false,true,true
8,-16,Proliferation,true,false,false
9,-3,Proliferation,true,true,true
13,-34,Growth_Arrest,false,true,false
5,-27,Proliferation,true,true,false
-28,40,Proliferation,true,false,false
18,45,Proliferation,true,false,true
14,-26,Growth_Arrest,false,false,true
-10,33,Proliferation,true,true,false
32,0,Proliferation,true,true,false
-12,-30,Proliferation,true,true,true
-2,-33,Growth_Arrest,false,false,true
7,-16,Proliferation,true,true,true
-43,16,Proliferation,true,true,true
27,32,Growth_Arrest,false,false,true
13,23,Proliferation,true,false,false
37,29,Growth_Arrest,false,true,false
-13,-14,Proliferation,true,false,true
45,20,Proliferation,true,false,true
29,10,Proliferation,true,false,true
-14,-5,Growth_Arrest,false,false,true
-6,41,Growth_Arrest,false,false,true
-22,20,Proliferation,true,false,false
-18,-22,Growth_Arrest,false,false,true
21,-39,Proliferation,true,true,true
22,-43,Growth_Arrest,false,false,true
12,-14,Proliferation,true,true,true
-17,-43,Proliferation,true,true,true
14,38,Proliferation,true,true,false
18,36,Growth_Arrest,false,true,false
-10,2,Proliferation,true,false,false
-6,29,Growth_Arrest,false,false,false
-41,24,Proliferation,true,false,true
-28,-14,Proliferation,true,false,false
-18,33,Growth_Arrest,false,false,true
-9,13,Proliferation,true,true,false
-18,-10,Proliferation,true,true,true
12,8,Growth_Arrest,false,true,true
-34,-34,Growth_Arrest,false,true,true
42,-23,Proliferation,true,false,true
31,-16,Proliferation,true,false,false
3,-17,Proliferation,true,false,true
-28,-16,Proliferation,true,true,false
-49,-6,Proliferation,true,true,false
-14,-26,Growth_Arrest,false,false,false
23,-13,Growth_Arrest,false,true,true
24,12,Proliferation,true,false,false
-17,19,Proliferation,true,false,false
40,13,Proliferation,true,false,false
36,18,Proliferation,true,false,false
2,16,Proliferation,true,true,true
6,-39,Proliferation,true,false,false
5,9,Proliferation,true,false,false
33,34,Proliferation,true,true,false
-27,17,Growth_Arrest,false,true,true
41,8,Proliferation,true,false,false
-50,-10,Proliferation,true,false,false
-37,-17,Proliferation,true,false,true
-25,4,Growth_Arrest,false,true,true
6,23,Proliferation,true,true,false
18,35,Proliferation,true,true,true
46,5,Proliferation,true,false,false
-44,2,Proliferation,true,true,true
21,-3,Proliferation,true,true,false
-32,-35,Proliferation,true,false,true
11,6,Growth_Arrest,false,true,true
-43,-26,Growth_Arrest,false,false,false
25,-10,Proliferation,true,false,true
-8,-25,Proliferation,true,false,true
-8,45,Proliferation,true,false,false
-34,-14,Proliferation,true,false,true
-48,-17,Proliferation,true,true,true
19,11,Proliferation,true,false,false
23,-6,Proliferation,true,true,true
34,-24,Proliferation,true,false,false
-6,-29,Growth_Arrest,false,false,false
28,17,Proliferation,true,false,true
-32,22,Proliferation,true,true,true
47,-6,Proliferation,true,false,true
-47,7,Growth_Arrest,false,true,false
-36,-9,Proliferation,true,false,true
36,-35,Growth_Arrest,false,false,true
0,-42,Proliferation,true,false,false
17,-29,Growth_Arrest,false,false,false
-2,-35,Proliferation,true,true,false
-26,-35,Proliferation,true,false,false
19,4,Proliferation,true,false,true
34,-32,Proliferation,true,false,true
-39,-13,Proliferation,true,false,true
24,29,Growth_Arrest,false,true,true
47,16,Growth_Arrest,false,false,true
-50,-7,Growth_Arrest,false,false,true
31,34,Proliferation,true,true,false
4,6,Proliferation,true,false,true
-25,-4,Proliferation,true,true,false
9,20,Proliferation,true,true,true
33,1,Proliferation,true,false,true
35,-33,Proliferation,true,true,true
12,-48,Growth_Arrest,false,true,false
6,-30,Proliferation,true,true,false
-10,-5,Proliferation,true,true,false
37,-8,Growth_Arrest,false,true,true
5,48,Proliferation,true,true,true
10,-21,Growth_Arrest,false,true,true
2,33,Growth_Arrest,false,true,false
41,0,Proliferation,true,false,false
24,41,Proliferation,true,false,false
-15,-1,Growth_Arrest,false,false,false
-35,-6,Growth_Arrest,false,true,true
33,-25,Proliferation,true,true,false
33,-38,Proliferation,true,false,true
12,40,Proliferation,true,false,false
-22,-32,Growth_Arrest,false,false,true
-34,7,Growth_Arrest,false,false,false
-26,-27,Growth_Arrest,false,false,false
36,33,Proliferation,true,true,true
-8,-28,Proliferation,true,true,false
19,-2,Proliferation,true,true,true
1,-43,Proliferation,true,false,false
-3,-19,Proliferation,true,true,true
22,21,Growth_Arrest,false,true,false
-11,41,Proliferation,true,true,true
10,-34,Growth_Arrest,false,true,true
48,0,Proliferation,true,true,false
29,-6,Proliferation,true,true,true
9,-37,Growth_Arrest,false,true,true
-24,44,Proliferation,true,true,false
38,2,Proliferation,true,true,false
2,45,Proliferation,true,false,false
8,-1,Growth_Arrest,false,false,true
-10,-36,Proliferation,true,false,true
5,11,Proliferation,true,false,false
27,-36,Proliferation,true,false,true
38,15,Growth_Arrest,false,false,false
31,11,Growth_Arrest,false,true,true
-35,16,Proliferation,true,true,true
7,-38,Growth_Arrest,false,false,false
-21,27,Growth_Arrest,false,true,false
-31,25,Growth_Arrest,false,true,true
3,-28,Proliferation,true,false,true
11,17,Proliferation,true,true,false
-44,21,Proliferation,true,true,false
42,13,Proliferation,true,true,false
-6,1,Growth_Arrest,false,true,false
-27,-3,Proliferation,true,false,true
22,-45,Growth_Arrest,false,true,false
-5,-37,Growth_Arrest,false,false,false
-23,-27,Growth_Arrest,false,false,true
-47,-16,Proliferation,true,false,false
-11,39,Proliferation,true,false,true
0,18,Proliferation,true,true,false
21,2,Proliferation,true,true,false
9,2,Proliferation,true,false,true
-2,16,Growth_Arrest,false,true,false
17,17,Proliferation,true,true,true
-21,-2,Growth_Arrest,false,true,true
-8,-23,Proliferation,true,true,true
-50,-9,Proliferation,true,true,true
45,8,Proliferation,true,true,false
19,-13,Proliferation,true,true,true
-10,-3,Growth_Arrest,false,true,false
-9,-3,Proliferation,true,true,false
7,-6,Proliferation,true,true,true
-1,36,Growth_Arrest,false,false,true
30,14,Proliferation,true,false,false
5,21,Proliferation,true,false,false
23,27,Proliferation,true,false,true
29,-34,Proliferation,true,true,true
26,-32,Growth_Arrest,false,false,false
-42,-11,Proliferation,true,false,true
-33,8,Proliferation,true,true,true
-2,21,Growth_Arrest,false,false,true
-1,-19,Proliferation,true,false,true
-37,-13,Proliferation,true,true,true
18,-2,Proliferation,true,true,true
15,-41,Proliferation,true,false,false
27,11,Proliferation,true,false,false
17,-39,Growth_Arrest,false,false,true
-25,27,Proliferation,true,false,true
38,1,Proliferation,true,true,false
-40,-17,Proliferation,true,false,false
-4,-43,Proliferation,true,false,false
8,-19,Proliferation,true,true,false
5,30,Proliferation,true,true,true
29,12,Proliferation,true,false,true
12,9,Proliferation,true,false,true
-7,37,Proliferation,true,false,true
-37,7,Proliferation,true,true,false
35,21,Proliferation,true,true,false
-27,42,Growth_Arrest,false,false,false
10,43,Proliferation,true,true,false
37,-11,Proliferation,true,false,true
-25,-17,Growth_Arrest,false,false,false
8,11,Proliferation,true,true,false
-11,-31,Proliferation,true,false,true
22,-7,Proliferation,true,false,true
-36,-25,Proliferation,true,true,false
32,4,Growth_Arrest,false,true,true
-12,-23,Growth_Arrest,false,true,true
-31,3,Proliferation,true,false,true
16,6,Proliferation,true,true,false
4,-11,Proliferation,true,false,false
14,-27,Growth_Arrest,false,true,true
40,5,Growth_Arrest,false,false,false
-3,-31,Proliferation,true,true,false
46,-3,Growth_Arrest,false,true,false
9,-17,Proliferation,true,true,true
-28,-40,Proliferation,true,true,false
-10,-27,Proliferation,true,false,true
-11,46,Proliferation,true,false,false
-4,10,Growth_Arrest,false,false,true
-28,-17,Proliferation,true,false,true
-25,-1,Growth_Arrest,false,false,true
-2,-15,Growth_Arrest,false,true,true
-13,37,Proliferation,true,true,true
15,12,Proliferation,true,false,true
18,42,Proliferation,true,true,false
-32,28,Proliferation,true,false,false
-7,-17,Growth_Arrest,false,false,false
-10,-41,Proliferation,true,false,true
-4,-41,Proliferation,true,true,true
-4,-10,Proliferation,true,true,false
27,19,Proliferation,true,true,false
-37,34,Growth_Arrest,false,true,true
-10,32,Proliferation,true,false,true
-22,-7,Proliferation,true,true,true
44,0,Proliferation,true,false,true
-25,-20,Proliferation,true,false,false
-39,-32,Proliferation,true,false,true
-21,8,Proliferation,true,true,true
-15,6,Growth_Arrest,false,false,false
-3,-29,Proliferation,true,false,false
-35,22,Growth_Arrest,false,true,true
10,-5,Proliferation,true,false,true
-21,16,Growth_Arrest,false,true,true
16,11,Growth_Arrest,false,false,false
-44,-22,Proliferation,true,true,false
34,2,Proliferation,true,false,false
44,-21,Growth_Arrest,false,false,false
-13,7,Proliferation,true,true,true
-17,-44,Proliferation,true,false,false
1,47,Growth_Arrest,false,false,true
-8,10,Proliferation,true,true,false
40,20,Growth_Arrest,false,true,true
32,14,Proliferation,true,true,false
34,-36,Proliferation,true,false,true
-16,42,Proliferation,true,true,false
-30,-28,Proliferation,true,false,false
-7,16,Growth_Arrest,false,true,false
-32,-3,Proliferation,true,true,true
-3,-49,Growth_Arrest,false,true,true
-16,7,Growth_Arrest,false,true,false
4,-25,Proliferation,true,true,true
31,-36,Proliferation,true,false,false
-1,-5,Growth_Arrest,false,false,true
-38,0,Proliferation,true,false,false
9,-15,Proliferation,true,true,false
-39,10,Growth_Arrest,false,false,false
49,-9,Proliferation,true,true,false
24,-19,Growth_Arrest,false,true,true
41,-5,Growth_Arrest,false,true,false
-7,7,Proliferation,true,false,true
30,-17,Proliferation,true,false,true
38,-6,Proliferation,true,true,true
-43,23,Proliferation,true,false,true
31,14,Proliferation,true,true,true
18,-9,Proliferation,true,false,true
28,-25,Proliferation,true,false,false
-15,-7,Proliferation,true,false,false
-10,-2,Proliferation,true,true,true
14,13,Growth_Arrest,false,false,true
42,-27,Growth_Arrest,false,true,false
14,-8,Proliferation,true,true,true
-9,-21,Growth_Arrest,false,false,false
-30,-24,Proliferation,true,false,false
28,-27,Proliferation,true,true,true
-12,-3,Growth_Arrest,false,false,false
-34,-2,Proliferation,true,false,true
13,34,Proliferation,true,true,true
-16,-12,Proliferation,true,true,true
-34,24,Proliferation,true,false,true
-12,-16,Proliferation,true,false,true
-3,-2,Proliferation,true,false,false
-26,-34,Proliferation,true,true,true
-6,14,Proliferation,true,true,false
21,23,Growth_Arrest,false,true,true
36,30,Growth_Arrest,false,false,true
21,-4,Proliferation,true,false,false
34,-16,Growth_Arrest,false,true,true
-47,-11,Growth_Arrest,false,false,false
6,-10,Growth_Arrest,false,false,true
-18,-46,Proliferation,true,false,true
13,14,Growth_Arrest,false,false,true
33,7,Growth_Arrest,false,true,true
-24,18,Proliferation,true,false,false
35,-25,Growth_Arrest,false,true,true
10,33,Growth_Arrest,false,false,true
-9,37,Proliferation,true,false,false
16,46,Proliferation,true,true,true
26,11,Growth_Arrest,false,true,false
-17,-45,Growth_Arrest,false,true,true
39,22,Growth_Arrest,false,false,true
-19,-44,Proliferation,true,false,true
-26,18,Proliferation,true,true,false
-21,-4,Proliferation,true,false,false
5,-7,Proliferation,true,false,true
-31,-5,Proliferation,true,true,true
-36,-12,Growth_Arrest,false,true,false
-11,-23,Proliferation,true,false,false
34,34,Growth_Arrest,false,true,true
-8,-14,Proliferation,true,true,false
-40,4,Growth_Arrest,false,true,false
1,49,Proliferation,true,true,false
-48,5,Proliferation,true,true,false
11,46,Proliferation,true,false,false
31,-17,Growth_Arrest,false,false,false
-40,17,Growth_Arrest,false,false,true
10,25,Proliferation,true,true,false
27,-15,Growth_Arrest,false,true,true
9,16,Proliferation,true,true,false
25,-18,Growth_Arrest,false,false,true
-41,19,Growth_Arrest,false,false,true
-32,-17,Proliferation,true,true,true
-36,-18,Growth_Arrest,false,true,true
33,22,Growth_Arrest,false,true,false
25,-39,Growth_Arrest,false,false,true
25,-17,Proliferation,true,true,true
2,-8,Growth_Arrest,false,true,true
-17,35,Proliferation,true,true,true
-37,-8,Proliferation,true,true,false
33,14,Proliferation,true,true,true
32,1,Proliferation,true,true,true
3,-19,Growth_Arrest,false,false,false
-44,16,Proliferation,true,true,true
-21,20,Growth_Arrest,false,false,false
-32,34,Proliferation,true,true,false
-18,-39,Proliferation,true,false,false
-20,28,Proliferation,true,false,false
27,-33,Growth_Arrest,false,true,true
-5,-18,Proliferation,true,false,true
-19,17,Proliferation,true,false,false
-6,40,Proliferation,true,true,false
-13,40,Growth_Arrest,false,false,true
-41,-26,Growth_Arrest,false,false,false
12,-6,Proliferation,true,false,false
27,-34,Growth_Arrest,false,true,false
-10,10,Proliferation,true,true,true
12,-35,Proliferation,true,false,true
-29,34,Proliferation,true,false,true
9,43,Growth_Arrest,false,false,false
-40,9,Proliferation,true,false,true
-25,0,Proliferation,true,false,true
3,-23,Proliferation,true,false,false
10,14,Growth_Arrest,false,true,false
19,39,Growth_Arrest,false,false,false
-5,44,Proliferation,true,false,true
14,3,Proliferation,true,true,false
10,38,Proliferation,true,false,true
-16,-20,Proliferation,true,true,false
47,-5,Proliferation,true,false,false
20,24,Proliferation,true,false,true
-2,4,Proliferation,true,false,false
30,-19,Proliferation,true,false,true
-49,-14,Proliferation,true,true,false
45,-2,Proliferation,true,true,false
-26,-31,Growth_Arrest,false,false,true
4,3,Proliferation,true,true,true
-4,-17,Proliferation,true,false,false
-20,-21,Proliferation,true,true,true
33,-37,Proliferation,true,true,false
8,44,Growth_Arrest,false,true,true
3,-7,Proliferation,true,true,true
16,-48,Proliferation,true,true,false
-15,14,Growth_Arrest,false,true,false
-7,5,Growth_Arrest,false,false,true
23,42,Proliferation,true,false,true
27,-9,Growth_Arrest,false,false,true
-31,-36,Proliferation,true,false,false
23,28,Growth_Arrest,false,false,true
15,-44,Proliferation,true,false,true
47,3,Growth_Arrest,false,true,false
-10,34,Growth_Arrest,false,false,false
-24,-43,Proliferation,true,false,true
-41,23,Growth_Arrest,false,true,false
16,-27,Proliferation,true,true,true
1,0,Proliferation,true,true,false
-49,7,Proliferation,true,false,true
-12,-29,Proliferation,true,true,true
27,3,Proliferation,true,true,true
-36,-34,Growth_Arrest,false,false,true
30,-36,Proliferation,true,true,false
38,28,Growth_Arrest,false,true,false
-3,13,Growth_Arrest,false,true,true
-29,25,Proliferation,true,false,false
-35,-11,Proliferation,true,false,true
24,32,Proliferation,true,false,true
-16,32,Proliferation,true,false,true
-25,-22,Growth_Arrest,false,true,true
18,32,Proliferation,true,false,false
33,17,Growth_Arrest,false,false,true
26,-42,Proliferation,true,false,false
-43,10,Proliferation,true,true,false
34,32,Proliferation,true,false,true
19,-25,Proliferation,true,false,true
39,12,Proliferation,true,true,true
-4,-38,Proliferation,true,false,false
-31,4,Growth_Arrest,false,true,true
-18,17,Proliferation,true,true,false
-25,-18,Proliferation,true,true,true
-39,-31,Proliferation,true,true,false
20,6,Growth_Arrest,false,true,false
-26,6,Growth_Arrest,false,false,true
-10,-23,Proliferation,true,true,true
-23,33,Growth_Arrest,false,true,true
-20,37,Proliferation,true,true,false
-1,-4,Proliferation,true,true,false
-29,10,Growth_Arrest,false,false,true
-2,19,Proliferation,true,false,false
-13,-5,Proliferation,true,false,true
-32,35,Proliferation,true,false,false
-5,13,Proliferation,true,true,true
-33,-18,Proliferation,true,true,true
41,15,Proliferation,true,false,false
-41,26,Proliferation,true,false,true
-8,-17,Proliferation,true,true,true
-39,19,Proliferation,true,false,true
-32,30,Proliferation,true,true,false
12,45,Proliferation,true,true,false
0,-4,Proliferation,true,false,false
11,-19,Proliferation,true,true,true
11,-31,Proliferation,true,false,true
24,-5,Proliferation,true,true,true
3,-6,Growth_Arrest,false,false,true
30,-2,Growth_Arrest,false,false,false
22,-39,Proliferation,true,true,false
14,-4,Growth_Arrest,false,false,true
-8,-44,Proliferation,true,true,false
-33,-12,Growth_Arrest,false,true,false
21,-10,Growth_Arrest,false,false,true
19,20,Proliferation,true,true,true
-28,-7,Growth_Arrest,false,true,false
2,38,Proliferation,true,true,false
-49,4,Growth_Arrest,false,true,true
-24,0,Growth_Arrest,false,true,true
27,28,Proliferation,true,true,false
1,15,Proliferation,true,true,true
32,23,Proliferation,true,false,true
21,42,Proliferation,true,false,true
-9,43,Growth_Arrest,false,true,true
18,17,Growth_Arrest,false,true,false
-12,40,Proliferation,true,false,false
-10,-4,Proliferation,true,false,false
41,5,Proliferation,true,false,false
33,4,Proliferation,true,true,true
13,29,Proliferation,true,true,false
-30,-5,Proliferation,true,false,false
-47,-9,Growth_Arrest,false,false,false
38,23,Proliferation,true,true,false
-16,-26,Proliferation,true,true,true
-12,3,Proliferation,true,true,false
-9,-38,Proliferation,true,true,true
-6,-30,Proliferation,true,false,true
40,-16,Growth_Arrest,false,true,false
-6,-1,Proliferation,true,false,true
-19,6,Proliferation,true,true,false
5,3,Proliferation,true,true,true
37,30,Proliferation,true,true,true
6,22,Proliferation,true,false,true
27,-11,Proliferation,true,false,true
-45,7,Proliferation,true,false,true
17,15,Growth_Arrest,false,false,false
40,12,Growth_Arrest,false,true,true
32,21,Proliferation,true,true,true
-10,4,Proliferation,true,false,true
-36,21,Proliferation,true,false,true
21,39,Proliferation,true,true,true
-39,-25,Growth_Arrest,false,false,true
-31,2,Growth_Arrest,false,false,false
-40,22,Proliferation,true,false,false
7,9,Proliferation,true,true,false
-13,-34,Growth_Arrest,false,true,false
37,-7,Proliferation,true,false,false
13,26,Growth_Arrest,false,true,false
8,-29,Proliferation,true,true,false
41,18,Proliferation,true,true,false
45,-22,Proliferation,true,true,true
-16,-32,Growth_Arrest,false,false,false
8,-2,Growth_Arrest,false,false,false
0,8,Proliferation,true,true,true
22,18,Proliferation,true,false,false
-7,-12,Proliferation,true,true,false
-26,33,Proliferation,true,false,false
-31,0,Growth_Arrest,false,false,true
-29,-18,Proliferation,true,false,true
-44,24,Proliferation,true,true,false
25,-6,Growth_Arrest,false,true,true
28,34,Proliferation,true,true,true
19,-7,Proliferation,true,true,false
-20,-4,Growth_Arrest,false,false,false
9,28,Growth_Arrest,false,true,false
-24,-41,Proliferation,true,false,true
-15,-10,Proliferation,true,false,true
34,-2,Proliferation,true,false,true
38,-14,Growth_Arrest,false,true,true
1,-34,Proliferation,true,true,false
-43,-4,Growth_Arrest,false,true,false
7,24,Proliferation,true,true,false
-23,-40,Proliferation,true,true,true
11,-22,Growth_Arrest,false,false,true
10,-36,Proliferation,true,true,true
11,-32,Growth_Arrest,false,true,false
-12,2,Proliferation,true,true,false
-1,1,Growth_Arrest,false,true,false
17,5,Proliferation,true,true,true
7,-34,Growth_Arrest,false,false,false
-28,-3,Proliferation,true,true,true
-23,7,Proliferation,true,false,false
-47,17,Proliferation,true,true,true
18,-28,Proliferation,true,false,false
3,-29,Proliferation,true,true,false
-5,1,Proliferation,true,false,true
11,-30,Proliferation,true,false,false
4,25,Growth_Arrest,false,false,false
16,28,Proliferation,true,false,false
-11,-47,Proliferation,true,true,true
-16,12,Growth_Arrest,false,false,false
14,-41,Growth_Arrest,false,false,false
44,8,Proliferation,true,false,true
9,-45,Proliferation,true,true,true
-26,-18,Growth_Arrest,false,false,false
-18,1,Growth_Arrest,false,false,false
-35,-23,Proliferation,true,false,false
24,36,Proliferation,true,true,false
40,11,Proliferation,true,true,true
-37,-6,Proliferation,true,false,false
-13,-27,Growth_Arrest,false,true,true
-11,4,Proliferation,true,true,false
-14,24,Growth_Arrest,false,true,false
-23,30,Growth_Arrest,false,true,false
25,-5,Proliferation,true,true,true
8,-30,Proliferation,true,true,false
11,-40,Proliferation,true,false,false
-28,-15,Proliferation,true,false,false
16,22,Proliferation,true,false,true
-8,-10,Proliferation,true,true,true
5,-4,Proliferation,true,false,true
27,-6,Proliferation,true,true,true
25,-44,Proliferation,true,true,true
-37,-20,Proliferation,true,false,false
-23,-5,Proliferation,true,true,true
37,16,Growth_Arrest,false,true,false
-41,-27,Proliferation,true,true,true
-18,-36,Proliferation,true,false,false
16,7,Growth_Arrest,false,false,true
45,-19,Proliferation,true,false,false
19,-20,Proliferation,true,true,false
-1,-41,Proliferation,true,true,false
33,12,Growth_Arrest,false,true,true
9,-47,Proliferation,true,false,false
15,42,Growth_Arrest,false,true,true
-15,-38,Growth_Arrest,false,false,false
-36,-4,Proliferation,true,false,false
-37,-30,Proliferation,true,false,true
2,-45,Growth_Arrest,false,true,true
-12,-19,Proliferation,true,true,true
9,-46,Proliferation,true,false,false
-14,35,Growth_Arrest,false,true,true
-48,-5,Growth_Arrest,false,true,false
8,-8,Proliferation,true,true,false
28,-20,Proliferation,true,false,false
-35,-27,Proliferation,true,false,true
8,10,Proliferation,true,true,false
42,20,Growth_Arrest,false,false,true
41,-15,Proliferation,true,false,false
-36,-3,Proliferation,true,false,true
-22,-39,Growth_Arrest,false,true,false
2,44,Growth_Arrest,false,true,false
28,27,Proliferation,true,true,true
-15,-24,Proliferation,true,false,true
3,18,Proliferation,true,false,false
21,28,Proliferation,true,true,true
32,22,Growth_Arrest,false,false,false
-43,-7,Proliferation,true,true,true
12,-32,Proliferation,true,false,true
15,-16,Proliferation,true,false,false
10,34,Proliferation,true,false,false
-8,-35,Proliferation,true,false,false
-24,15,Proliferation,true,true,false
18,-23,Growth_Arrest,false,true,false
-13,42,Proliferation,true,true,false
-23,24,Proliferation,true,false,true
0,-30,Proliferation,true,true,false
-8,-1,Proliferation,true,false,true
-34,-16,Growth_Arrest,false,false,true
15,13,Proliferation,true,true,true
-3,-50,Proliferation,true,true,false
37,-12,Proliferation,true,false,true
-25,5,Proliferation,true,true,false
1,-20,Proliferation,true,false,false
-29,18,Growth_Arrest,false,true,true
23,-15,Proliferation,true,true,true
7,-50,Proliferation,true,true,true
-19,9,Growth_Arrest,false,false,true
3,-34,Proliferation,true,false,true
35,-13,Proliferation,true,true,false
15,-39,Proliferation,true,true,false
-14,31,Proliferation,true,true,false
-32,25,Proliferation,true,true,true
30,12,Proliferation,true,true,false
-19,-8,Proliferation,true,false,false
31,-20,Proliferation,true,true,true
24,-1,Proliferation,true,true,true
-42,-8,Proliferation,true,true,false
3,-31,Proliferation,true,false,true
29,34,Proliferation,true,true,true
26,-38,Proliferation,true,false,false
4,49,Growth_Arrest,false,true,true
-46,1,Proliferation,true,false,true
43,3,Proliferation,true,false,false
-30,31,Proliferation,true,false,true
-11,15,Proliferation,true,false,false
17,-17,Proliferation,true,true,false
-12,38,Proliferation,true,false,true
18,9,Proliferation,true,true,false
-15,-32,Growth_Arrest,false,true,true
11,-34,Proliferation,true,false,false
-19,-11,Proliferation,true,true,true
10,-25,Growth_Arrest,false,true,false
-45,-6,Proliferation,true,true,false
17,-19,Proliferation,true,true,false
21,-16,Proliferation,true,false,true
7,-44,Proliferation,true,true,true
14,-2,Growth_Arrest,false,true,false
22,28,Growth_Arrest,false,true,false
-47,2,Proliferation,true,true,true
3,6,Proliferation,true,true,false
-25,-10,Proliferation,true,true,true
30,25,Proliferation,true,true,true
37,9,Growth_Arrest,false,true,false
11,20,Proliferation,true,true,true
19,29,Proliferation,true,false,false
11,-45,Proliferation,true,true,true
-8,-49,Growth_Arrest,false,false,false
15,23,Growth_Arrest,false,true,true
-43,-8,Growth_Arrest,false,false,true
-6,13,Proliferation,true,true,false
-15,25,Proliferation,true,true,false
32,-21,Proliferation,true,false,true
0,-27,Proliferation,true,false,false
22,-29,Proliferation,true,true,false
-35,-34,Proliferation,true,true,false
3,15,Proliferation,true,false,false
23,22,Proliferation,true,true,true
-35,3,Proliferation,true,false,false
0,41,Proliferation,true,false,false
48,11,Growth_Arrest,false,true,false
10,36,Proliferation,true,false,true
-25,22,Growth_Arrest,false,false,false
-26,-26,Proliferation,true,false,true
-39,-28,Proliferation,true,false,true
-12,42,Growth_Arrest,false,true,false
12,-38,Proliferation,true,true,false
27,34,Proliferation,true,false,false
1,-30,Proliferation,true,false,true
-4,-15,Proliferation,true,true,false
-15,-47,Proliferation,true,false,false
-23,-8,Growth_Arrest,false,false,true
26,-19,Proliferation,true,false,false
-18,26,Proliferation,true,false,false
-28,12,Proliferation,true,true,true
-14,13,Growth_Arrest,false,true,false
6,-19,Proliferation,true,false,false
10,15,Growth_Arrest,false,false,false
-40,14,Proliferation,true,true,false
-24,13,Proliferation,true,true,true
18,13,Proliferation,true,false,false
15,10,Proliferation,true,false,true
-27,-14,Proliferation,true,true,false
31,15,Growth_Arrest,false,true,true
1,-13,Proliferation,true,true,false
-29,-32,Proliferation,true,true,false
-39,-14,Proliferation,true,false,false
10,-12,Proliferation,true,true,true
25,35,Proliferation,true,true,false
14,-7,Growth_Arrest,false,false,false
4,-14,Growth_Arrest,false,false,true
32,-25,Growth_Arrest,false,true,false
-4,38,Proliferation,true,true,true
-7,34,Growth_Arrest,false,false,true
-1,44,Growth_Arrest,false,true,true
-2,-43,Growth_Arrest,false,false,false
-30,-40,Growth_Arrest,false,true,true
-1,43,Proliferation,true,true,false
-8,-27,Proliferation,true,false,true
25,-31,Proliferation,true,true,true
21,-45,Proliferation,true,false,true
23,-7,Growth_Arrest,false,true,false
1,46,Growth_Arrest,false,false,false
-40,-10,Growth_Arrest,false,false,false
-10,16,Growth_Arrest,false,false,true
-14,-24,Growth_Arrest,false,false,false
29,-27,Growth_Arrest,false,false,true
-15,5,Proliferation,true,true,false
41,-19,Proliferation,true,false,true
-8,37,Growth_Arrest,false,false,true
-25,14,Proliferation,true,false,false
-34,-32,Proliferation,true,true,true
2,12,Proliferation,true,false,true
5,26,Growth_Arrest,false,true,true
-2,3,Growth_Arrest,false,true,true
-42,13,Growth_Arrest,false,true,true
13,-19,Proliferation,true,true,true
28,-22,Proliferation,true,false,false
0,-11,Growth_Arrest,false,false,true
-12,-34,Growth_Arrest,false,false,false
39,8,Proliferation,true,true,true
-1,22,Proliferation,true,true,false
6,24,Growth_Arrest,false,false,true
42,-2,Proliferation,true,false,true
-26,4,Proliferation,true,false,true
2,37,Proliferation,true,false,true
-4,27,Proliferation,true,false,true
-23,44,Growth_Arrest,false,false,false
17,21,Proliferation,true,false,false
1,-25,Proliferation,true,true,true
-10,17,Growth_Arrest,false,true,false
8,-46,Proliferation,true,false,true
31,-39,Growth_Arrest,false,true,true
-36,2,Growth_Arrest,false,true,false
-12,-22,Growth_Arrest,false,false,false
0,-44,Growth_Arrest,false,true,true
42,18,Proliferation,true,false,false
-26,41,Growth_Arrest,false,true,true
-5,-19,Proliferation,true,true,false
-4,-39,Proliferation,true,false,false
-15,26,Proliferation,true,true,false
22,5,Proliferation,true,true,false
-5,-16,Growth_Arrest,false,true,false
-18,-44,Proliferation,true,true,false
-4,-1,Proliferation,true,true,false
6,18,Growth_Arrest,false,false,true
7,-1,Growth_Arrest,false,true,true
0,2,Proliferation,true,false,true
4,-30,Growth_Arrest,false,false,true
27,-2,Proliferation,true,true,true
21,12,Proliferation,true,false,true
41,-20,Proliferation,true,false,false
12,24,Growth_Arrest,false,false,false
22,4,Proliferation,true,false,true
9,21,Proliferation,true,false,true
14,-48,Growth_Arrest,false,false,true
-26,11,Proliferation,true,true,true
30,-9,Proliferation,true,false,false
-34,-25,Proliferation,true,true,true
29,-17,Proliferation,true,true,false
16,41,Growth_Arrest,false,true,false
2,-48,Proliferation,true,true,true
-18,0,Growth_Arrest,false,false,false
18,29,Proliferation,true,true,true
21,-18,Growth_Arrest,false,false,false
-9,36,Growth_Arrest,false,false,true
39,14,Proliferation,true,true,false
-20,-6,Growth_Arrest,false,true,false
20,23,Growth_Arrest,false,true,false
-5,-38,Growth_Arrest,false,false,true
-23,-14,Proliferation,true,true,false
-23,36,Proliferation,true,true,false
-38,4,Growth_Arrest,false,false,false
8,-33,Proliferation,true,true,true
19,34,Growth_Arrest,false,false,true
-38,32,Proliferation,true,false,true
22,-11,Growth_Arrest,false,false,false
28,29,Proliferation,true,false,false
2,34,Proliferation,true,false,true
-11,-35,Growth_Arrest,false,false,true
-17,-6,Proliferation,true,true,true
-11,1,Growth_Arrest,false,false,true
22,29,Proliferation,true,false,true
-10,8,Proliferation,true,false,false
3,43,Proliferation,true,true,false
24,40,Proliferation,true,false,false
-1,33,Growth_Arrest,false,true,true
-36,-33,Proliferation,true,false,false
-15,-6,Growth_Arrest,false,false,false
7,17,Growth_Arrest,false,true,true
4,-16,Proliferation,true,true,false
38,32,Growth_Arrest,false,true,true
25,-32,Proliferation,true,false,false
5,39,Proliferation,true,true,true
36,34,Proliferation,true,false,true
17,-31,Proliferation,true,true,false
-4,37,Proliferation,true,false,false
-46,10,Growth_Arrest,false,false,false
-42,-24,Growth_Arrest,false,true,false
-6,49,Proliferation,true,true,true
-2,-1,Growth_Arrest,false,false,true
-8,12,Proliferation,true,false,true
41,-26,Growth_Arrest,false,false,true
-16,-19,Growth_Arrest,false,true,false
5,15,Growth_Arrest,false,true,true
-7,-9,Proliferation,true,false,false
45,11,Growth_Arrest,false,true,true
8,-36,Growth_Arrest,false,true,true
-13,3,Growth_Arrest,false,false,false
12,-47,Proliferation,true,true,false
33,-2,Growth_Arrest,false,true,true
-13,31,Growth_Arrest,false,false,true
8,38,Proliferation,true,true,false
-40,-3,Growth_Arrest,false,false,false
43,-15,Proliferation,true,false,false
6,-17,Growth_Arrest,false,true,true
-3,7,Proliferation,true,false,true
4,12,Proliferation,true,true,true
-10,-45,Proliferation,true,true,false
-6,48,Growth_Arrest,false,true,false
21,45,Growth_Arrest,false,false,true
-17,17,Growth_Arrest,false,true,true
34,8,Growth_Arrest,false,false,false
-45,1,Growth_Arrest,false,false,false
-38,5,Proliferation,true,true,true
14,-40,Proliferation,true,false,true
-43,7,Growth_Arrest,false,true,true
6,-16,Growth_Arrest,false,true,false
-23,40,Growth_Arrest,false,false,true
12,2,Proliferation,true,false,false
-33,-5,Proliferation,true,false,false
39,24,Proliferation,true,false,true
-2,-20,Growth_Arrest,false,true,false
5,14,Proliferation,true,true,false
-17,-19,Growth_Arrest,false,false,false
-3,0,Proliferation,true,false,false
24,-29,Proliferation,true,true,false
7,-19,Proliferation,true,true,false
-42,-16,Growth_Arrest,false,true,true
-25,-11,Growth_Arrest,false,false,true
-32,-9,Growth_Arrest,false,true,false
14,19,Proliferation,true,false,false
-41,-12,Growth_Arrest,false,true,false
-23,18,Proliferation,true,true,false
17,-44,Proliferation,true,true,true
28,-31,Proliferation,true,false,true
-5,-33,Growth_Arrest,false,false,false
35,7,Proliferation,true,true,true
2,-1,Proliferation,true,false,false
-39,8,Proliferation,true,false,false
-12,15,Proliferation,true,true,true
3,8,Growth_Arrest,false,true,true
37,33,Growth_Arrest,false,false,false
-29,19,Proliferation,true,false,true
-9,-31,Proliferation,true,true,false
19,36,Proliferation,true,false,false
3,31,Proliferation,true,false,false
27,20,Proliferation,true,true,true
47,11,Growth_Arrest,false,false,false
30,-21,Proliferation,true,false,true
11,-25,Proliferation,true,false,true
19,2,Proliferation,true,false,true
8,-18,Growth_Arrest,false,true,false
-49,-4,Proliferation,true,true,true
-32,-19,Proliferation,true,false,false
18,1,Proliferation,true,false,false
35,-4,Growth_Arrest,false,true,false
38,24,Proliferation,true,false,true
24,-25,Proliferation,true,true,true
-18,7,Proliferation,true,true,true
10,7,Proliferation,true,true,false
18,40,Growth_Arrest,false,true,true
-1,-42,Proliferation,true,false,true
-38,-15,Proliferation,true,false,true
33,-4,Proliferation,true,true,true
15,-6,Proliferation,true,true,false
35,-24,Proliferation,true,false,true
18,0,Proliferation,true,true,true
8,45,Proliferation,true,true,false
28,0,Proliferation,true,false,true
36,14,Growth_Arrest,false,false,false
-20,-12,Proliferation,true,true,false
-47,16,Growth_Arrest,false,false,true
20,37,Proliferation,true,false,false
-27,-16,Proliferation,true,false,true
-24,-15,Proliferation,true,true,true
10,31,Proliferation,true,false,true
-22,-19,Proliferation,true,false,true
-38,13,Proliferation,true,true,false
42,-24,Proliferation,true,false,true
-25,32,Growth_Arrest,false,false,true
9,-27,Proliferation,true,true,true
8,46,Proliferation,true,false,true
23,23,Proliferation,true,true,false
-2,-34,Proliferation,true,true,false
15,-47,Growth_Arrest,false,true,true
-6,18,Proliferation,true,true,true
11,-37,Growth_Arrest,false,false,false
-16,24,Proliferation,true,true,false
-13,26,Growth_Arrest,false,true,false
-1,-47,Growth_Arrest,false,true,true
-13,18,Proliferation,true,true,true
-18,-4,Proliferation,true,false,false
21,-38,Proliferation,true,false,false
-1,46,Proliferation,true,true,true
-26,0,Proliferation,true,false,true
-21,31,Growth_Arrest,false,true,false
-33,12,Growth_Arrest,false,false,false
-34,20,Proliferation,true,true,false
25,38,Proliferation,true,false,true
-38,-26,Growth_Arrest,false,true,false
-10,-37,Proliferation,true,true,false
-45,9,Proliferation,true,true,false
-10,-25,Proliferation,true,false,false
11,-14,Growth_Arrest,false,true,false
-32,-32,Proliferation,true,false,true
8,-31,Growth_Arrest,false,false,false
13,-37,Growth_Arrest,false,false,true
-8,-32,Growth_Arrest,false,true,false
10,-10,Growth_Arrest,false,true,false
43,19,Growth_Arrest,false,true,false
13,-27,Proliferation,true,true,true
14,16,Proliferation,true,false,false
1,-42,Proliferation,true,false,false
22,37,Proliferation,true,true,true
20,39,Proliferation,true,true,true
47,-1,Proliferation,true,true,false
-14,9,Growth_Arrest,false,false,true
-50,3,Proliferation,true,false,true
-31,-28,Growth_Arrest,false,true,false
48,13,Proliferation,true,true,true
-23,-24,Proliferation,true,true,true
-20,-27,Proliferation,true,true,true
-22,-35,Proliferation,true,true,true
-31,18,Growth_Arrest,false,false,false
32,-30,Growth_Arrest,false,false,false
17,1,Proliferation,true,false,false
-37,-11,Proliferation,true,false,true
7,40,Growth_Arrest,false,false,true
45,-21,Proliferation,true,false,true
-15,22,Proliferation,true,true,true
-37,30,Proliferation,true,false,true
-5,28,Proliferation,true,false,true
-2,-27,Proliferation,true,true,true
18,37,Proliferation,true,false,false
-35,6,Growth_Arrest,false,false,true
40,22,Growth_Arrest,false,true,false
-32,15,Growth_Arrest,false,true,true
-18,18,Growth_Arrest,false,false,true
14,-43,Proliferation,true,false,false
25,-15,Growth_Arrest,false,true,true
-43,-10,Proliferation,true,false,true
27,-42,Proliferation,true,true,false
-44,18,Proliferation,true,false,true
-17,-27,Proliferation,true,true,true
22,-5,Proliferation,true,true,true
-15,7,Proliferation,true,false,true
27,-38,Proliferation,true,true,false
29,39,Proliferation,true,true,false
6,-44,Proliferation,true,false,true
14,29,Proliferation,true,false,true
-49,-3,Proliferation,true,false,false
-20,32,Proliferation,true,true,true
-46,-8,Growth_Arrest,false,true,true
20,11,Growth_Arrest,false,false,true
31,18,Growth_Arrest,false,true,true
-25,-8,Proliferation,true,false,false
-18,-6,Growth_Arrest,false,true,true
22,-34,Proliferation,true,true,true
2,-18,Proliferation,true,true,true
34,-15,Proliferation,true,true,false
-37,15,Growth_Arrest,false,false,false
-47,4,Proliferation,true,false,false
-22,44,Proliferation,true,false,true
5,-37,Proliferation,true,false,false
-23,19,Proliferation,true,true,true
5,16,Proliferation,true,true,false
-8,39,Proliferation,true,false,true
33,30,Proliferation,true,true,true
-1,13,Growth_Arrest,false,true,false
-37,11,Proliferation,true,true,true
-4,-3,Growth_Arrest,false,true,false
-15,46,Growth_Arrest,false,false,true
-28,10,Proliferation,true,true,true
-9,-25,Proliferation,true,false,true
-44,10,Growth_Arrest,false,true,true
48,-2,Proliferation,true,false,false
-32,-4,Proliferation,true,true,false
-44,6,Proliferation,true,true,false
-5,-36,Proliferation,true,true,true
1,43,Growth_Arrest,false,false,true
-10,-38,Proliferation,true,true,false
33,-30,Growth_Arrest,false,true,true
-5,7,Proliferation,true,true,false
17,10,Growth_Arrest,false,true,false
-21,-45,Growth_Arrest,false,false,true
-8,18,Proliferation,true,false,false
42,-12,Proliferation,true,false,true
-5,-5,Growth_Arrest,false,true,false
12,-46,Proliferation,true,false,true
32,16,Proliferation,true,true,false
-33,24,Proliferation,true,true,true
26,30,Proliferation,true,true,true
0,25,Proliferation,true,true,false
4,11,Growth_Arrest,false,true,true
23,-44,Proliferation,true,true,true
-15,23,Growth_Arrest,false,true,true
15,-19,Proliferation,true,false,false
-4,20,Proliferation,true,false,false
30,39,Proliferation,true,false,false
30,30,Proliferation,true,true,true
2,46,Proliferation,true,false,false
39,9,Growth_Arrest,false,false,true
26,-41,Proliferation,true,true,false
39,-19,Proliferation,true,true,false
-43,-21,Growth_Arrest,false,true,false
5,-2,Proliferation,true,false,true
37,17,Proliferation,true,false,false
49,-2,Growth_Arrest,false,true,true
21,-27,Proliferation,true,false,true
-8,-47,Proliferation,true,false,true
9,-11,Growth_Arrest,false,true,false
20,30,Proliferation,true,false,false
-30,-36,Growth_Arrest,false,true,true
24,25,Proliferation,true,false,true
16,26,Proliferation,true,true,true
20,-27,Proliferation,true,true,true
-2,-39,Proliferation,true,false,true
7,-7,Growth_Arrest,false,true,false
-9,-1,Proliferation,true,false,true
-23,15,Proliferation,true,false,true
-29,-30,Growth_Arrest,false,true,true
-17,-3,Proliferation,true,false,false
-25,-13,Proliferation,true,false,false
-12,17,Growth_Arrest,false,true,true
24,28,Proliferation,true,false,true
-26,16,Growth_Arrest,false,false,true
36,6,Proliferation,true,false,true
-23,-15,Growth_Arrest,false,false,true
-9,-39,Proliferation,true,true,false
-25,35,Growth_Arrest,false,true,false
16,35,Proliferation,true,false,true
41,-21,Proliferation,true,true,false
-38,-6,Proliferation,true,false,true
-9,-35,Proliferation,true,false,false
-10,-46,Proliferation,true,false,false
-2,-31,Growth_Arrest,false,true,true
20,15,Growth_Arrest,false,true,false
43,-4,Proliferation,true,true,false
42,-19,Proliferation,true,true,false
-19,43,Proliferation,true,false,false
5,-14,Growth_Arrest,false,false,false
-5,-40,Growth_Arrest,false,false,true
-16,26,Proliferation,true,true,false
44,17,Proliferation,true,true,false
31,-9,Growth_Arrest,false,false,true
26,31,Growth_Arrest,false,true,false
31,4,Proliferation,true,true,true
-37,5,Proliferation,true,true,true
-28,8,Proliferation,true,false,false
-6,38,Proliferation,true,true,true
1,-47,Proliferation,true,false,true
32,-1,Proliferation,true,true,false
-22,-11,Proliferation,true,false,true
-11,37,Proliferation,true,false,false
-27,40,Proliferation,true,false,true
9,33,Growth_Arrest,false,false,true
-4,22,Growth_Arrest,false,true,true
-48,9,Proliferation,true,true,false
-7,-40,Proliferation,true,true,true
-38,-14,Growth_Arrest,false,true,true
-19,39,Proliferation,true,false,false
4,30,Growth_Arrest,false,true,true
-38,17,Proliferation,true,false,false
30,-4,Growth_Arrest,false,false,true
-29,6,Proliferation,true,true,false
-23,-37,Growth_Arrest,false,false,false
1,2,Proliferation,true,false,true
-16,18,Proliferation,true,true,false
-8,-21,Proliferation,true,true,false
23,6,Proliferation,true,true,true
-5,-22,Growth_Arrest,false,false,true
-38,21,Growth_Arrest,false,false,false
18,12,Proliferation,true,true,true
-34,-31,Growth_Arrest,false,true,false
-7,29,Growth_Arrest,false,true,false
-44,11,Proliferation,true,false,true
-28,-25,Proliferation,true,true,false
18,11,Growth_Arrest,false,true,false
22,39,Growth_Arrest,false,true,true
25,-24,Proliferation,true,true,false
46,-2,Proliferation,true,false,true
-24,9,Proliferation,true,false,false
-37,-2,Proliferation,true,false,false
0,20,Proliferation,true,true,false
13,2,Proliferation,true,true,true
-25,-15,Proliferation,true,true,false
-8,-3,Proliferation,true,false,false
-9,-41,Proliferation,true,true,true
26,-13,Proliferation,true,true,false
17,-9,Proliferation,true,false,true
-6,22,Proliferation,true,true,false
9,-28,Growth_Arrest,false,true,false
-10,29,Proliferation,true,false,true
35,6,Proliferation,true,true,true
-8,38,Proliferation,true,true,false
-20,-30,Growth_Arrest,false,false,true
2,-27,Growth_Arrest,false,false,true
11,-2,Growth_Arrest,false,false,false
18,3,Growth_Arrest,false,false,true
-16,-18,Proliferation,true,false,true
39,6,Proliferation,true,true,true
44,3,Proliferation,true,false,false
-48,-3,Proliferation,true,false,false
-13,-20,Growth_Arrest,false,true,false
-36,-16,Proliferation,true,false,false
-7,-6,Growth_Arrest,false,false,false
-1,-32,Proliferation,true,true,true
4,18,Proliferation,true,false,false
-35,-2,Proliferation,true,true,true
-12,-31,Proliferation,true,false,false
4,-38,Proliferation,true,true,false
-43,-14,Proliferation,true,false,false
19,-15,Growth_Arrest,false,false,false
-7,4,Growth_Arrest,false,true,true
41,-28,Proliferation,true,true,true
29,-10,Growth_Arrest,false,true,false
-42,5,Proliferation,true,false,true
10,16,Proliferation,true,true,true
-22,-1,Growth_Arrest,false,false,false
2,-13,Proliferation,true,true,false
30,-18,Proliferation,true,false,true
38,-27,Growth_Arrest,false,true,false
-49,6,Proliferation,true,true,false
-16,-40,Growth_Arrest,false,true,true
16,0,Growth_Arrest,false,true,false
-13,-48,Growth_Arrest,false,true,true
6,0,Proliferation,true,true,false
-10,-17,Growth_Arrest,false,false,true
-16,-21,Growth_Arrest,false,false,true
-14,-15,Proliferation,true,false,true
23,41,Growth_Arrest,false,true,true
-48,15,Proliferation,true,true,true
40,27,Growth_Arrest,false,false,false
-30,21,Proliferation,true,false,false
-13,-9,Proliferation,true,false,true
-36,9,Proliferation,true,true,false
14,41,Growth_Arrest,false,false,false
23,-31,Proliferation,true,true,true
12,12,Growth_Arrest,false,false,false
-9,3,Proliferation,true,true,false
16,-38,Proliferation,true,true,false
48,-11,Growth_Arrest,false,false,false
-19,-3,Growth_Arrest,false,true,false
-3,18,Proliferation,true,true,false
12,18,Proliferation,true,false,false
24,-14,Proliferation,true,true,false
-16,40,Growth_Arrest,false,false,true
-3,8,Proliferation,true,false,true
39,10,Growth_Arrest,false,false,false
-21,6,Proliferation,true,true,true
-31,-17,Proliferation,true,true,true
8,-42,Proliferation,true,false,false
11,2,Growth_Arrest,false,false,false
-38,-33,Proliferation,true,true,true
0,24,Proliferation,true,true,true
30,37,Proliferation,true,true,true
20,44,Growth_Arrest,false,true,false
36,27,Growth_Arrest,false,true,true
-23,32,Growth_Arrest,false,false,true
-1,-22,Growth_Arrest,false,true,false
-21,-1,Proliferation,true,false,false
-40,-2,Proliferation,true,false,false
-36,-23,Growth_Arrest,false,false,true
15,-26,Proliferation,true,true,true
43,-23,Proliferation,true,false,false
-14,20,Proliferation,true,false,false
-7,-26,Proliferation,true,true,true
-41,-13,Proliferation,true,false,false
32,-7,Growth_Arrest,false,false,true
0,26,Proliferation,true,false,false
-9,0,Growth_Arrest,false,false,false
-2,-30,Growth_Arrest,false,true,true
-39,-29,Proliferation,true,false,false
-2,25,Growth_Arrest,false,true,true
21,34,Proliferation,true,true,true
-26,42,Proliferation,true,true,false
1,-2,Proliferation,true,true,false
11,-42,Growth_Arrest,false,true,false
-24,25,Growth_Arrest,false,false,false
42,-15,Growth_Arrest,false,false,false
-1,-17,Proliferation,true,true,false
-27,30,Growth_Arrest,false,true,false
9,-14,Proliferation,true,true,true
-4,-5,Growth_Arrest,false,false,false
0,-2,Proliferation,true,false,true
3,32,Growth_Arrest,false,false,false
-12,-40,Proliferation,true,true,false
3,45,Growth_Arrest,false,true,false
3,-44,Proliferation,true,false,false
-13,-16,Proliferation,true,true,false
-28,-13,Proliferation,true,true,false
-24,-9,Growth_Arrest,false,true,false
33,-9,Proliferation,true,false,false
12,-9,Growth_Arrest,false,true,true
29,8,Growth_Arrest,false,true,false
-12,31,Proliferation,true,false,false
-16,-42,Proliferation,true,false,true
18,-36,Growth_Arrest,false,false,false
36,-24,Proliferation,true,false,false
16,4,Proliferation,true,false,false
-17,1,Proliferation,true,true,false
18,2,Proliferation,true,false,true
-36,24,Growth_Arrest,false,true,false
-4,31,Proliferation,true,true,false
13,9,Growth_Arrest,false,false,false
37,-2,Proliferation,true,false,false
3,2,Proliferation,true,false,true
24,-6,Proliferation,true,false,false
-18,3,Growth_Arrest,false,false,false
12,-45,Proliferation,true,true,true
37,-30,Growth_Arrest,false,true,true
-39,-12,Proliferation,true,true,false
-24,36,Growth_Arrest,false,false,false
-24,-3,Proliferation,true,true,true
-12,35,Proliferation,true,false,true
-48,-1,Proliferation,true,false,true
21,-26,Proliferation,true,true,true
-4,-13,Growth_Arrest,false,false,true
-14,25,Proliferation,true,false,false
14,0,Growth_Arrest,false,false,true
8,-9,Proliferation,true,true,false
39,17,Proliferation,true,true,false
-22,-22,Proliferation,true,false,false
12,46,Proliferation,true,true,true
5,-28,Proliferation,true,false,true
21,8,Proliferation,true,false,true
-48,7,Proliferation,true,true,false
41,3,Proliferation,true,false,false
1,39,Growth_Arrest,false,true,true
-11,-30,Proliferation,true,true,true
9,-24,Proliferation,true,true,false
-10,-1,Proliferation,true,true,true
-30,12,Proliferation,true,false,false
-42,21,Growth_Arrest,false,true,false
17,13,Proliferation,true,false,false
-21,15,Proliferation,true,false,false
-25,43,Proliferation,true,true,false
-24,-29,Growth_Arrest,false,true,true
14,26,Proliferation,true,true,true
-11,27,Growth_Arrest,false,false,true
-32,0,Proliferation,true,true,true
12,25,Growth_Arrest,false,true,false
-34,33,Proliferation,true,true,true
-17,37,Proliferation,true,false,false
23,-43,Growth_Arrest,false,true,true
12,14,Growth_Arrest,false,true,false
29,2,Proliferation,true,true,false
16,34,Proliferation,true,true,true
35,31,Growth_Arrest,false,false,true
-30,30,Proliferation,true,true,true
-1,40,Proliferation,true,true,true
34,27,Proliferation,true,false,false
29,-2,Proliferation,true,true,true
-38,-27,Proliferation,true,false,true
-14,-21,Proliferation,true,true,true
3,-37,Proliferation,true,true,false
16,17,Proliferation,true,false,true
-44,-10,Growth_Arrest,false,false,true
11,-12,Proliferation,true,false,true
18,-11,Growth_Arrest,false,false,true
26,32,Growth_Arrest,false,false,true
-4,-44,Proliferation,true,false,false
9,37,Proliferation,true,true,true
-13,-22,Proliferation,true,false,false
-21,-31,Proliferation,true,true,false
-7,-4,Proliferation,true,false,false
-36,10,Growth_Arrest,false,true,true
22,32,Proliferation,true,false,false
-16,-16,Proliferation,true,true,false
-30,-4,Proliferation,true,true,false
-35,-5,Proliferation,true,true,true
-3,5,Growth_Arrest,false,true,true
22,33,Proliferation,true,false,false
0,-28,Growth_Arrest,false,true,false
12,-27,Proliferation,true,false,true
44,20,Growth_Arrest,false,false,true
42,21,Growth_Arrest,false,true,false
-34,-35,Growth_Arrest,false,false,true
-37,-24,Proliferation,true,true,false
-21,-22,Growth_Arrest,false,false,true
-4,14,Proliferation,true,true,true
18,-6,Proliferation,true,false,true
-4,26,Proliferation,true,true,true
40,10,Proliferation,true,false,false
25,12,Growth_Arrest,false,true,true
11,1,Growth_Arrest,false,true,false
2,25,Proliferation,true,true,true
28,15,Proliferation,true,false,false
-22,-28,Growth_Arrest,false,true,true
36,-9,Proliferation,true,false,false
4,-41,Proliferation,true,false,false
22,2,Growth_Arrest,false,true,false
8,21,Growth_Arrest,false,true,false
1,-32,Proliferation,true,true,true
-3,21,Proliferation,true,true,false
27,13,Proliferation,true,false,false
-23,26,Growth_Arrest,false,true,true
32,-28,Growth_Arrest,false,false,true
18,46,Proliferation,true,true,false
30,9,Proliferation,true,false,true
-23,-43,Proliferation,true,false,false
-3,20,Growth_Arrest,false,true,true
7,-21,Proliferation,true,false,true
-26,25,Growth_Arrest,false,false,true
11,-38,Growth_Arrest,false,true,true
18,28,Proliferation,true,true,true
-7,19,Growth_Arrest,false,true,false
14,-17,Growth_Arrest,false,true,false
-2,-28,Proliferation,true,true,false
0,-31,Growth_Arrest,false,true,true
-42,-15,Growth_Arrest,false,false,false
24,16,Proliferation,true,true,false
8,-37,Growth_Arrest,false,false,false
-2,-13,Proliferation,true,false,false
27,-27,Proliferation,true,true,true
19,-9,Proliferation,true,false,true
0,-21,Proliferation,true,true,false
-19,42,Proliferation,true,true,false
-9,-30,Proliferation,true,true,true
33,13,Proliferation,true,true,false
31,-1,Proliferation,true,false,true
46,14,Proliferation,true,false,true
20,17,Growth_Arrest,false,false,true
12,28,Proliferation,true,true,false
32,-16,Growth_Arrest,false,false,false
5,-45,Proliferation,true,false,false
35,8,Proliferation,true,false,false
-6,21,Proliferation,true,true,false
1,40,Growth_Arrest,false,false,false
35,18,Proliferation,true,false,true
-6,-6,Growth_Arrest,false,true,true
-38,-9,Proliferation,true,true,true
-34,5,Proliferation,true,false,false
-23,-18,Proliferation,true,false,false
8,-3,Growth_Arrest,false,false,false
20,-42,Proliferation,true,true,false
7,47,Proliferation,true,false,false
7,-39,Growth_Arrest,false,true,false
22,-33,Growth_Arrest,false,false,false
40,-24,Proliferation,true,true,false
25,25,Growth_Arrest,false,true,true
-18,-28,Proliferation,true,false,false
6,-50,Growth_Arrest,false,true,true
21,0,Proliferation,true,true,false
25,-4,Proliferation,true,true,false
-29,21,Proliferation,true,true,false
6,-18,Proliferation,true,false,false
-18,10,Proliferation,true,false,true
27,-31,Proliferation,true,true,true
-39,0,Proliferation,true,false,true
8,40,Growth_Arrest,false,false,false
-41,-21,Proliferation,true,false,false
0,4,Proliferation,true,false,false
10,-31,Proliferation,true,true,true
-20,35,Proliferation,true,false,false
-24,-13,Growth_Arrest,false,true,false
-7,15,Growth_Arrest,false,true,false
17,-1,Proliferation,true,true,false
24,14,Growth_Arrest,false,false,false
-22,5,Proliferation,true,true,false
47,9,Proliferation,true,false,true
11,-6,Proliferation,true,true,false
23,-29,Growth_Arrest,false,true,false
20,27,Proliferation,true,false,false
-11,-9,Proliferation,true,false,true
9,-42,Proliferation,true,true,false
-23,-22,Proliferation,true,true,false
-2,-45,Proliferation,true,true,false
26,-33,Proliferation,true,true,false
-50,-3,Proliferation,true,true,false
21,5,Growth_Arrest,false,false,false
14,7,Proliferation,true,true,true
41,23,Proliferation,true,false,false
11,37,Growth_Arrest,false,false,true
13,48,Proliferation,true,true,true
30,-31,Proliferation,true,false,true
-21,-17,Proliferation,true,true,false
-10,30,Proliferation,true,false,false
15,15,Proliferation,true,false,false
3,3,Proliferation,true,false,false
16,44,Growth_Arrest,false,false,false
-2,9,Proliferation,true,true,false
-1,25,Growth_Arrest,false,true,false
-44,-15,Proliferation,true,true,true
31,22,Proliferation,true,true,true
24,7,Proliferation,true,true,false
16,-40,Proliferation,true,true,true
10,-15,Growth_Arrest,false,true,false
36,-2,Proliferation,true,true,false
-24,30,Proliferation,true,false,false
-9,12,Proliferation,true,true,true
1,32,Proliferation,true,true,true
47,-11,Proliferation,true,false,true
-31,21,Growth_Arrest,false,false,true
-23,-12,Growth_Arrest,false,false,false
-42,-2,Growth_Arrest,false,true,true
27,-23,Growth_Arrest,false,true,true
0,-48,Proliferation,true,false,true
0,-15,Proliferation,true,true,true
48,4,Proliferation,true,true,false
31,-38,Proliferation,true,false,true
-15,-35,Growth_Arrest,false,true,false
-25,-12,Growth_Arrest,false,false,true
-7,-45,Proliferation,true,false,false
-13,9,Proliferation,true,false,true
20,38,Proliferation,true,false,true
-13,-36,Proliferation,true,true,false
38,-17,Proliferation,true,true,false
-19,30,Proliferation,true,false,true
28,-18,Proliferation,true,false,false
-19,7,Proliferation,true,true,false
-17,26,Proliferation,true,false,true
-9,-13,Proliferation,true,false,false
-29,7,Proliferation,true,true,false
-12,-43,Growth_Arrest,false,false,true
-31,-13,Proliferation,true,true,false
-31,-34,Proliferation,true,true,false
22,22,Growth_Arrest,false,true,false
1,3,Growth_Arrest,false,true,true
37,-16,Growth_Arrest,false,false,false
29,-3,Proliferation,true,false,true
-43,-20,Proliferation,true,false,true
-45,17,Growth_Arrest,false,true,true
30,11,Growth_Arrest,false,false,true
-42,3,Proliferation,true,false,true
-17,-24,Proliferation,true,true,true
-31,-32,Proliferation,true,false,true
-9,-2,Proliferation,true,true,true
1,-38,Proliferation,true,true,true
-11,-16,Growth_Arrest,false,false,true
-17,47,Proliferation,true,true,true
7,4,Growth_Arrest,false,true,true
-31,23,Proliferation,true,true,false
1,22,Proliferation,true,true,false
49,-4,Proliferation,true,true,true
-8,43,Proliferation,true,false,true
-28,20,Growth_Arrest,false,false,false
-1,18,Proliferation,true,true,true
-36,-22,Growth_Arrest,false,false,true
30,26,Proliferation,true,true,true
-36,-27,Proliferation,true,true,true
-35,25,Proliferation,true,true,false
6,46,Proliferation,true,true,true
-34,-7,Proliferation,true,true,false
-32,19,Proliferation,true,false,true
-20,27,Proliferation,true,true,false
47,15,Proliferation,true,false,false
2,6,Growth_Arrest,false,true,false
4,-9,Growth_Arrest,false,false,true
-19,-28,Proliferation,true,false,false
11,9,Proliferation,true,true,false
25,28,Proliferation,true,true,false
-14,-49,Proliferation,true,true,false
-7,-22,Proliferation,true,true,false
40,9,Growth_Arrest,false,true,false
-18,-40,Proliferation,true,false,false
0,40,Proliferation,true,false,false
13,12,Proliferation,true,true,true
42,-9,Growth_Arrest,false,false,false
39,23,Proliferation,true,false,true
-20,17,Proliferation,true,false,true
34,-26,Growth_Arrest,false,true,false
-27,31,Proliferation,true,true,false
-16,1,Proliferation,true,false,false
-22,12,Proliferation,true,true,true
-34,16,Proliferation,true,true,true
-4,45,Proliferation,true,true,true
-22,14,Proliferation,true,false,false
14,-29,Proliferation,true,false,true
36,-31,Proliferation,true,true,true
-20,-10,Proliferation,true,true,true
-49,-11,Proliferation,true,false,true
-40,23,Growth_Arrest,false,true,false
5,-20,Proliferation,true,true,true
-1,-38,Growth_Arrest,false,true,true
-11,28,Growth_Arrest,false,false,false
2,-32,Proliferation,true,true,true
-24,11,Growth_Arrest,false,true,false
-17,12,Proliferation,true,false,true
17,9,Proliferation,true,false,true
33,-35,Proliferation,true,true,true
-38,18,Growth_Arrest,false,true,true
16,-44,Proliferation,true,false,false
-27,-24,Proliferation,true,true,true
29,-37,Proliferation,true,true,true
-13,-31,Growth_Arrest,false,true,false
-31,28,Proliferation,true,false,false
-10,-14,Proliferation,true,true,false
-21,-34,Proliferation,true,true,true
-23,-19,Growth_Arrest,false,false,false
-28,-36,Proliferation,true,true,true
34,-22,Proliferation,true,true,true
15,39,Proliferation,true,true,false
-8,30,Proliferation,true,true,true
-6,-37,Proliferation,true,true,false
25,-22,Growth_Arrest,false,false,false
40,-30,Growth_Arrest,false,false,false
-39,-18,Growth_Arrest,false,true,true
10,-38,Proliferation,true,false,true
-24,-34,Proliferation,true,true,true
-17,44,Proliferation,true,false,false
-42,-28,Proliferation,true,true,false
-48,6,Proliferation,true,true,true
6,7,Proliferation,true,false,true
-34,-4,Growth_Arrest,false,true,false
-25,-30,Proliferation,true,true,true
-7,-43,Growth_Arrest,false,false,true
1,-46,Proliferation,true,false,true
-23,43,Growth_Arrest,false,true,true
14,-31,Growth_Arrest,false,false,true
-21,-16,Growth_Arrest,false,true,true
32,9,Growth_Arrest,false,true,true
-24,-40,Proliferation,true,false,false
15,43,Growth_Arrest,false,false,true
-22,34,Proliferation,true,false,false
25,18,Proliferation,true,false,true
-31,-14,Proliferation,true,true,true
33,-5,Growth_Arrest,false,false,false
-17,18,Growth_Arrest,false,false,false
-39,-19,Proliferation,true,false,false
-1,48,Proliferation,true,false,true
2,27,Proliferation,true,false,true
6,-36,Proliferation,true,false,true
9,-31,Proliferation,true,true,true
29,-26,Growth_Arrest,false,true,false
-20,41,Growth_Arrest,false,true,true
-46,-18,Proliferation,true,true,true
-12,21,Proliferation,true,false,true
-11,-8,Growth_Arrest,false,true,false
-46,3,Proliferation,true,true,false
-11,8,Proliferation,true,true,true
-25,10,Proliferation,true,true,false
4,-6,Proliferation,true,false,true
-24,17,Growth_Arrest,false,true,true
7,-49,Proliferation,true,false,false
42,4,Proliferation,true,false,false
-3,-26,Growth_Arrest,false,false,false
19,-31,Growth_Arrest,false,true,false
-14,-47,Growth_Arrest,false,true,false
-30,9,Proliferation,true,false,true
-25,-16,Growth_Arrest,false,false,false
9,30,Proliferation,true,true,true
11,24,Proliferation,true,false,false
3,-36,Proliferation,true,false,false
-5,39,Proliferation,true,false,false
8,35,Proliferation,true,false,true
12,-4,Proliferation,true,false,false
47,-3,Growth_Arrest,false,true,true
19,23,Proliferation,true,false,true
18,-21,Proliferation,true,false,false
-40,-13,Growth_Arrest,false,true,true
48,-12,Growth_Arrest,false,true,true
-17,45,Growth_Arrest,false,true,true
20,-29,Growth_Arrest,false,true,true
31,8,Proliferation,true,false,false
-12,-20,Proliferation,true,true,false
6,8,Proliferation,true,true,true
41,-4,Proliferation,true,true,true
24,21,Growth_Arrest,false,true,false
-23,31,Growth_Arrest,false,false,false
45,5,Proliferation,true,true,false
-19,-38,Proliferation,true,false,true
-31,-22,Growth_Arrest,false,true,true
-7,45,Proliferation,true,true,false
-4,-24,Proliferation,true,false,true
-6,-42,Proliferation,true,false,false
-19,-9,Proliferation,true,false,false
-13,-24,Proliferation,true,true,false
5,38,Proliferation,true,false,true
21,15,Growth_Arrest,false,false,false
29,-1,Proliferation,true,false,false
-36,-36,Growth_Arrest,false,true,true
-43,-9,Growth_Arrest,false,false,false
-15,4,Proliferation,true,true,false
-6,-8,Proliferation,true,false,true
31,-34,Growth_Arrest,false,false,false
-32,-13,Proliferation,true,true,false
-37,13,Proliferation,true,false,true
-7,28,Proliferation,true,true,true
2,-33,Proliferation,true,true,false
2,47,Growth_Arrest,false,true,true
1,-44,Growth_Arrest,false,false,true
-8,-26,Growth_Arrest,false,true,true
24,-44,Proliferation,true,false,false
15,0,Growth_Arrest,false,false,false
-11,-38,Growth_Arrest,false,true,true
-33,-24,Proliferation,true,true,true
21,-8,Proliferation,true,false,false
6,14,Proliferation,true,true,false
47,-14,Growth_Arrest,false,true,false
11,-43,Growth_Arrest,false,false,true
6,-45,Growth_Arrest,false,true,false
-35,-3,Proliferation,true,false,true
-34,-5,Growth_Arrest,false,true,true
-38,14,Proliferation,true,false,true
-27,21,Proliferation,true,false,false
-19,-25,Proliferation,true,true,true
-12,-49,Proliferation,true,true,true
2,-7,Growth_Arrest,false,true,false
46,7,Proliferation,true,false,false
-29,-19,Growth_Arrest,false,true,false
-48,-6,Proliferation,true,false,true
4,-32,Proliferation,true,true,true
-30,-8,Proliferation,true,true,true
28,21,Proliferation,true,false,true
11,44,Growth_Arrest,false,false,true
10,-37,Proliferation,true,true,true
16,-26,Growth_Arrest,false,true,false
20,10,Growth_Arrest,false,false,true
-12,-36,Growth_Arrest,false,true,false
11,18,Proliferation,true,false,true
-45,19,Growth_Arrest,false,false,false
-25,21,Growth_Arrest,false,false,true
40,1,Proliferation,true,false,false
2,-12,Proliferation,true,false,false
7,-32,Proliferation,true,true,true
35,24,Growth_Arrest,false,false,false
16,-11,Proliferation,true,true,false
-19,-14,Proliferation,true,true,true
-22,27,Proliferation,true,false,true
-4,6,Growth_Arrest,false,false,true
36,-20,Proliferation,true,false,true
12,-23,Growth_Arrest,false,false,false
44,15,Proliferation,true,false,false
-19,-31,Growth_Arrest,false,false,false
43,7,Proliferation,true,false,false
46,-14,Proliferation,true,false,false
8,-35,Proliferation,true,true,false
1,-21,Proliferation,true,false,true
-8,41,Proliferation,true,false,true
-7,25,Proliferation,true,true,false
-43,21,Proliferation,true,true,true
-21,-8,Proliferation,true,false,false
-20,15,Proliferation,true,true,false
-46,-1,Growth_Arrest,false,false,false
-4,-22,Proliferation,true,true,true
27,35,Proliferation,true,true,true
-26,-28,Proliferation,true,false,false
-31,13,Proliferation,true,true,false
-18,-3,Growth_Arrest,false,false,false
9,-18,Proliferation,true,false,true
-36,20,Proliferation,true,true,false
-36,-6,Growth_Arrest,false,false,true
8,-7,Growth_Arrest,false,false,true
42,-20,Proliferation,true,true,false
-28,30,Proliferation,true,false,true
32,13,Proliferation,true,true,true
-13,4,Proliferation,true,true,false
-10,-34,Growth_Arrest,false,true,true
-32,-28,Proliferation,true,true,false
28,41,Proliferation,true,false,false
33,-8,Proliferation,true,false,false
-34,15,Growth_Arrest,false,true,true
4,-20,Growth_Arrest,false,false,false
35,32,Proliferation,true,true,false
-23,-4,Growth_Arrest,false,false,true
-17,16,Proliferation,true,false,false
-18,23,Proliferation,true,false,false
-33,-26,Proliferation,true,false,true
16,-29,Growth_Arrest,false,false,true
-8,-6,Growth_Arrest,false,true,false
38,30,Proliferation,true,true,false
-13,-4,Proliferation,true,false,true
-42,6,Proliferation,true,false,true
-37,-35,Proliferation,true,true,false
37,0,Proliferation,true,false,false
45,1,Proliferation,true,false,true
38,9,Proliferation,true,false,false
41,24,Proliferation,true,true,true
33,-33,Proliferation,true,false,true
-38,10,Proliferation,true,false,false
-19,4,Proliferation,true,false,false
-36,33,Proliferation,true,true,true
0,1,Proliferation,true,false,false
9,35,Growth_Arrest,false,false,true
-1,-16,Proliferation,true,true,false
44,14,Proliferation,true,true,false
15,-46,Growth_Arrest,false,true,false
10,37,Proliferation,true,false,true
-17,-23,Proliferation,true,true,false
-17,6,Proliferation,true,true,true
-42,-22,Proliferation,true,false,false
43,-18,Proliferation,true,false,false
15,-40,Proliferation,true,false,true
-22,38,Growth_Arrest,false,true,false
-9,-14,Proliferation,true,false,false
-30,24,Growth_Arrest,false,false,true
41,27,Growth_Arrest,false,true,true
3,7,Proliferation,true,false,false
24,-31,Proliferation,true,true,false
-14,33,Proliferation,true,false,true
-49,0,Growth_Arrest,false,true,true
31,3,Proliferation,true,true,false
-12,-35,Proliferation,true,false,false
39,-24,Growth_Arrest,false,false,true
-11,-34,Proliferation,true,false,true
23,-25,Proliferation,true,true,false
-47,-4,Proliferation,true,true,false
-30,19,Proliferation,true,false,true
-33,7,Proliferation,true,false,true
16,-19,Growth_Arrest,false,false,true
19,-27,Proliferation,true,true,true
1,42,Growth_Arrest,false,true,false
-29,17,Proliferation,true,false,false
-20,39,Proliferation,true,true,false
36,20,Proliferation,true,true,true
-15,-20,Proliferation,true,true,true
29,-40,Growth_Arrest,false,false,true
-35,11,Proliferation,true,false,true
-9,-11,Proliferation,true,false,false
13,-41,Growth_Arrest,false,false,true
-47,8,Proliferation,true,true,true
0,9,Proliferation,true,false,false
7,-26,Proliferation,true,false,true
14,-42,Proliferation,true,false,true
33,-3,Proliferation,true,false,true
-19,38,Proliferation,true,true,true
14,-37,Proliferation,true,false,true
12,-18,Proliferation,true,true,false
-16,35,Growth_Arrest,false,false,true
6,-12,Proliferation,true,true,true
4,2,Proliferation,true,false,false
-21,43,Proliferation,true,true,false
-30,-12,Proliferation,true,true,true
17,-27,Growth_Arrest,false,false,true
16,38,Growth_Arrest,false,false,false
40,-10,Proliferation,true,true,true
27,-22,Growth_Arrest,false,true,true
-44,19,Growth_Arrest,false,false,false
7,10,Proliferation,true,false,true
28,37,Proliferation,true,false,false
-8,42,Proliferation,true,true,true
-14,-33,Proliferation,true,true,true
-41,6,Proliferation,true,false,true
-2,-3,Proliferation,true,true,false
36,-8,Growth_Arrest,false,true,true
-3,-43,Proliferation,true,true,true
8,24,Proliferation,true,true,true
-35,-1,Proliferation,true,false,true
6,17,Proliferation,true,false,false
27,22,Proliferation,true,true,false
29,-25,Proliferation,true,true,false
12,-25,Proliferation,true,true,false
-9,-19,Proliferation,true,false,false
6,13,Growth_Arrest,false,true,false
34,15,Proliferation,true,false,true
8,-50,Proliferation,true,true,true
-43,-25,Growth_Arrest,false,false,false
39,18,Growth_Arrest,false,false,true
-37,27,Growth_Arrest,false,false,false
-1,-21,Proliferation,true,false,true
-6,-27,Proliferation,true,false,false
5,7,Proliferation,true,false,true
-5,26,Proliferation,true,false,true
-4,32,Growth_Arrest,false,false,true
-13,-2,Proliferation,true,true,false
-3,38,Proliferation,true,true,false
-6,-35,Proliferation,true,false,true
-40,-9,Growth_Arrest,false,false,false
2,20,Growth_Arrest,false,true,true
-10,-50,Proliferation,true,false,false
-26,-16,Proliferation,true,false,true
23,34,Growth_Arrest,false,true,false
3,-16,Proliferation,true,true,false
-41,-11,Proliferation,true,false,true
-25,39,Proliferation,true,true,true
19,13,Growth_Arrest,false,false,true
32,6,Proliferation,true,true,true
-20,-33,Proliferation,true,false,false
-16,-44,Proliferation,true,false,true
-27,7,Proliferation,true,false,true
9,48,Growth_Arrest,false,true,true
31,-25,Proliferation,true,true,false
-24,16,Proliferation,true,false,false
18,-40,Proliferation,true,true,false
-21,36,Growth_Arrest,false,true,true
-1,23,Proliferation,true,false,true
32,10,Growth_Arrest,false,false,false
31,-12,Growth_Arrest,false,false,true
-12,-25,Proliferation,true,false,false
-5,-8,Proliferation,true,false,true
26,37,Growth_Arrest,false,true,true
-26,-9,Growth_Arrest,false,true,false
2,43,Proliferation,true,true,true
7,-25,Proliferation,true,true,false
8,1,Growth_Arrest,false,true,true
9,-21,Proliferation,true,true,false
15,-8,Proliferation,true,false,false
29,9,Growth_Arrest,false,true,false
-33,-35,Proliferation,true,true,false
-16,2,Proliferation,true,true,true
-8,-8,Proliferation,true,false,true
3,-42,Proliferation,true,false,false
-35,17,Growth_Arrest,false,false,true
-46,4,Proliferation,true,false,true
-17,8,Proliferation,true,false,true
-29,-39,Growth_Arrest,false,false,false
-14,-48,Growth_Arrest,false,false,true
41,28,Proliferation,true,true,false
40,-26,Growth_Arrest,false,true,true
11,-29,Proliferation,true,false,true
-32,-12,Proliferation,true,true,false
26,21,Proliferation,true,true,true
-7,46,Proliferation,true,false,false
-17,-11,Proliferation,true,true,false
-14,23,Proliferation,true,true,false
3,20,Proliferation,true,true,false
28,-24,Proliferation,true,true,false
16,30,Proliferation,true,true,true
36,4,Proliferation,true,false,true
22,7,Proliferation,true,true,false
-40,25,Proliferation,true,false,true
-6,30,Proliferation,true,false,false
-3,10,Proliferation,true,false,true
-46,13,Proliferation,true,false,true
21,-21,Proliferation,true,false,true
-20,-29,Proliferation,true,false,false
-42,1,Proliferation,true,true,false
-23,12,Growth_Arrest,false,false,true
21,-23,Proliferation,true,false,false
8,-45,Growth_Arrest,false,false,true
-50,0,Proliferation,true,false,true
-34,-8,Growth_Arrest,false,true,false
-33,34,Proliferation,true,true,false
10,45,Proliferation,true,false,true
6,12,Proliferation,true,true,true
-9,49,Proliferation,true,true,true
-19,-43,Proliferation,true,true,false
42,24,Proliferation,true,true,false
-45,-5,Proliferation,true,false,true
16,29,Proliferation,true,true,true
20,-33,Proliferation,true,false,false
-11,-14,Proliferation,true,true,false
-7,-37,Proliferation,true,false,true
-31,11,Growth_Arrest,false,true,false
23,-30,Proliferation,true,true,false
0,-16,Growth_Arrest,false,true,false
-34,1,Proliferation,true,true,false
-45,-3,Proliferation,true,true,true
-41,-16,Proliferation,true,true,false
-25,2,Growth_Arrest,false,true,false
-37,-29,Proliferation,true,true,false
21,26,Proliferation,true,true,true
-1,12,Proliferation,true,false,false
5,-34,Proliferation,true,false,false
-39,25,Proliferation,true,false,true
38,-20,Proliferation,true,true,true
-16,45,Growth_Arrest,false,false,false
26,19,Proliferation,true,false,false
38,-11,Growth_Arrest,false,true,true
4,-48,Proliferation,true,true,true
-36,-28,Proliferation,true,false,true
36,-4,Proliferation,true,false,true
15,-35,Growth_Arrest,false,true,false
19,-5,Growth_Arrest,false,false,false
49,-10,Proliferation,true,true,false
8,-10,Growth_Arrest,false,false,true
7,-45,Growth_Arrest,false,false,true
6,-20,Proliferation,true,false,true
-35,-10,Proliferation,true,false,true
17,22,Proliferation,true,true,true
-1,-36,Proliferation,true,true,true
-44,-7,Growth_Arrest,false,true,true
-4,-8,Proliferation,true,true,false
-31,-1,Proliferation,true,true,false
-6,44,Growth_Arrest,false,false,false
-6,-3,Proliferation,true,false,false
20,-36,Proliferation,true,true,false
17,-6,Growth_Arrest,false,false,true
45,16,Proliferation,true,false,false
11,-33,Proliferation,true,true,true
36,-21,Growth_Arrest,false,false,true
-26,2,Proliferation,true,false,false
-27,9,Proliferation,true,true,true
-46,0,Proliferation,true,true,false
-11,14,Proliferation,true,false,true
6,-9,Proliferation,true,true,true
-30,-22,Proliferation,true,true,true
31,17,Proliferation,true,false,true
16,5,Proliferation,true,true,false
-20,14,Proliferation,true,true,true
-37,26,Proliferation,true,false,false
-18,-8,Growth_Arrest,false,false,true
11,16,Proliferation,true,false,true
-24,-27,Proliferation,true,true,false
-32,4,Proliferation,true,true,false
5,-39,Growth_Arrest,false,false,false
8,15,Growth_Arrest,false,false,true
-31,38,Proliferation,true,true,true
11,-7,Proliferation,true,false,false
24,5,Proliferation,true,false,false
26,-39,Proliferation,true,true,true
6,-31,Growth_Arrest,false,true,false
-8,-20,Growth_Arrest,false,false,false
-22,-43,Proliferation,true,false,false
-27,34,Proliferation,true,false,true
36,-27,Proliferation,true,true,false
16,36,Proliferation,true,true,true
-33,-9,Proliferation,true,true,false
-25,28,Proliferation,true,true,false
32,26,Growth_Arrest,false,true,true
45,4,Growth_Arrest,false,false,true
-41,10,Proliferation,true,false,true
12,5,Proliferation,true,false,true
18,-30,Growth_Arrest,false,true,false
-42,-13,Growth_Arrest,false,false,false
31,0,Proliferation,true,false,true
22,9,Proliferation,true,true,false
23,-41,Proliferation,true,false,true
8,9,Proliferation,true,true,false
0,-32,Proliferation,true,false,false
22,20,Proliferation,true,false,true
28,-9,Proliferation,true,false,true
-17,-10,Proliferation,true,false,true
-6,6,Proliferation,true,true,false
34,-6,Proliferation,true,true,true
19,-28,Growth_Arrest,false,true,true
-42,14,Proliferation,true,false,false
30,1,Growth_Arrest,false,true,false
1,-27,Growth_Arrest,false,true,false
1,35,Proliferation,true,true,false
13,-7,Growth_Arrest,false,true,true
-25,-33,Proliferation,true,false,true
-46,12,Growth_Arrest,false,true,false
-49,2,Proliferation,true,false,true
44,-23,Proliferation,true,true,false
-18,-47,Growth_Arrest,false,true,true
-33,-21,Proliferation,true,false,true
-45,-7,Proliferation,true,true,false
-20,30,Proliferation,true,true,true
15,14,Proliferation,true,true,false
4,-13,Proliferation,true,false,false
3,-22,Proliferation,true,true,true
16,-34,Growth_Arrest,false,false,false
38,27,Growth_Arrest,false,false,false
-26,-32,Proliferation,true,false,true
-44,-11,Proliferation,true,true,true
48,1,Proliferation,true,true,true
17,26,Proliferation,true,true,true
-22,22,Proliferation,true,true,true
-28,-12,Proliferation,true,true,true
-8,-31,Proliferation,true,false,false
3,-33,Proliferation,true,false,true
20,-31,Proliferation,true,true,true
-10,-22,Growth_Arrest,false,true,true
26,29,Growth_Arrest,false,true,true
-46,-2,Proliferation,true,true,false
32,-12,Proliferation,true,true,true
-36,-21,Growth_Arrest,false,true,true
33,-23,Proliferation,true,true,true
7,2,Proliferation,true,true,true
-45,-14,Proliferation,true,true,false
3,-2,Growth_Arrest,false,false,true
-21,-13,Growth_Arrest,false,true,false
-24,43,Growth_Arrest,false,true,false
35,-21,Proliferation,true,false,false
-42,4,Growth_Arrest,false,false,true
-16,15,Growth_Arrest,false,true,true
10,10,Proliferation,true,true,false
21,-6,Proliferation,true,true,true
40,-14,Proliferation,true,false,false
-15,-30,Growth_Arrest,false,true,true
11,26,Growth_Arrest,false,false,false
26,17,Proliferation,true,false,true
8,33,Proliferation,true,true,true
18,27,Growth_Arrest,false,false,true
-6,25,Proliferation,true,false,false
-46,19,Proliferation,true,true,false
38,3,Proliferation,true,false,false
-12,20,Proliferation,true,false,true
11,43,Proliferation,true,true,false
-1,-8,Growth_Arrest,false,true,false
25,-14,Proliferation,true,true,false
3,-49,Proliferation,true,true,false
-24,-2,Proliferation,true,false,false
-29,31,Proliferation,true,false,true
31,13,Growth_Arrest,false,true,true
37,-20,Proliferation,true,true,true
6,-11,Growth_Arrest,false,false,true
26,-36,Proliferation,true,true,false
-2,-5,Growth_Arrest,false,true,false
-6,36,Proliferation,true,false,false
-25,-44,Growth_Arrest,false,true,false
-21,-32,Proliferation,true,true,false
-11,25,Growth_Arrest,false,false,false
24,4,Growth_Arrest,false,true,false
-9,25,Proliferation,true,true,false
-6,-10,Growth_Arrest,false,true,false
-6,-46,Growth_Arrest,false,true,true
-5,-47,Proliferation,true,true,false
-28,-31,Growth_Arrest,false,false,true
20,31,Proliferation,true,true,false
27,23,Proliferation,true,true,true
37,7,Growth_Arrest,false,false,false
-31,37,Proliferation,true,true,true
21,-19,Proliferation,true,false,true
1,-39,Proliferation,true,false,false
-30,-11,Growth_Arrest,false,true,false
-43,-5,Proliferation,true,true,true
-3,12,Proliferation,true,true,false
23,4,Growth_Arrest,false,false,false
30,-37,Proliferation,true,false,true
22,24,Proliferation,true,true,true
23,13,Proliferation,true,true,false
-5,-42,Growth_Arrest,false,false,true
-29,36,Proliferation,true,true,true
-33,16,Proliferation,true,true,false
21,19,Proliferation,true,false,true
-8,5,Growth_Arrest,false,false,true
-21,-19,Proliferation,true,false,true
-26,-11,Proliferation,true,false,true
-24,10,Proliferation,true,true,false
-11,11,Proliferation,true,true,false
-6,45,Growth_Arrest,false,true,true
-27,-5,Proliferation,true,false,false
-12,0,Growth_Arrest,false,false,true
13,-36,Proliferation,true,false,true
-27,-41,Proliferation,true,true,true
-2,-44,Growth_Arrest,false,true,true
-25,41,Proliferation,true,true,true
-8,2,Proliferation,true,false,true
12,-26,Proliferation,true,false,false
-24,-17,Growth_Arrest,false,true,true
-1,16,Proliferation,true,true,false
21,-14,Growth_Arrest,false,false,true
8,-32,Proliferation,true,false,false
8,-22,Growth_Arrest,false,true,false
36,13,Proliferation,true,false,true
12,48,Proliferation,true,true,false
-14,11,Growth_Arrest,false,false,true
19,-44,Proliferation,true,true,false
-27,-43,Proliferation,true,true,false
-32,29,Proliferation,true,true,false
5,32,Growth_Arrest,false,true,true
26,-2,Proliferation,true,false,false
-34,35,Proliferation,true,false,true
-46,-10,Proliferation,true,false,true
-36,35,Growth_Arrest,false,false,false
29,11,Growth_Arrest,false,true,true
-42,16,Growth_Arrest,false,true,false
-30,6,Growth_Arrest,false,false,true
-15,-44,Proliferation,true,false,true
5,-18,Growth_Arrest,false,false,false
-9,-47,Proliferation,true,true,false
-33,-28,Proliferation,true,true,false
15,-5,Growth_Arrest,false,true,false
33,0,Proliferation,true,false,false
-20,-46,Growth_Arrest,false,true,true
-19,-7,Growth_Arrest,false,false,false
11,-26,Proliferation,true,false,false
-19,24,Growth_Arrest,false,false,false
-25,24,Proliferation,true,true,false
-6,-15,Proliferation,true,true,true
-38,-32,Growth_Arrest,false,true,false
9,23,Proliferation,true,true,false
49,8,Growth_Arrest,false,true,true
25,14,Proliferation,true,false,false
2,14,Growth_Arrest,false,false,true
11,28,Proliferation,true,false,true
20,21,Proliferation,true,true,false
13,-12,Growth_Arrest,false,false,false
-20,-17,Proliferation,true,false,true
13,-46,Proliferation,true,false,true
26,42,Growth_Arrest,false,true,false
-27,36,Proliferation,true,true,false
23,-33,Proliferation,true,false,true
-5,20,Proliferation,true,false,true
16,-5,Proliferation,true,true,false
-14,-34,Proliferation,true,true,true
-3,6,Proliferation,true,true,true
1,-12,Proliferation,true,false,false
-26,-33,Proliferation,true,true,true
17,-5,Proliferation,true,false,true
22,44,Proliferation,true,false,true
12,-11,Proliferation,true,true,true
-26,14,Proliferation,true,false,false
-19,-45,Growth_Arrest,false,true,true
23,-10,Proliferation,true,true,false
6,31,Proliferation,true,false,false
42,-16,Growth_Arrest,false,true,false
-27,-37,Growth_Arrest,false,true,true
13,-44,Proliferation,true,true,false
7,1,Growth_Arrest,false,true,false
30,-23,Proliferation,true,true,false
-34,-1,Growth_Arrest,false,false,false
34,-8,Proliferation,true,false,true
2,-44,Proliferation,true,false,true
35,30,Growth_Arrest,false,true,false
-2,49,Proliferation,true,true,false
18,-41,Proliferation,true,true,true
17,-18,Proliferation,true,false,false
18,33,Proliferation,true,true,true
32,34,Growth_Arrest,false,false,false
-8,-40,Growth_Arrest,false,true,true
6,-40,Proliferation,true,false,false
-30,-21,Growth_Arrest,false,true,true
3,39,Proliferation,true,false,false
25,-36,Proliferation,true,true,false
-35,36,Proliferation,true,true,true
-15,-17,Proliferation,true,false,true
-2,7,Proliferation,true,true,true
28,-12,Growth_Arrest,false,true,true
9,-16,Proliferation,true,false,false
-33,5,Growth_Arrest,false,true,true
-14,-16,Proliferation,true,true,false
38,-24,Proliferation,true,true,true
-41,-28,Proliferation,true,true,true
-14,18,Growth_Arrest,false,false,true
-2,-6,Growth_Arrest,false,true,true
5,35,Proliferation,true,true,true
23,5,Proliferation,true,false,true
20,7,Growth_Arrest,false,false,false
21,7,Proliferation,true,true,true
20,-38,Growth_Arrest,false,true,false
-30,0,Growth_Arrest,false,false,true
8,6,Growth_Arrest,false,false,false
25,24,Proliferation,true,false,true
34,10,Proliferation,true,false,true
8,2,Proliferation,true,true,false
24,35,Growth_Arrest,false,false,true
18,7,Growth_Arrest,false,true,false
5,-24,Proliferation,true,false,true
11,-11,Growth_Arrest,false,false,true
-42,-1,Proliferation,true,true,true
8,34,Proliferation,true,false,true
-14,-3,Growth_Arrest,false,true,true
-19,-5,Proliferation,true,true,false
17,-4,Proliferation,true,true,true
-24,20,Proliferation,true,false,true
2,-17,Proliferation,true,false,false
-41,22,Growth_Arrest,false,true,false
45,-15,Proliferation,true,true,false
16,-6,Proliferation,true,true,true
-7,8,Growth_Arrest,false,false,false
-3,-20,Proliferation,true,true,true
-11,-10,Growth_Arrest,false,true,false
-11,-39,Proliferation,true,false,false
-2,32,Proliferation,true,true,true
-8,32,Growth_Arrest,false,false,false
-27,-29,Growth_Arrest,false,false,false
10,48,Proliferation,true,false,false
-15,-46,Growth_Arrest,false,false,true
8,8,Proliferation,true,false,false
33,-12,Proliferation,true,false,false
41,10,Proliferation,true,false,false
7,35,Proliferation,true,false,true
-9,-33,Proliferation,true,true,false
-40,-5,Proliferation,true,true,false
2,-31,Proliferation,true,false,false
-32,-37,Proliferation,true,true,true
12,35,Proliferation,true,true,false
19,-37,Proliferation,true,false,true
-40,1,Proliferation,true,false,true
-27,-17,Proliferation,true,true,true
-16,-15,Proliferation,true,false,false
29,-7,Proliferation,true,true,false
-7,-38,Proliferation,true,true,true
-36,3,Growth_Arrest,false,false,false
-29,-15,Proliferation,true,false,true
25,43,Growth_Arrest,false,false,false
5,33,Growth_Arrest,false,false,false
48,-3,Growth_Arrest,false,true,false
-2,11,Proliferation,true,true,false
-24,-36,Proliferation,true,true,true
-10,-8,Proliferation,true,true,false
17,-28,Proliferation,true,true,true
24,-41,Proliferation,true,true,false
-28,33,Proliferation,true,false,false
-39,11,Growth_Arrest,false,true,false
10,-2,Proliferation,true,true,false
-11,-2,Growth_Arrest,false,false,false
14,-1,Growth_Arrest,false,true,true
-1,32,Proliferation,true,false,false
-40,19,Proliferation,true,true,false
-4,1,Proliferation,true,false,false
17,-47,Proliferation,true,true,true
-21,-9,Growth_Arrest,false,false,false
-7,-2,Proliferation,true,false,true
1,48,Growth_Arrest,false,true,true
-27,11,Growth_Arrest,false,false,true
-39,-1,Proliferation,true,true,false
3,-5,Proliferation,true,true,true
27,-18,Growth_Arrest,false,true,true
-2,-22,Proliferation,true,false,true
-17,30,Growth_Arrest,false,true,true
20,-3,Growth_Arrest,false,false,false
-22,43,Proliferation,true,false,false
-13,43,Proliferation,true,false,true
48,-9,Proliferation,true,false,true
-14,30,Proliferation,true,false,false
-4,-27,Proliferation,true,false,false
-3,23,Proliferation,true,true,false
-35,12,Growth_Arrest,false,true,false
38,26,Proliferation,true,false,true
48,9,Growth_Arrest,false,true,false
21,-43,Growth_Arrest,false,false,true
43,-24,Proliferation,true,false,false
-18,28,Growth_Arrest,false,false,false
26,2,Growth_Arrest,false,true,false
18,-16,Growth_Arrest,false,false,false
-6,-4,Proliferation,true,true,true
-17,20,Proliferation,true,false,true
-18,43,Proliferation,true,true,true
27,-10,Growth_Arrest,false,false,true
-17,5,Growth_Arrest,false,true,true
-20,43,Proliferation,true,false,false
24,-32,Proliferation,true,false,true
13,-13,Proliferation,true,true,false
49,-3,Proliferation,true,false,false
-37,19,Proliferation,true,false,false
3,-4,Proliferation,true,true,false
-45,0,Proliferation,true,true,true
-25,-38,Proliferation,true,false,false
-33,35,Growth_Arrest,false,true,true
-4,30,Proliferation,true,true,false
-27,-15,Proliferation,true,true,true
-3,-8,Proliferation,true,true,false
-25,-27,Growth_Arrest,false,true,true
2,-6,Proliferation,true,true,false
-22,17,Growth_Arrest,false,true,true
-23,-13,Proliferation,true,true,false
34,35,Proliferation,true,false,true
40,-23,Proliferation,true,false,true
2,-26,Proliferation,true,false,true
6,-1,Growth_Arrest,false,true,false
-18,44,Proliferation,true,true,false
-11,-22,Proliferation,true,true,false
-45,4,Proliferation,true,true,false
-11,-11,Proliferation,true,true,true
21,-46,Growth_Arrest,false,false,true
-1,47,Growth_Arrest,false,true,true
16,13,Growth_Arrest,false,false,false
-44,14,Proliferation,true,false,false
-9,14,Proliferation,true,true,false
18,22,Proliferation,true,false,true
9,-20,Proliferation,true,true,false
43,-25,Growth_Arrest,false,false,true
27,25,Proliferation,true,false,true
21,11,Proliferation,true,true,false
-22,8,Proliferation,true,true,true
-5,-49,Proliferation,true,true,false
8,-39,Growth_Arrest,false,true,true
21,-15,Growth_Arrest,false,true,false
-45,12,Proliferation,true,false,false
-9,27,Growth_Arrest,false,true,true
-36,19,Proliferation,true,true,false
27,-12,Proliferation,true,false,false
32,-33,Proliferation,true,false,true
-21,25,Proliferation,true,true,false
-10,36,Proliferation,true,false,true
31,23,Proliferation,true,true,false
-26,-20,Proliferation,true,true,true
18,-43,Growth_Arrest,false,true,true
-40,18,Proliferation,true,false,true
17,-13,Growth_Arrest,false,true,true
35,19,Proliferation,true,true,false
-29,5,Growth_Arrest,false,false,true
0,-49,Proliferation,true,true,false
21,-12,Proliferation,true,false,false
-43,17,Growth_Arrest,false,true,true
31,2,Growth_Arrest,false,false,true
-4,-28,Proliferation,true,true,false
5,-36,Proliferation,true,false,false
-41,17,Proliferation,true,false,false
-43,0,Proliferation,true,true,true
-19,-32,Proliferation,true,false,true
-30,40,Proliferation,true,false,true
35,17,Proliferation,true,true,true
