# cell_size_um=20.0, domain_size_um=3000.0, description="Spheroid pattern with 10000 cells"
x,y,phenotype,gene_Proliferation,gene_glycoATP,gene_mitoATP
98,83,Proliferation,true,true,true
53,108,Proliferation,true,false,false
122,96,Proliferation,true,true,false
98,82,Proliferation,true,true,false
30,44,Growth_Arrest,false,false,false
109,59,Proliferation,true,true,true
75,111,Growth_Arrest,false,false,true
102,37,Proliferation,true,false,false
79,91,Growth_Arrest,false,true,true
47,112,Proliferation,true,false,true
54,106,Proliferation,true,true,false
51,24,Growth_Arrest,false,true,false
64,65,Proliferation,true,false,true
93,47,Proliferation,true,true,false
25,71,Growth_Arrest,false,true,false
81,92,Proliferation,true,false,false
119,93,Proliferation,true,true,false
103,46,Growth_Arrest,false,false,true
91,99,Proliferation,true,true,true
38,56,Proliferation,true,true,false
103,92,Proliferation,true,true,true
89,75,Proliferation,true,false,false
120,87,Proliferation,true,true,false
106,99,Proliferation,true,false,true
57,65,Proliferation,true,false,false
71,83,Proliferation,true,false,false
37,51,Growth_Arrest,false,false,true
97,36,Proliferation,true,false,true
80,130,Proliferation,true,false,false
115,64,Proliferation,true,true,true
69,83,Growth_Arrest,false,true,true
102,108,Proliferation,true,true,true
111,78,Growth_Arrest,false,true,false
123,74,Proliferation,true,false,false
65,114,Growth_Arrest,false,false,true
100,55,Proliferation,true,true,false
100,105,Proliferation,true,true,false
46,58,Growth_Arrest,false,true,false
51,69,Proliferation,true,true,false
72,46,Proliferation,true,false,false
62,66,Proliferation,true,true,true
127,92,Growth_Arrest,false,true,false
71,117,Proliferation,true,false,true
44,106,Growth_Arrest,false,false,false
67,127,Proliferation,true,false,true
66,98,Growth_Arrest,false,true,false
64,67,Proliferation,true,false,true
109,89,Proliferation,true,false,true
52,56,Growth_Arrest,false,true,true
94,112,Proliferation,true,true,true
107,115,Growth_Arrest,false,true,false
123,70,Proliferation,true,true,true
45,27,Proliferation,true,true,false
108,48,Growth_Arrest,false,true,false
56,22,Proliferation,true,true,false
43,45,Growth_Arrest,false,false,false
68,53,Proliferation,true,true,false
30,72,Growth_Arrest,false,false,true
122,85,Proliferation,true,true,false
97,125,Growth_Arrest,false,true,true
65,36,Growth_Arrest,false,false,true
56,85,Proliferation,true,true,false
87,122,Proliferation,true,true,true
22,68,Proliferation,true,false,false
85,70,Proliferation,true,true,true
61,48,Proliferation,true,true,false
58,53,Proliferation,true,true,true
63,58,Proliferation,true,false,false
66,109,Proliferation,true,true,true
116,87,Growth_Arrest,false,true,false
120,104,Proliferation,true,true,false
81,67,Proliferation,true,false,false
54,116,Growth_Arrest,false,true,false
35,49,Proliferation,true,false,true
111,32,Growth_Arrest,false,true,true
55,26,Proliferation,true,false,true
105,81,Proliferation,true,false,true
49,59,Proliferation,true,true,true
44,68,Proliferation,true,true,false
104,81,Proliferation,true,false,false
38,76,Growth_Arrest,false,true,false
67,97,Proliferation,true,false,true
69,130,Growth_Arrest,false,false,true
76,52,Growth_Arrest,false,true,true
25,53,Growth_Arrest,false,false,false
52,117,Proliferation,true,false,true
114,88,Proliferation,true,true,false
43,40,Proliferation,true,false,false
54,70,Proliferation,true,false,true
116,41,Growth_Arrest,false,false,false
104,77,Proliferation,true,false,false
54,78,Proliferation,true,false,false
65,32,Proliferation,true,true,false
91,42,Growth_Arrest,false,true,false
35,93,Proliferation,true,false,true
57,56,Growth_Arrest,false,false,false
86,109,Proliferation,true,true,true
61,107,Proliferation,true,true,false
75,97,Growth_Arrest,false,false,false
119,74,Proliferation,true,false,false
68,56,Proliferation,true,true,false
100,86,Proliferation,true,false,false
77,100,Growth_Arrest,false,false,true
68,109,Proliferation,true,false,true
105,65,Proliferation,true,false,true
71,90,Growth_Arrest,false,true,true
70,32,Proliferation,true,false,false
48,56,Proliferation,true,false,true
75,64,Proliferation,true,false,false
54,89,Growth_Arrest,false,false,true
130,74,Proliferation,true,true,false
72,94,Proliferation,true,false,false
82,130,Proliferation,true,false,false
54,119,Proliferation,true,true,true
51,101,Proliferation,true,false,true
70,116,Growth_Arrest,false,true,false
39,81,Proliferation,true,false,true
76,51,Proliferation,true,false,false
66,91,Growth_Arrest,false,true,true
32,53,Growth_Arrest,false,false,true
97,83,Proliferation,true,true,true
74,96,Proliferation,true,true,true
93,121,Growth_Arrest,false,true,false
47,40,Proliferation,true,false,true
105,107,Proliferation,true,false,true
38,51,Growth_Arrest,false,false,true
73,99,Proliferation,true,true,false
29,54,Proliferation,true,false,false
61,81,Proliferation,true,false,false
91,21,Proliferation,true,false,true
60,44,Growth_Arrest,false,false,false
111,64,Proliferation,true,false,false
19,75,Proliferation,true,false,true
48,71,Proliferation,true,true,false
96,37,Proliferation,true,true,true
65,81,Proliferation,true,true,true
53,121,Proliferation,true,false,false
77,104,Proliferation,true,false,true
82,57,Proliferation,true,false,false
89,37,Proliferation,true,true,false
87,61,Proliferation,true,false,false
103,82,Growth_Arrest,false,true,true
119,46,Proliferation,true,false,false
53,102,Growth_Arrest,false,true,true
36,41,Proliferation,true,true,false
57,34,Growth_Arrest,false,true,true
51,52,Proliferation,true,false,true
63,41,Proliferation,true,false,false
100,104,Growth_Arrest,false,false,true
30,84,Proliferation,true,true,true
92,46,Proliferation,true,true,true
39,113,Proliferation,true,true,true
108,42,Proliferation,true,true,true
41,76,Proliferation,true,true,true
79,69,Growth_Arrest,false,true,true
20,60,Proliferation,true,true,false
60,63,Growth_Arrest,false,false,false
54,97,Proliferation,true,true,true
109,51,Proliferation,true,false,false
96,24,Proliferation,true,true,true
120,75,Growth_Arrest,false,true,true
39,112,Proliferation,true,true,true
38,37,Proliferation,true,true,true
69,58,Growth_Arrest,false,false,false
86,70,Proliferation,true,true,true
43,39,Proliferation,true,false,false
38,60,Proliferation,true,true,true
55,88,Proliferation,true,true,false
73,28,Proliferation,true,false,false
87,29,Proliferation,true,false,true
99,85,Proliferation,true,false,true
34,69,Proliferation,true,true,true
77,39,Proliferation,true,true,true
92,23,Growth_Arrest,false,false,true
109,99,Proliferation,true,true,false
35,67,Proliferation,true,true,false
92,87,Growth_Arrest,false,true,true
81,24,Proliferation,true,false,true
86,102,Growth_Arrest,false,true,true
34,62,Proliferation,true,false,true
28,65,Proliferation,true,true,false
110,71,Proliferation,true,false,true
60,76,Proliferation,true,true,true
100,120,Growth_Arrest,false,true,true
62,79,Proliferation,true,false,true
28,90,Proliferation,true,true,true
84,58,Proliferation,true,false,true
85,45,Proliferation,true,false,true
88,90,Growth_Arrest,false,false,true
55,33,Proliferation,true,true,true
95,37,Growth_Arrest,false,true,false
119,83,Growth_Arrest,false,true,false
46,112,Proliferation,true,false,false
95,94,Proliferation,true,false,false
40,106,Proliferation,true,false,true
90,53,Proliferation,true,false,false
70,65,Proliferation,true,true,false
41,88,Growth_Arrest,false,false,true
57,54,Proliferation,true,false,false
32,52,Proliferation,true,true,false
38,67,Proliferation,true,true,false
93,23,Growth_Arrest,false,false,true
40,86,Proliferation,true,false,true
51,112,Proliferation,true,true,true
85,116,Proliferation,true,false,false
46,121,Proliferation,true,true,true
37,52,Proliferation,true,false,false
113,70,Growth_Arrest,false,true,true
53,65,Proliferation,true,true,false
51,53,Growth_Arrest,false,true,false
91,73,Proliferation,true,false,true
84,84,Proliferation,true,true,true
59,30,Proliferation,true,true,false
106,93,Growth_Arrest,false,false,true
46,30,Proliferation,true,true,false
49,50,Proliferation,true,true,false
59,75,Proliferation,true,true,true
113,99,Growth_Arrest,false,false,false
22,89,Proliferation,true,true,true
39,109,Growth_Arrest,false,true,true
111,88,Proliferation,true,true,true
69,106,Proliferation,true,true,true
89,86,Growth_Arrest,false,true,true
73,105,Proliferation,true,false,true
117,64,Growth_Arrest,false,true,true
123,95,Proliferation,true,false,true
42,104,Proliferation,true,false,false
67,81,Growth_Arrest,false,true,false
43,113,Growth_Arrest,false,false,false
72,25,Proliferation,true,true,true
37,38,Growth_Arrest,false,true,false
44,49,Proliferation,true,false,true
52,113,Growth_Arrest,false,false,false
61,93,Growth_Arrest,false,true,false
69,60,Proliferation,true,true,true
106,105,Proliferation,true,false,false
42,110,Growth_Arrest,false,true,false
54,65,Proliferation,true,false,true
97,66,Proliferation,true,false,true
71,107,Growth_Arrest,false,true,true
85,81,Proliferation,true,false,true
111,56,Proliferation,true,true,false
64,93,Proliferation,true,false,true
99,48,Proliferation,true,true,true
24,65,Proliferation,true,false,false
33,53,Proliferation,true,false,false
63,94,Proliferation,true,false,false
118,73,Growth_Arrest,false,true,true
101,91,Growth_Arrest,false,true,false
75,122,Proliferation,true,true,false
60,39,Proliferation,true,true,false
59,116,Proliferation,true,true,false
61,34,Proliferation,true,false,false
109,64,Growth_Arrest,false,true,false
120,55,Proliferation,true,false,false
105,60,Proliferation,true,true,false
58,66,Proliferation,true,false,true
91,40,Growth_Arrest,false,false,false
93,55,Proliferation,true,true,false
80,47,Growth_Arrest,false,false,false
35,82,Proliferation,true,true,true
80,77,Proliferation,true,true,false
121,46,Proliferation,true,true,true
50,121,Growth_Arrest,false,false,false
54,113,Proliferation,true,true,true
60,92,Proliferation,true,true,true
47,110,Growth_Arrest,false,true,true
77,79,Proliferation,true,true,true
56,120,Growth_Arrest,false,true,false
104,94,Growth_Arrest,false,true,false
105,59,Proliferation,true,true,true
75,26,Proliferation,true,true,true
45,42,Proliferation,true,false,false
23,74,Growth_Arrest,false,false,false
105,102,Growth_Arrest,false,true,false
66,26,Proliferation,true,true,true
26,96,Proliferation,true,false,false
58,57,Proliferation,true,false,true
59,72,Proliferation,true,true,true
89,44,Growth_Arrest,false,true,true
105,45,Proliferation,true,true,false
70,34,Proliferation,true,false,false
123,77,Proliferation,true,false,false
56,55,Proliferation,true,false,true
62,51,Proliferation,true,true,false
67,79,Proliferation,true,true,false
77,23,Proliferation,true,false,false
112,83,Growth_Arrest,false,false,false
58,120,Proliferation,true,true,true
72,63,Growth_Arrest,false,false,false
70,46,Proliferation,true,true,true
120,65,Growth_Arrest,false,true,false
66,20,Growth_Arrest,false,true,false
38,41,Proliferation,true,false,true
53,44,Proliferation,true,false,false
39,76,Proliferation,true,true,false
90,91,Growth_Arrest,false,true,false
112,38,Proliferation,true,true,true
49,115,Proliferation,true,true,false
89,36,Growth_Arrest,false,true,false
23,92,Growth_Arrest,false,false,false
48,106,Proliferation,true,true,true
21,58,Proliferation,true,false,false
44,118,Growth_Arrest,false,false,true
46,93,Proliferation,true,false,false
23,87,Proliferation,true,false,true
126,93,Proliferation,true,true,false
39,45,Proliferation,true,true,false
62,90,Growth_Arrest,false,true,true
76,59,Growth_Arrest,false,false,true
54,104,Proliferation,true,false,true
64,103,Proliferation,true,false,true
63,40,Proliferation,true,false,false
35,88,Proliferation,true,false,true
107,102,Proliferation,true,false,false
36,90,Proliferation,true,false,true
113,67,Proliferation,true,false,false
93,125,Proliferation,true,true,true
113,68,Proliferation,true,true,false
40,65,Proliferation,true,false,true
79,20,Proliferation,true,false,false
48,50,Proliferation,true,false,false
60,67,Proliferation,true,false,false
37,44,Proliferation,true,true,true
76,79,Proliferation,true,false,false
113,48,Proliferation,true,true,false
46,53,Proliferation,true,true,false
73,54,Proliferation,true,false,true
72,125,Proliferation,true,true,false
71,29,Proliferation,true,false,false
107,87,Growth_Arrest,false,false,true
129,80,Growth_Arrest,false,false,true
114,53,Proliferation,true,false,true
103,53,Proliferation,true,true,true
80,119,Growth_Arrest,false,false,false
63,92,Proliferation,true,false,true
100,74,Growth_Arrest,false,false,false
50,76,Growth_Arrest,false,false,true
72,53,Growth_Arrest,false,false,false
112,35,Proliferation,true,true,true
81,118,Growth_Arrest,false,false,false
30,108,Proliferation,true,false,false
51,86,Proliferation,true,true,true
76,104,Proliferation,true,true,true
52,54,Growth_Arrest,false,true,false
59,66,Proliferation,true,true,false
45,93,Growth_Arrest,false,true,true
130,64,Proliferation,true,true,true
107,39,Proliferation,true,false,false
59,126,Growth_Arrest,false,false,true
68,102,Proliferation,true,false,false
118,48,Growth_Arrest,false,true,true
123,99,Growth_Arrest,false,true,false
38,96,Growth_Arrest,false,true,true
125,82,Growth_Arrest,false,false,true
102,117,Proliferation,true,true,true
73,64,Proliferation,true,false,true
111,71,Proliferation,true,true,false
44,121,Proliferation,true,true,false
84,93,Proliferation,true,false,false
113,52,Proliferation,true,false,true
45,76,Growth_Arrest,false,true,false
75,126,Proliferation,true,true,false
120,43,Growth_Arrest,false,true,true
30,56,Proliferation,true,false,true
127,73,Proliferation,true,false,true
36,38,Proliferation,true,false,true
121,97,Proliferation,true,false,false
47,29,Growth_Arrest,false,true,false
90,107,Growth_Arrest,false,true,true
63,65,Proliferation,true,false,true
94,111,Growth_Arrest,false,true,true
26,56,Growth_Arrest,false,false,false
85,59,Proliferation,true,true,false
38,68,Growth_Arrest,false,false,false
39,82,Proliferation,true,false,true
54,69,Proliferation,true,false,false
72,41,Growth_Arrest,false,true,true
21,71,Proliferation,true,true,true
93,34,Proliferation,true,false,false
74,80,Proliferation,true,false,true
77,83,Proliferation,true,false,true
79,23,Proliferation,true,false,false
58,112,Growth_Arrest,false,true,false
103,74,Proliferation,true,false,false
81,73,Proliferation,true,false,false
44,44,Proliferation,true,true,true
76,124,Proliferation,true,false,false
68,48,Proliferation,true,true,false
67,19,Proliferation,true,true,false
88,99,Growth_Arrest,false,true,false
27,104,Proliferation,true,true,false
99,114,Proliferation,true,false,false
93,43,Growth_Arrest,false,false,false
50,53,Growth_Arrest,false,false,true
39,52,Proliferation,true,false,true
48,99,Proliferation,true,true,false
106,106,Proliferation,true,true,false
93,37,Growth_Arrest,false,false,true
63,87,Growth_Arrest,false,true,false
90,54,Growth_Arrest,false,false,false
42,84,Proliferation,true,false,true
42,55,Proliferation,true,false,false
62,35,Proliferation,true,true,true
85,111,Proliferation,true,false,false
40,61,Growth_Arrest,false,false,true
46,91,Growth_Arrest,false,false,false
31,55,Proliferation,true,false,false
123,47,Proliferation,true,false,false
70,129,Proliferation,true,true,true
108,73,Proliferation,true,true,false
19,68,Proliferation,true,true,true
106,59,Proliferation,true,true,true
66,35,Proliferation,true,false,true
81,107,Proliferation,true,true,false
65,40,Proliferation,true,false,true
49,92,Proliferation,true,false,true
111,55,Proliferation,true,true,false
129,87,Proliferation,true,false,false
68,126,Proliferation,true,true,true
35,107,Growth_Arrest,false,false,true
59,92,Growth_Arrest,false,true,false
86,28,Proliferation,true,true,false
33,39,Growth_Arrest,false,true,false
118,66,Proliferation,true,false,false
53,32,Proliferation,true,true,true
62,123,Proliferation,true,true,true
60,70,Proliferation,true,true,true
56,72,Proliferation,true,false,false
38,38,Growth_Arrest,false,true,true
28,105,Proliferation,true,false,true
84,77,Proliferation,true,false,true
101,59,Proliferation,true,true,true
45,60,Growth_Arrest,false,false,true
97,24,Proliferation,true,false,true
75,89,Proliferation,true,false,false
85,118,Growth_Arrest,false,false,true
106,102,Growth_Arrest,false,true,true
96,77,Proliferation,true,false,true
26,77,Proliferation,true,false,false
89,43,Growth_Arrest,false,false,true
41,116,Proliferation,true,false,true
69,120,Proliferation,true,true,true
43,85,Proliferation,true,false,true
79,81,Proliferation,true,false,true
69,57,Proliferation,true,true,false
87,120,Proliferation,true,false,false
123,60,Proliferation,true,false,true
35,81,Proliferation,true,true,false
68,122,Growth_Arrest,false,true,true
107,73,Proliferation,true,true,false
97,42,Growth_Arrest,false,false,true
32,95,Proliferation,true,false,true
40,87,Growth_Arrest,false,true,true
32,100,Proliferation,true,false,true
86,69,Proliferation,true,false,false
79,50,Growth_Arrest,false,true,true
121,91,Proliferation,true,false,false
21,72,Proliferation,true,true,false
77,42,Growth_Arrest,false,true,false
114,69,Proliferation,true,false,true
51,103,Proliferation,true,false,true
93,54,Proliferation,true,true,true
59,74,Growth_Arrest,false,true,false
104,79,Growth_Arrest,false,false,false
108,49,Proliferation,true,true,true
54,88,Proliferation,true,false,false
115,103,Proliferation,true,false,true
34,37,Proliferation,true,true,true
110,91,Growth_Arrest,false,false,true
124,79,Proliferation,true,true,true
96,122,Growth_Arrest,false,true,true
67,101,Growth_Arrest,false,true,false
108,83,Proliferation,true,true,true
74,49,Proliferation,true,false,false
86,75,Growth_Arrest,false,true,false
49,80,Growth_Arrest,false,true,true
122,104,Proliferation,true,true,true
67,49,Proliferation,true,true,true
79,87,Proliferation,true,false,true
36,103,Proliferation,true,false,false
101,120,Proliferation,true,false,false
99,72,Proliferation,true,false,false
107,88,Proliferation,true,false,false
119,55,Proliferation,true,true,true
31,44,Proliferation,true,false,true
25,78,Proliferation,true,true,true
55,47,Proliferation,true,true,false
40,93,Growth_Arrest,false,true,false
124,55,Proliferation,true,true,true
57,80,Proliferation,true,false,false
71,98,Proliferation,true,true,false
23,95,Growth_Arrest,false,false,false
126,67,Proliferation,true,false,true
48,35,Proliferation,true,false,false
34,51,Proliferation,true,false,false
100,47,Proliferation,true,false,true
19,78,Proliferation,true,false,true
119,44,Growth_Arrest,false,true,true
58,37,Growth_Arrest,false,true,false
70,28,Growth_Arrest,false,true,true
74,102,Growth_Arrest,false,false,false
44,117,Proliferation,true,true,false
40,51,Growth_Arrest,false,true,false
67,102,Growth_Arrest,false,true,true
57,99,Proliferation,true,true,true
90,39,Growth_Arrest,false,true,false
54,38,Growth_Arrest,false,true,false
65,106,Growth_Arrest,false,false,false
53,58,Proliferation,true,false,false
99,53,Proliferation,true,false,true
115,88,Proliferation,true,false,false
24,75,Proliferation,true,true,true
78,23,Growth_Arrest,false,true,true
77,76,Proliferation,true,false,true
76,34,Proliferation,true,false,true
37,49,Proliferation,true,true,true
36,93,Proliferation,true,true,false
81,79,Growth_Arrest,false,true,false
102,123,Proliferation,true,true,false
40,59,Proliferation,true,true,false
73,129,Proliferation,true,false,true
28,66,Growth_Arrest,false,true,true
83,108,Proliferation,true,true,true
39,88,Proliferation,true,true,true
124,94,Proliferation,true,false,true
83,38,Growth_Arrest,false,false,true
24,77,Proliferation,true,true,true
129,86,Proliferation,true,true,false
67,57,Proliferation,true,true,false
80,65,Growth_Arrest,false,true,false
80,101,Growth_Arrest,false,true,false
31,69,Proliferation,true,true,true
72,111,Proliferation,true,false,true
86,21,Proliferation,true,true,true
44,40,Proliferation,true,false,true
41,101,Proliferation,true,false,false
123,66,Proliferation,true,true,true
26,64,Proliferation,true,true,false
121,57,Growth_Arrest,false,false,false
90,71,Growth_Arrest,false,false,true
35,48,Proliferation,true,false,false
60,62,Proliferation,true,true,false
104,75,Growth_Arrest,false,true,false
121,50,Proliferation,true,true,true
34,68,Proliferation,true,true,false
128,66,Proliferation,true,true,true
59,119,Growth_Arrest,false,false,true
75,128,Proliferation,true,false,false
123,79,Proliferation,true,true,false
96,99,Proliferation,true,true,true
83,42,Proliferation,true,true,true
37,78,Proliferation,true,true,false
56,36,Proliferation,true,true,true
70,77,Proliferation,true,true,false
99,71,Growth_Arrest,false,false,false
57,88,Growth_Arrest,false,false,false
127,71,Proliferation,true,true,false
111,62,Proliferation,true,true,true
38,89,Growth_Arrest,false,true,true
97,60,Proliferation,true,false,true
123,87,Proliferation,true,false,true
70,121,Proliferation,true,false,true
108,87,Growth_Arrest,false,false,true
57,101,Proliferation,true,true,true
89,52,Growth_Arrest,false,false,false
28,76,Proliferation,true,true,false
96,98,Growth_Arrest,false,false,true
91,78,Proliferation,true,false,false
51,84,Proliferation,true,true,false
46,29,Growth_Arrest,false,true,true
53,122,Proliferation,true,false,false
75,84,Growth_Arrest,false,true,true
34,40,Proliferation,true,true,true
88,61,Proliferation,true,true,true
37,69,Proliferation,true,false,true
49,110,Growth_Arrest,false,true,true
109,118,Proliferation,true,false,false
40,91,Growth_Arrest,false,true,false
71,125,Proliferation,true,false,false
118,109,Proliferation,true,true,true
80,109,Proliferation,true,true,false
100,91,Proliferation,true,false,true
80,62,Proliferation,true,false,false
101,37,Proliferation,true,true,false
24,95,Proliferation,true,true,true
110,72,Proliferation,true,false,false
69,20,Growth_Arrest,false,true,true
51,60,Proliferation,true,true,true
114,59,Growth_Arrest,false,true,true
49,46,Proliferation,true,true,true
49,97,Proliferation,true,true,true
87,37,Proliferation,true,true,false
23,84,Proliferation,true,true,true
86,24,Growth_Arrest,false,false,false
113,49,Growth_Arrest,false,true,true
75,118,Proliferation,true,true,true
112,39,Proliferation,true,true,false
30,77,Proliferation,true,false,true
49,51,Proliferation,true,false,false
104,60,Proliferation,true,false,true
47,30,Proliferation,true,false,true
52,67,Growth_Arrest,false,false,false
75,74,Proliferation,true,false,false
61,40,Growth_Arrest,false,true,false
119,67,Growth_Arrest,false,true,true
101,92,Growth_Arrest,false,true,true
63,86,Proliferation,true,false,true
80,115,Growth_Arrest,false,false,true
88,125,Growth_Arrest,false,false,false
51,54,Proliferation,true,true,false
77,90,Proliferation,true,false,true
66,68,Proliferation,true,true,true
129,79,Proliferation,true,false,false
72,80,Proliferation,true,false,false
82,66,Growth_Arrest,false,false,true
40,113,Proliferation,true,true,false
119,75,Proliferation,true,false,false
58,73,Proliferation,true,false,true
22,91,Proliferation,true,false,true
110,102,Proliferation,true,false,true
104,74,Proliferation,true,false,true
69,96,Proliferation,true,true,true
101,105,Growth_Arrest,false,true,true
69,128,Proliferation,true,false,false
110,63,Proliferation,true,false,false
34,53,Proliferation,true,true,true
90,97,Proliferation,true,true,true
87,62,Proliferation,true,true,true
53,126,Proliferation,true,false,true
37,105,Proliferation,true,true,true
84,124,Proliferation,true,true,true
84,33,Proliferation,true,false,false
56,76,Growth_Arrest,false,true,true
65,103,Proliferation,true,false,false
44,66,Growth_Arrest,false,false,true
82,24,Growth_Arrest,false,false,false
78,119,Proliferation,true,true,true
77,114,Growth_Arrest,false,false,false
52,34,Growth_Arrest,false,false,true
72,40,Proliferation,true,false,false
91,98,Proliferation,true,false,false
86,40,Proliferation,true,false,true
82,107,Growth_Arrest,false,false,true
114,64,Proliferation,true,false,true
117,73,Proliferation,true,true,true
88,74,Proliferation,true,false,true
103,71,Growth_Arrest,false,false,true
26,94,Growth_Arrest,false,false,false
113,113,Proliferation,true,false,false
76,85,Proliferation,true,false,false
41,96,Proliferation,true,false,true
81,30,Proliferation,true,true,true
95,70,Proliferation,true,false,true
98,109,Proliferation,true,false,true
31,59,Proliferation,true,false,false
98,90,Proliferation,true,true,false
33,78,Proliferation,true,false,true
99,76,Proliferation,true,false,true
46,42,Proliferation,true,false,true
46,62,Proliferation,true,true,false
31,57,Growth_Arrest,false,true,true
107,61,Growth_Arrest,false,true,false
63,26,Growth_Arrest,false,true,true
90,115,Proliferation,true,true,false
108,68,Growth_Arrest,false,true,true
106,68,Proliferation,true,false,true
43,32,Proliferation,true,true,false
32,57,Proliferation,true,false,false
55,59,Growth_Arrest,false,false,false
50,39,Growth_Arrest,false,false,true
81,120,Proliferation,true,false,true
27,60,Proliferation,true,true,true
22,64,Proliferation,true,true,false
100,59,Proliferation,true,true,true
84,59,Proliferation,true,true,false
55,41,Proliferation,true,true,false
105,92,Growth_Arrest,false,false,false
48,80,Proliferation,true,true,true
103,118,Proliferation,true,true,true
81,66,Proliferation,true,true,true
20,79,Proliferation,true,false,true
99,52,Growth_Arrest,false,false,true
77,31,Proliferation,true,false,false
76,26,Proliferation,true,false,false
56,89,Proliferation,true,false,false
105,96,Proliferation,true,true,false
123,72,Growth_Arrest,false,false,true
41,99,Proliferation,true,true,true
34,103,Proliferation,true,false,true
68,130,Growth_Arrest,false,true,false
118,75,Proliferation,true,true,false
49,113,Growth_Arrest,false,true,true
90,73,Proliferation,true,false,false
102,113,Growth_Arrest,false,false,true
128,83,Proliferation,true,false,true
54,55,Growth_Arrest,false,false,false
94,77,Proliferation,true,false,true
29,97,Proliferation,true,true,false
75,36,Proliferation,true,true,true
77,123,Growth_Arrest,false,true,true
94,122,Proliferation,true,true,true
121,79,Growth_Arrest,false,true,true
54,33,Growth_Arrest,false,false,true
68,40,Proliferation,true,true,true
71,76,Growth_Arrest,false,true,false
45,116,Proliferation,true,false,false
51,38,Proliferation,true,true,true
79,130,Growth_Arrest,false,true,false
68,60,Proliferation,true,true,true
44,71,Proliferation,true,true,true
65,91,Proliferation,true,false,true
92,64,Growth_Arrest,false,false,false
81,60,Proliferation,true,false,false
23,75,Proliferation,true,false,true
98,64,Proliferation,true,false,false
45,103,Proliferation,true,false,false
61,90,Growth_Arrest,false,true,true
38,111,Proliferation,true,true,false
60,81,Proliferation,true,false,true
101,87,Growth_Arrest,false,false,true
95,44,Proliferation,true,true,false
125,68,Growth_Arrest,false,true,false
65,93,Growth_Arrest,false,false,false
78,97,Proliferation,true,false,true
51,50,Proliferation,true,false,true
121,52,Growth_Arrest,false,false,false
120,49,Growth_Arrest,false,false,false
97,49,Proliferation,true,false,true
114,95,Proliferation,true,true,true
48,85,Growth_Arrest,false,false,false
76,29,Proliferation,true,false,false
36,54,Growth_Arrest,false,false,true
116,44,Proliferation,true,false,false
112,86,Growth_Arrest,false,false,true
100,77,Proliferation,true,true,false
96,66,Proliferation,true,true,false
112,107,Proliferation,true,true,false
106,41,Growth_Arrest,false,false,false
78,130,Proliferation,true,true,true
58,32,Growth_Arrest,false,true,true
55,104,Growth_Arrest,false,false,false
35,46,Proliferation,true,false,false
49,60,Growth_Arrest,false,false,false
111,34,Proliferation,true,true,true
122,45,Growth_Arrest,false,false,true
109,84,Proliferation,true,true,false
36,109,Growth_Arrest,false,false,true
61,72,Proliferation,true,true,false
77,94,Proliferation,true,true,true
51,83,Proliferation,true,false,false
75,104,Proliferation,true,true,true
110,90,Proliferation,true,false,false
76,110,Proliferation,true,false,true
98,77,Proliferation,true,true,false
68,118,Growth_Arrest,false,false,false
23,79,Proliferation,true,true,true
60,58,Growth_Arrest,false,false,true
88,69,Growth_Arrest,false,false,true
114,97,Proliferation,true,false,false
91,68,Proliferation,true,false,false
63,60,Growth_Arrest,false,true,false
79,105,Growth_Arrest,false,true,false
25,80,Proliferation,true,true,false
98,101,Proliferation,true,false,false
100,73,Proliferation,true,false,false
107,67,Proliferation,true,false,false
118,102,Proliferation,true,true,true
30,54,Growth_Arrest,false,false,true
121,49,Growth_Arrest,false,true,false
38,65,Growth_Arrest,false,false,true
44,75,Growth_Arrest,false,true,false
82,48,Proliferation,true,false,false
104,67,Proliferation,true,true,false
110,70,Proliferation,true,true,true
107,53,Proliferation,true,true,true
60,97,Proliferation,true,true,false
77,78,Proliferation,true,false,true
62,88,Proliferation,true,false,false
82,101,Growth_Arrest,false,true,true
100,110,Growth_Arrest,false,false,true
79,33,Growth_Arrest,false,true,true
28,106,Proliferation,true,false,true
88,82,Proliferation,true,false,false
29,77,Proliferation,true,false,true
114,101,Proliferation,true,false,true
126,76,Proliferation,true,false,false
57,125,Proliferation,true,true,true
127,91,Proliferation,true,true,true
38,93,Proliferation,true,true,false
62,121,Growth_Arrest,false,false,true
53,125,Proliferation,true,true,false
47,72,Growth_Arrest,false,false,false
98,58,Proliferation,true,false,true
115,71,Proliferation,true,false,false
61,36,Proliferation,true,false,false
63,129,Growth_Arrest,false,false,true
84,122,Proliferation,true,false,true
72,90,Growth_Arrest,false,true,true
39,51,Growth_Arrest,false,true,false
59,33,Proliferation,true,true,false
67,117,Proliferation,true,false,false
35,109,Proliferation,true,false,true
46,105,Proliferation,true,false,true
39,84,Proliferation,true,true,true
37,110,Proliferation,true,false,true
67,71,Proliferation,true,true,true
57,102,Growth_Arrest,false,true,true
30,50,Proliferation,true,false,false
36,47,Proliferation,true,true,true
116,57,Growth_Arrest,false,false,true
19,65,Proliferation,true,true,true
78,32,Proliferation,true,true,true
33,94,Proliferation,true,true,true
42,57,Proliferation,true,true,true
72,60,Proliferation,true,true,false
128,67,Growth_Arrest,false,false,true
129,75,Proliferation,true,true,false
66,53,Growth_Arrest,false,false,true
87,21,Proliferation,true,false,true
46,67,Proliferation,true,true,true
99,32,Proliferation,true,false,true
87,38,Proliferation,true,false,false
67,70,Growth_Arrest,false,true,false
40,88,Proliferation,true,true,true
85,60,Proliferation,true,false,true
39,70,Proliferation,true,false,false
65,80,Growth_Arrest,false,false,true
32,77,Proliferation,true,true,false
77,34,Growth_Arrest,false,true,false
94,79,Proliferation,true,false,true
62,48,Proliferation,true,false,false
110,39,Proliferation,true,true,false
24,96,Proliferation,true,true,false
69,111,Growth_Arrest,false,false,false
125,52,Proliferation,true,false,false
79,88,Proliferation,true,false,false
100,101,Proliferation,true,true,true
36,40,Proliferation,true,true,false
96,105,Proliferation,true,false,true
101,31,Proliferation,true,false,false
110,56,Growth_Arrest,false,false,false
55,76,Proliferation,true,false,false
28,55,Proliferation,true,true,true
97,56,Growth_Arrest,false,true,false
33,87,Growth_Arrest,false,false,true
59,26,Proliferation,true,false,true
69,75,Proliferation,true,false,false
92,122,Proliferation,true,false,true
109,73,Proliferation,true,true,true
53,93,Proliferation,true,false,true
49,101,Growth_Arrest,false,true,true
77,110,Proliferation,true,true,true
95,98,Proliferation,true,true,false
37,90,Proliferation,true,true,false
31,49,Proliferation,true,true,false
118,59,Proliferation,true,true,true
75,119,Proliferation,true,false,true
73,111,Proliferation,true,true,true
91,27,Growth_Arrest,false,false,false
127,66,Proliferation,true,false,false
86,120,Growth_Arrest,false,true,true
65,108,Growth_Arrest,false,false,true
87,55,Growth_Arrest,false,false,true
69,71,Proliferation,true,false,false
52,118,Proliferation,true,true,true
75,65,Proliferation,true,true,true
78,63,Proliferation,true,true,false
43,49,Proliferation,true,true,false
47,114,Proliferation,true,false,false
61,30,Proliferation,true,false,false
68,129,Proliferation,true,true,true
59,107,Proliferation,true,true,false
80,51,Growth_Arrest,false,false,false
42,73,Proliferation,true,false,true
38,53,Proliferation,true,false,false
29,71,Proliferation,true,true,true
89,98,Proliferation,true,false,true
108,67,Proliferation,true,true,false
92,67,Proliferation,true,true,true
83,130,Growth_Arrest,false,false,false
40,37,Growth_Arrest,false,false,false
76,91,Growth_Arrest,false,true,true
121,70,Growth_Arrest,false,true,true
89,68,Proliferation,true,false,false
128,88,Proliferation,true,false,true
105,52,Proliferation,true,true,true
34,65,Proliferation,true,false,true
90,36,Growth_Arrest,false,true,true
68,71,Growth_Arrest,false,true,true
75,71,Proliferation,true,true,false
63,47,Proliferation,true,false,false
98,62,Proliferation,true,true,true
127,63,Proliferation,true,true,true
113,53,Growth_Arrest,false,true,false
32,71,Proliferation,true,true,true
119,43,Proliferation,true,true,true
110,53,Proliferation,true,false,true
56,121,Proliferation,true,false,false
53,117,Proliferation,true,false,true
74,78,Growth_Arrest,false,true,false
34,104,Proliferation,true,false,false
76,105,Growth_Arrest,false,true,false
81,104,Proliferation,true,true,false
85,48,Proliferation,true,true,false
100,34,Proliferation,true,false,true
47,86,Proliferation,true,true,true
103,39,Growth_Arrest,false,false,false
55,28,Proliferation,true,false,true
98,55,Proliferation,true,true,true
57,95,Proliferation,true,true,true
24,81,Growth_Arrest,false,false,true
114,68,Growth_Arrest,false,false,false
80,81,Proliferation,true,false,false
41,40,Proliferation,true,false,true
71,126,Proliferation,true,false,false
60,54,Growth_Arrest,false,true,true
74,114,Proliferation,true,false,true
108,95,Proliferation,true,false,true
57,114,Proliferation,true,false,false
95,65,Proliferation,true,true,true
51,121,Growth_Arrest,false,false,true
43,47,Proliferation,true,false,false
79,125,Proliferation,true,false,false
49,74,Proliferation,true,true,false
87,78,Proliferation,true,false,true
127,70,Proliferation,true,true,true
65,71,Growth_Arrest,false,false,false
108,90,Proliferation,true,true,false
119,53,Proliferation,true,false,true
75,46,Proliferation,true,false,false
49,103,Growth_Arrest,false,false,false
58,29,Proliferation,true,false,false
53,114,Growth_Arrest,false,false,true
33,88,Growth_Arrest,false,false,true
92,83,Proliferation,true,false,false
86,122,Proliferation,true,true,true
35,66,Growth_Arrest,false,false,true
127,69,Proliferation,true,false,false
77,59,Proliferation,true,false,false
41,57,Proliferation,true,false,true
113,85,Proliferation,true,true,false
80,88,Proliferation,true,false,true
127,90,Growth_Arrest,false,true,true
79,62,Growth_Arrest,false,false,false
32,67,Proliferation,true,true,true
39,66,Growth_Arrest,false,false,true
41,45,Proliferation,true,false,false
21,77,Growth_Arrest,false,false,false
111,48,Proliferation,true,true,false
92,107,Proliferation,true,false,false
79,80,Growth_Arrest,false,true,true
55,82,Proliferation,true,true,true
90,87,Proliferation,true,false,true
77,70,Growth_Arrest,false,true,false
122,102,Proliferation,true,false,false
90,22,Proliferation,true,false,false
86,33,Proliferation,true,false,true
65,118,Proliferation,true,true,true
83,34,Proliferation,true,false,false
53,105,Growth_Arrest,false,true,true
84,64,Proliferation,true,true,false
46,38,Proliferation,true,true,false
106,90,Proliferation,true,false,true
62,24,Proliferation,true,false,true
110,100,Proliferation,true,true,true
27,90,Growth_Arrest,false,true,false
107,37,Proliferation,true,true,true
52,108,Proliferation,true,false,true
58,54,Proliferation,true,true,false
69,126,Growth_Arrest,false,true,false
84,125,Growth_Arrest,false,false,false
57,93,Proliferation,true,false,false
86,73,Proliferation,true,false,true
101,64,Proliferation,true,true,true
82,95,Growth_Arrest,false,false,false
30,103,Proliferation,true,false,false
85,93,Proliferation,true,true,true
43,119,Proliferation,true,false,true
45,48,Proliferation,true,true,true
28,67,Proliferation,true,true,false
91,71,Growth_Arrest,false,false,false
43,88,Growth_Arrest,false,false,false
106,77,Proliferation,true,false,false
53,36,Growth_Arrest,false,true,false
85,106,Growth_Arrest,false,false,true
110,62,Proliferation,true,true,true
73,20,Proliferation,true,false,false
108,76,Proliferation,true,false,false
55,57,Proliferation,true,false,false
30,60,Proliferation,true,false,true
74,94,Growth_Arrest,false,true,true
102,41,Growth_Arrest,false,true,true
46,76,Proliferation,true,false,true
80,92,Growth_Arrest,false,true,false
28,85,Proliferation,true,true,true
39,95,Proliferation,true,true,true
113,98,Proliferation,true,true,true
60,30,Proliferation,true,true,false
71,59,Proliferation,true,false,false
31,60,Proliferation,true,false,true
105,117,Proliferation,true,false,false
70,27,Proliferation,true,true,true
115,101,Proliferation,true,false,false
37,66,Growth_Arrest,false,false,false
102,121,Growth_Arrest,false,false,true
79,109,Proliferation,true,true,true
100,69,Proliferation,true,true,true
49,122,Proliferation,true,false,false
62,116,Proliferation,true,false,false
21,61,Growth_Arrest,false,false,false
55,70,Proliferation,true,true,true
50,34,Proliferation,true,true,true
36,91,Proliferation,true,true,false
53,37,Proliferation,true,true,true
31,87,Proliferation,true,false,true
77,32,Proliferation,true,true,false
76,27,Growth_Arrest,false,false,false
75,125,Proliferation,true,true,false
55,126,Proliferation,true,false,false
105,27,Proliferation,true,true,false
32,108,Growth_Arrest,false,false,true
20,87,Proliferation,true,false,true
56,41,Growth_Arrest,false,true,true
48,98,Proliferation,true,false,true
63,115,Growth_Arrest,false,true,true
101,52,Growth_Arrest,false,false,false
60,79,Growth_Arrest,false,true,true
62,97,Growth_Arrest,false,true,true
20,76,Proliferation,true,true,true
116,79,Proliferation,true,true,false
46,123,Proliferation,true,false,true
57,26,Proliferation,true,true,false
100,109,Growth_Arrest,false,true,false
98,110,Proliferation,true,true,true
30,45,Growth_Arrest,false,false,true
37,75,Proliferation,true,false,false
57,103,Growth_Arrest,false,false,false
75,85,Proliferation,true,true,false
102,74,Proliferation,true,true,true
70,80,Proliferation,true,true,true
119,42,Proliferation,true,true,true
76,58,Proliferation,true,true,false
124,66,Proliferation,true,false,false
78,68,Growth_Arrest,false,true,false
82,93,Proliferation,true,true,false
101,34,Proliferation,true,false,true
115,112,Proliferation,true,true,true
42,44,Proliferation,true,false,false
81,111,Proliferation,true,false,false
55,67,Proliferation,true,true,true
59,104,Growth_Arrest,false,true,true
110,36,Growth_Arrest,false,false,true
25,96,Growth_Arrest,false,true,false
30,47,Proliferation,true,false,true
104,73,Proliferation,true,true,true
89,85,Proliferation,true,false,false
95,64,Growth_Arrest,false,true,false
94,58,Growth_Arrest,false,false,true
72,95,Proliferation,true,true,false
84,39,Proliferation,true,true,false
93,29,Proliferation,true,true,true
115,52,Proliferation,true,false,true
32,89,Proliferation,true,true,true
55,107,Growth_Arrest,false,false,false
53,89,Proliferation,true,true,true
113,91,Proliferation,true,true,true
60,105,Growth_Arrest,false,true,false
40,36,Proliferation,true,true,false
78,96,Proliferation,true,true,false
33,59,Growth_Arrest,false,false,true
89,54,Proliferation,true,true,true
102,64,Growth_Arrest,false,true,false
91,112,Growth_Arrest,false,true,false
52,64,Proliferation,true,true,true
67,20,Proliferation,true,false,false
67,56,Proliferation,true,false,true
112,60,Proliferation,true,true,false
50,106,Proliferation,true,false,false
87,86,Growth_Arrest,false,false,true
87,41,Growth_Arrest,false,true,false
70,23,Proliferation,true,false,true
27,79,Proliferation,true,false,false
35,79,Growth_Arrest,false,false,true
70,113,Growth_Arrest,false,true,true
22,94,Proliferation,true,true,true
79,63,Growth_Arrest,false,true,true
32,42,Proliferation,true,true,true
64,107,Proliferation,true,false,false
77,49,Proliferation,true,true,false
50,38,Proliferation,true,false,true
91,92,Growth_Arrest,false,false,true
106,70,Proliferation,true,true,true
42,90,Proliferation,true,false,true
37,97,Proliferation,true,false,true
36,70,Growth_Arrest,false,false,false
122,77,Growth_Arrest,false,true,true
120,88,Proliferation,true,false,true
114,35,Proliferation,true,true,false
100,83,Growth_Arrest,false,false,true
21,86,Proliferation,true,false,true
31,83,Proliferation,true,true,false
41,82,Proliferation,true,false,false
98,35,Proliferation,true,false,false
81,56,Proliferation,true,false,false
113,71,Growth_Arrest,false,false,true
59,44,Proliferation,true,true,true
82,63,Proliferation,true,false,true
84,24,Proliferation,true,true,false
108,47,Growth_Arrest,false,false,false
48,78,Proliferation,true,true,true
96,93,Growth_Arrest,false,true,false
32,61,Proliferation,true,false,true
37,98,Proliferation,true,true,false
30,107,Proliferation,true,false,false
75,24,Growth_Arrest,false,true,false
120,61,Growth_Arrest,false,false,true
62,80,Growth_Arrest,false,false,false
40,32,Proliferation,true,true,false
85,51,Growth_Arrest,false,true,true
115,46,Growth_Arrest,false,true,false
91,114,Proliferation,true,true,false
38,62,Proliferation,true,false,true
89,35,Growth_Arrest,false,true,false
121,104,Proliferation,true,true,false
92,29,Growth_Arrest,false,true,true
63,75,Proliferation,true,false,true
99,82,Proliferation,true,false,false
56,39,Proliferation,true,true,true
58,116,Proliferation,true,false,true
35,105,Proliferation,true,false,true
47,27,Proliferation,true,false,false
106,51,Growth_Arrest,false,false,false
70,87,Proliferation,true,true,true
67,44,Growth_Arrest,false,false,true
61,64,Proliferation,true,false,true
93,56,Growth_Arrest,false,false,true
56,125,Proliferation,true,true,false
116,107,Growth_Arrest,false,true,false
97,26,Proliferation,true,true,true
91,127,Proliferation,true,true,false
80,121,Proliferation,true,false,true
128,57,Proliferation,true,false,true
107,92,Proliferation,true,false,false
105,78,Growth_Arrest,false,false,true
44,108,Proliferation,true,false,true
44,64,Proliferation,true,false,true
83,91,Proliferation,true,true,true
118,55,Growth_Arrest,false,false,false
51,76,Proliferation,true,true,true
55,86,Proliferation,true,true,false
46,37,Proliferation,true,true,true
22,84,Growth_Arrest,false,true,true
105,116,Proliferation,true,true,false
34,102,Proliferation,true,false,false
66,80,Proliferation,true,false,false
86,123,Growth_Arrest,false,true,true
112,66,Proliferation,true,false,false
74,56,Proliferation,true,true,false
61,25,Proliferation,true,true,true
90,117,Proliferation,true,false,false
64,106,Proliferation,true,false,true
61,57,Growth_Arrest,false,false,false
43,31,Growth_Arrest,false,false,true
55,73,Growth_Arrest,false,true,false
77,27,Proliferation,true,false,true
47,117,Proliferation,true,true,false
65,115,Proliferation,true,false,false
21,69,Proliferation,true,true,true
117,100,Proliferation,true,false,true
113,50,Proliferation,true,true,true
67,40,Proliferation,true,true,false
79,36,Proliferation,true,true,true
113,72,Proliferation,true,true,false
94,26,Proliferation,true,true,false
102,84,Growth_Arrest,false,true,true
57,86,Proliferation,true,true,true
74,107,Proliferation,true,true,true
60,41,Proliferation,true,false,true
91,28,Growth_Arrest,false,false,false
71,50,Proliferation,true,true,true
104,34,Growth_Arrest,false,true,true
65,21,Growth_Arrest,false,true,true
76,69,Proliferation,true,true,false
124,101,Proliferation,true,true,false
93,45,Growth_Arrest,false,true,false
52,121,Growth_Arrest,false,true,true
48,104,Proliferation,true,true,true
64,112,Proliferation,true,false,true
85,96,Proliferation,true,true,true
52,66,Proliferation,true,true,true
43,103,Proliferation,true,false,true
50,111,Growth_Arrest,false,false,false
82,71,Proliferation,true,true,true
123,78,Proliferation,true,true,false
86,77,Proliferation,true,true,true
118,63,Growth_Arrest,false,true,false
106,37,Proliferation,true,false,false
26,60,Proliferation,true,false,false
49,40,Proliferation,true,true,true
37,37,Proliferation,true,true,true
91,111,Proliferation,true,true,false
87,128,Proliferation,true,true,true
104,106,Proliferation,true,false,false
60,125,Proliferation,true,true,true
26,74,Proliferation,true,false,true
38,112,Proliferation,true,false,true
121,87,Growth_Arrest,false,false,false
65,85,Proliferation,true,false,false
92,51,Growth_Arrest,false,false,false
83,123,Proliferation,true,true,true
97,61,Growth_Arrest,false,false,false
51,122,Proliferation,true,true,true
48,79,Proliferation,true,true,false
28,52,Proliferation,true,false,true
54,67,Growth_Arrest,false,true,false
71,63,Proliferation,true,true,false
97,75,Proliferation,true,false,false
60,113,Proliferation,true,true,false
77,24,Proliferation,true,false,true
47,111,Proliferation,true,false,false
56,66,Growth_Arrest,false,true,false
78,42,Proliferation,true,true,true
86,89,Proliferation,true,false,false
50,28,Proliferation,true,false,false
52,35,Growth_Arrest,false,true,true
32,79,Proliferation,true,true,true
93,111,Proliferation,true,false,true
106,64,Proliferation,true,true,true
118,61,Proliferation,true,true,true
23,62,Proliferation,true,false,false
95,54,Growth_Arrest,false,true,false
27,102,Growth_Arrest,false,true,false
125,59,Proliferation,true,false,true
35,108,Proliferation,true,false,true
80,32,Proliferation,true,false,false
110,52,Growth_Arrest,false,true,false
109,102,Growth_Arrest,false,true,true
83,30,Proliferation,true,false,true
87,52,Proliferation,true,true,true
75,92,Proliferation,true,false,true
89,70,Proliferation,true,false,true
106,52,Proliferation,true,false,false
27,85,Proliferation,true,false,false
81,124,Proliferation,true,false,true
61,74,Proliferation,true,false,false
103,51,Proliferation,true,true,true
35,50,Proliferation,true,true,true
97,74,Proliferation,true,true,true
43,67,Proliferation,true,false,false
106,97,Growth_Arrest,false,false,false
61,63,Proliferation,true,true,true
108,36,Growth_Arrest,false,false,true
50,67,Proliferation,true,false,true
64,98,Proliferation,true,false,false
25,101,Proliferation,true,false,false
73,79,Growth_Arrest,false,false,false
116,93,Proliferation,true,true,true
88,51,Growth_Arrest,false,true,false
86,117,Growth_Arrest,false,true,true
24,82,Growth_Arrest,false,false,false
90,23,Proliferation,true,true,true
68,89,Proliferation,true,true,false
51,58,Proliferation,true,true,false
34,81,Growth_Arrest,false,true,false
91,122,Proliferation,true,true,false
96,86,Proliferation,true,true,false
52,100,Proliferation,true,false,true
80,48,Proliferation,true,true,true
67,83,Growth_Arrest,false,false,false
47,68,Growth_Arrest,false,true,true
77,117,Proliferation,true,true,true
42,70,Proliferation,true,false,false
110,64,Proliferation,true,false,true
43,62,Growth_Arrest,false,true,false
113,111,Proliferation,true,false,false
28,43,Proliferation,true,true,true
94,45,Proliferation,true,true,true
91,126,Proliferation,true,true,false
31,65,Proliferation,true,false,true
61,127,Proliferation,true,true,false
74,77,Proliferation,true,false,true
93,66,Proliferation,true,true,false
29,90,Proliferation,true,true,false
53,66,Proliferation,true,true,false
103,43,Proliferation,true,false,false
91,57,Proliferation,true,true,false
33,58,Proliferation,true,false,false
66,41,Proliferation,true,false,false
64,56,Proliferation,true,false,true
27,59,Growth_Arrest,false,true,true
82,22,Proliferation,true,false,true
45,45,Proliferation,true,true,false
71,105,Proliferation,true,true,true
47,67,Growth_Arrest,false,true,false
69,79,Growth_Arrest,false,false,false
110,32,Proliferation,true,false,false
81,89,Growth_Arrest,false,true,false
80,100,Proliferation,true,true,true
83,84,Proliferation,true,false,false
104,111,Proliferation,true,false,false
66,21,Proliferation,true,false,true
97,124,Proliferation,true,true,false
84,129,Growth_Arrest,false,false,false
59,87,Growth_Arrest,false,false,true
101,36,Proliferation,true,false,true
110,48,Proliferation,true,false,true
27,75,Proliferation,true,true,true
61,77,Growth_Arrest,false,false,false
81,129,Growth_Arrest,false,true,false
90,127,Proliferation,true,false,false
88,103,Proliferation,true,false,false
99,41,Growth_Arrest,false,true,true
65,123,Proliferation,true,true,true
51,36,Proliferation,true,true,true
61,37,Proliferation,true,false,true
91,93,Proliferation,true,true,false
37,87,Proliferation,true,false,false
26,49,Proliferation,true,false,true
30,109,Proliferation,true,false,false
125,50,Proliferation,true,true,true
119,72,Growth_Arrest,false,true,true
42,81,Growth_Arrest,false,false,false
80,102,Proliferation,true,true,true
102,106,Proliferation,true,false,true
105,88,Proliferation,true,false,true
48,109,Proliferation,true,false,false
79,120,Growth_Arrest,false,false,false
39,50,Proliferation,true,false,true
95,118,Growth_Arrest,false,true,true
26,48,Growth_Arrest,false,false,true
52,75,Growth_Arrest,false,true,true
61,114,Growth_Arrest,false,false,false
79,100,Proliferation,true,false,false
93,102,Growth_Arrest,false,true,true
42,35,Growth_Arrest,false,false,false
70,66,Proliferation,true,false,true
83,67,Growth_Arrest,false,true,false
53,55,Growth_Arrest,false,true,false
46,84,Growth_Arrest,false,true,true
94,121,Proliferation,true,true,true
38,86,Proliferation,true,true,false
38,82,Proliferation,true,true,true
47,123,Growth_Arrest,false,false,false
88,45,Growth_Arrest,false,true,true
97,63,Growth_Arrest,false,false,true
43,59,Growth_Arrest,false,true,true
75,75,Growth_Arrest,false,true,true
105,93,Proliferation,true,false,true
100,31,Growth_Arrest,false,false,true
126,69,Growth_Arrest,false,true,true
99,84,Proliferation,true,false,true
118,103,Proliferation,true,true,false
93,89,Proliferation,true,false,false
50,42,Growth_Arrest,false,true,true
58,60,Proliferation,true,true,true
26,61,Proliferation,true,false,false
65,37,Proliferation,true,true,false
37,91,Proliferation,true,false,false
37,104,Proliferation,true,true,true
80,113,Proliferation,true,false,false
34,101,Proliferation,true,false,true
122,103,Growth_Arrest,false,true,true
73,49,Proliferation,true,true,true
108,39,Proliferation,true,true,true
94,53,Proliferation,true,false,true
77,101,Proliferation,true,true,false
111,93,Proliferation,true,false,true
35,52,Growth_Arrest,false,true,false
101,96,Proliferation,true,false,true
89,72,Proliferation,true,false,false
75,102,Proliferation,true,true,true
43,79,Growth_Arrest,false,true,true
82,68,Growth_Arrest,false,true,true
61,104,Proliferation,true,false,true
23,82,Proliferation,true,false,true
114,91,Growth_Arrest,false,true,false
84,73,Proliferation,true,true,true
82,110,Proliferation,true,false,true
106,113,Proliferation,true,false,true
107,99,Growth_Arrest,false,true,true
65,35,Proliferation,true,true,true
71,89,Proliferation,true,false,false
72,91,Proliferation,true,true,false
31,63,Growth_Arrest,false,true,false
104,108,Proliferation,true,true,false
56,98,Proliferation,true,true,false
46,95,Proliferation,true,true,true
105,54,Proliferation,true,false,false
102,31,Proliferation,true,false,true
59,62,Proliferation,true,false,false
69,22,Proliferation,true,false,false
101,83,Growth_Arrest,false,true,true
37,82,Proliferation,true,false,false
94,110,Proliferation,true,false,true
61,111,Growth_Arrest,false,true,true
83,82,Growth_Arrest,false,true,false
28,89,Proliferation,true,false,false
95,82,Proliferation,true,true,true
87,24,Proliferation,true,false,true
89,81,Proliferation,true,false,false
101,42,Proliferation,true,true,true
99,125,Proliferation,true,true,false
116,67,Growth_Arrest,false,true,false
46,36,Proliferation,true,false,true
108,33,Proliferation,true,true,false
80,38,Proliferation,true,false,false
118,50,Growth_Arrest,false,true,true
68,27,Growth_Arrest,false,false,true
128,82,Proliferation,true,true,true
28,98,Growth_Arrest,false,true,true
120,89,Growth_Arrest,false,false,false
37,61,Growth_Arrest,false,true,false
35,59,Growth_Arrest,false,true,true
87,118,Growth_Arrest,false,true,false
104,41,Growth_Arrest,false,true,false
115,83,Proliferation,true,false,true
101,66,Growth_Arrest,false,false,true
26,66,Proliferation,true,false,false
63,76,Growth_Arrest,false,false,false
128,70,Growth_Arrest,false,true,false
36,76,Proliferation,true,false,true
48,41,Proliferation,true,true,false
36,86,Proliferation,true,true,false
86,119,Proliferation,true,true,false
112,115,Proliferation,true,false,true
104,70,Proliferation,true,true,true
94,102,Proliferation,true,false,false
116,99,Proliferation,true,true,true
90,44,Proliferation,true,true,true
95,100,Growth_Arrest,false,false,false
39,47,Proliferation,true,true,true
78,28,Proliferation,true,true,false
125,80,Proliferation,true,true,false
49,77,Growth_Arrest,false,false,false
102,110,Proliferation,true,true,false
53,107,Proliferation,true,false,true
108,98,Proliferation,true,true,false
69,107,Growth_Arrest,false,false,false
31,50,Proliferation,true,true,true
69,125,Proliferation,true,true,false
39,86,Growth_Arrest,false,false,false
69,65,Proliferation,true,true,true
40,30,Proliferation,true,true,true
89,113,Proliferation,true,true,false
122,62,Growth_Arrest,false,true,true
49,112,Growth_Arrest,false,true,true
85,127,Growth_Arrest,false,true,true
101,44,Proliferation,true,false,false
49,65,Proliferation,true,true,true
57,31,Proliferation,true,false,true
130,78,Proliferation,true,true,true
71,57,Proliferation,true,true,true
46,82,Proliferation,true,true,false
117,49,Proliferation,true,true,true
55,46,Proliferation,true,true,true
87,92,Proliferation,true,false,true
122,75,Growth_Arrest,false,false,true
43,69,Proliferation,true,false,false
118,98,Growth_Arrest,false,false,false
108,84,Growth_Arrest,false,false,true
124,98,Growth_Arrest,false,false,true
101,54,Growth_Arrest,false,false,false
101,38,Proliferation,true,true,false
70,64,Growth_Arrest,false,false,true
111,54,Proliferation,true,false,true
50,118,Proliferation,true,false,true
96,82,Proliferation,true,false,false
31,84,Proliferation,true,false,false
35,86,Growth_Arrest,false,false,true
43,43,Proliferation,true,true,true
63,95,Proliferation,true,false,false
103,49,Proliferation,true,true,false
44,57,Proliferation,true,false,true
56,29,Proliferation,true,false,true
75,69,Growth_Arrest,false,true,true
105,28,Proliferation,true,false,false
60,121,Proliferation,true,true,true
96,106,Proliferation,true,false,false
65,78,Growth_Arrest,false,true,false
59,43,Growth_Arrest,false,true,false
89,120,Proliferation,true,true,true
97,23,Proliferation,true,true,false
70,110,Proliferation,true,true,true
94,74,Proliferation,true,true,false
64,105,Growth_Arrest,false,false,true
83,24,Proliferation,true,false,false
118,57,Proliferation,true,false,false
89,22,Proliferation,true,false,false
20,82,Proliferation,true,true,true
128,79,Proliferation,true,true,false
78,50,Proliferation,true,false,true
25,91,Proliferation,true,true,false
77,57,Growth_Arrest,false,false,false
71,54,Proliferation,true,true,true
39,97,Proliferation,true,true,false
118,93,Proliferation,true,false,false
107,89,Proliferation,true,false,false
120,48,Growth_Arrest,false,true,true
86,118,Growth_Arrest,false,true,false
59,78,Proliferation,true,false,false
121,68,Proliferation,true,false,true
78,64,Proliferation,true,false,false
86,46,Proliferation,true,true,false
90,96,Growth_Arrest,false,false,false
108,93,Proliferation,true,true,false
74,104,Proliferation,true,true,false
111,97,Growth_Arrest,false,true,false
82,42,Proliferation,true,true,false
56,94,Proliferation,true,true,false
55,53,Growth_Arrest,false,true,false
46,104,Growth_Arrest,false,true,false
69,19,Proliferation,true,false,true
100,50,Proliferation,true,false,false
125,64,Proliferation,true,true,false
99,40,Growth_Arrest,false,false,true
85,31,Growth_Arrest,false,false,true
109,100,Proliferation,true,true,false
83,120,Proliferation,true,false,false
102,55,Proliferation,true,true,false
79,24,Growth_Arrest,false,false,true
123,63,Proliferation,true,false,true
47,120,Proliferation,true,true,true
103,48,Proliferation,true,true,true
77,102,Proliferation,true,true,true
88,102,Growth_Arrest,false,true,false
103,52,Proliferation,true,true,true
104,99,Proliferation,true,true,false
89,109,Growth_Arrest,false,false,false
80,31,Proliferation,true,true,true
99,43,Growth_Arrest,false,false,true
83,75,Proliferation,true,true,false
83,71,Proliferation,true,true,true
42,30,Growth_Arrest,false,false,true
49,37,Growth_Arrest,false,true,true
35,102,Growth_Arrest,false,false,true
88,59,Growth_Arrest,false,false,false
116,47,Growth_Arrest,false,true,true
92,63,Proliferation,true,false,false
89,124,Proliferation,true,false,true
90,86,Growth_Arrest,false,true,true
89,97,Proliferation,true,true,true
109,92,Growth_Arrest,false,true,true
93,86,Growth_Arrest,false,false,true
36,59,Proliferation,true,false,true
40,101,Proliferation,true,false,true
110,65,Growth_Arrest,false,false,false
91,108,Proliferation,true,false,true
70,84,Growth_Arrest,false,false,true
52,32,Proliferation,true,true,true
25,67,Proliferation,true,true,false
67,47,Growth_Arrest,false,true,true
36,39,Growth_Arrest,false,true,false
68,125,Proliferation,true,false,false
69,99,Proliferation,true,false,false
86,127,Proliferation,true,true,false
45,33,Growth_Arrest,false,true,true
65,74,Proliferation,true,false,false
69,121,Proliferation,true,false,false
125,89,Growth_Arrest,false,true,true
59,71,Growth_Arrest,false,false,true
55,58,Proliferation,true,true,true
72,117,Proliferation,true,false,true
101,27,Proliferation,true,false,false
81,77,Proliferation,true,true,true
107,72,Proliferation,true,true,true
102,34,Growth_Arrest,false,false,true
72,122,Proliferation,true,true,true
77,64,Growth_Arrest,false,true,true
124,71,Proliferation,true,false,false
28,56,Growth_Arrest,false,true,false
126,77,Proliferation,true,true,false
81,28,Growth_Arrest,false,false,true
44,51,Growth_Arrest,false,true,true
93,110,Growth_Arrest,false,true,true
53,60,Proliferation,true,true,true
72,61,Growth_Arrest,false,true,false
53,113,Proliferation,true,true,true
58,23,Proliferation,true,true,false
111,53,Proliferation,true,true,false
111,114,Proliferation,true,true,false
86,103,Proliferation,true,false,false
114,43,Growth_Arrest,false,false,true
46,44,Proliferation,true,false,false
47,37,Growth_Arrest,false,false,false
19,84,Growth_Arrest,false,false,true
68,69,Proliferation,true,true,false
90,46,Proliferation,true,true,true
53,120,Proliferation,true,false,true
112,97,Proliferation,true,false,true
65,27,Proliferation,true,false,false
33,50,Proliferation,true,false,true
73,89,Proliferation,true,true,false
85,91,Growth_Arrest,false,false,true
59,52,Proliferation,true,true,true
81,48,Proliferation,true,false,true
97,40,Proliferation,true,false,false
49,72,Proliferation,true,false,false
115,106,Growth_Arrest,false,true,false
34,79,Growth_Arrest,false,true,false
61,39,Growth_Arrest,false,false,true
36,73,Growth_Arrest,false,false,true
81,40,Proliferation,true,true,false
58,38,Proliferation,true,true,false
36,68,Growth_Arrest,false,false,true
72,58,Proliferation,true,false,true
94,86,Proliferation,true,false,false
42,98,Growth_Arrest,false,false,true
94,104,Proliferation,true,false,false
118,43,Growth_Arrest,false,true,true
63,24,Proliferation,true,true,true
80,50,Proliferation,true,false,true
120,79,Proliferation,true,true,false
54,23,Proliferation,true,false,false
122,70,Proliferation,true,true,true
128,81,Growth_Arrest,false,false,true
93,98,Proliferation,true,true,false
97,62,Proliferation,true,false,false
71,39,Proliferation,true,false,false
62,122,Growth_Arrest,false,true,false
50,56,Growth_Arrest,false,false,false
61,97,Growth_Arrest,false,true,false
91,53,Proliferation,true,true,false
37,106,Proliferation,true,false,true
125,55,Proliferation,true,false,true
40,45,Proliferation,true,true,false
103,47,Proliferation,true,true,true
87,69,Growth_Arrest,false,false,false
103,29,Growth_Arrest,false,true,false
92,68,Proliferation,true,true,false
91,74,Proliferation,true,false,true
87,60,Proliferation,true,false,false
91,123,Proliferation,true,false,true
42,47,Proliferation,true,true,false
51,40,Growth_Arrest,false,true,false
52,55,Proliferation,true,true,false
93,48,Growth_Arrest,false,false,true
45,75,Proliferation,true,true,false
55,112,Proliferation,true,false,false
97,54,Proliferation,true,true,false
112,105,Proliferation,true,false,true
91,23,Growth_Arrest,false,true,true
48,117,Proliferation,true,true,true
57,29,Proliferation,true,false,true
119,59,Growth_Arrest,false,true,false
45,43,Growth_Arrest,false,true,false
129,69,Proliferation,true,true,false
91,56,Proliferation,true,false,true
64,119,Proliferation,true,false,false
94,113,Proliferation,true,false,false
95,62,Proliferation,true,true,false
38,83,Growth_Arrest,false,false,true
101,76,Proliferation,true,false,false
23,90,Growth_Arrest,false,false,false
114,114,Proliferation,true,false,true
105,95,Proliferation,true,false,true
30,70,Proliferation,true,false,false
53,104,Proliferation,true,true,true
49,87,Proliferation,true,false,true
114,107,Growth_Arrest,false,true,false
88,46,Proliferation,true,false,true
82,103,Proliferation,true,false,true
114,37,Proliferation,true,false,true
48,75,Growth_Arrest,false,false,false
120,62,Proliferation,true,true,true
57,106,Proliferation,true,true,false
69,55,Proliferation,true,true,false
57,111,Growth_Arrest,false,true,false
38,108,Growth_Arrest,false,false,true
52,84,Growth_Arrest,false,true,false
107,97,Growth_Arrest,false,false,true
70,22,Proliferation,true,true,false
83,51,Proliferation,true,true,false
108,75,Proliferation,true,false,true
70,86,Growth_Arrest,false,false,false
113,90,Proliferation,true,true,false
63,108,Proliferation,true,true,true
107,76,Growth_Arrest,false,true,false
85,121,Growth_Arrest,false,true,true
67,100,Proliferation,true,true,true
36,87,Growth_Arrest,false,true,false
75,51,Growth_Arrest,false,true,true
87,108,Proliferation,true,false,false
43,50,Growth_Arrest,false,true,false
86,38,Proliferation,true,true,false
39,65,Growth_Arrest,false,false,true
118,69,Growth_Arrest,false,true,false
32,62,Proliferation,true,false,true
34,89,Proliferation,true,true,true
68,99,Proliferation,true,true,true
99,65,Proliferation,true,false,false
107,107,Proliferation,true,false,true
55,103,Proliferation,true,true,false
53,68,Proliferation,true,false,true
116,102,Proliferation,true,true,false
68,74,Proliferation,true,true,true
45,106,Growth_Arrest,false,false,false
66,77,Growth_Arrest,false,true,false
90,128,Proliferation,true,true,false
72,105,Proliferation,true,true,false
85,35,Proliferation,true,true,false
52,72,Proliferation,true,true,false
97,118,Proliferation,true,true,true
60,123,Growth_Arrest,false,true,false
120,97,Proliferation,true,true,false
88,34,Growth_Arrest,false,true,true
76,53,Growth_Arrest,false,true,false
42,91,Proliferation,true,true,true
108,60,Growth_Arrest,false,true,true
43,57,Proliferation,true,true,false
94,57,Proliferation,true,false,false
78,55,Proliferation,true,false,true
73,37,Proliferation,true,false,false
83,57,Proliferation,true,false,false
90,78,Proliferation,true,true,false
88,65,Proliferation,true,false,true
94,65,Growth_Arrest,false,true,true
91,89,Growth_Arrest,false,true,false
86,72,Proliferation,true,true,true
67,32,Proliferation,true,true,true
94,120,Proliferation,true,false,false
56,58,Proliferation,true,true,false
51,85,Growth_Arrest,false,false,true
84,37,Proliferation,true,true,false
122,54,Growth_Arrest,false,true,false
40,50,Proliferation,true,true,false
70,125,Growth_Arrest,false,true,false
128,69,Proliferation,true,true,false
113,84,Proliferation,true,true,false
103,112,Proliferation,true,true,false
68,34,Proliferation,true,true,true
70,41,Growth_Arrest,false,true,false
84,42,Proliferation,true,true,false
93,67,Proliferation,true,true,false
67,121,Growth_Arrest,false,false,false
49,76,Proliferation,true,true,false
74,36,Growth_Arrest,false,true,true
37,103,Growth_Arrest,false,false,true
63,83,Growth_Arrest,false,true,true
55,23,Growth_Arrest,false,false,true
49,29,Growth_Arrest,false,true,false
64,130,Proliferation,true,true,false
96,120,Proliferation,true,false,false
83,45,Growth_Arrest,false,true,false
88,119,Proliferation,true,true,true
69,86,Proliferation,true,true,false
45,59,Proliferation,true,true,true
64,33,Proliferation,true,true,true
95,49,Proliferation,true,true,true
72,106,Growth_Arrest,false,false,false
33,95,Proliferation,true,true,true
70,81,Proliferation,true,true,false
122,66,Proliferation,true,false,false
117,65,Proliferation,true,false,true
120,73,Proliferation,true,false,true
112,34,Proliferation,true,false,true
37,68,Growth_Arrest,false,false,false
128,77,Proliferation,true,false,true
59,41,Proliferation,true,false,false
29,52,Proliferation,true,false,false
35,111,Proliferation,true,true,true
54,59,Growth_Arrest,false,true,false
92,105,Growth_Arrest,false,false,false
107,50,Growth_Arrest,false,false,true
114,75,Proliferation,true,false,true
67,122,Proliferation,true,false,false
66,95,Proliferation,true,false,true
66,48,Proliferation,true,false,true
76,87,Proliferation,true,true,false
81,123,Proliferation,true,true,true
100,45,Proliferation,true,false,false
21,90,Proliferation,true,false,false
128,64,Proliferation,true,false,false
117,54,Proliferation,true,false,true
91,90,Growth_Arrest,false,false,true
112,78,Proliferation,true,true,true
129,66,Proliferation,true,true,true
87,48,Growth_Arrest,false,false,false
87,42,Proliferation,true,false,false
124,59,Growth_Arrest,false,false,false
58,21,Growth_Arrest,false,true,false
55,66,Proliferation,true,true,false
113,41,Proliferation,true,true,false
59,49,Proliferation,true,true,false
81,74,Proliferation,true,false,true
62,115,Proliferation,true,false,true
83,100,Growth_Arrest,false,true,false
105,29,Proliferation,true,true,false
40,56,Growth_Arrest,false,true,true
57,52,Proliferation,true,true,true
56,68,Proliferation,true,false,false
61,129,Growth_Arrest,false,true,true
99,80,Proliferation,true,true,true
37,50,Proliferation,true,false,false
71,35,Proliferation,true,true,false
66,107,Proliferation,true,false,false
93,105,Growth_Arrest,false,false,true
67,64,Proliferation,true,false,true
55,54,Proliferation,true,false,false
50,72,Growth_Arrest,false,false,false
105,121,Proliferation,true,false,false
21,75,Growth_Arrest,false,true,true
89,27,Proliferation,true,true,false
73,121,Proliferation,true,true,false
67,120,Growth_Arrest,false,true,false
83,99,Proliferation,true,false,true
58,87,Proliferation,true,true,true
88,58,Growth_Arrest,false,true,false
103,97,Proliferation,true,false,true
116,74,Proliferation,true,true,false
118,70,Proliferation,true,true,true
109,106,Proliferation,true,false,false
64,87,Proliferation,true,true,true
88,39,Proliferation,true,false,false
96,36,Proliferation,true,true,false
108,110,Proliferation,true,true,true
77,122,Growth_Arrest,false,true,true
24,87,Proliferation,true,true,true
100,67,Proliferation,true,true,false
112,46,Proliferation,true,true,true
82,55,Growth_Arrest,false,true,false
60,69,Proliferation,true,false,false
112,80,Growth_Arrest,false,false,true
51,100,Proliferation,true,false,false
96,50,Proliferation,true,false,false
48,40,Growth_Arrest,false,false,false
31,86,Proliferation,true,false,false
120,103,Proliferation,true,false,true
57,109,Proliferation,true,false,false
81,29,Proliferation,true,true,true
49,124,Proliferation,true,false,false
90,30,Growth_Arrest,false,true,true
70,49,Growth_Arrest,false,true,true
25,97,Proliferation,true,false,true
41,109,Proliferation,true,false,true
108,89,Proliferation,true,true,true
100,58,Proliferation,true,true,true
43,105,Proliferation,true,true,false
92,81,Proliferation,true,true,false
74,123,Proliferation,true,false,true
59,88,Proliferation,true,true,false
77,22,Growth_Arrest,false,true,false
46,98,Proliferation,true,false,false
119,89,Growth_Arrest,false,false,true
27,88,Proliferation,true,true,true
118,76,Growth_Arrest,false,true,true
46,99,Proliferation,true,false,false
111,117,Proliferation,true,true,true
46,45,Proliferation,true,false,false
45,67,Growth_Arrest,false,false,true
31,67,Proliferation,true,true,true
60,26,Growth_Arrest,false,false,false
45,86,Growth_Arrest,false,false,true
82,113,Growth_Arrest,false,true,true
36,64,Proliferation,true,false,false
120,81,Growth_Arrest,false,false,true
42,39,Growth_Arrest,false,false,false
94,40,Proliferation,true,false,false
122,51,Growth_Arrest,false,false,true
33,56,Growth_Arrest,false,false,false
82,40,Growth_Arrest,false,true,false
92,115,Proliferation,true,false,false
64,39,Proliferation,true,true,false
109,66,Growth_Arrest,false,true,false
114,112,Proliferation,true,true,true
75,59,Proliferation,true,true,false
78,79,Growth_Arrest,false,false,false
117,45,Proliferation,true,false,false
88,86,Growth_Arrest,false,false,false
101,57,Proliferation,true,false,true
26,98,Growth_Arrest,false,true,true
100,95,Proliferation,true,false,true
99,29,Growth_Arrest,false,true,true
67,92,Proliferation,true,true,true
124,100,Proliferation,true,false,true
64,96,Proliferation,true,true,true
72,57,Proliferation,true,false,false
33,109,Growth_Arrest,false,false,true
97,105,Proliferation,true,false,true
53,71,Proliferation,true,true,false
118,83,Proliferation,true,true,true
70,72,Proliferation,true,true,false
59,103,Proliferation,true,false,false
45,61,Proliferation,true,true,false
51,25,Growth_Arrest,false,false,true
89,60,Proliferation,true,false,true
64,88,Growth_Arrest,false,false,false
126,94,Growth_Arrest,false,true,false
80,66,Proliferation,true,true,true
29,65,Proliferation,true,false,true
106,36,Proliferation,true,true,false
58,77,Proliferation,true,false,true
62,38,Proliferation,true,false,true
85,123,Proliferation,true,false,true
62,83,Growth_Arrest,false,false,true
52,114,Proliferation,true,true,true
68,82,Growth_Arrest,false,false,false
81,75,Growth_Arrest,false,false,false
124,91,Proliferation,true,false,false
92,84,Proliferation,true,false,false
104,47,Proliferation,true,false,false
89,66,Growth_Arrest,false,false,true
87,64,Proliferation,true,false,false
89,83,Growth_Arrest,false,false,true
37,64,Proliferation,true,true,true
101,114,Proliferation,true,true,false
69,89,Growth_Arrest,false,true,false
42,37,Growth_Arrest,false,false,true
84,99,Proliferation,true,true,false
86,59,Proliferation,true,false,false
84,60,Proliferation,true,true,true
30,66,Growth_Arrest,false,false,false
119,58,Proliferation,true,false,false
79,89,Growth_Arrest,false,true,true
93,22,Growth_Arrest,false,true,false
50,40,Proliferation,true,false,false
97,101,Proliferation,true,false,true
117,106,Growth_Arrest,false,true,false
114,113,Growth_Arrest,false,false,false
53,64,Growth_Arrest,false,false,false
86,65,Proliferation,true,true,false
30,48,Proliferation,true,true,true
98,106,Proliferation,true,false,false
57,43,Proliferation,true,false,false
45,102,Proliferation,true,true,true
29,106,Growth_Arrest,false,false,true
76,121,Proliferation,true,true,false
27,50,Proliferation,true,true,false
60,29,Proliferation,true,true,true
88,117,Proliferation,true,true,true
67,99,Proliferation,true,true,true
129,72,Growth_Arrest,false,false,false
41,85,Proliferation,true,true,false
65,65,Proliferation,true,true,false
43,61,Growth_Arrest,false,true,false
81,127,Proliferation,true,false,false
106,44,Growth_Arrest,false,false,false
75,98,Proliferation,true,false,true
117,86,Proliferation,true,true,false
73,58,Proliferation,true,true,true
89,28,Proliferation,true,false,true
48,76,Proliferation,true,true,false
100,57,Growth_Arrest,false,true,false
40,31,Growth_Arrest,false,true,true
123,57,Proliferation,true,false,true
26,91,Proliferation,true,true,true
79,48,Growth_Arrest,false,false,true
90,81,Growth_Arrest,false,true,true
75,70,Proliferation,true,true,true
81,88,Proliferation,true,false,true
90,45,Growth_Arrest,false,true,false
128,89,Proliferation,true,false,true
33,40,Proliferation,true,false,false
99,100,Proliferation,true,true,false
125,88,Proliferation,true,true,false
68,20,Proliferation,true,true,true
69,87,Proliferation,true,false,false
126,87,Proliferation,true,false,false
92,38,Growth_Arrest,false,true,true
63,52,Proliferation,true,true,true
76,43,Proliferation,true,true,true
52,29,Growth_Arrest,false,false,false
124,63,Proliferation,true,true,false
100,40,Proliferation,true,true,true
57,91,Growth_Arrest,false,true,true
33,47,Proliferation,true,true,false
54,110,Proliferation,true,false,false
97,106,Proliferation,true,false,true
86,62,Proliferation,true,false,true
51,94,Growth_Arrest,false,false,false
76,50,Proliferation,true,false,false
25,49,Proliferation,true,false,false
25,79,Proliferation,true,false,true
58,33,Growth_Arrest,false,true,true
21,57,Growth_Arrest,false,false,true
102,115,Growth_Arrest,false,false,true
102,52,Growth_Arrest,false,true,true
28,95,Proliferation,true,false,false
72,118,Proliferation,true,false,false
26,65,Proliferation,true,true,true
74,25,Growth_Arrest,false,false,true
90,63,Proliferation,true,false,false
37,74,Proliferation,true,true,false
30,79,Growth_Arrest,false,false,true
44,78,Growth_Arrest,false,true,true
65,122,Proliferation,true,true,true
47,69,Growth_Arrest,false,true,false
97,64,Proliferation,true,false,true
46,75,Proliferation,true,false,false
55,75,Proliferation,true,false,true
72,100,Proliferation,true,true,true
91,109,Proliferation,true,true,false
84,94,Proliferation,true,false,true
92,98,Proliferation,true,false,true
63,64,Proliferation,true,true,false
38,102,Proliferation,true,false,true
36,63,Proliferation,true,false,false
56,112,Proliferation,true,false,true
49,90,Growth_Arrest,false,true,true
107,65,Proliferation,true,false,false
28,104,Growth_Arrest,false,false,true
74,108,Growth_Arrest,false,false,true
92,66,Proliferation,true,true,false
92,59,Proliferation,true,true,true
111,75,Proliferation,true,true,false
24,92,Proliferation,true,true,true
60,111,Proliferation,true,false,false
43,55,Proliferation,true,false,false
42,33,Proliferation,true,false,true
125,94,Proliferation,true,true,false
98,48,Proliferation,true,true,true
41,54,Proliferation,true,true,true
94,55,Proliferation,true,false,false
51,44,Proliferation,true,false,false
111,82,Growth_Arrest,false,false,false
41,92,Proliferation,true,false,false
54,71,Growth_Arrest,false,false,false
60,112,Growth_Arrest,false,false,false
98,100,Growth_Arrest,false,false,false
70,59,Growth_Arrest,false,true,false
27,96,Growth_Arrest,false,true,true
106,74,Proliferation,true,false,false
46,69,Growth_Arrest,false,false,true
93,78,Growth_Arrest,false,true,true
105,112,Growth_Arrest,false,true,false
44,39,Proliferation,true,true,true
104,58,Proliferation,true,true,true
52,111,Proliferation,true,false,true
33,72,Proliferation,true,true,false
101,77,Proliferation,true,true,false
113,96,Growth_Arrest,false,true,true
35,45,Proliferation,true,false,false
42,53,Proliferation,true,true,false
61,101,Growth_Arrest,false,false,false
26,87,Proliferation,true,true,true
84,128,Growth_Arrest,false,false,true
65,20,Proliferation,true,false,false
62,69,Proliferation,true,true,true
80,53,Growth_Arrest,false,false,true
57,105,Growth_Arrest,false,false,true
111,106,Proliferation,true,true,true
55,83,Proliferation,true,false,true
32,70,Proliferation,true,false,true
69,102,Proliferation,true,false,false
56,52,Proliferation,true,true,false
38,39,Proliferation,true,true,false
20,62,Proliferation,true,false,true
77,96,Proliferation,true,false,true
127,88,Proliferation,true,false,true
36,80,Proliferation,true,true,true
22,62,Proliferation,true,true,false
71,43,Proliferation,true,true,true
73,102,Proliferation,true,false,false
28,64,Proliferation,true,false,false
118,86,Growth_Arrest,false,true,true
29,56,Growth_Arrest,false,true,false
66,34,Proliferation,true,true,true
47,122,Proliferation,true,false,true
38,114,Proliferation,true,true,false
65,47,Proliferation,true,true,true
32,38,Proliferation,true,false,true
89,30,Growth_Arrest,false,false,true
33,57,Proliferation,true,true,false
38,109,Growth_Arrest,false,true,true
77,124,Growth_Arrest,false,true,false
70,112,Growth_Arrest,false,true,false
54,29,Proliferation,true,false,false
92,50,Growth_Arrest,false,false,false
43,54,Proliferation,true,false,false
123,85,Growth_Arrest,false,false,true
52,31,Proliferation,true,false,true
67,25,Proliferation,true,true,true
30,87,Proliferation,true,true,false
78,19,Proliferation,true,false,true
100,89,Growth_Arrest,false,true,false
128,86,Proliferation,true,true,true
67,27,Proliferation,true,false,false
62,104,Proliferation,true,false,false
78,106,Growth_Arrest,false,true,true
52,97,Proliferation,true,true,false
85,129,Proliferation,true,false,false
56,31,Growth_Arrest,false,true,false
89,55,Proliferation,true,false,true
61,113,Proliferation,true,false,false
82,77,Proliferation,true,false,false
74,99,Proliferation,true,true,true
39,35,Proliferation,true,true,false
52,105,Growth_Arrest,false,false,false
101,122,Proliferation,true,true,false
110,37,Proliferation,true,false,false
55,29,Growth_Arrest,false,true,true
83,23,Growth_Arrest,false,true,true
94,37,Growth_Arrest,false,true,true
70,127,Proliferation,true,true,true
94,46,Proliferation,true,true,true
39,87,Growth_Arrest,false,true,false
93,73,Proliferation,true,true,true
68,65,Proliferation,true,true,true
71,73,Growth_Arrest,false,false,true
49,104,Proliferation,true,false,true
97,116,Proliferation,true,false,true
113,83,Growth_Arrest,false,true,false
102,81,Growth_Arrest,false,false,true
74,33,Growth_Arrest,false,true,true
119,73,Growth_Arrest,false,true,true
94,23,Proliferation,true,true,false
129,64,Proliferation,true,false,false
23,78,Proliferation,true,false,true
74,101,Proliferation,true,true,true
62,94,Proliferation,true,false,false
64,83,Growth_Arrest,false,true,true
24,64,Proliferation,true,true,true
32,58,Proliferation,true,false,false
82,90,Proliferation,true,true,false
64,45,Proliferation,true,true,false
75,77,Proliferation,true,true,true
75,121,Proliferation,true,true,true
115,63,Proliferation,true,false,false
45,77,Proliferation,true,false,true
84,51,Proliferation,true,false,false
29,51,Proliferation,true,false,false
63,63,Proliferation,true,true,false
81,91,Proliferation,true,true,false
78,98,Proliferation,true,true,true
91,52,Proliferation,true,false,false
60,78,Proliferation,true,false,false
129,70,Growth_Arrest,false,false,false
74,37,Proliferation,true,false,true
74,121,Proliferation,true,false,true
106,38,Proliferation,true,false,true
89,50,Proliferation,true,false,true
30,52,Growth_Arrest,false,true,false
49,57,Proliferation,true,true,true
119,70,Proliferation,true,true,true
104,38,Growth_Arrest,false,true,true
41,107,Proliferation,true,false,false
95,47,Growth_Arrest,false,false,true
94,64,Proliferation,true,false,false
61,102,Proliferation,true,false,true
57,60,Proliferation,true,false,false
29,92,Proliferation,true,false,false
112,99,Proliferation,true,false,false
99,117,Proliferation,true,true,false
107,64,Proliferation,true,true,true
36,55,Proliferation,true,false,false
70,70,Proliferation,true,true,false
95,113,Proliferation,true,false,true
54,31,Growth_Arrest,false,true,false
98,54,Growth_Arrest,false,true,true
79,78,Growth_Arrest,false,false,false
50,92,Growth_Arrest,false,true,true
78,37,Proliferation,true,true,true
91,49,Proliferation,true,false,true
65,60,Growth_Arrest,false,false,false
40,105,Proliferation,true,false,true
80,120,Proliferation,true,false,true
96,95,Proliferation,true,true,true
57,28,Proliferation,true,false,false
69,95,Proliferation,true,false,false
74,109,Growth_Arrest,false,false,true
38,80,Proliferation,true,false,false
70,93,Proliferation,true,true,false
82,119,Growth_Arrest,false,true,false
43,71,Growth_Arrest,false,true,false
75,91,Proliferation,true,true,true
102,99,Growth_Arrest,false,true,true
91,43,Proliferation,true,false,false
42,68,Growth_Arrest,false,true,false
72,59,Proliferation,true,true,true
118,51,Growth_Arrest,false,true,true
115,60,Growth_Arrest,false,true,true
61,22,Proliferation,true,false,false
88,75,Proliferation,true,true,false
40,33,Proliferation,true,true,false
68,104,Proliferation,true,false,true
123,55,Growth_Arrest,false,false,true
57,23,Proliferation,true,true,true
23,85,Proliferation,true,false,false
66,118,Growth_Arrest,false,false,true
94,115,Proliferation,true,false,true
32,49,Proliferation,true,false,true
52,70,Growth_Arrest,false,true,false
51,90,Proliferation,true,true,true
25,70,Proliferation,true,false,false
40,70,Proliferation,true,false,true
78,94,Proliferation,true,true,false
124,67,Proliferation,true,false,true
86,48,Proliferation,true,true,true
51,120,Proliferation,true,false,true
93,27,Proliferation,true,false,false
117,85,Proliferation,true,true,true
74,90,Proliferation,true,false,false
59,123,Proliferation,true,true,true
22,75,Growth_Arrest,false,true,false
107,43,Proliferation,true,true,false
61,38,Proliferation,true,true,true
114,76,Proliferation,true,true,true
76,31,Growth_Arrest,false,true,true
62,32,Growth_Arrest,false,true,false
43,92,Proliferation,true,true,false
37,111,Proliferation,true,true,false
62,73,Growth_Arrest,false,true,false
27,98,Proliferation,true,false,true
26,47,Proliferation,true,true,false
81,86,Proliferation,true,false,true
70,108,Proliferation,true,false,false
124,64,Proliferation,true,false,true
22,74,Proliferation,true,false,false
33,74,Growth_Arrest,false,false,true
48,101,Proliferation,true,false,false
42,86,Proliferation,true,false,true
109,75,Proliferation,true,true,true
115,56,Growth_Arrest,false,true,true
74,117,Growth_Arrest,false,true,false
117,92,Proliferation,true,true,true
81,110,Growth_Arrest,false,true,false
80,60,Proliferation,true,false,true
69,115,Proliferation,true,false,false
22,72,Proliferation,true,false,false
30,97,Growth_Arrest,false,false,true
104,78,Proliferation,true,true,true
68,49,Growth_Arrest,false,false,false
91,110,Proliferation,true,false,false
36,51,Growth_Arrest,false,true,true
125,66,Proliferation,true,true,false
108,41,Proliferation,true,false,false
73,118,Growth_Arrest,false,true,true
68,79,Growth_Arrest,false,false,false
94,94,Proliferation,true,true,false
93,123,Proliferation,true,false,true
61,61,Growth_Arrest,false,true,false
72,39,Proliferation,true,false,true
105,100,Proliferation,true,false,true
103,68,Proliferation,true,false,true
62,59,Proliferation,true,false,true
103,70,Proliferation,true,false,true
85,113,Proliferation,true,true,false
105,34,Proliferation,true,true,false
53,46,Proliferation,true,true,true
103,115,Growth_Arrest,false,false,false
103,63,Growth_Arrest,false,true,true
67,95,Growth_Arrest,false,true,true
82,47,Proliferation,true,false,false
115,55,Proliferation,true,true,true
72,114,Growth_Arrest,false,true,false
53,109,Growth_Arrest,false,false,true
55,108,Proliferation,true,true,false
115,80,Proliferation,true,true,false
111,86,Proliferation,true,false,true
84,45,Growth_Arrest,false,false,false
71,69,Growth_Arrest,false,true,true
82,96,Proliferation,true,false,false
37,53,Proliferation,true,false,true
63,21,Growth_Arrest,false,false,false
54,98,Growth_Arrest,false,false,true
85,54,Proliferation,true,true,true
74,61,Proliferation,true,false,true
105,64,Growth_Arrest,false,true,true
122,82,Growth_Arrest,false,false,true
114,50,Growth_Arrest,false,false,true
85,108,Proliferation,true,false,true
104,80,Growth_Arrest,false,false,true
60,38,Proliferation,true,true,false
59,56,Proliferation,true,true,false
110,107,Growth_Arrest,false,false,false
74,86,Growth_Arrest,false,true,false
37,35,Growth_Arrest,false,true,false
104,63,Proliferation,true,false,false
126,89,Growth_Arrest,false,false,true
50,75,Proliferation,true,true,false
121,101,Proliferation,true,false,false
104,91,Growth_Arrest,false,true,false
72,64,Growth_Arrest,false,false,false
84,103,Proliferation,true,true,false
117,44,Proliferation,true,false,true
49,118,Growth_Arrest,false,true,false
71,119,Proliferation,true,false,false
75,23,Proliferation,true,true,false
80,25,Growth_Arrest,false,false,true
116,48,Proliferation,true,false,false
130,85,Growth_Arrest,false,true,true
115,96,Growth_Arrest,false,true,false
58,71,Proliferation,true,true,true
126,66,Proliferation,true,true,true
42,119,Proliferation,true,true,true
54,93,Growth_Arrest,false,false,false
127,54,Growth_Arrest,false,false,true
71,55,Proliferation,true,false,false
70,52,Proliferation,true,true,false
107,41,Growth_Arrest,false,true,true
34,44,Proliferation,true,false,true
114,61,Proliferation,true,false,true
30,75,Proliferation,true,true,false
92,56,Growth_Arrest,false,true,false
75,112,Proliferation,true,false,false
47,80,Growth_Arrest,false,false,false
73,45,Growth_Arrest,false,true,true
41,89,Growth_Arrest,false,true,true
43,107,Proliferation,true,false,false
95,103,Growth_Arrest,false,true,false
84,26,Proliferation,true,false,false
76,111,Growth_Arrest,false,false,true
109,85,Proliferation,true,true,false
82,23,Proliferation,true,false,true
68,22,Proliferation,true,true,true
74,127,Proliferation,true,true,true
100,80,Proliferation,true,false,true
55,36,Growth_Arrest,false,true,true
108,105,Proliferation,true,false,true
37,107,Proliferation,true,true,false
43,100,Growth_Arrest,false,false,false
50,100,Proliferation,true,false,true
24,67,Proliferation,true,true,true
112,50,Proliferation,true,true,true
26,52,Growth_Arrest,false,false,false
76,28,Proliferation,true,false,false
86,82,Proliferation,true,false,false
34,86,Proliferation,true,true,false
110,95,Proliferation,true,false,false
91,50,Proliferation,true,true,false
94,48,Growth_Arrest,false,false,false
107,80,Proliferation,true,true,true
97,97,Proliferation,true,false,false
97,86,Growth_Arrest,false,false,false
81,21,Proliferation,true,true,false
96,39,Proliferation,true,true,true
73,34,Proliferation,true,true,false
24,62,Proliferation,true,false,true
71,124,Proliferation,true,true,true
38,98,Growth_Arrest,false,true,false
117,55,Proliferation,true,false,true
48,96,Proliferation,true,false,false
90,25,Proliferation,true,true,true
102,82,Proliferation,true,false,false
104,68,Proliferation,true,true,false
52,47,Growth_Arrest,false,true,false
92,90,Proliferation,true,false,true
92,80,Proliferation,true,false,true
27,78,Proliferation,true,true,false
119,57,Proliferation,true,false,false
89,90,Proliferation,true,false,false
101,28,Growth_Arrest,false,false,false
99,122,Growth_Arrest,false,true,true
96,108,Growth_Arrest,false,true,false
36,106,Proliferation,true,true,true
81,37,Proliferation,true,true,true
70,29,Proliferation,true,true,true
118,95,Growth_Arrest,false,false,true
30,105,Growth_Arrest,false,false,true
81,106,Growth_Arrest,false,true,false
80,114,Growth_Arrest,false,false,true
90,58,Proliferation,true,true,true
81,115,Proliferation,true,true,false
60,104,Growth_Arrest,false,true,true
64,128,Proliferation,true,false,false
91,25,Proliferation,true,true,true
99,83,Proliferation,true,true,false
89,21,Proliferation,true,true,false
108,56,Proliferation,true,true,true
22,61,Growth_Arrest,false,false,false
46,57,Growth_Arrest,false,true,false
45,37,Proliferation,true,false,true
92,58,Proliferation,true,true,true
100,82,Proliferation,true,true,true
97,35,Growth_Arrest,false,true,true
43,120,Growth_Arrest,false,false,false
19,80,Growth_Arrest,false,false,false
58,96,Proliferation,true,true,false
70,47,Proliferation,true,true,false
55,49,Proliferation,true,false,true
108,62,Growth_Arrest,false,true,true
40,80,Growth_Arrest,false,false,true
86,39,Growth_Arrest,false,false,true
99,66,Proliferation,true,false,false
100,32,Proliferation,true,true,false
93,112,Proliferation,true,false,true
59,110,Proliferation,true,false,false
104,105,Proliferation,true,false,false
48,60,Proliferation,true,false,true
21,79,Proliferation,true,true,false
80,73,Proliferation,true,true,true
94,38,Proliferation,true,true,false
98,63,Proliferation,true,true,true
97,43,Growth_Arrest,false,true,false
55,42,Growth_Arrest,false,true,true
93,94,Proliferation,true,true,false
121,105,Growth_Arrest,false,true,false
97,71,Proliferation,true,false,true
53,52,Proliferation,true,false,false
120,90,Proliferation,true,false,false
41,100,Proliferation,true,true,true
67,125,Proliferation,true,true,false
74,32,Growth_Arrest,false,false,true
55,72,Growth_Arrest,false,true,true
72,55,Growth_Arrest,false,true,true
57,44,Proliferation,true,false,true
73,108,Proliferation,true,false,false
87,63,Proliferation,true,true,true
56,73,Proliferation,true,false,true
101,112,Proliferation,true,false,false
92,35,Proliferation,true,false,false
75,129,Proliferation,true,false,true
77,125,Proliferation,true,true,false
74,20,Proliferation,true,true,true
93,44,Growth_Arrest,false,false,true
53,67,Proliferation,true,false,false
94,114,Growth_Arrest,false,false,true
30,96,Proliferation,true,false,false
73,120,Proliferation,true,false,false
66,40,Growth_Arrest,false,true,false
96,46,Proliferation,true,false,true
26,97,Proliferation,true,true,true
80,95,Proliferation,true,true,false
66,101,Growth_Arrest,false,true,true
53,29,Proliferation,true,false,true
102,105,Proliferation,true,false,true
115,65,Growth_Arrest,false,true,true
78,77,Proliferation,true,false,true
100,70,Growth_Arrest,false,false,false
58,59,Proliferation,true,true,false
85,22,Proliferation,true,false,true
97,37,Proliferation,true,true,true
121,59,Proliferation,true,false,false
68,37,Proliferation,true,false,false
43,38,Growth_Arrest,false,false,false
39,105,Growth_Arrest,false,false,false
59,106,Proliferation,true,true,true
30,58,Growth_Arrest,false,false,false
79,27,Proliferation,true,false,false
99,95,Proliferation,true,true,true
91,29,Proliferation,true,true,false
110,86,Proliferation,true,true,false
104,117,Growth_Arrest,false,true,false
64,123,Proliferation,true,true,false
44,52,Proliferation,true,false,false
50,62,Proliferation,true,false,true
84,48,Growth_Arrest,false,true,true
89,67,Proliferation,true,true,true
39,54,Proliferation,true,true,false
112,56,Growth_Arrest,false,false,true
127,72,Growth_Arrest,false,false,true
62,57,Proliferation,true,false,true
95,76,Proliferation,true,false,false
98,96,Growth_Arrest,false,true,true
124,65,Growth_Arrest,false,true,true
126,57,Proliferation,true,true,true
79,68,Proliferation,true,true,false
74,39,Proliferation,true,false,false
90,59,Growth_Arrest,false,false,true
97,99,Proliferation,true,true,true
115,84,Proliferation,true,false,true
110,76,Proliferation,true,true,false
34,56,Proliferation,true,true,false
85,41,Growth_Arrest,false,false,false
33,49,Proliferation,true,false,true
59,46,Growth_Arrest,false,false,true
73,44,Proliferation,true,false,false
56,75,Growth_Arrest,false,true,false
74,41,Proliferation,true,false,false
70,51,Proliferation,true,false,true
68,87,Proliferation,true,false,false
93,46,Proliferation,true,true,true
40,103,Proliferation,true,false,true
89,92,Proliferation,true,false,true
80,127,Growth_Arrest,false,true,true
88,22,Growth_Arrest,false,false,true
50,89,Proliferation,true,false,false
114,63,Proliferation,true,true,false
29,75,Proliferation,true,false,true
53,118,Proliferation,true,false,true
94,27,Proliferation,true,true,true
104,100,Proliferation,true,true,true
19,81,Proliferation,true,false,true
72,22,Proliferation,true,false,true
48,57,Growth_Arrest,false,false,true
107,49,Growth_Arrest,false,false,true
31,68,Growth_Arrest,false,false,true
32,81,Proliferation,true,false,true
71,79,Proliferation,true,false,true
56,126,Proliferation,true,true,false
56,124,Growth_Arrest,false,false,true
54,74,Growth_Arrest,false,false,true
106,49,Proliferation,true,true,true
32,105,Proliferation,true,false,false
38,55,Proliferation,true,true,false
39,34,Growth_Arrest,false,true,true
69,51,Growth_Arrest,false,true,false
27,52,Growth_Arrest,false,true,true
119,71,Growth_Arrest,false,false,false
78,89,Proliferation,true,false,true
93,69,Growth_Arrest,false,false,true
112,75,Proliferation,true,false,false
62,29,Proliferation,true,true,true
70,60,Proliferation,true,true,true
111,94,Proliferation,true,false,true
114,103,Proliferation,true,true,true
93,70,Proliferation,true,true,true
50,30,Proliferation,true,true,true
102,109,Proliferation,true,false,true
71,60,Growth_Arrest,false,true,true
66,64,Proliferation,true,true,false
59,40,Proliferation,true,true,false
109,90,Growth_Arrest,false,true,false
65,33,Proliferation,true,false,false
111,65,Growth_Arrest,false,true,false
44,101,Proliferation,true,true,false
22,88,Growth_Arrest,false,true,false
68,68,Proliferation,true,false,false
49,55,Growth_Arrest,false,false,false
85,58,Proliferation,true,true,true
112,103,Growth_Arrest,false,true,false
64,23,Proliferation,true,true,true
54,44,Proliferation,true,false,true
33,41,Proliferation,true,true,false
52,49,Growth_Arrest,false,false,false
53,39,Proliferation,true,false,false
69,80,Proliferation,true,false,false
88,71,Proliferation,true,false,true
46,26,Proliferation,true,false,true
31,77,Proliferation,true,true,true
19,71,Proliferation,true,true,false
64,28,Growth_Arrest,false,true,false
56,102,Proliferation,true,false,false
120,91,Growth_Arrest,false,true,true
84,70,Proliferation,true,false,false
77,95,Growth_Arrest,false,true,true
60,86,Proliferation,true,false,true
110,110,Proliferation,true,false,false
93,49,Proliferation,true,true,true
38,103,Proliferation,true,true,true
74,130,Growth_Arrest,false,true,false
110,94,Proliferation,true,false,true
56,37,Growth_Arrest,false,true,true
24,63,Proliferation,true,false,false
91,116,Growth_Arrest,false,false,true
74,59,Proliferation,true,false,false
46,108,Growth_Arrest,false,false,true
103,73,Proliferation,true,true,true
80,42,Proliferation,true,false,true
68,85,Proliferation,true,false,false
40,118,Proliferation,true,true,false
60,50,Proliferation,true,true,false
102,67,Proliferation,true,false,false
94,41,Proliferation,true,true,true
85,20,Growth_Arrest,false,true,false
39,110,Proliferation,true,true,true
89,122,Proliferation,true,true,false
126,65,Proliferation,true,false,true
83,109,Proliferation,true,false,true
52,77,Proliferation,true,true,false
87,104,Growth_Arrest,false,false,true
90,84,Growth_Arrest,false,false,false
52,85,Proliferation,true,false,true
34,71,Proliferation,true,false,true
83,95,Proliferation,true,true,true
89,106,Growth_Arrest,false,true,false
37,46,Proliferation,true,false,true
56,106,Proliferation,true,true,true
130,71,Growth_Arrest,false,false,false
85,124,Proliferation,true,false,false
45,107,Growth_Arrest,false,false,false
40,90,Growth_Arrest,false,false,true
28,68,Proliferation,true,true,true
109,58,Growth_Arrest,false,true,true
33,79,Proliferation,true,false,true
63,70,Proliferation,true,true,true
66,67,Growth_Arrest,false,true,false
122,68,Growth_Arrest,false,true,true
44,113,Growth_Arrest,false,true,false
47,109,Proliferation,true,false,false
66,110,Growth_Arrest,false,true,false
72,26,Proliferation,true,false,true
54,46,Proliferation,true,false,true
40,115,Proliferation,true,false,true
115,78,Proliferation,true,true,true
61,21,Proliferation,true,false,true
75,66,Growth_Arrest,false,false,false
56,25,Proliferation,true,false,true
80,34,Growth_Arrest,false,false,true
108,104,Proliferation,true,false,true
110,59,Proliferation,true,true,true
29,74,Proliferation,true,true,true
107,54,Growth_Arrest,false,false,false
82,108,Growth_Arrest,false,true,false
125,65,Proliferation,true,true,true
108,115,Growth_Arrest,false,false,true
60,65,Proliferation,true,false,true
68,63,Proliferation,true,true,true
99,62,Growth_Arrest,false,false,false
102,63,Growth_Arrest,false,false,true
28,83,Proliferation,true,false,true
92,124,Growth_Arrest,false,true,true
87,77,Proliferation,true,false,false
82,43,Growth_Arrest,false,true,true
42,118,Proliferation,true,true,true
71,75,Proliferation,true,false,true
106,53,Proliferation,true,true,true
79,121,Growth_Arrest,false,true,false
51,79,Proliferation,true,true,true
45,74,Proliferation,true,true,false
27,62,Growth_Arrest,false,true,true
104,55,Growth_Arrest,false,false,false
40,98,Proliferation,true,true,true
38,101,Growth_Arrest,false,true,false
87,87,Growth_Arrest,false,false,true
64,63,Proliferation,true,true,true
47,90,Proliferation,true,false,true
28,47,Proliferation,true,false,true
94,59,Proliferation,true,true,false
26,95,Proliferation,true,false,false
41,95,Growth_Arrest,false,false,false
73,130,Growth_Arrest,false,false,true
89,20,Growth_Arrest,false,false,false
59,42,Growth_Arrest,false,false,false
107,98,Proliferation,true,true,true
75,96,Proliferation,true,true,true
49,61,Proliferation,true,false,false
67,112,Proliferation,true,true,true
80,69,Proliferation,true,false,true
97,102,Growth_Arrest,false,false,true
84,119,Growth_Arrest,false,true,true
92,52,Growth_Arrest,false,false,true
62,74,Growth_Arrest,false,true,false
85,98,Proliferation,true,true,false
62,52,Growth_Arrest,false,true,true
119,65,Growth_Arrest,false,true,true
89,121,Proliferation,true,true,true
91,113,Proliferation,true,true,false
118,74,Proliferation,true,false,false
86,99,Proliferation,true,true,true
32,41,Proliferation,true,false,true
125,57,Proliferation,true,true,false
46,34,Proliferation,true,true,false
65,51,Proliferation,true,false,true
75,40,Proliferation,true,true,false
81,46,Proliferation,true,false,false
37,55,Proliferation,true,true,false
66,61,Proliferation,true,false,false
110,61,Proliferation,true,true,false
79,90,Growth_Arrest,false,false,false
63,100,Proliferation,true,true,true
69,91,Proliferation,true,true,false
65,99,Growth_Arrest,false,true,false
21,85,Growth_Arrest,false,true,false
49,100,Proliferation,true,false,false
63,38,Growth_Arrest,false,true,true
88,70,Growth_Arrest,false,true,true
71,37,Growth_Arrest,false,true,true
113,65,Proliferation,true,true,false
72,44,Growth_Arrest,false,true,false
83,107,Proliferation,true,false,false
56,101,Proliferation,true,true,true
64,89,Proliferation,true,false,false
38,64,Proliferation,true,true,true
59,68,Proliferation,true,false,false
43,102,Proliferation,true,true,false
53,49,Proliferation,true,false,false
33,96,Growth_Arrest,false,true,true
83,129,Proliferation,true,true,true
69,54,Proliferation,true,true,false
73,22,Growth_Arrest,false,true,true
66,103,Proliferation,true,true,true
114,109,Proliferation,true,true,false
121,64,Proliferation,true,false,true
71,113,Proliferation,true,false,true
89,104,Growth_Arrest,false,true,false
46,86,Proliferation,true,false,true
119,87,Proliferation,true,false,false
83,52,Proliferation,true,true,true
79,61,Proliferation,true,true,false
96,83,Growth_Arrest,false,false,false
114,40,Proliferation,true,false,false
54,112,Proliferation,true,true,false
37,114,Proliferation,true,true,true
31,41,Proliferation,true,false,false
120,63,Proliferation,true,false,false
113,110,Proliferation,true,true,true
25,76,Proliferation,true,true,false
53,99,Proliferation,true,true,false
95,56,Growth_Arrest,false,false,false
85,29,Proliferation,true,false,false
51,115,Proliferation,true,false,false
72,45,Growth_Arrest,false,true,false
84,91,Proliferation,true,false,true
34,54,Growth_Arrest,false,false,true
107,120,Proliferation,true,true,false
112,68,Proliferation,true,true,false
59,90,Proliferation,true,false,true
44,83,Proliferation,true,false,true
50,117,Proliferation,true,true,true
117,97,Proliferation,true,true,false
37,77,Proliferation,true,true,false
55,39,Proliferation,true,true,false
30,98,Growth_Arrest,false,true,false
99,93,Growth_Arrest,false,false,true
85,24,Proliferation,true,true,true
62,92,Proliferation,true,false,false
79,31,Proliferation,true,true,true
59,82,Growth_Arrest,false,true,false
92,76,Growth_Arrest,false,false,false
85,63,Growth_Arrest,false,false,false
111,99,Proliferation,true,false,false
75,19,Growth_Arrest,false,false,false
62,20,Proliferation,true,false,true
24,66,Proliferation,true,true,false
54,39,Proliferation,true,true,true
82,56,Growth_Arrest,false,false,true
24,73,Proliferation,true,false,true
93,100,Proliferation,true,true,true
60,55,Proliferation,true,true,false
63,67,Proliferation,true,false,true
82,123,Proliferation,true,false,false
125,61,Growth_Arrest,false,true,true
53,70,Proliferation,true,false,false
124,75,Proliferation,true,false,false
105,84,Growth_Arrest,false,true,false
37,45,Proliferation,true,false,false
57,78,Proliferation,true,false,true
115,104,Proliferation,true,true,false
126,96,Growth_Arrest,false,true,false
101,51,Proliferation,true,false,true
29,60,Proliferation,true,true,true
96,32,Proliferation,true,true,false
119,97,Proliferation,true,true,false
93,88,Proliferation,true,false,true
56,65,Proliferation,true,true,false
88,50,Proliferation,true,true,true
100,112,Proliferation,true,true,true
95,27,Proliferation,true,false,true
124,89,Growth_Arrest,false,false,true
68,33,Proliferation,true,true,false
41,55,Proliferation,true,true,true
102,79,Proliferation,true,false,false
87,32,Growth_Arrest,false,true,true
93,77,Proliferation,true,true,true
72,103,Growth_Arrest,false,true,false
37,101,Proliferation,true,true,true
122,74,Proliferation,true,true,false
36,45,Proliferation,true,false,true
47,84,Proliferation,true,false,false
76,83,Growth_Arrest,false,true,false
47,59,Proliferation,true,true,true
71,23,Proliferation,true,true,false
44,69,Proliferation,true,true,true
51,111,Proliferation,true,true,false
52,102,Proliferation,true,true,true
57,50,Proliferation,true,false,false
31,75,Proliferation,true,false,true
65,101,Proliferation,true,false,true
54,120,Proliferation,true,true,false
122,88,Proliferation,true,false,false
54,37,Proliferation,true,true,false
89,127,Proliferation,true,true,false
115,100,Proliferation,true,false,true
52,42,Proliferation,true,true,false
24,83,Growth_Arrest,false,true,true
76,101,Proliferation,true,false,false
93,53,Proliferation,true,true,false
82,72,Growth_Arrest,false,true,false
23,65,Growth_Arrest,false,false,true
84,38,Growth_Arrest,false,false,false
87,126,Proliferation,true,false,false
47,89,Proliferation,true,true,true
118,101,Proliferation,true,true,false
91,115,Proliferation,true,true,false
40,72,Proliferation,true,true,false
43,99,Proliferation,true,true,true
93,40,Growth_Arrest,false,false,false
54,123,Growth_Arrest,false,true,false
93,39,Proliferation,true,false,true
112,87,Proliferation,true,false,true
69,37,Proliferation,true,true,false
75,95,Growth_Arrest,false,true,false
55,68,Proliferation,true,true,true
127,62,Proliferation,true,false,true
36,71,Proliferation,true,false,false
72,92,Growth_Arrest,false,true,false
76,94,Growth_Arrest,false,false,true
41,80,Proliferation,true,false,false
73,104,Proliferation,true,true,true
31,73,Proliferation,true,false,false
78,83,Proliferation,true,true,false
26,70,Proliferation,true,true,false
118,79,Proliferation,true,false,true
98,46,Growth_Arrest,false,false,true
89,119,Proliferation,true,false,false
88,37,Growth_Arrest,false,true,true
26,81,Proliferation,true,true,true
86,50,Growth_Arrest,false,true,false
77,119,Growth_Arrest,false,true,false
32,45,Proliferation,true,false,false
33,60,Proliferation,true,true,true
76,80,Proliferation,true,true,false
125,95,Proliferation,true,true,true
61,47,Proliferation,true,true,false
39,78,Proliferation,true,false,false
64,21,Proliferation,true,false,false
107,109,Proliferation,true,true,true
100,119,Proliferation,true,false,true
61,70,Proliferation,true,false,false
80,103,Growth_Arrest,false,true,true
45,83,Proliferation,true,false,false
89,63,Proliferation,true,true,false
119,63,Proliferation,true,true,false
91,117,Growth_Arrest,false,false,true
99,88,Proliferation,true,true,true
122,73,Proliferation,true,false,false
64,41,Proliferation,true,false,false
54,103,Proliferation,true,true,false
67,130,Proliferation,true,true,false
47,85,Proliferation,true,false,true
91,87,Proliferation,true,false,true
108,82,Proliferation,true,true,true
102,85,Growth_Arrest,false,false,false
114,99,Proliferation,true,false,true
105,109,Proliferation,true,false,false
103,62,Growth_Arrest,false,false,true
41,90,Proliferation,true,false,false
65,53,Proliferation,true,true,false
69,43,Proliferation,true,true,false
22,93,Growth_Arrest,false,false,false
101,102,Growth_Arrest,false,true,false
50,37,Proliferation,true,true,false
68,43,Growth_Arrest,false,true,true
20,69,Growth_Arrest,false,false,true
75,57,Proliferation,true,false,true
35,41,Proliferation,true,false,false
93,90,Proliferation,true,false,true
58,101,Growth_Arrest,false,false,false
86,129,Proliferation,true,true,false
56,57,Proliferation,true,false,false
82,109,Growth_Arrest,false,true,false
71,106,Growth_Arrest,false,false,true
76,128,Growth_Arrest,false,true,true
94,43,Proliferation,true,true,false
95,69,Proliferation,true,false,true
20,61,Growth_Arrest,false,true,false
69,62,Growth_Arrest,false,true,false
24,74,Growth_Arrest,false,false,true
124,87,Proliferation,true,false,false
46,122,Proliferation,true,false,true
122,61,Proliferation,true,true,false
51,96,Growth_Arrest,false,false,false
66,128,Growth_Arrest,false,false,true
102,107,Proliferation,true,false,true
44,107,Proliferation,true,false,false
103,83,Proliferation,true,true,false
124,78,Growth_Arrest,false,false,true
50,64,Growth_Arrest,false,true,true
43,81,Growth_Arrest,false,false,false
72,69,Proliferation,true,false,false
74,82,Proliferation,true,true,true
89,76,Proliferation,true,false,true
72,52,Proliferation,true,false,true
43,36,Proliferation,true,true,true
86,47,Growth_Arrest,false,true,true
49,49,Proliferation,true,true,true
61,33,Proliferation,true,false,true
115,39,Growth_Arrest,false,true,false
64,86,Growth_Arrest,false,false,true
68,83,Proliferation,true,false,false
98,74,Proliferation,true,true,false
75,58,Proliferation,true,true,false
24,68,Proliferation,true,false,false
81,50,Proliferation,true,true,false
65,23,Proliferation,true,false,true
110,73,Proliferation,true,true,true
102,80,Proliferation,true,false,false
69,38,Proliferation,true,true,false
74,21,Growth_Arrest,false,false,true
129,81,Growth_Arrest,false,false,true
40,58,Growth_Arrest,false,true,true
64,57,Proliferation,true,false,true
44,120,Proliferation,true,true,false
71,21,Proliferation,true,true,false
45,55,Proliferation,true,true,true
110,89,Proliferation,true,true,true
28,71,Proliferation,true,false,false
105,39,Proliferation,true,true,true
34,41,Proliferation,true,true,true
124,77,Proliferation,true,false,true
106,112,Proliferation,true,false,false
58,86,Growth_Arrest,false,true,true
63,98,Growth_Arrest,false,true,false
61,45,Proliferation,true,false,false
28,45,Growth_Arrest,false,false,false
83,96,Proliferation,true,true,true
96,30,Proliferation,true,true,false
65,97,Growth_Arrest,false,false,false
45,38,Growth_Arrest,false,false,true
20,70,Proliferation,true,false,true
56,81,Proliferation,true,false,true
63,54,Proliferation,true,false,true
74,83,Proliferation,true,true,false
79,112,Proliferation,true,true,false
35,47,Proliferation,true,true,true
99,38,Proliferation,true,false,false
63,37,Growth_Arrest,false,false,false
83,47,Growth_Arrest,false,true,false
101,41,Proliferation,true,true,false
40,92,Proliferation,true,false,true
90,56,Growth_Arrest,false,false,false
105,80,Proliferation,true,true,false
54,22,Proliferation,true,true,false
128,58,Proliferation,true,true,true
100,81,Proliferation,true,true,true
84,36,Growth_Arrest,false,false,true
84,44,Proliferation,true,false,false
84,98,Proliferation,true,true,true
95,24,Proliferation,true,true,false
100,88,Proliferation,true,false,true
50,31,Proliferation,true,true,false
115,76,Growth_Arrest,false,true,false
43,84,Proliferation,true,false,true
101,82,Proliferation,true,false,false
45,97,Growth_Arrest,false,true,false
122,84,Proliferation,true,false,false
27,84,Proliferation,true,false,true
99,74,Proliferation,true,true,true
95,108,Growth_Arrest,false,true,false
39,94,Growth_Arrest,false,true,true
91,85,Proliferation,true,false,true
93,120,Proliferation,true,false,true
42,93,Proliferation,true,false,false
24,90,Proliferation,true,true,true
99,118,Growth_Arrest,false,true,false
78,117,Growth_Arrest,false,false,false
96,109,Growth_Arrest,false,false,true
88,77,Proliferation,true,false,false
103,85,Proliferation,true,true,true
91,119,Growth_Arrest,false,true,true
98,85,Proliferation,true,false,true
73,39,Growth_Arrest,false,true,false
118,78,Growth_Arrest,false,true,false
44,86,Proliferation,true,false,true
75,55,Proliferation,true,false,true
95,25,Proliferation,true,false,false
83,46,Proliferation,true,false,false
42,31,Proliferation,true,true,true
121,44,Proliferation,true,true,false
33,101,Proliferation,true,true,false
44,82,Proliferation,true,false,true
36,37,Proliferation,true,false,true
70,118,Proliferation,true,true,false
112,76,Growth_Arrest,false,false,true
39,85,Proliferation,true,false,true
105,97,Proliferation,true,true,false
72,119,Growth_Arrest,false,false,true
64,117,Proliferation,true,false,true
79,39,Growth_Arrest,false,false,true
96,48,Growth_Arrest,false,true,true
39,79,Proliferation,true,true,false
126,61,Proliferation,true,true,false
103,110,Growth_Arrest,false,false,true
69,42,Proliferation,true,true,true
89,32,Growth_Arrest,false,true,false
46,115,Proliferation,true,true,true
88,29,Proliferation,true,false,true
41,114,Proliferation,true,true,false
120,74,Proliferation,true,false,true
66,63,Proliferation,true,true,false
56,74,Growth_Arrest,false,true,true
121,82,Growth_Arrest,false,false,false
23,54,Proliferation,true,false,false
124,92,Proliferation,true,false,false
71,25,Growth_Arrest,false,true,true
78,74,Proliferation,true,true,false
106,117,Growth_Arrest,false,true,true
92,31,Proliferation,true,true,true
85,68,Proliferation,true,true,false
109,60,Proliferation,true,true,true
54,53,Growth_Arrest,false,false,true
70,76,Proliferation,true,false,false
56,62,Proliferation,true,true,true
94,124,Growth_Arrest,false,false,false
73,27,Proliferation,true,false,true
119,66,Growth_Arrest,false,true,false
70,73,Growth_Arrest,false,false,true
57,59,Proliferation,true,false,true
53,76,Proliferation,true,true,true
59,108,Proliferation,true,true,false
93,62,Proliferation,true,false,true
62,85,Proliferation,true,false,true
43,89,Growth_Arrest,false,true,true
57,55,Proliferation,true,true,true
76,54,Growth_Arrest,false,true,false
127,87,Proliferation,true,true,false
39,75,Proliferation,true,true,true
32,73,Proliferation,true,true,false
108,79,Proliferation,true,false,true
23,76,Growth_Arrest,false,true,false
128,68,Proliferation,true,false,false
64,44,Growth_Arrest,false,false,false
94,30,Proliferation,true,false,false
76,48,Growth_Arrest,false,false,true
116,53,Proliferation,true,false,false
42,29,Growth_Arrest,false,false,false
38,78,Growth_Arrest,false,false,true
116,46,Proliferation,true,true,false
43,121,Proliferation,true,false,false
69,98,Proliferation,true,false,false
40,94,Proliferation,true,true,false
23,58,Proliferation,true,false,false
108,53,Growth_Arrest,false,true,true
60,66,Proliferation,true,false,false
94,31,Proliferation,true,true,false
111,77,Proliferation,true,true,false
77,68,Proliferation,true,false,true
66,38,Growth_Arrest,false,false,false
106,33,Growth_Arrest,false,false,true
96,79,Proliferation,true,true,false
124,86,Growth_Arrest,false,true,false
41,73,Growth_Arrest,false,true,true
104,88,Proliferation,true,true,true
32,85,Growth_Arrest,false,true,true
57,72,Growth_Arrest,false,false,true
36,107,Proliferation,true,true,true
80,118,Proliferation,true,true,false
23,94,Growth_Arrest,false,true,false
77,50,Growth_Arrest,false,true,false
93,72,Proliferation,true,true,true
124,50,Proliferation,true,true,true
103,109,Growth_Arrest,false,true,false
106,42,Proliferation,true,false,true
100,36,Proliferation,true,true,true
71,32,Proliferation,true,true,true
92,41,Proliferation,true,true,false
100,117,Proliferation,true,false,true
120,53,Growth_Arrest,false,true,false
79,43,Proliferation,true,false,true
29,86,Proliferation,true,true,true
55,40,Proliferation,true,true,true
105,66,Proliferation,true,false,false
80,59,Proliferation,true,false,true
94,61,Growth_Arrest,false,false,false
41,83,Growth_Arrest,false,true,true
44,102,Growth_Arrest,false,false,false
37,56,Proliferation,true,false,true
84,117,Proliferation,true,true,false
50,70,Growth_Arrest,false,false,false
41,64,Proliferation,true,false,true
50,55,Proliferation,true,true,true
29,98,Proliferation,true,false,false
48,119,Growth_Arrest,false,false,false
63,114,Growth_Arrest,false,true,true
58,28,Proliferation,true,true,false
52,51,Proliferation,true,false,false
56,24,Proliferation,true,true,true
23,56,Proliferation,true,false,false
52,38,Growth_Arrest,false,false,false
29,57,Growth_Arrest,false,true,false
57,110,Proliferation,true,false,true
116,91,Growth_Arrest,false,false,true
20,67,Growth_Arrest,false,false,true
117,83,Proliferation,true,false,true
99,79,Proliferation,true,true,true
107,108,Growth_Arrest,false,true,true
118,65,Proliferation,true,false,false
130,77,Proliferation,true,false,true
88,109,Growth_Arrest,false,false,true
77,28,Growth_Arrest,false,true,true
63,56,Proliferation,true,true,false
112,48,Proliferation,true,true,true
92,27,Growth_Arrest,false,false,false
98,45,Proliferation,true,true,true
56,67,Proliferation,true,false,false
109,42,Growth_Arrest,false,true,false
60,116,Proliferation,true,true,true
117,110,Growth_Arrest,false,false,false
59,86,Proliferation,true,false,false
69,26,Growth_Arrest,false,false,true
45,111,Proliferation,true,false,false
113,62,Growth_Arrest,false,true,false
72,88,Proliferation,true,true,false
110,49,Growth_Arrest,false,false,false
34,77,Growth_Arrest,false,false,false
64,79,Growth_Arrest,false,true,false
49,53,Proliferation,true,false,true
109,81,Proliferation,true,false,false
65,102,Proliferation,true,true,true
108,117,Proliferation,true,true,true
96,29,Proliferation,true,true,false
74,115,Proliferation,true,false,false
105,36,Proliferation,true,true,true
109,78,Growth_Arrest,false,true,true
91,82,Growth_Arrest,false,false,false
86,36,Growth_Arrest,false,false,true
119,105,Proliferation,true,true,false
56,95,Growth_Arrest,false,true,false
66,76,Proliferation,true,true,true
96,70,Growth_Arrest,false,true,false
64,110,Proliferation,true,false,true
70,92,Growth_Arrest,false,true,true
48,37,Proliferation,true,true,false
59,109,Growth_Arrest,false,true,true
38,95,Proliferation,true,true,true
32,91,Proliferation,true,false,true
39,48,Growth_Arrest,false,true,false
56,90,Proliferation,true,false,false
95,73,Proliferation,true,true,false
67,113,Growth_Arrest,false,true,false
68,97,Proliferation,true,true,true
56,114,Proliferation,true,false,false
96,84,Growth_Arrest,false,false,false
98,104,Growth_Arrest,false,false,true
54,34,Proliferation,true,false,false
83,113,Proliferation,true,true,false
110,40,Growth_Arrest,false,true,true
48,91,Proliferation,true,true,false
111,98,Proliferation,true,true,true
71,48,Growth_Arrest,false,false,true
84,34,Proliferation,true,false,true
57,22,Proliferation,true,false,true
94,123,Growth_Arrest,false,false,true
30,53,Growth_Arrest,false,false,true
128,85,Growth_Arrest,false,true,false
99,59,Growth_Arrest,false,true,false
66,55,Proliferation,true,true,true
31,54,Proliferation,true,true,false
57,79,Proliferation,true,false,false
85,92,Proliferation,true,true,false
49,35,Proliferation,true,true,false
51,98,Growth_Arrest,false,true,true
101,89,Growth_Arrest,false,false,false
107,113,Proliferation,true,true,true
54,80,Proliferation,true,false,false
50,83,Growth_Arrest,false,true,false
40,42,Proliferation,true,false,false
35,78,Proliferation,true,false,true
123,92,Growth_Arrest,false,false,true
58,67,Growth_Arrest,false,false,true
97,25,Proliferation,true,false,true
70,75,Proliferation,true,false,true
28,77,Proliferation,true,true,true
44,104,Proliferation,true,false,true
42,103,Proliferation,true,true,false
31,72,Proliferation,true,true,true
109,83,Growth_Arrest,false,false,false
93,83,Proliferation,true,true,true
63,34,Proliferation,true,true,true
79,110,Proliferation,true,false,false
34,42,Proliferation,true,true,false
121,81,Proliferation,true,true,false
70,79,Growth_Arrest,false,false,false
29,63,Growth_Arrest,false,true,true
51,88,Proliferation,true,false,true
57,108,Proliferation,true,false,false
53,59,Growth_Arrest,false,false,false
72,29,Proliferation,true,false,true
91,75,Proliferation,true,true,true
106,89,Proliferation,true,true,false
66,122,Proliferation,true,false,false
81,49,Proliferation,true,true,false
79,67,Growth_Arrest,false,true,true
62,77,Proliferation,true,true,true
70,71,Proliferation,true,true,true
63,66,Growth_Arrest,false,true,true
31,40,Growth_Arrest,false,true,true
94,76,Proliferation,true,false,true
100,90,Proliferation,true,false,false
73,46,Growth_Arrest,false,false,false
68,19,Proliferation,true,true,false
41,65,Proliferation,true,false,false
104,84,Growth_Arrest,false,true,true
77,25,Proliferation,true,false,true
102,88,Proliferation,true,true,false
83,20,Growth_Arrest,false,true,true
95,71,Proliferation,true,false,false
102,94,Proliferation,true,false,true
70,122,Growth_Arrest,false,false,false
110,34,Proliferation,true,true,false
29,66,Growth_Arrest,false,false,true
58,70,Proliferation,true,false,true
48,90,Growth_Arrest,false,true,false
98,39,Proliferation,true,false,false
88,129,Proliferation,true,false,true
78,101,Proliferation,true,true,true
37,115,Proliferation,true,false,false
43,98,Growth_Arrest,false,false,true
114,48,Growth_Arrest,false,true,false
121,54,Growth_Arrest,false,true,true
119,51,Proliferation,true,false,false
55,51,Proliferation,true,false,true
50,26,Proliferation,true,false,true
109,61,Growth_Arrest,false,true,true
125,96,Proliferation,true,false,false
42,65,Growth_Arrest,false,false,false
111,44,Growth_Arrest,false,true,false
100,29,Growth_Arrest,false,false,true
36,114,Proliferation,true,true,false
42,94,Proliferation,true,false,true
66,82,Growth_Arrest,false,true,true
92,93,Proliferation,true,true,false
121,67,Proliferation,true,false,false
27,101,Proliferation,true,false,true
115,74,Growth_Arrest,false,false,true
44,62,Proliferation,true,true,true
103,35,Proliferation,true,true,false
94,73,Proliferation,true,true,true
46,94,Growth_Arrest,false,false,true
74,43,Growth_Arrest,false,true,true
46,92,Proliferation,true,true,true
24,71,Proliferation,true,true,true
90,108,Growth_Arrest,false,true,true
32,76,Proliferation,true,true,true
61,86,Proliferation,true,false,true
73,109,Proliferation,true,true,true
95,39,Growth_Arrest,false,false,true
27,76,Proliferation,true,false,true
50,25,Proliferation,true,true,false
59,22,Proliferation,true,false,false
59,67,Proliferation,true,true,true
55,94,Proliferation,true,true,false
31,78,Proliferation,true,false,true
54,105,Growth_Arrest,false,true,false
83,79,Growth_Arrest,false,false,true
101,99,Growth_Arrest,false,true,true
87,66,Growth_Arrest,false,false,true
96,88,Proliferation,true,true,true
78,40,Proliferation,true,false,true
94,62,Proliferation,true,true,true
25,95,Growth_Arrest,false,false,true
108,44,Proliferation,true,false,true
93,81,Proliferation,true,true,true
46,72,Proliferation,true,false,true
112,82,Growth_Arrest,false,false,true
69,105,Growth_Arrest,false,false,false
29,101,Proliferation,true,false,true
85,21,Proliferation,true,true,false
27,99,Proliferation,true,false,true
58,35,Growth_Arrest,false,true,false
23,96,Proliferation,true,false,true
95,48,Proliferation,true,false,false
117,72,Growth_Arrest,false,true,true
41,113,Proliferation,true,false,true
93,119,Proliferation,true,false,true
113,58,Proliferation,true,false,true
129,84,Proliferation,true,true,true
48,64,Proliferation,true,true,false
95,117,Proliferation,true,false,false
86,56,Proliferation,true,false,true
98,108,Proliferation,true,true,true
51,51,Proliferation,true,true,false
81,113,Proliferation,true,true,false
53,45,Proliferation,true,false,false
62,23,Proliferation,true,true,true
63,78,Proliferation,true,true,false
118,53,Proliferation,true,false,true
27,105,Growth_Arrest,false,false,false
55,64,Growth_Arrest,false,false,true
21,83,Proliferation,true,false,true
29,59,Growth_Arrest,false,false,false
93,126,Growth_Arrest,false,true,false
42,69,Proliferation,true,true,true
25,57,Growth_Arrest,false,true,true
86,98,Growth_Arrest,false,false,true
88,113,Proliferation,true,false,true
73,70,Proliferation,true,false,true
111,73,Proliferation,true,true,false
77,51,Growth_Arrest,false,true,false
34,47,Growth_Arrest,false,false,true
101,121,Growth_Arrest,false,true,true
75,90,Proliferation,true,true,true
121,84,Proliferation,true,false,false
63,110,Proliferation,true,true,true
116,86,Proliferation,true,false,true
57,116,Growth_Arrest,false,true,true
24,98,Growth_Arrest,false,true,true
78,35,Proliferation,true,false,false
35,77,Proliferation,true,true,false
91,91,Proliferation,true,true,false
51,92,Proliferation,true,false,true
41,39,Growth_Arrest,false,false,true
102,87,Growth_Arrest,false,false,false
31,46,Proliferation,true,false,false
40,55,Proliferation,true,true,false
84,27,Proliferation,true,true,true
41,63,Growth_Arrest,false,false,false
73,50,Growth_Arrest,false,true,false
52,69,Growth_Arrest,false,true,false
51,125,Proliferation,true,false,false
66,72,Growth_Arrest,false,true,false
50,57,Proliferation,true,true,false
98,111,Growth_Arrest,false,true,true
79,126,Proliferation,true,true,false
65,66,Growth_Arrest,false,false,true
86,37,Proliferation,true,false,true
107,90,Proliferation,true,false,false
28,58,Growth_Arrest,false,true,false
123,96,Growth_Arrest,false,false,false
71,127,Proliferation,true,false,false
102,39,Proliferation,true,true,true
28,63,Proliferation,true,false,false
116,49,Proliferation,true,false,true
80,39,Proliferation,true,false,false
81,41,Growth_Arrest,false,false,false
36,84,Growth_Arrest,false,false,true
98,89,Growth_Arrest,false,false,false
104,115,Proliferation,true,false,false
85,33,Proliferation,true,true,true
62,78,Growth_Arrest,false,false,true
71,62,Growth_Arrest,false,true,true
92,49,Growth_Arrest,false,true,true
27,91,Proliferation,true,false,false
65,22,Growth_Arrest,false,false,false
114,39,Proliferation,true,false,true
107,34,Proliferation,true,false,false
113,39,Proliferation,true,false,true
33,71,Growth_Arrest,false,true,false
105,105,Proliferation,true,true,true
46,46,Proliferation,true,false,true
40,99,Proliferation,true,true,true
75,113,Proliferation,true,false,false
64,29,Growth_Arrest,false,false,false
79,104,Growth_Arrest,false,true,false
82,64,Proliferation,true,false,true
59,57,Proliferation,true,true,false
93,63,Growth_Arrest,false,true,true
64,92,Growth_Arrest,false,true,false
81,70,Proliferation,true,true,false
50,109,Growth_Arrest,false,false,false
106,84,Proliferation,true,true,true
67,85,Proliferation,true,true,true
52,36,Proliferation,true,false,true
63,55,Proliferation,true,false,true
103,54,Proliferation,true,true,false
51,77,Proliferation,true,true,true
93,101,Proliferation,true,false,true
69,112,Proliferation,true,false,true
46,83,Proliferation,true,true,false
33,75,Proliferation,true,false,false
69,67,Proliferation,true,true,true
77,54,Proliferation,true,true,true
36,66,Proliferation,true,false,false
41,79,Proliferation,true,true,false
77,53,Proliferation,true,false,false
29,93,Growth_Arrest,false,false,false
49,94,Proliferation,true,false,false
107,86,Proliferation,true,true,true
67,123,Growth_Arrest,false,false,true
51,65,Proliferation,true,false,true
71,118,Growth_Arrest,false,true,true
78,82,Growth_Arrest,false,true,true
56,83,Growth_Arrest,false,false,true
48,28,Growth_Arrest,false,true,true
79,79,Growth_Arrest,false,false,false
31,53,Proliferation,true,false,true
42,52,Growth_Arrest,false,false,false
95,106,Proliferation,true,true,true
96,91,Proliferation,true,false,true
78,52,Growth_Arrest,false,true,true
69,52,Proliferation,true,true,true
80,70,Growth_Arrest,false,true,true
74,106,Proliferation,true,true,true
74,75,Growth_Arrest,false,true,true
86,79,Proliferation,true,false,true
35,61,Proliferation,true,false,true
52,88,Proliferation,true,false,true
122,89,Proliferation,true,true,true
109,40,Proliferation,true,false,true
116,105,Proliferation,true,true,true
86,105,Growth_Arrest,false,true,true
115,111,Proliferation,true,false,true
103,61,Growth_Arrest,false,false,true
69,48,Proliferation,true,false,true
88,76,Proliferation,true,false,false
55,85,Proliferation,true,true,false
85,105,Proliferation,true,true,false
86,58,Proliferation,true,true,false
64,59,Growth_Arrest,false,false,false
90,29,Growth_Arrest,false,true,false
44,122,Proliferation,true,false,false
78,126,Growth_Arrest,false,true,true
127,81,Proliferation,true,true,true
119,92,Growth_Arrest,false,false,true
66,58,Proliferation,true,false,true
93,76,Growth_Arrest,false,false,true
33,111,Proliferation,true,false,false
36,35,Proliferation,true,false,false
99,90,Proliferation,true,true,false
110,81,Proliferation,true,true,true
130,84,Proliferation,true,true,true
92,100,Growth_Arrest,false,true,true
94,29,Proliferation,true,false,true
99,87,Proliferation,true,false,true
59,121,Proliferation,true,true,false
96,34,Proliferation,true,false,false
66,121,Growth_Arrest,false,false,false
80,30,Proliferation,true,false,false
99,101,Proliferation,true,true,false
114,51,Proliferation,true,false,false
70,56,Proliferation,true,false,true
27,46,Proliferation,true,true,true
77,66,Growth_Arrest,false,true,true
110,106,Proliferation,true,false,false
24,69,Proliferation,true,false,true
91,24,Proliferation,true,false,true
123,65,Growth_Arrest,false,false,true
54,30,Proliferation,true,false,true
127,56,Proliferation,true,false,true
97,69,Proliferation,true,true,true
32,87,Proliferation,true,false,true
54,83,Proliferation,true,false,true
23,91,Proliferation,true,true,true
51,105,Growth_Arrest,false,false,true
48,121,Growth_Arrest,false,false,false
52,58,Proliferation,true,false,false
91,86,Proliferation,true,false,false
45,115,Proliferation,true,false,false
71,86,Proliferation,true,true,true
66,56,Proliferation,true,false,false
26,85,Growth_Arrest,false,false,true
30,59,Proliferation,true,true,true
33,97,Proliferation,true,true,true
98,103,Proliferation,true,false,true
123,101,Proliferation,true,true,true
68,117,Proliferation,true,true,false
64,80,Proliferation,true,true,false
25,66,Growth_Arrest,false,true,true
123,54,Growth_Arrest,false,false,true
54,51,Growth_Arrest,false,true,true
119,109,Proliferation,true,false,false
39,73,Proliferation,true,true,false
73,65,Proliferation,true,false,true
73,69,Proliferation,true,true,true
106,87,Proliferation,true,true,false
34,97,Growth_Arrest,false,true,false
90,119,Proliferation,true,true,true
77,33,Proliferation,true,true,true
104,48,Growth_Arrest,false,true,false
72,49,Growth_Arrest,false,true,true
47,52,Growth_Arrest,false,false,false
58,83,Proliferation,true,false,true
115,51,Proliferation,true,true,true
77,108,Proliferation,true,false,true
70,37,Proliferation,true,true,true
49,34,Proliferation,true,false,true
74,40,Proliferation,true,true,true
67,124,Proliferation,true,false,false
77,126,Growth_Arrest,false,false,true
52,81,Proliferation,true,false,false
29,49,Proliferation,true,false,true
103,93,Growth_Arrest,false,true,false
119,78,Proliferation,true,true,true
71,78,Proliferation,true,false,false
86,121,Growth_Arrest,false,false,false
83,112,Proliferation,true,false,true
109,72,Proliferation,true,false,true
107,68,Proliferation,true,true,false
64,94,Proliferation,true,false,false
39,100,Growth_Arrest,false,true,true
98,25,Growth_Arrest,false,false,true
27,95,Growth_Arrest,false,false,true
82,114,Growth_Arrest,false,false,false
51,109,Proliferation,true,false,false
100,118,Proliferation,true,false,true
47,92,Proliferation,true,true,true
63,119,Proliferation,true,true,true
45,66,Proliferation,true,false,true
96,117,Proliferation,true,false,false
31,96,Proliferation,true,true,true
43,73,Proliferation,true,true,false
49,39,Proliferation,true,false,true
83,121,Proliferation,true,true,true
82,25,Proliferation,true,true,true
55,122,Proliferation,true,false,true
121,93,Proliferation,true,false,false
64,46,Growth_Arrest,false,true,false
110,117,Proliferation,true,false,false
40,52,Proliferation,true,true,true
34,57,Proliferation,true,false,true
75,48,Proliferation,true,false,false
58,45,Proliferation,true,false,true
100,122,Proliferation,true,true,false
25,98,Proliferation,true,false,true
110,60,Proliferation,true,true,false
23,97,Proliferation,true,true,false
57,122,Proliferation,true,true,false
56,46,Growth_Arrest,false,false,true
97,100,Proliferation,true,false,false
61,115,Growth_Arrest,false,false,true
34,61,Growth_Arrest,false,true,false
83,90,Proliferation,true,false,false
107,104,Growth_Arrest,false,true,false
72,42,Proliferation,true,true,false
80,105,Proliferation,true,false,true
98,27,Growth_Arrest,false,true,true
105,49,Growth_Arrest,false,false,false
83,103,Proliferation,true,false,true
109,79,Proliferation,true,true,false
65,124,Growth_Arrest,false,false,true
91,88,Proliferation,true,true,false
113,55,Growth_Arrest,false,false,true
113,40,Growth_Arrest,false,true,true
99,77,Growth_Arrest,false,true,false
75,99,Proliferation,true,true,false
108,52,Growth_Arrest,false,false,true
66,105,Proliferation,true,true,true
78,127,Proliferation,true,true,false
100,30,Proliferation,true,true,true
23,66,Proliferation,true,true,false
39,107,Proliferation,true,false,true
95,96,Proliferation,true,false,false
119,62,Proliferation,true,false,false
117,74,Proliferation,true,false,true
93,42,Proliferation,true,true,false
51,37,Growth_Arrest,false,false,true
105,40,Proliferation,true,true,true
34,49,Proliferation,true,false,true
74,124,Proliferation,true,false,true
74,100,Proliferation,true,false,true
81,117,Proliferation,true,false,true
89,61,Growth_Arrest,false,false,true
86,94,Proliferation,true,false,true
107,35,Proliferation,true,true,true
40,117,Proliferation,true,true,false
111,104,Proliferation,true,false,true
41,44,Proliferation,true,true,false
103,117,Proliferation,true,true,false
74,95,Proliferation,true,true,true
82,39,Proliferation,true,true,false
61,31,Growth_Arrest,false,true,true
104,122,Proliferation,true,false,false
65,127,Growth_Arrest,false,true,false
124,48,Growth_Arrest,false,false,false
43,93,Proliferation,true,false,true
112,84,Proliferation,true,false,true
91,62,Growth_Arrest,false,true,true
40,39,Proliferation,true,false,true
87,45,Proliferation,true,false,false
88,121,Growth_Arrest,false,false,true
48,63,Proliferation,true,true,true
126,75,Proliferation,true,true,false
114,47,Proliferation,true,false,true
78,121,Growth_Arrest,false,false,false
71,74,Proliferation,true,true,false
52,110,Growth_Arrest,false,true,false
71,99,Proliferation,true,false,false
56,79,Proliferation,true,false,true
41,35,Proliferation,true,false,false
100,54,Growth_Arrest,false,false,true
91,81,Growth_Arrest,false,true,true
71,33,Proliferation,true,true,true
73,25,Proliferation,true,true,false
38,32,Proliferation,true,false,false
62,118,Proliferation,true,true,true
95,43,Proliferation,true,true,false
109,38,Proliferation,true,true,true
93,71,Growth_Arrest,false,false,false
40,53,Proliferation,true,false,true
42,41,Growth_Arrest,false,false,true
63,82,Proliferation,true,true,true
37,95,Proliferation,true,false,true
56,118,Proliferation,true,false,false
38,57,Proliferation,true,false,true
88,94,Proliferation,true,true,true
65,110,Proliferation,true,false,false
27,70,Proliferation,true,false,true
90,50,Growth_Arrest,false,true,false
79,99,Proliferation,true,true,false
99,51,Growth_Arrest,false,false,false
124,93,Proliferation,true,false,true
65,58,Proliferation,true,true,true
71,130,Proliferation,true,true,false
90,66,Proliferation,true,true,true
109,107,Proliferation,true,false,true
110,31,Proliferation,true,true,false
88,116,Proliferation,true,true,true
70,99,Proliferation,true,false,false
77,63,Growth_Arrest,false,false,true
80,87,Proliferation,true,false,false
106,28,Proliferation,true,true,false
72,129,Proliferation,true,true,false
89,64,Proliferation,true,false,false
31,89,Proliferation,true,true,true
45,109,Proliferation,true,true,false
87,103,Growth_Arrest,false,true,true
65,42,Proliferation,true,false,false
35,72,Growth_Arrest,false,false,false
34,95,Growth_Arrest,false,true,false
93,80,Proliferation,true,false,false
101,108,Proliferation,true,true,false
127,75,Proliferation,true,true,true
25,100,Proliferation,true,false,false
62,70,Growth_Arrest,false,false,true
102,28,Proliferation,true,true,true
96,75,Proliferation,true,true,true
109,62,Growth_Arrest,false,false,false
30,65,Proliferation,true,false,true
32,43,Proliferation,true,false,true
31,81,Proliferation,true,true,false
61,32,Growth_Arrest,false,false,false
80,116,Growth_Arrest,false,true,false
68,26,Proliferation,true,false,true
114,82,Proliferation,true,false,false
43,114,Growth_Arrest,false,true,false
98,26,Growth_Arrest,false,false,true
129,68,Proliferation,true,true,false
59,113,Proliferation,true,false,true
95,28,Growth_Arrest,false,false,false
76,24,Proliferation,true,true,true
109,116,Proliferation,true,true,false
127,95,Proliferation,true,true,false
41,78,Proliferation,true,true,false
54,90,Growth_Arrest,false,false,true
42,112,Proliferation,true,false,true
88,67,Proliferation,true,false,true
44,98,Proliferation,true,false,true
89,31,Growth_Arrest,false,true,true
103,69,Growth_Arrest,false,false,true
66,71,Proliferation,true,false,false
128,78,Proliferation,true,false,false
19,69,Proliferation,true,true,true
98,29,Growth_Arrest,false,false,false
100,52,Growth_Arrest,false,false,true
86,87,Proliferation,true,false,true
90,111,Proliferation,true,true,false
61,65,Proliferation,true,false,false
67,36,Proliferation,true,false,false
54,45,Proliferation,true,true,true
115,91,Proliferation,true,false,true
48,58,Growth_Arrest,false,true,true
76,106,Proliferation,true,false,false
66,74,Proliferation,true,false,true
78,30,Proliferation,true,true,true
74,62,Proliferation,true,false,true
56,54,Growth_Arrest,false,true,false
77,91,Growth_Arrest,false,true,true
48,32,Growth_Arrest,false,false,true
102,91,Proliferation,true,true,true
39,90,Growth_Arrest,false,false,false
55,65,Proliferation,true,false,false
84,25,Proliferation,true,false,false
26,78,Proliferation,true,true,true
20,85,Growth_Arrest,false,true,true
94,83,Growth_Arrest,false,true,true
44,111,Proliferation,true,true,false
117,59,Proliferation,true,true,false
41,103,Proliferation,true,true,true
106,55,Proliferation,true,true,true
56,110,Proliferation,true,true,false
95,33,Growth_Arrest,false,false,false
100,84,Proliferation,true,true,true
73,128,Proliferation,true,true,true
68,92,Growth_Arrest,false,true,false
81,52,Growth_Arrest,false,true,false
54,28,Proliferation,true,true,true
125,67,Proliferation,true,true,false
33,77,Proliferation,true,false,false
122,56,Growth_Arrest,false,false,true
109,86,Proliferation,true,false,false
114,71,Proliferation,true,false,true
73,42,Growth_Arrest,false,true,false
57,77,Proliferation,true,false,true
81,102,Proliferation,true,false,false
55,45,Proliferation,true,false,false
37,43,Proliferation,true,true,false
89,105,Proliferation,true,false,true
71,44,Growth_Arrest,false,true,true
31,101,Growth_Arrest,false,true,false
39,33,Proliferation,true,true,false
34,98,Proliferation,true,false,false
19,76,Proliferation,true,false,false
49,116,Proliferation,true,false,false
68,110,Proliferation,true,false,false
100,41,Proliferation,true,false,true
79,44,Proliferation,true,false,true
103,102,Proliferation,true,false,true
24,52,Growth_Arrest,false,false,false
45,53,Growth_Arrest,false,true,true
41,62,Growth_Arrest,false,false,true
21,65,Proliferation,true,true,true
69,78,Growth_Arrest,false,true,false
44,37,Growth_Arrest,false,true,false
45,63,Proliferation,true,true,true
109,119,Growth_Arrest,false,true,true
123,73,Proliferation,true,false,false
84,30,Proliferation,true,false,true
38,66,Growth_Arrest,false,false,true
124,82,Growth_Arrest,false,false,false
62,106,Proliferation,true,false,false
117,79,Proliferation,true,true,true
27,93,Proliferation,true,true,false
93,28,Growth_Arrest,false,false,true
88,72,Growth_Arrest,false,false,true
115,40,Proliferation,true,false,false
128,73,Growth_Arrest,false,true,true
44,84,Proliferation,true,true,true
66,66,Growth_Arrest,false,true,false
68,31,Proliferation,true,false,true
83,115,Proliferation,true,false,true
92,101,Proliferation,true,false,true
94,118,Proliferation,true,false,false
61,58,Growth_Arrest,false,true,false
51,78,Proliferation,true,true,true
77,20,Proliferation,true,false,false
36,77,Proliferation,true,false,false
99,57,Proliferation,true,false,true
40,84,Growth_Arrest,false,true,false
52,39,Proliferation,true,false,true
70,128,Growth_Arrest,false,true,false
59,35,Proliferation,true,false,false
85,114,Proliferation,true,true,false
106,66,Proliferation,true,true,false
82,37,Proliferation,true,true,true
85,57,Growth_Arrest,false,true,true
35,76,Growth_Arrest,false,false,true
121,61,Proliferation,true,true,true
70,54,Proliferation,true,false,false
75,103,Growth_Arrest,false,false,true
30,91,Proliferation,true,true,false
47,108,Proliferation,true,true,false
32,103,Growth_Arrest,false,true,false
87,57,Growth_Arrest,false,false,false
66,27,Proliferation,true,false,true
41,46,Growth_Arrest,false,true,true
71,41,Proliferation,true,true,false
105,75,Proliferation,true,false,false
41,47,Proliferation,true,true,true
58,88,Proliferation,true,true,true
110,51,Proliferation,true,false,false
35,71,Proliferation,true,true,true
52,79,Proliferation,true,true,false
90,60,Proliferation,true,true,true
38,97,Growth_Arrest,false,true,true
39,116,Proliferation,true,true,false
72,36,Proliferation,true,true,false
69,76,Growth_Arrest,false,false,true
112,73,Growth_Arrest,false,true,true
62,124,Proliferation,true,true,false
122,49,Proliferation,true,false,false
86,53,Growth_Arrest,false,false,false
68,50,Proliferation,true,true,true
65,107,Proliferation,true,true,true
68,21,Growth_Arrest,false,false,true
20,68,Proliferation,true,true,false
103,42,Growth_Arrest,false,false,false
47,70,Growth_Arrest,false,true,true
102,59,Proliferation,true,false,false
45,35,Proliferation,true,false,true
76,36,Growth_Arrest,false,false,false
111,110,Growth_Arrest,false,true,false
118,108,Proliferation,true,false,false
98,57,Proliferation,true,true,false
90,99,Proliferation,true,false,false
62,63,Growth_Arrest,false,true,false
55,25,Proliferation,true,false,true
43,109,Proliferation,true,false,false
53,115,Proliferation,true,true,false
92,112,Proliferation,true,true,true
106,121,Proliferation,true,false,false
96,43,Growth_Arrest,false,false,true
96,27,Proliferation,true,true,true
115,79,Growth_Arrest,false,false,true
59,125,Growth_Arrest,false,true,false
47,49,Proliferation,true,false,true
66,116,Proliferation,true,true,false
105,32,Proliferation,true,false,false
30,57,Proliferation,true,true,false
115,61,Proliferation,true,true,false
89,100,Proliferation,true,true,true
87,47,Proliferation,true,false,true
30,61,Proliferation,true,false,true
57,117,Proliferation,true,false,true
102,112,Proliferation,true,false,false
62,67,Proliferation,true,false,true
54,61,Proliferation,true,true,true
116,39,Growth_Arrest,false,false,false
78,61,Growth_Arrest,false,true,false
76,39,Proliferation,true,true,false
73,55,Growth_Arrest,false,true,true
26,92,Proliferation,true,false,true
103,30,Proliferation,true,true,false
111,74,Proliferation,true,false,false
85,109,Proliferation,true,true,true
108,71,Proliferation,true,false,false
102,35,Proliferation,true,true,true
48,94,Growth_Arrest,false,false,true
115,58,Proliferation,true,false,true
61,62,Proliferation,true,true,true
109,54,Proliferation,true,true,true
26,72,Growth_Arrest,false,false,true
58,39,Proliferation,true,true,false
25,64,Proliferation,true,false,true
35,113,Proliferation,true,true,true
46,56,Proliferation,true,true,false
57,41,Proliferation,true,false,false
76,113,Growth_Arrest,false,true,true
41,38,Proliferation,true,true,false
61,85,Proliferation,true,true,false
83,64,Proliferation,true,true,false
56,30,Proliferation,true,false,true
23,71,Proliferation,true,false,true
118,85,Growth_Arrest,false,false,true
109,49,Growth_Arrest,false,false,false
112,51,Proliferation,true,false,false
54,60,Proliferation,true,false,false
86,112,Proliferation,true,true,false
111,108,Proliferation,true,false,false
70,50,Proliferation,true,true,true
67,94,Growth_Arrest,false,true,true
45,58,Proliferation,true,true,false
44,77,Growth_Arrest,false,false,false
69,70,Growth_Arrest,false,true,true
84,53,Proliferation,true,false,true
54,124,Proliferation,true,true,true
98,125,Growth_Arrest,false,true,true
43,68,Proliferation,true,false,false
66,119,Growth_Arrest,false,true,false
66,123,Proliferation,true,true,true
79,73,Growth_Arrest,false,false,false
60,129,Proliferation,true,false,true
75,45,Proliferation,true,false,false
47,46,Proliferation,true,true,false
103,55,Growth_Arrest,false,true,false
74,58,Proliferation,true,true,true
35,106,Growth_Arrest,false,false,true
104,95,Proliferation,true,false,true
112,65,Growth_Arrest,false,true,false
98,53,Proliferation,true,false,false
83,83,Growth_Arrest,false,true,true
26,83,Growth_Arrest,false,true,false
37,42,Growth_Arrest,false,true,false
105,46,Growth_Arrest,false,false,false
40,60,Proliferation,true,true,true
81,38,Proliferation,true,true,true
55,97,Growth_Arrest,false,true,false
116,64,Proliferation,true,true,false
109,71,Growth_Arrest,false,true,false
88,123,Proliferation,true,false,false
61,53,Growth_Arrest,false,true,true
88,79,Proliferation,true,true,true
28,53,Growth_Arrest,false,true,false
69,118,Proliferation,true,true,false
118,64,Proliferation,true,false,false
24,59,Growth_Arrest,false,true,true
100,51,Proliferation,true,true,true
28,82,Proliferation,true,false,false
30,78,Growth_Arrest,false,true,false
104,121,Proliferation,true,true,false
68,28,Proliferation,true,true,true
99,102,Growth_Arrest,false,false,false
36,101,Growth_Arrest,false,false,false
96,31,Proliferation,true,true,true
91,128,Growth_Arrest,false,true,false
43,72,Growth_Arrest,false,false,false
126,56,Proliferation,true,true,true
49,48,Proliferation,true,false,false
78,76,Growth_Arrest,false,false,true
65,46,Proliferation,true,false,true
113,73,Proliferation,true,false,true
89,125,Proliferation,true,true,true
103,76,Proliferation,true,true,false
123,64,Proliferation,true,false,true
60,103,Proliferation,true,true,false
63,120,Growth_Arrest,false,false,false
103,40,Proliferation,true,false,false
19,64,Proliferation,true,true,false
104,57,Proliferation,true,false,false
111,42,Proliferation,true,true,false
52,116,Proliferation,true,false,true
102,92,Growth_Arrest,false,true,false
90,122,Proliferation,true,true,false
70,61,Proliferation,true,true,true
49,120,Proliferation,true,true,true
19,72,Growth_Arrest,false,true,true
50,65,Proliferation,true,true,false
43,90,Growth_Arrest,false,false,false
75,81,Proliferation,true,true,true
82,26,Proliferation,true,false,true
69,109,Proliferation,true,true,true
93,52,Proliferation,true,false,false
33,44,Proliferation,true,true,true
50,93,Proliferation,true,false,false
55,44,Proliferation,true,true,true
62,47,Proliferation,true,true,false
78,102,Proliferation,true,false,true
109,65,Proliferation,true,true,false
86,41,Proliferation,true,true,true
100,94,Proliferation,true,false,true
55,119,Proliferation,true,false,true
80,89,Proliferation,true,false,false
107,56,Growth_Arrest,false,false,false
118,90,Proliferation,true,true,false
90,43,Proliferation,true,false,false
94,60,Proliferation,true,true,true
125,70,Proliferation,true,true,true
80,90,Proliferation,true,false,true
123,82,Proliferation,true,true,true
126,55,Proliferation,true,true,false
118,82,Proliferation,true,false,false
100,92,Proliferation,true,true,true
102,57,Growth_Arrest,false,false,true
53,42,Proliferation,true,false,false
53,112,Proliferation,true,false,true
74,129,Growth_Arrest,false,true,true
46,50,Proliferation,true,false,false
77,21,Proliferation,true,true,true
95,61,Proliferation,true,true,false
71,30,Growth_Arrest,false,false,true
107,70,Proliferation,true,true,true
35,65,Proliferation,true,true,false
56,117,Proliferation,true,true,false
71,129,Proliferation,true,false,false
28,46,Growth_Arrest,false,true,true
35,89,Proliferation,true,true,false
82,78,Proliferation,true,true,false
65,120,Growth_Arrest,false,true,true
23,52,Proliferation,true,true,false
91,58,Proliferation,true,true,false
73,103,Proliferation,true,false,true
67,59,Proliferation,true,true,true
73,119,Growth_Arrest,false,true,true
115,90,Proliferation,true,true,true
109,91,Proliferation,true,true,true
83,70,Proliferation,true,true,false
95,59,Proliferation,true,true,true
61,23,Proliferation,true,true,false
72,101,Proliferation,true,true,true
114,45,Proliferation,true,false,true
87,89,Proliferation,true,false,false
100,39,Proliferation,true,true,false
63,46,Proliferation,true,false,false
120,50,Proliferation,true,true,true
68,76,Proliferation,true,false,true
83,124,Proliferation,true,false,true
82,81,Proliferation,true,false,false
113,60,Proliferation,true,true,true
108,40,Growth_Arrest,false,true,true
43,53,Proliferation,true,false,true
58,34,Proliferation,true,false,false
63,93,Proliferation,true,true,false
53,86,Proliferation,true,true,true
50,33,Proliferation,true,false,true
38,87,Proliferation,true,true,true
103,36,Proliferation,true,true,false
29,89,Proliferation,true,false,false
56,45,Growth_Arrest,false,true,false
68,44,Proliferation,true,false,true
82,112,Growth_Arrest,false,true,true
105,76,Growth_Arrest,false,false,false
27,66,Growth_Arrest,false,false,false
32,44,Growth_Arrest,false,true,false
60,95,Growth_Arrest,false,false,true
47,66,Growth_Arrest,false,false,false
81,98,Proliferation,true,false,false
109,88,Proliferation,true,false,true
98,115,Proliferation,true,true,false
64,125,Proliferation,true,true,false
98,28,Proliferation,true,false,false
60,25,Growth_Arrest,false,true,false
55,127,Proliferation,true,true,false
107,31,Growth_Arrest,false,false,false
124,73,Proliferation,true,false,false
94,91,Growth_Arrest,false,false,true
38,84,Proliferation,true,false,true
97,72,Proliferation,true,true,true
102,49,Proliferation,true,false,false
30,86,Proliferation,true,false,false
68,55,Proliferation,true,true,false
84,57,Proliferation,true,false,true
108,102,Growth_Arrest,false,true,false
64,49,Proliferation,true,false,false
80,112,Proliferation,true,true,false
28,94,Proliferation,true,false,true
102,62,Proliferation,true,true,true
74,54,Proliferation,true,true,false
30,69,Proliferation,true,false,true
100,103,Proliferation,true,true,true
87,113,Proliferation,true,true,false
81,61,Proliferation,true,false,true
27,89,Proliferation,true,true,true
51,42,Proliferation,true,true,false
41,74,Proliferation,true,false,false
63,99,Growth_Arrest,false,true,false
74,63,Proliferation,true,false,true
121,75,Growth_Arrest,false,true,true
84,41,Proliferation,true,true,true
31,51,Proliferation,true,false,true
43,97,Proliferation,true,false,true
56,113,Proliferation,true,false,true
116,85,Growth_Arrest,false,true,false
80,110,Proliferation,true,true,false
97,44,Proliferation,true,true,true
66,52,Proliferation,true,true,true
124,49,Growth_Arrest,false,false,true
32,66,Growth_Arrest,false,false,false
71,20,Growth_Arrest,false,true,true
57,124,Proliferation,true,false,false
99,56,Growth_Arrest,false,false,false
58,43,Growth_Arrest,false,false,true
116,66,Proliferation,true,true,false
22,81,Proliferation,true,false,false
44,32,Growth_Arrest,false,true,false
42,82,Growth_Arrest,false,false,true
81,76,Proliferation,true,true,false
105,71,Proliferation,true,true,false
122,64,Growth_Arrest,false,false,false
79,34,Proliferation,true,false,false
39,93,Proliferation,true,true,true
97,96,Proliferation,true,true,false
109,35,Growth_Arrest,false,true,false
81,95,Proliferation,true,true,false
101,63,Proliferation,true,true,true
62,72,Growth_Arrest,false,false,true
75,124,Proliferation,true,false,false
99,104,Proliferation,true,false,false
39,53,Growth_Arrest,false,true,false
99,45,Proliferation,true,false,true
21,76,Proliferation,true,false,true
55,117,Proliferation,true,false,false
121,60,Proliferation,true,false,true
116,52,Proliferation,true,true,true
59,93,Growth_Arrest,false,false,true
95,57,Growth_Arrest,false,true,false
64,31,Proliferation,true,true,true
36,52,Proliferation,true,true,true
92,57,Proliferation,true,true,true
95,105,Proliferation,true,true,true
73,91,Growth_Arrest,false,false,false
45,89,Proliferation,true,true,false
112,116,Proliferation,true,false,true
73,87,Proliferation,true,false,false
73,56,Proliferation,true,false,true
123,91,Proliferation,true,false,false
53,34,Proliferation,true,false,false
74,79,Proliferation,true,false,false
123,98,Growth_Arrest,false,false,true
70,89,Growth_Arrest,false,true,false
35,58,Growth_Arrest,false,true,true
88,40,Proliferation,true,true,true
61,27,Proliferation,true,false,false
60,22,Proliferation,true,true,false
33,38,Proliferation,true,true,false
108,81,Proliferation,true,true,false
86,74,Growth_Arrest,false,true,true
26,99,Growth_Arrest,false,true,true
82,65,Proliferation,true,true,false
112,37,Proliferation,true,true,true
120,94,Growth_Arrest,false,false,true
59,23,Proliferation,true,false,false
87,53,Proliferation,true,true,true
78,93,Proliferation,true,true,true
114,65,Proliferation,true,false,false
87,129,Growth_Arrest,false,false,true
47,99,Proliferation,true,true,true
59,115,Proliferation,true,true,false
78,122,Growth_Arrest,false,false,true
77,116,Proliferation,true,false,true
99,92,Growth_Arrest,false,false,false
121,74,Growth_Arrest,false,false,true
125,97,Proliferation,true,true,true
28,88,Growth_Arrest,false,true,false
92,94,Proliferation,true,false,false
108,65,Proliferation,true,true,true
46,85,Growth_Arrest,false,false,true
60,85,Growth_Arrest,false,false,false
113,63,Growth_Arrest,false,false,true
78,41,Proliferation,true,false,false
20,81,Growth_Arrest,false,false,false
55,106,Proliferation,true,true,false
27,57,Proliferation,true,true,true
126,88,Proliferation,true,false,false
89,56,Proliferation,true,false,true
99,49,Proliferation,true,false,false
83,41,Growth_Arrest,false,false,true
106,98,Proliferation,true,false,false
69,92,Proliferation,true,false,true
103,67,Proliferation,true,true,true
64,76,Growth_Arrest,false,true,true
47,113,Growth_Arrest,false,true,true
76,82,Growth_Arrest,false,true,true
48,113,Growth_Arrest,false,true,false
103,81,Proliferation,true,false,false
83,33,Proliferation,true,false,true
41,106,Proliferation,true,true,true
64,43,Proliferation,true,true,false
89,62,Proliferation,true,true,false
80,104,Proliferation,true,true,true
116,96,Proliferation,true,true,false
109,94,Growth_Arrest,false,true,true
100,44,Proliferation,true,false,false
96,89,Proliferation,true,true,false
99,94,Growth_Arrest,false,false,true
51,63,Proliferation,true,false,false
42,96,Growth_Arrest,false,false,false
54,96,Proliferation,true,false,false
106,58,Proliferation,true,false,true
44,105,Proliferation,true,true,false
25,68,Proliferation,true,true,false
42,56,Growth_Arrest,false,false,false
52,107,Proliferation,true,false,false
108,97,Proliferation,true,false,true
87,82,Proliferation,true,true,true
31,104,Proliferation,true,false,true
42,59,Proliferation,true,true,true
56,107,Proliferation,true,false,true
108,92,Growth_Arrest,false,true,false
85,112,Growth_Arrest,false,false,false
106,86,Proliferation,true,true,false
129,62,Growth_Arrest,false,false,false
69,28,Proliferation,true,false,false
38,54,Growth_Arrest,false,false,false
21,66,Proliferation,true,false,true
117,84,Growth_Arrest,false,true,true
110,114,Growth_Arrest,false,true,false
35,91,Growth_Arrest,false,false,true
89,129,Proliferation,true,true,true
63,128,Proliferation,true,false,false
109,33,Proliferation,true,true,true
19,85,Proliferation,true,false,false
100,111,Proliferation,true,false,false
111,111,Growth_Arrest,false,true,true
45,44,Proliferation,true,false,true
56,60,Proliferation,true,false,false
96,116,Proliferation,true,false,true
119,77,Growth_Arrest,false,true,false
36,43,Proliferation,true,true,true
28,61,Proliferation,true,false,false
115,109,Proliferation,true,true,true
99,86,Proliferation,true,false,true
83,61,Proliferation,true,true,true
57,74,Proliferation,true,false,false
96,102,Proliferation,true,true,true
48,39,Proliferation,true,true,true
55,38,Proliferation,true,true,true
46,107,Proliferation,true,true,true
120,85,Proliferation,true,true,true
76,116,Proliferation,true,true,false
66,104,Proliferation,true,true,false
97,52,Growth_Arrest,false,false,false
95,91,Proliferation,true,true,true
125,74,Proliferation,true,false,true
87,102,Proliferation,true,true,false
75,114,Proliferation,true,false,true
96,55,Growth_Arrest,false,false,true
84,101,Proliferation,true,true,true
57,46,Proliferation,true,false,true
30,43,Growth_Arrest,false,true,false
64,114,Proliferation,true,false,true
53,24,Growth_Arrest,false,false,false
73,31,Proliferation,true,true,false
100,63,Proliferation,true,false,false
75,93,Growth_Arrest,false,false,true
41,108,Proliferation,true,false,true
67,67,Growth_Arrest,false,true,true
54,117,Proliferation,true,true,true
50,32,Proliferation,true,false,false
47,87,Proliferation,true,true,false
29,43,Proliferation,true,false,false
37,72,Proliferation,true,false,true
26,62,Proliferation,true,true,true
124,81,Proliferation,true,false,false
96,64,Growth_Arrest,false,false,false
105,62,Proliferation,true,false,true
69,116,Growth_Arrest,false,false,false
108,107,Proliferation,true,false,true
72,104,Proliferation,true,true,true
102,86,Growth_Arrest,false,true,true
114,100,Proliferation,true,true,false
75,87,Proliferation,true,false,true
119,68,Proliferation,true,false,false
101,43,Proliferation,true,true,false
36,34,Growth_Arrest,false,true,false
70,69,Proliferation,true,false,true
57,62,Proliferation,true,true,false
78,86,Growth_Arrest,false,true,false
68,32,Proliferation,true,false,true
91,106,Proliferation,true,true,true
105,115,Proliferation,true,false,true
118,97,Growth_Arrest,false,true,false
47,64,Proliferation,true,false,true
70,97,Proliferation,true,false,false
96,104,Proliferation,true,false,true
26,54,Proliferation,true,false,false
30,49,Growth_Arrest,false,true,true
81,83,Proliferation,true,true,false
78,125,Proliferation,true,true,false
90,82,Growth_Arrest,false,true,false
77,44,Growth_Arrest,false,true,true
89,102,Proliferation,true,false,false
49,78,Proliferation,true,false,false
41,31,Proliferation,true,false,false
66,81,Growth_Arrest,false,true,true
73,83,Growth_Arrest,false,false,true
87,119,Proliferation,true,true,true
48,108,Proliferation,true,true,true
79,66,Proliferation,true,true,false
58,69,Proliferation,true,true,false
56,122,Proliferation,true,true,true
58,49,Growth_Arrest,false,false,false
84,116,Proliferation,true,true,false
126,79,Growth_Arrest,false,false,true
107,112,Proliferation,true,false,true
111,52,Proliferation,true,true,false
52,89,Proliferation,true,true,true
122,71,Growth_Arrest,false,false,true
82,104,Proliferation,true,true,false
107,38,Growth_Arrest,false,true,true
40,78,Proliferation,true,true,true
42,67,Proliferation,true,false,false
51,55,Proliferation,true,false,true
50,107,Growth_Arrest,false,true,false
27,61,Proliferation,true,false,true
83,92,Proliferation,true,true,false
78,69,Growth_Arrest,false,false,true
50,114,Proliferation,true,true,false
104,112,Proliferation,true,true,true
76,25,Growth_Arrest,false,true,true
42,79,Proliferation,true,false,false
67,105,Growth_Arrest,false,false,true
112,85,Proliferation,true,true,false
73,53,Proliferation,true,false,true
68,57,Proliferation,true,false,true
107,116,Growth_Arrest,false,true,true
117,68,Proliferation,true,true,true
26,90,Proliferation,true,true,true
40,102,Proliferation,true,true,true
52,78,Proliferation,true,true,false
98,92,Proliferation,true,false,true
27,87,Proliferation,true,false,true
83,118,Proliferation,true,false,false
43,118,Growth_Arrest,false,true,true
87,30,Proliferation,true,false,true
82,74,Proliferation,true,false,true
76,92,Proliferation,true,false,true
60,37,Proliferation,true,false,true
68,113,Proliferation,true,true,true
86,71,Growth_Arrest,false,true,false
28,101,Growth_Arrest,false,false,true
89,73,Proliferation,true,false,false
77,88,Growth_Arrest,false,false,true
24,53,Proliferation,true,false,false
84,43,Growth_Arrest,false,true,false
125,93,Growth_Arrest,false,true,true
122,52,Proliferation,true,false,true
95,83,Proliferation,true,true,true
31,80,Proliferation,true,false,false
99,61,Proliferation,true,false,false
69,123,Proliferation,true,false,false
77,112,Proliferation,true,true,false
101,60,Proliferation,true,true,false
48,118,Growth_Arrest,false,true,false
40,119,Proliferation,true,false,true
68,23,Proliferation,true,false,false
47,78,Proliferation,true,true,false
64,71,Proliferation,true,false,false
104,110,Growth_Arrest,false,false,false
86,64,Growth_Arrest,false,true,false
94,52,Growth_Arrest,false,false,false
76,64,Proliferation,true,false,true
86,49,Growth_Arrest,false,false,false
84,54,Proliferation,true,true,true
97,81,Growth_Arrest,false,false,true
82,116,Growth_Arrest,false,false,true
121,48,Proliferation,true,true,true
105,68,Proliferation,true,true,false
48,69,Proliferation,true,false,false
23,89,Proliferation,true,false,false
54,57,Proliferation,true,false,true
96,96,Proliferation,true,false,false
33,76,Growth_Arrest,false,true,false
77,118,Proliferation,true,false,false
41,52,Proliferation,true,false,false
32,97,Proliferation,true,true,false
48,81,Proliferation,true,true,false
62,108,Proliferation,true,true,false
109,31,Growth_Arrest,false,false,true
47,101,Proliferation,true,false,true
22,92,Proliferation,true,false,false
61,46,Growth_Arrest,false,false,true
39,111,Proliferation,true,true,true
55,121,Proliferation,true,false,false
80,111,Proliferation,true,true,false
94,98,Proliferation,true,true,false
44,72,Growth_Arrest,false,false,true
86,115,Growth_Arrest,false,true,false
69,61,Proliferation,true,true,true
95,111,Proliferation,true,true,false
105,122,Proliferation,true,false,false
60,34,Proliferation,true,false,false
95,114,Proliferation,true,false,true
37,85,Proliferation,true,false,true
40,85,Proliferation,true,false,true
47,44,Proliferation,true,false,true
51,80,Growth_Arrest,false,true,false
76,90,Proliferation,true,true,false
74,60,Proliferation,true,false,true
82,100,Proliferation,true,true,true
72,50,Proliferation,true,true,false
63,27,Growth_Arrest,false,true,false
42,83,Proliferation,true,true,true
110,82,Proliferation,true,true,false
21,73,Growth_Arrest,false,false,true
88,42,Growth_Arrest,false,false,false
97,115,Growth_Arrest,false,false,true
95,63,Proliferation,true,false,true
87,116,Proliferation,true,true,true
86,23,Proliferation,true,true,true
29,104,Proliferation,true,true,true
51,68,Proliferation,true,true,false
39,83,Growth_Arrest,false,false,true
80,41,Proliferation,true,true,false
104,107,Proliferation,true,false,true
112,109,Growth_Arrest,false,true,false
71,110,Proliferation,true,true,false
126,54,Proliferation,true,false,true
111,60,Proliferation,true,false,true
72,98,Growth_Arrest,false,false,true
57,70,Growth_Arrest,false,true,true
41,93,Proliferation,true,true,true
83,94,Growth_Arrest,false,true,true
111,80,Growth_Arrest,false,true,false
87,72,Proliferation,true,false,false
63,84,Proliferation,true,false,false
98,44,Proliferation,true,true,false
72,78,Growth_Arrest,false,false,false
47,50,Proliferation,true,true,true
121,102,Proliferation,true,false,true
55,37,Proliferation,true,true,true
90,113,Proliferation,true,true,false
60,109,Proliferation,true,true,true
78,90,Proliferation,true,false,false
120,95,Growth_Arrest,false,false,true
57,81,Proliferation,true,true,false
39,43,Growth_Arrest,false,false,true
84,96,Proliferation,true,true,false
81,78,Proliferation,true,true,true
91,69,Growth_Arrest,false,true,true
39,92,Growth_Arrest,false,true,false
98,80,Proliferation,true,true,false
76,123,Growth_Arrest,false,true,true
123,89,Proliferation,true,true,false
97,70,Proliferation,true,true,true
47,94,Proliferation,true,false,true
79,47,Proliferation,true,true,false
87,127,Growth_Arrest,false,false,true
41,104,Proliferation,true,false,true
85,99,Proliferation,true,true,false
120,107,Growth_Arrest,false,false,true
80,67,Proliferation,true,true,false
29,62,Proliferation,true,true,true
105,90,Proliferation,true,true,false
92,43,Proliferation,true,true,true
47,77,Proliferation,true,true,false
74,125,Proliferation,true,true,false
43,112,Growth_Arrest,false,true,true
37,100,Growth_Arrest,false,false,true
61,96,Growth_Arrest,false,true,true
78,57,Proliferation,true,true,false
101,70,Growth_Arrest,false,false,true
19,74,Proliferation,true,true,false
62,39,Proliferation,true,false,false
73,90,Proliferation,true,true,false
114,98,Proliferation,true,true,true
63,113,Proliferation,true,true,false
65,87,Growth_Arrest,false,true,true
41,111,Growth_Arrest,false,true,false
57,104,Growth_Arrest,false,false,false
64,77,Growth_Arrest,false,false,false
74,65,Growth_Arrest,false,false,true
26,103,Growth_Arrest,false,false,true
81,81,Growth_Arrest,false,true,true
96,63,Proliferation,true,true,true
57,66,Proliferation,true,true,true
103,108,Growth_Arrest,false,false,true
43,111,Growth_Arrest,false,true,true
90,98,Proliferation,true,true,true
104,86,Growth_Arrest,false,true,true
34,88,Proliferation,true,true,true
74,88,Proliferation,true,true,true
81,32,Proliferation,true,false,false
72,79,Growth_Arrest,false,true,true
53,35,Growth_Arrest,false,true,true
60,49,Growth_Arrest,false,true,false
71,67,Growth_Arrest,false,true,false
113,66,Proliferation,true,false,false
129,88,Growth_Arrest,false,true,true
129,77,Proliferation,true,true,false
120,58,Proliferation,true,false,true
95,112,Proliferation,true,false,true
73,123,Proliferation,true,false,false
53,123,Proliferation,true,true,false
93,97,Growth_Arrest,false,true,false
54,35,Growth_Arrest,false,true,false
108,78,Growth_Arrest,false,false,true
117,38,Proliferation,true,true,true
73,126,Proliferation,true,true,false
92,28,Growth_Arrest,false,true,true
116,90,Growth_Arrest,false,false,false
75,33,Proliferation,true,false,true
56,87,Proliferation,true,false,true
79,72,Proliferation,true,false,true
57,73,Growth_Arrest,false,true,true
94,95,Proliferation,true,true,true
46,70,Proliferation,true,false,false
82,111,Growth_Arrest,false,true,true
101,50,Proliferation,true,true,false
93,59,Proliferation,true,false,false
70,104,Proliferation,true,false,true
122,58,Proliferation,true,true,true
52,74,Proliferation,true,false,false
49,121,Proliferation,true,true,false
69,94,Proliferation,true,false,false
75,83,Proliferation,true,false,false
65,28,Proliferation,true,false,true
107,55,Proliferation,true,false,false
80,24,Proliferation,true,false,true
78,115,Proliferation,true,false,true
43,95,Growth_Arrest,false,false,false
93,31,Proliferation,true,true,false
40,34,Growth_Arrest,false,false,true
62,27,Growth_Arrest,false,false,false
46,81,Growth_Arrest,false,false,true
102,68,Proliferation,true,true,false
60,102,Growth_Arrest,false,false,false
81,34,Proliferation,true,false,true
92,86,Proliferation,true,true,false
89,42,Growth_Arrest,false,false,false
107,44,Proliferation,true,false,false
110,58,Proliferation,true,false,true
49,43,Proliferation,true,true,true
125,56,Proliferation,true,false,true
44,63,Proliferation,true,true,true
73,35,Proliferation,true,false,false
86,51,Proliferation,true,false,false
104,31,Proliferation,true,true,false
109,68,Proliferation,true,true,false
63,85,Proliferation,true,true,true
92,61,Proliferation,true,false,true
43,64,Proliferation,true,false,true
46,80,Proliferation,true,false,false
105,103,Proliferation,true,false,true
117,40,Growth_Arrest,false,false,false
101,65,Growth_Arrest,false,true,false
91,83,Proliferation,true,true,false
54,32,Growth_Arrest,false,false,false
57,82,Growth_Arrest,false,true,false
70,33,Proliferation,true,false,false
53,57,Proliferation,true,false,true
85,50,Proliferation,true,false,false
45,70,Growth_Arrest,false,true,false
81,59,Proliferation,true,true,false
80,26,Proliferation,true,true,false
47,55,Proliferation,true,false,false
69,119,Proliferation,true,false,false
86,80,Proliferation,true,true,true
79,118,Growth_Arrest,false,false,false
111,36,Growth_Arrest,false,true,true
84,46,Proliferation,true,true,false
91,103,Proliferation,true,true,true
78,62,Proliferation,true,true,false
122,80,Proliferation,true,true,true
66,112,Proliferation,true,false,true
74,28,Proliferation,true,true,false
89,110,Proliferation,true,false,true
34,112,Proliferation,true,false,false
24,84,Proliferation,true,true,false
96,124,Proliferation,true,true,true
55,78,Proliferation,true,false,false
83,98,Proliferation,true,true,false
46,40,Proliferation,true,false,false
102,33,Proliferation,true,false,false
51,114,Growth_Arrest,false,true,true
36,85,Growth_Arrest,false,false,true
76,109,Proliferation,true,false,false
81,53,Proliferation,true,true,true
88,47,Growth_Arrest,false,true,true
53,98,Proliferation,true,false,true
38,59,Proliferation,true,true,true
29,67,Growth_Arrest,false,false,false
97,84,Proliferation,true,true,true
75,56,Proliferation,true,true,false
66,62,Proliferation,true,false,false
57,32,Proliferation,true,false,true
81,42,Proliferation,true,false,false
62,125,Growth_Arrest,false,false,true
124,52,Growth_Arrest,false,true,false
79,123,Growth_Arrest,false,false,true
118,40,Growth_Arrest,false,true,false
57,100,Proliferation,true,true,true
99,105,Proliferation,true,false,true
82,30,Proliferation,true,true,true
31,99,Proliferation,true,false,false
23,60,Proliferation,true,true,true
47,74,Proliferation,true,false,true
35,54,Proliferation,true,true,true
62,128,Proliferation,true,false,true
94,39,Growth_Arrest,false,false,true
66,86,Proliferation,true,false,false
74,19,Proliferation,true,false,true
61,49,Growth_Arrest,false,false,false
73,75,Proliferation,true,true,true
109,113,Proliferation,true,true,false
35,63,Proliferation,true,true,false
80,20,Proliferation,true,false,false
70,119,Growth_Arrest,false,true,false
29,70,Growth_Arrest,false,true,true
61,84,Proliferation,true,true,true
76,23,Proliferation,true,true,false
104,32,Growth_Arrest,false,true,true
91,44,Proliferation,true,true,false
53,50,Growth_Arrest,false,false,false
81,82,Growth_Arrest,false,false,false
39,114,Proliferation,true,false,false
83,128,Proliferation,true,false,true
52,46,Proliferation,true,false,true
94,84,Proliferation,true,true,false
117,69,Proliferation,true,true,false
40,64,Growth_Arrest,false,true,true
68,52,Proliferation,true,false,true
91,35,Proliferation,true,false,true
84,89,Growth_Arrest,false,true,false
75,34,Proliferation,true,false,false
98,105,Proliferation,true,false,false
50,47,Proliferation,true,false,false
59,59,Proliferation,true,false,false
110,109,Proliferation,true,false,false
42,97,Proliferation,true,false,false
38,42,Proliferation,true,true,false
81,20,Proliferation,true,true,false
83,114,Growth_Arrest,false,true,false
124,56,Proliferation,true,true,false
96,78,Proliferation,true,false,false
72,115,Growth_Arrest,false,true,true
50,104,Proliferation,true,false,true
65,25,Proliferation,true,false,true
47,71,Growth_Arrest,false,true,true
29,45,Proliferation,true,false,false
23,77,Growth_Arrest,false,false,true
92,30,Proliferation,true,false,false
26,102,Growth_Arrest,false,false,true
48,27,Proliferation,true,true,true
106,32,Proliferation,true,true,false
116,89,Proliferation,true,false,true
75,67,Growth_Arrest,false,true,false
55,60,Growth_Arrest,false,false,true
47,61,Growth_Arrest,false,false,true
103,99,Growth_Arrest,false,true,false
94,116,Proliferation,true,true,true
107,79,Proliferation,true,false,true
40,83,Proliferation,true,true,false
43,108,Proliferation,true,false,false
96,126,Proliferation,true,false,false
85,67,Proliferation,true,false,true
111,41,Proliferation,true,false,true
76,93,Growth_Arrest,false,false,true
96,92,Growth_Arrest,false,true,false
72,23,Proliferation,true,true,true
102,27,Proliferation,true,true,false
83,48,Proliferation,true,true,false
107,81,Proliferation,true,false,true
102,30,Proliferation,true,false,true
32,39,Growth_Arrest,false,false,false
50,41,Growth_Arrest,false,false,false
59,25,Proliferation,true,false,false
113,56,Proliferation,true,false,false
35,39,Proliferation,true,true,true
75,49,Proliferation,true,false,false
42,45,Growth_Arrest,false,false,false
42,50,Proliferation,true,false,true
36,94,Proliferation,true,false,false
35,74,Proliferation,true,true,false
76,42,Growth_Arrest,false,false,false
91,72,Proliferation,true,false,false
58,103,Proliferation,true,true,false
57,112,Proliferation,true,true,false
36,72,Growth_Arrest,false,true,false
86,91,Proliferation,true,true,false
98,71,Growth_Arrest,false,true,false
51,26,Proliferation,true,false,true
69,72,Growth_Arrest,false,true,true
119,64,Proliferation,true,false,false
127,67,Proliferation,true,true,true
122,48,Proliferation,true,true,true
99,119,Proliferation,true,true,false
43,91,Growth_Arrest,false,true,false
105,56,Proliferation,true,true,false
65,72,Growth_Arrest,false,true,false
80,27,Proliferation,true,true,true
83,50,Proliferation,true,true,false
23,67,Proliferation,true,true,false
99,116,Growth_Arrest,false,false,true
51,124,Growth_Arrest,false,true,true
50,48,Growth_Arrest,false,true,false
102,46,Growth_Arrest,false,true,false
49,71,Proliferation,true,true,false
90,47,Proliferation,true,true,true
39,98,Proliferation,true,false,true
28,60,Proliferation,true,true,true
81,94,Growth_Arrest,false,false,true
106,119,Proliferation,true,false,false
111,33,Proliferation,true,false,false
65,84,Growth_Arrest,false,false,true
41,56,Growth_Arrest,false,false,false
43,80,Growth_Arrest,false,true,true
88,97,Proliferation,true,false,true
101,72,Growth_Arrest,false,false,true
69,41,Growth_Arrest,false,true,false
40,96,Proliferation,true,false,true
75,73,Proliferation,true,false,false
37,62,Proliferation,true,false,true
42,88,Proliferation,true,false,false
103,50,Proliferation,true,false,true
84,28,Proliferation,true,true,true
108,88,Proliferation,true,true,false
123,46,Growth_Arrest,false,true,false
113,74,Proliferation,true,true,false
65,62,Growth_Arrest,false,false,true
44,54,Proliferation,true,true,true
40,89,Proliferation,true,false,true
55,89,Growth_Arrest,false,true,false
124,61,Proliferation,true,false,false
98,33,Proliferation,true,true,false
112,67,Proliferation,true,true,false
116,43,Proliferation,true,false,false
72,120,Proliferation,true,false,false
80,117,Growth_Arrest,false,true,false
76,40,Proliferation,true,false,false
65,92,Growth_Arrest,false,true,false
37,39,Proliferation,true,true,false
91,64,Proliferation,true,false,true
99,81,Proliferation,true,false,true
108,113,Proliferation,true,true,true
46,118,Growth_Arrest,false,false,false
91,45,Proliferation,true,false,false
57,38,Growth_Arrest,false,false,true
53,97,Growth_Arrest,false,false,false
106,81,Growth_Arrest,false,true,false
76,32,Proliferation,true,true,false
115,37,Proliferation,true,false,false
41,66,Growth_Arrest,false,false,false
90,88,Proliferation,true,true,false
91,59,Proliferation,true,true,true
66,75,Proliferation,true,true,false
25,72,Growth_Arrest,false,true,false
94,100,Growth_Arrest,false,false,true
77,52,Growth_Arrest,false,true,false
82,20,Proliferation,true,true,true
90,120,Growth_Arrest,false,false,true
105,72,Proliferation,true,false,false
68,72,Proliferation,true,true,true
116,75,Proliferation,true,true,false
103,28,Proliferation,true,true,true
58,64,Growth_Arrest,false,false,true
120,101,Proliferation,true,false,true
93,87,Growth_Arrest,false,false,false
84,81,Proliferation,true,false,true
40,112,Proliferation,true,false,false
125,86,Proliferation,true,false,false
95,89,Growth_Arrest,false,false,true
110,43,Proliferation,true,false,true
66,33,Growth_Arrest,false,true,false
61,54,Growth_Arrest,false,true,false
58,63,Growth_Arrest,false,false,false
44,119,Proliferation,true,false,true
88,52,Growth_Arrest,false,true,false
33,46,Proliferation,true,false,true
66,29,Growth_Arrest,false,true,true
75,30,Growth_Arrest,false,true,true
118,107,Proliferation,true,false,true
109,87,Proliferation,true,false,true
107,117,Growth_Arrest,false,true,true
128,74,Growth_Arrest,false,false,true
63,117,Proliferation,true,true,false
70,114,Proliferation,true,false,true
43,86,Growth_Arrest,false,false,true
67,90,Proliferation,true,false,true
54,62,Proliferation,true,false,false
77,45,Proliferation,true,true,true
117,107,Growth_Arrest,false,false,true
92,128,Growth_Arrest,false,false,true
118,54,Growth_Arrest,false,true,true
97,76,Proliferation,true,true,false
82,122,Growth_Arrest,false,false,false
72,85,Proliferation,true,true,false
72,123,Growth_Arrest,false,false,false
50,78,Proliferation,true,false,true
55,71,Proliferation,true,true,true
68,106,Growth_Arrest,false,true,true
35,73,Proliferation,true,false,true
66,84,Proliferation,true,false,false
64,70,Proliferation,true,false,true
51,57,Proliferation,true,false,true
92,91,Growth_Arrest,false,false,true
45,32,Proliferation,true,true,false
61,83,Proliferation,true,false,true
40,108,Proliferation,true,false,true
92,47,Proliferation,true,true,true
62,55,Proliferation,true,false,false
70,126,Growth_Arrest,false,true,false
33,51,Proliferation,true,true,true
89,117,Growth_Arrest,false,false,true
65,125,Proliferation,true,false,false
61,112,Proliferation,true,false,true
61,122,Proliferation,true,false,true
118,45,Proliferation,true,false,false
98,37,Proliferation,true,false,true
75,62,Proliferation,true,true,false
73,67,Growth_Arrest,false,true,true
40,66,Proliferation,true,true,true
83,28,Proliferation,true,false,true
113,115,Proliferation,true,false,true
99,68,Growth_Arrest,false,false,true
117,47,Proliferation,true,false,true
32,69,Growth_Arrest,false,true,true
55,62,Growth_Arrest,false,false,false
110,112,Growth_Arrest,false,true,true
43,37,Proliferation,true,false,true
83,104,Proliferation,true,true,false
45,95,Growth_Arrest,false,false,false
110,55,Proliferation,true,true,false
80,86,Proliferation,true,true,true
40,81,Proliferation,true,true,true
41,34,Proliferation,true,true,true
85,43,Proliferation,true,true,true
54,118,Growth_Arrest,false,false,true
107,57,Proliferation,true,false,true
104,82,Proliferation,true,false,true
84,110,Proliferation,true,false,true
36,108,Proliferation,true,false,false
23,73,Proliferation,true,false,false
74,30,Proliferation,true,true,true
33,105,Proliferation,true,false,true
58,40,Proliferation,true,true,false
63,36,Proliferation,true,true,true
104,33,Growth_Arrest,false,false,true
87,50,Proliferation,true,true,false
85,100,Proliferation,true,false,false
25,48,Growth_Arrest,false,false,true
87,84,Proliferation,true,true,true
98,98,Proliferation,true,false,true
101,35,Proliferation,true,true,false
69,124,Proliferation,true,true,true
74,98,Proliferation,true,false,false
59,80,Growth_Arrest,false,false,false
122,81,Proliferation,true,false,true
87,40,Proliferation,true,false,true
78,84,Proliferation,true,true,true
96,68,Proliferation,true,true,true
45,98,Growth_Arrest,false,true,true
61,28,Proliferation,true,false,true
25,81,Proliferation,true,false,false
50,74,Growth_Arrest,false,false,true
54,41,Proliferation,true,false,true
59,24,Proliferation,true,true,true
116,97,Proliferation,true,false,false
27,65,Growth_Arrest,false,true,false
98,75,Proliferation,true,false,true
90,79,Growth_Arrest,false,false,true
33,66,Growth_Arrest,false,true,false
82,84,Growth_Arrest,false,true,true
119,48,Growth_Arrest,false,false,true
53,40,Proliferation,true,true,false
130,72,Proliferation,true,false,false
43,56,Proliferation,true,false,true
24,50,Proliferation,true,true,false
85,76,Growth_Arrest,false,true,false
95,42,Proliferation,true,false,true
83,85,Proliferation,true,false,true
34,100,Growth_Arrest,false,true,true
128,61,Growth_Arrest,false,false,false
98,49,Proliferation,true,true,true
25,94,Growth_Arrest,false,true,true
100,61,Proliferation,true,true,true
107,40,Proliferation,true,false,false
91,96,Proliferation,true,false,true
75,35,Proliferation,true,false,false
106,45,Growth_Arrest,false,true,false
128,84,Proliferation,true,true,true
35,100,Proliferation,true,false,false
85,83,Proliferation,true,false,true
59,63,Proliferation,true,true,false
111,95,Proliferation,true,true,false
126,64,Growth_Arrest,false,true,true
23,72,Growth_Arrest,false,true,true
64,30,Proliferation,true,true,true
43,63,Proliferation,true,true,true
50,58,Proliferation,true,true,false
47,56,Proliferation,true,true,false
25,51,Proliferation,true,false,true
69,56,Growth_Arrest,false,true,false
63,77,Growth_Arrest,false,true,false
42,117,Growth_Arrest,false,true,true
55,56,Proliferation,true,true,false
44,53,Growth_Arrest,false,true,false
39,39,Growth_Arrest,false,true,true
54,92,Proliferation,true,true,true
75,27,Proliferation,true,true,true
130,68,Growth_Arrest,false,true,true
103,34,Proliferation,true,false,false
80,23,Growth_Arrest,false,false,true
93,30,Proliferation,true,true,true
87,109,Proliferation,true,true,false
69,27,Proliferation,true,false,false
75,50,Proliferation,true,false,false
82,58,Growth_Arrest,false,false,true
22,54,Growth_Arrest,false,false,true
23,61,Proliferation,true,false,true
101,85,Proliferation,true,true,false
49,28,Proliferation,true,true,false
41,70,Proliferation,true,false,false
92,33,Growth_Arrest,false,false,false
95,87,Proliferation,true,true,false
73,61,Proliferation,true,true,true
79,119,Growth_Arrest,false,false,true
104,56,Proliferation,true,true,true
108,112,Proliferation,true,true,false
69,73,Proliferation,true,false,true
95,93,Growth_Arrest,false,true,false
38,33,Proliferation,true,false,true
62,103,Proliferation,true,true,false
66,127,Growth_Arrest,false,true,false
22,90,Proliferation,true,true,true
81,68,Proliferation,true,false,true
83,58,Proliferation,true,false,false
91,125,Growth_Arrest,false,true,false
37,102,Proliferation,true,false,false
71,46,Growth_Arrest,false,true,false
77,97,Proliferation,true,true,true
73,82,Proliferation,true,true,false
78,114,Proliferation,true,false,false
34,43,Proliferation,true,false,false
83,65,Proliferation,true,false,false
58,80,Growth_Arrest,false,false,false
86,20,Growth_Arrest,false,false,false
125,75,Growth_Arrest,false,false,false
105,48,Proliferation,true,true,true
98,112,Proliferation,true,false,true
29,82,Growth_Arrest,false,true,true
70,115,Proliferation,true,false,false
38,104,Growth_Arrest,false,false,false
122,57,Proliferation,true,false,true
107,91,Growth_Arrest,false,false,true
51,33,Proliferation,true,true,false
58,114,Growth_Arrest,false,true,true
60,114,Growth_Arrest,false,true,true
108,118,Proliferation,true,false,true
36,115,Growth_Arrest,false,true,true
98,61,Proliferation,true,true,false
89,108,Proliferation,true,true,false
28,103,Proliferation,true,true,true
80,61,Proliferation,true,true,true
69,68,Growth_Arrest,false,true,false
80,21,Proliferation,true,false,false
58,122,Proliferation,true,false,false
85,87,Growth_Arrest,false,false,true
78,22,Proliferation,true,false,true
97,65,Proliferation,true,false,true
74,111,Proliferation,true,true,true
94,106,Proliferation,true,false,true
112,104,Proliferation,true,false,true
26,93,Proliferation,true,false,false
95,53,Growth_Arrest,false,false,true
124,70,Proliferation,true,false,true
43,75,Proliferation,true,false,false
67,74,Proliferation,true,true,false
124,84,Growth_Arrest,false,true,true
42,92,Growth_Arrest,false,true,false
51,73,Proliferation,true,true,true
69,113,Proliferation,true,false,true
51,61,Growth_Arrest,false,false,false
76,95,Proliferation,true,false,true
120,64,Proliferation,true,true,false
61,117,Proliferation,true,false,true
79,92,Proliferation,true,true,true
90,83,Proliferation,true,false,true
44,92,Proliferation,true,true,true
81,62,Growth_Arrest,false,true,true
79,21,Growth_Arrest,false,false,false
40,44,Proliferation,true,true,true
98,119,Growth_Arrest,false,true,true
63,118,Proliferation,true,true,true
38,92,Proliferation,true,true,false
34,74,Proliferation,true,false,false
86,35,Proliferation,true,false,true
32,83,Growth_Arrest,false,false,true
66,78,Proliferation,true,false,true
96,56,Proliferation,true,false,false
49,64,Growth_Arrest,false,true,false
94,44,Proliferation,true,true,true
59,114,Proliferation,true,false,true
101,26,Growth_Arrest,false,false,true
52,60,Proliferation,true,true,false
36,82,Growth_Arrest,false,true,false
82,35,Proliferation,true,true,true
50,110,Proliferation,true,true,true
42,43,Growth_Arrest,false,false,false
96,38,Growth_Arrest,false,true,false
118,67,Growth_Arrest,false,false,true
109,44,Proliferation,true,false,true
99,96,Proliferation,true,true,true
59,50,Proliferation,true,false,true
64,50,Growth_Arrest,false,false,true
123,61,Growth_Arrest,false,false,true
51,28,Proliferation,true,true,true
126,62,Proliferation,true,true,true
42,77,Proliferation,true,true,true
32,102,Growth_Arrest,false,true,true
105,89,Proliferation,true,false,false
45,81,Proliferation,true,true,true
100,49,Proliferation,true,true,false
71,38,Proliferation,true,false,true
117,103,Growth_Arrest,false,false,false
87,49,Proliferation,true,false,true
22,58,Growth_Arrest,false,false,false
102,43,Proliferation,true,false,false
91,120,Proliferation,true,false,false
115,70,Proliferation,true,true,true
99,60,Proliferation,true,false,true
20,77,Growth_Arrest,false,false,true
69,122,Proliferation,true,true,false
96,112,Proliferation,true,false,false
35,68,Growth_Arrest,false,true,false
50,85,Proliferation,true,true,false
78,75,Proliferation,true,true,false
107,48,Proliferation,true,true,true
83,73,Proliferation,true,false,false
63,90,Growth_Arrest,false,false,false
101,113,Proliferation,true,true,true
77,71,Proliferation,true,false,false
100,46,Growth_Arrest,false,false,false
63,109,Proliferation,true,true,false
111,116,Proliferation,true,true,false
68,58,Growth_Arrest,false,false,false
33,63,Growth_Arrest,false,false,true
37,99,Proliferation,true,false,true
73,74,Proliferation,true,true,true
83,27,Proliferation,true,false,false
87,99,Proliferation,true,false,true
72,62,Growth_Arrest,false,true,false
84,74,Proliferation,true,false,true
97,73,Growth_Arrest,false,false,false
38,52,Proliferation,true,false,false
69,50,Proliferation,true,true,false
85,46,Proliferation,true,false,true
90,89,Proliferation,true,false,true
114,83,Proliferation,true,false,true
115,59,Proliferation,true,false,false
51,118,Proliferation,true,false,false
67,80,Growth_Arrest,false,true,true
21,84,Proliferation,true,true,true
119,52,Proliferation,true,false,false
109,114,Proliferation,true,false,false
48,89,Proliferation,true,true,false
91,94,Proliferation,true,true,true
94,63,Growth_Arrest,false,false,false
119,47,Growth_Arrest,false,true,false
69,63,Proliferation,true,true,true
111,76,Proliferation,true,false,false
38,34,Proliferation,true,false,true
86,81,Proliferation,true,false,false
59,58,Proliferation,true,true,false
93,82,Proliferation,true,true,true
127,83,Proliferation,true,false,true
98,34,Growth_Arrest,false,true,true
85,23,Proliferation,true,false,true
99,98,Proliferation,true,true,false
55,84,Growth_Arrest,false,true,false
42,100,Proliferation,true,false,true
61,51,Proliferation,true,true,true
43,82,Proliferation,true,false,true
72,109,Proliferation,true,false,true
31,94,Proliferation,true,true,true
69,74,Growth_Arrest,false,true,false
112,95,Growth_Arrest,false,true,true
110,93,Proliferation,true,true,false
59,102,Proliferation,true,false,true
69,39,Proliferation,true,true,true
127,94,Growth_Arrest,false,true,true
115,50,Growth_Arrest,false,false,true
35,94,Growth_Arrest,false,false,true
101,71,Proliferation,true,false,false
56,38,Growth_Arrest,false,false,false
68,115,Proliferation,true,false,false
83,60,Proliferation,true,true,true
108,63,Proliferation,true,true,false
63,96,Proliferation,true,true,false
105,85,Growth_Arrest,false,true,false
95,72,Proliferation,true,false,false
92,78,Proliferation,true,true,true
20,72,Growth_Arrest,false,false,false
87,91,Growth_Arrest,false,false,false
104,98,Proliferation,true,false,true
48,61,Proliferation,true,true,false
113,61,Proliferation,true,false,true
53,28,Growth_Arrest,false,false,false
88,87,Proliferation,true,true,true
82,76,Proliferation,true,true,false
117,87,Growth_Arrest,false,false,true
104,44,Growth_Arrest,false,false,false
98,124,Proliferation,true,true,true
114,55,Proliferation,true,true,false
44,89,Proliferation,true,false,false
129,67,Proliferation,true,true,false
86,96,Proliferation,true,false,true
92,26,Growth_Arrest,false,false,false
66,92,Growth_Arrest,false,true,true
55,27,Growth_Arrest,false,false,true
116,70,Proliferation,true,false,false
114,110,Proliferation,true,true,true
43,70,Growth_Arrest,false,false,true
114,86,Proliferation,true,false,false
40,104,Proliferation,true,false,true
74,55,Growth_Arrest,false,false,true
72,73,Proliferation,true,true,true
103,121,Proliferation,true,true,false
47,106,Proliferation,true,true,true
35,42,Growth_Arrest,false,false,true
78,70,Proliferation,true,false,true
86,106,Proliferation,true,true,true
74,92,Proliferation,true,true,true
48,47,Proliferation,true,false,true
65,69,Growth_Arrest,false,true,false
39,102,Proliferation,true,false,false
91,79,Proliferation,true,true,false
27,44,Proliferation,true,false,false
47,42,Proliferation,true,true,false
80,74,Proliferation,true,true,true
43,30,Growth_Arrest,false,true,false
63,57,Proliferation,true,false,true
79,75,Proliferation,true,true,false
58,118,Proliferation,true,true,false
45,56,Proliferation,true,true,false
22,73,Proliferation,true,true,true
78,24,Proliferation,true,false,false
121,63,Proliferation,true,false,false
47,65,Proliferation,true,false,true
96,119,Proliferation,true,true,false
59,91,Proliferation,true,false,true
104,29,Proliferation,true,true,false
36,89,Growth_Arrest,false,true,true
101,79,Proliferation,true,false,true
65,129,Growth_Arrest,false,true,false
53,83,Proliferation,true,true,true
63,20,Proliferation,true,false,true
78,113,Proliferation,true,true,true
89,23,Proliferation,true,false,false
52,61,Proliferation,true,true,true
30,76,Growth_Arrest,false,true,false
81,47,Growth_Arrest,false,true,true
65,55,Proliferation,true,true,true
106,76,Proliferation,true,false,true
105,38,Growth_Arrest,false,true,false
32,84,Growth_Arrest,false,true,true
65,57,Proliferation,true,false,false
59,84,Proliferation,true,false,false
32,110,Proliferation,true,true,false
78,124,Proliferation,true,false,false
48,93,Proliferation,true,false,true
34,78,Proliferation,true,false,false
49,44,Proliferation,true,false,false
64,72,Proliferation,true,false,true
108,106,Growth_Arrest,false,false,false
59,69,Growth_Arrest,false,false,false
96,53,Proliferation,true,true,false
70,20,Growth_Arrest,false,true,true
61,103,Proliferation,true,false,false
57,115,Growth_Arrest,false,true,false
100,98,Proliferation,true,true,true
64,102,Growth_Arrest,false,false,false
84,55,Proliferation,true,true,false
73,94,Growth_Arrest,false,false,false
103,38,Proliferation,true,false,false
31,70,Proliferation,true,false,false
29,100,Growth_Arrest,false,false,false
80,76,Growth_Arrest,false,true,false
110,74,Growth_Arrest,false,true,true
120,57,Proliferation,true,false,true
21,87,Proliferation,true,true,false
86,54,Proliferation,true,true,true
97,34,Proliferation,true,false,true
92,79,Proliferation,true,true,true
93,95,Proliferation,true,false,false
77,99,Proliferation,true,false,true
58,52,Growth_Arrest,false,false,false
75,76,Proliferation,true,true,true
63,35,Proliferation,true,true,false
67,30,Growth_Arrest,false,true,true
105,70,Proliferation,true,false,true
49,114,Proliferation,true,false,false
97,120,Growth_Arrest,false,false,false
122,101,Proliferation,true,true,false
100,100,Proliferation,true,true,false
40,54,Proliferation,true,true,false
89,84,Proliferation,true,false,true
129,82,Proliferation,true,true,false
61,92,Growth_Arrest,false,true,false
90,104,Proliferation,true,false,false
112,93,Growth_Arrest,false,true,false
71,81,Proliferation,true,true,true
103,116,Proliferation,true,false,false
74,120,Growth_Arrest,false,true,true
80,68,Proliferation,true,true,false
66,28,Proliferation,true,false,false
37,83,Growth_Arrest,false,true,true
95,125,Growth_Arrest,false,true,false
20,73,Proliferation,true,false,true
70,100,Proliferation,true,true,false
70,78,Growth_Arrest,false,false,true
82,118,Proliferation,true,true,false
92,85,Proliferation,true,true,true
27,80,Proliferation,true,false,false
29,64,Proliferation,true,true,false
120,72,Proliferation,true,true,false
41,117,Proliferation,true,true,true
123,75,Proliferation,true,false,true
48,42,Proliferation,true,true,true
44,81,Proliferation,true,true,false
65,109,Proliferation,true,false,false
90,42,Proliferation,true,false,true
57,58,Proliferation,true,true,true
94,126,Growth_Arrest,false,true,false
122,79,Proliferation,true,true,false
110,88,Growth_Arrest,false,true,true
54,43,Proliferation,true,false,false
113,100,Proliferation,true,true,true
125,85,Proliferation,true,true,true
56,40,Proliferation,true,true,true
54,122,Proliferation,true,false,false
88,128,Proliferation,true,false,true
117,81,Proliferation,true,false,false
123,93,Proliferation,true,false,true
84,20,Proliferation,true,true,true
110,116,Proliferation,true,false,true
62,60,Proliferation,true,false,false
72,126,Growth_Arrest,false,false,false
78,33,Proliferation,true,true,false
87,59,Proliferation,true,false,true
122,90,Proliferation,true,true,false
103,59,Growth_Arrest,false,false,false
125,77,Growth_Arrest,false,true,false
57,118,Growth_Arrest,false,false,false
75,80,Growth_Arrest,false,false,true
68,81,Proliferation,true,true,true
102,97,Proliferation,true,false,true
122,44,Proliferation,true,true,true
103,106,Proliferation,true,false,false
37,94,Proliferation,true,false,true
117,57,Proliferation,true,true,true
111,68,Proliferation,true,false,false
101,68,Growth_Arrest,false,false,true
123,59,Proliferation,true,true,true
90,49,Growth_Arrest,false,false,true
62,110,Proliferation,true,true,false
85,37,Proliferation,true,true,false
25,58,Proliferation,true,false,false
66,90,Proliferation,true,false,true
121,62,Growth_Arrest,false,false,false
46,109,Proliferation,true,true,true
58,95,Proliferation,true,false,false
108,30,Growth_Arrest,false,true,true
93,68,Proliferation,true,false,false
102,102,Proliferation,true,false,false
104,114,Growth_Arrest,false,true,true
84,127,Proliferation,true,false,false
48,49,Proliferation,true,false,true
56,84,Proliferation,true,true,false
35,95,Growth_Arrest,false,false,true
116,88,Proliferation,true,false,false
88,68,Proliferation,true,true,true
116,77,Proliferation,true,true,true
94,89,Proliferation,true,false,false
64,124,Proliferation,true,false,false
112,54,Proliferation,true,false,false
26,89,Proliferation,true,false,false
123,83,Growth_Arrest,false,true,false
45,88,Growth_Arrest,false,true,false
75,130,Growth_Arrest,false,false,true
126,72,Proliferation,true,true,false
111,92,Growth_Arrest,false,true,false
67,78,Proliferation,true,false,false
29,53,Proliferation,true,true,false
82,38,Proliferation,true,false,true
60,24,Proliferation,true,false,false
114,111,Proliferation,true,false,false
54,87,Proliferation,true,true,false
105,50,Growth_Arrest,false,true,false
110,75,Proliferation,true,false,false
108,37,Proliferation,true,true,true
86,101,Proliferation,true,true,false
50,99,Proliferation,true,true,true
80,125,Proliferation,true,true,false
91,70,Proliferation,true,true,true
87,110,Proliferation,true,true,false
99,24,Growth_Arrest,false,true,false
44,42,Growth_Arrest,false,true,false
58,98,Proliferation,true,true,true
45,92,Proliferation,true,true,true
86,124,Growth_Arrest,false,true,true
52,126,Proliferation,true,true,false
69,44,Proliferation,true,false,false
35,53,Proliferation,true,true,false
113,64,Proliferation,true,false,true
94,109,Growth_Arrest,false,true,false
39,89,Proliferation,true,true,true
76,122,Proliferation,true,false,true
28,92,Proliferation,true,false,true
113,87,Proliferation,true,true,true
60,120,Proliferation,true,false,true
23,57,Growth_Arrest,false,false,false
69,30,Proliferation,true,false,true
78,72,Proliferation,true,false,false
104,109,Growth_Arrest,false,true,true
90,76,Proliferation,true,false,false
120,93,Proliferation,true,true,true
67,52,Growth_Arrest,false,false,false
64,115,Proliferation,true,true,true
84,19,Proliferation,true,false,false
80,63,Proliferation,true,true,true
129,61,Proliferation,true,false,false
75,72,Proliferation,true,true,false
91,101,Proliferation,true,false,true
21,92,Proliferation,true,true,false
112,89,Growth_Arrest,false,false,false
47,119,Proliferation,true,false,true
78,95,Proliferation,true,false,true
104,93,Growth_Arrest,false,true,true
52,73,Proliferation,true,true,false
108,55,Proliferation,true,false,false
56,127,Proliferation,true,false,false
21,70,Growth_Arrest,false,true,true
53,91,Growth_Arrest,false,false,false
41,91,Proliferation,true,true,true
74,71,Proliferation,true,false,true
83,97,Growth_Arrest,false,true,true
64,26,Growth_Arrest,false,false,false
102,60,Growth_Arrest,false,true,false
31,66,Proliferation,true,true,true
88,33,Growth_Arrest,false,false,true
39,37,Proliferation,true,false,false
85,97,Growth_Arrest,false,false,false
65,100,Proliferation,true,true,true
52,62,Proliferation,true,true,true
24,76,Proliferation,true,false,true
71,65,Proliferation,true,true,false
117,98,Proliferation,true,true,true
101,74,Proliferation,true,false,false
98,121,Proliferation,true,false,false
69,24,Growth_Arrest,false,true,true
105,41,Growth_Arrest,false,true,true
94,71,Proliferation,true,false,true
60,96,Proliferation,true,true,false
109,63,Proliferation,true,true,true
81,108,Growth_Arrest,false,false,true
44,79,Proliferation,true,true,false
21,89,Proliferation,true,true,true
55,125,Proliferation,true,true,true
94,97,Proliferation,true,false,false
53,110,Growth_Arrest,false,false,false
78,111,Proliferation,true,false,true
115,47,Proliferation,true,true,true
60,72,Proliferation,true,false,false
59,47,Proliferation,true,false,false
106,71,Proliferation,true,false,true
93,107,Proliferation,true,false,true
100,62,Proliferation,true,false,true
81,90,Growth_Arrest,false,false,false
98,67,Proliferation,true,true,false
108,114,Proliferation,true,false,false
100,64,Proliferation,true,true,false
54,81,Growth_Arrest,false,true,true
114,42,Growth_Arrest,false,true,false
56,123,Proliferation,true,true,true
105,113,Proliferation,true,true,false
58,84,Proliferation,true,true,true
68,41,Proliferation,true,false,false
40,114,Proliferation,true,true,false
62,62,Proliferation,true,false,true
21,68,Proliferation,true,true,false
105,86,Proliferation,true,false,true
48,95,Proliferation,true,true,true
43,83,Proliferation,true,false,false
65,56,Proliferation,true,false,true
88,30,Proliferation,true,false,true
27,69,Proliferation,true,true,false
99,107,Proliferation,true,false,true
88,35,Growth_Arrest,false,false,false
82,91,Proliferation,true,false,false
123,81,Growth_Arrest,false,true,true
71,27,Growth_Arrest,false,true,false
98,99,Growth_Arrest,false,true,false
54,107,Proliferation,true,true,false
68,96,Proliferation,true,true,false
62,37,Proliferation,true,false,false
101,73,Growth_Arrest,false,true,true
76,129,Proliferation,true,true,false
33,93,Proliferation,true,false,true
122,99,Proliferation,true,false,false
44,46,Proliferation,true,true,false
112,77,Growth_Arrest,false,true,false
62,109,Growth_Arrest,false,true,false
27,45,Proliferation,true,false,false
75,68,Proliferation,true,true,true
110,38,Proliferation,true,false,false
78,60,Proliferation,true,false,false
69,31,Proliferation,true,false,true
130,80,Growth_Arrest,false,false,true
82,82,Proliferation,true,true,true
76,130,Proliferation,true,false,true
114,41,Proliferation,true,true,false
67,68,Proliferation,true,false,true
44,80,Proliferation,true,true,true
129,89,Proliferation,true,false,true
105,87,Proliferation,true,false,false
98,76,Proliferation,true,true,true
79,113,Proliferation,true,true,true
46,96,Proliferation,true,false,true
118,39,Growth_Arrest,false,false,true
37,54,Proliferation,true,false,false
72,112,Proliferation,true,false,true
89,107,Proliferation,true,false,true
107,77,Proliferation,true,false,true
118,91,Growth_Arrest,false,true,false
42,76,Proliferation,true,true,true
72,38,Growth_Arrest,false,true,false
95,26,Proliferation,true,true,true
73,86,Proliferation,true,true,false
76,89,Growth_Arrest,false,true,false
125,76,Proliferation,true,true,true
67,86,Proliferation,true,true,true
122,67,Proliferation,true,true,false
51,59,Proliferation,true,false,true
47,73,Proliferation,true,false,true
24,57,Proliferation,true,false,true
41,86,Proliferation,true,false,false
74,35,Growth_Arrest,false,false,false
94,70,Proliferation,true,false,true
116,73,Growth_Arrest,false,true,true
79,58,Proliferation,true,true,true
98,40,Growth_Arrest,false,true,true
103,88,Growth_Arrest,false,true,false
99,124,Growth_Arrest,false,true,false
72,35,Proliferation,true,false,false
84,90,Proliferation,true,false,false
53,63,Proliferation,true,false,false
48,87,Proliferation,true,false,false
83,86,Proliferation,true,false,true
120,83,Growth_Arrest,false,true,false
75,39,Proliferation,true,true,true
26,58,Growth_Arrest,false,false,false
64,122,Proliferation,true,false,true
95,30,Growth_Arrest,false,false,false
75,53,Proliferation,true,false,true
54,75,Growth_Arrest,false,true,true
50,68,Proliferation,true,false,false
76,96,Growth_Arrest,false,false,false
63,127,Proliferation,true,false,false
118,77,Proliferation,true,true,true
41,33,Proliferation,true,true,true
64,53,Proliferation,true,true,false
129,78,Proliferation,true,false,false
57,128,Growth_Arrest,false,false,true
23,64,Proliferation,true,true,true
79,30,Growth_Arrest,false,true,true
28,62,Growth_Arrest,false,false,true
87,20,Growth_Arrest,false,true,true
81,58,Growth_Arrest,false,false,true
39,57,Proliferation,true,false,true
64,60,Proliferation,true,true,true
39,96,Growth_Arrest,false,true,false
106,47,Proliferation,true,true,false
76,56,Proliferation,true,true,false
81,19,Proliferation,true,false,true
50,113,Proliferation,true,true,false
84,104,Proliferation,true,true,true
86,55,Growth_Arrest,false,false,false
75,109,Growth_Arrest,false,true,false
119,102,Growth_Arrest,false,false,true
39,32,Proliferation,true,false,false
68,64,Proliferation,true,false,false
28,44,Proliferation,true,true,true
78,92,Proliferation,true,false,true
71,108,Proliferation,true,false,true
50,91,Proliferation,true,true,false
112,41,Proliferation,true,true,true
60,117,Proliferation,true,true,true
113,36,Growth_Arrest,false,false,true
81,55,Proliferation,true,false,true
65,88,Proliferation,true,true,true
42,105,Proliferation,true,false,false
25,59,Proliferation,true,true,true
66,42,Growth_Arrest,false,false,true
48,123,Proliferation,true,false,true
96,80,Proliferation,true,true,false
79,29,Growth_Arrest,false,true,true
48,82,Proliferation,true,true,true
102,104,Proliferation,true,true,false
105,33,Proliferation,true,true,true
37,86,Proliferation,true,true,true
120,51,Proliferation,true,false,false
25,61,Proliferation,true,false,true
102,48,Proliferation,true,false,false
59,61,Proliferation,true,true,true
50,66,Proliferation,true,true,true
40,110,Proliferation,true,false,false
97,122,Proliferation,true,true,false
129,71,Proliferation,true,true,false
90,100,Proliferation,true,true,false
34,99,Growth_Arrest,false,false,true
31,109,Proliferation,true,false,false
87,123,Proliferation,true,false,true
65,113,Proliferation,true,false,true
41,36,Proliferation,true,false,true
60,47,Growth_Arrest,false,true,false
114,106,Proliferation,true,false,true
103,104,Growth_Arrest,false,false,true
60,91,Proliferation,true,false,true
47,121,Growth_Arrest,false,false,true
109,101,Growth_Arrest,false,false,true
91,118,Proliferation,true,false,false
120,47,Growth_Arrest,false,true,false
107,74,Proliferation,true,false,false
48,25,Proliferation,true,false,true
88,93,Proliferation,true,false,false
47,35,Proliferation,true,false,true
58,100,Proliferation,true,true,false
124,80,Proliferation,true,false,true
126,73,Growth_Arrest,false,false,false
102,96,Growth_Arrest,false,true,false
92,45,Proliferation,true,false,true
120,46,Growth_Arrest,false,false,false
58,55,Growth_Arrest,false,false,false
78,73,Proliferation,true,true,true
37,65,Growth_Arrest,false,false,false
41,32,Growth_Arrest,false,true,false
88,95,Growth_Arrest,false,true,true
83,69,Proliferation,true,false,true
112,72,Proliferation,true,true,false
28,81,Proliferation,true,false,true
91,107,Proliferation,true,false,true
48,48,Proliferation,true,false,true
33,107,Proliferation,true,false,false
64,126,Proliferation,true,false,true
23,59,Growth_Arrest,false,true,false
59,53,Proliferation,true,false,false
71,28,Proliferation,true,true,false
32,92,Proliferation,true,true,false
51,104,Proliferation,true,true,true
52,37,Growth_Arrest,false,false,false
70,63,Proliferation,true,true,true
21,59,Proliferation,true,false,false
81,22,Growth_Arrest,false,true,true
103,113,Growth_Arrest,false,false,true
84,126,Proliferation,true,false,false
74,85,Growth_Arrest,false,true,true
39,101,Proliferation,true,true,true
116,83,Proliferation,true,false,false
112,36,Proliferation,true,false,true
63,62,Proliferation,true,false,true
43,77,Proliferation,true,true,false
42,95,Proliferation,true,false,true
113,95,Proliferation,true,false,true
99,99,Proliferation,true,true,false
96,23,Proliferation,true,false,true
73,73,Growth_Arrest,false,true,false
67,106,Growth_Arrest,false,true,false
57,96,Proliferation,true,false,false
37,57,Proliferation,true,true,false
66,60,Proliferation,true,false,false
51,66,Proliferation,true,false,true
73,71,Proliferation,true,true,true
54,127,Growth_Arrest,false,true,true
99,63,Proliferation,true,true,false
100,25,Proliferation,true,false,false
57,68,Proliferation,true,false,true
117,82,Growth_Arrest,false,true,true
90,26,Proliferation,true,true,false
123,68,Proliferation,true,false,true
52,104,Proliferation,true,false,false
50,120,Proliferation,true,false,true
53,101,Growth_Arrest,false,true,true
89,71,Growth_Arrest,false,false,false
117,62,Proliferation,true,true,true
104,50,Proliferation,true,false,true
71,61,Proliferation,true,true,true
60,23,Growth_Arrest,false,true,true
103,123,Proliferation,true,false,false
85,72,Proliferation,true,true,true
92,109,Growth_Arrest,false,false,false
130,75,Growth_Arrest,false,true,true
44,85,Proliferation,true,false,true
129,76,Proliferation,true,false,true
61,94,Growth_Arrest,false,true,true
100,96,Proliferation,true,false,true
121,88,Proliferation,true,true,true
58,81,Proliferation,true,true,true
58,42,Proliferation,true,false,true
53,96,Proliferation,true,true,true
101,124,Proliferation,true,true,false
105,91,Proliferation,true,true,false
31,107,Proliferation,true,false,false
92,123,Proliferation,true,false,false
56,44,Proliferation,true,false,false
32,109,Proliferation,true,true,false
31,74,Proliferation,true,true,true
67,51,Growth_Arrest,false,false,false
84,113,Proliferation,true,true,true
84,29,Proliferation,true,true,false
56,71,Growth_Arrest,false,true,false
64,113,Proliferation,true,true,true
98,86,Growth_Arrest,false,false,true
103,77,Proliferation,true,false,false
114,93,Growth_Arrest,false,false,true
58,127,Proliferation,true,false,false
32,78,Proliferation,true,true,true
55,102,Growth_Arrest,false,true,true
22,78,Growth_Arrest,false,false,true
62,84,Proliferation,true,true,false
34,105,Growth_Arrest,false,false,false
96,72,Proliferation,true,false,true
62,44,Proliferation,true,false,false
81,64,Growth_Arrest,false,true,false
42,64,Proliferation,true,false,true
92,77,Growth_Arrest,false,false,true
75,22,Proliferation,true,true,true
113,103,Proliferation,true,true,false
79,57,Proliferation,true,true,false
67,29,Proliferation,true,true,true
26,51,Growth_Arrest,false,true,false
86,114,Proliferation,true,false,true
96,90,Growth_Arrest,false,true,false
64,54,Proliferation,true,true,false
46,35,Proliferation,true,true,false
121,100,Proliferation,true,true,false
77,86,Proliferation,true,false,true
97,119,Proliferation,true,true,false
75,94,Proliferation,true,true,false
107,114,Proliferation,true,true,true
75,79,Proliferation,true,false,true
100,85,Proliferation,true,true,false
72,31,Proliferation,true,true,true
101,95,Proliferation,true,true,true
71,36,Proliferation,true,true,true
85,64,Growth_Arrest,false,true,true
48,44,Proliferation,true,false,true
46,60,Proliferation,true,false,false
30,90,Growth_Arrest,false,false,true
67,118,Growth_Arrest,false,true,true
51,81,Proliferation,true,false,false
95,60,Growth_Arrest,false,false,true
82,129,Proliferation,true,false,true
62,117,Proliferation,true,false,true
128,60,Proliferation,true,true,true
47,43,Proliferation,true,false,true
32,96,Growth_Arrest,false,false,false
48,88,Proliferation,true,true,true
43,104,Growth_Arrest,false,true,false
82,34,Proliferation,true,true,true
52,106,Proliferation,true,false,false
24,60,Proliferation,true,true,true
41,118,Proliferation,true,true,false
94,66,Proliferation,true,false,true
74,53,Proliferation,true,false,true
72,89,Proliferation,true,false,false
129,65,Proliferation,true,true,false
77,69,Proliferation,true,false,false
130,73,Proliferation,true,false,true
90,110,Proliferation,true,false,true
122,69,Growth_Arrest,false,true,false
79,127,Growth_Arrest,false,false,true
77,36,Proliferation,true,true,false
56,50,Proliferation,true,true,true
61,35,Proliferation,true,true,true
57,119,Proliferation,true,false,true
55,79,Proliferation,true,false,false
63,88,Proliferation,true,false,true
93,36,Proliferation,true,false,true
103,114,Proliferation,true,true,false
44,60,Proliferation,true,false,true
54,76,Proliferation,true,true,true
106,75,Proliferation,true,true,false
120,56,Proliferation,true,false,true
106,108,Growth_Arrest,false,true,false
104,37,Proliferation,true,true,true
33,48,Proliferation,true,true,false
32,104,Proliferation,true,true,false
112,40,Growth_Arrest,false,true,false
115,43,Growth_Arrest,false,true,true
49,117,Growth_Arrest,false,false,false
88,27,Growth_Arrest,false,false,true
79,28,Proliferation,true,true,false
122,97,Proliferation,true,false,true
89,65,Proliferation,true,true,false
127,59,Proliferation,true,false,false
113,94,Proliferation,true,true,true
124,90,Growth_Arrest,false,true,true
32,50,Growth_Arrest,false,true,true
79,97,Proliferation,true,true,false
64,35,Proliferation,true,true,true
82,120,Proliferation,true,true,false
103,26,Proliferation,true,true,true
74,57,Proliferation,true,false,true
47,39,Proliferation,true,true,true
34,93,Proliferation,true,true,false
52,120,Proliferation,true,true,true
117,102,Growth_Arrest,false,false,false
94,75,Proliferation,true,true,true
111,35,Proliferation,true,true,false
35,38,Proliferation,true,false,false
106,31,Proliferation,true,true,false
62,119,Growth_Arrest,false,false,true
97,91,Proliferation,true,true,true
86,68,Growth_Arrest,false,true,false
76,21,Proliferation,true,false,true
72,81,Growth_Arrest,false,false,true
42,111,Proliferation,true,true,false
26,59,Growth_Arrest,false,true,false
56,80,Proliferation,true,false,false
88,44,Proliferation,true,true,false
119,94,Growth_Arrest,false,true,true
63,31,Proliferation,true,false,true
21,62,Proliferation,true,false,false
110,103,Proliferation,true,true,false
127,61,Proliferation,true,true,false
38,63,Proliferation,true,true,true
57,57,Proliferation,true,true,false
94,81,Proliferation,true,true,false
30,51,Proliferation,true,true,true
73,41,Growth_Arrest,false,false,true
67,63,Proliferation,true,true,false
30,82,Growth_Arrest,false,false,false
82,86,Proliferation,true,true,false
36,65,Proliferation,true,true,true
45,90,Proliferation,true,false,true
52,87,Growth_Arrest,false,false,false
23,69,Proliferation,true,true,true
77,37,Proliferation,true,false,false
37,60,Proliferation,true,true,false
36,57,Proliferation,true,false,false
52,59,Growth_Arrest,false,true,false
40,57,Proliferation,true,true,false
110,45,Proliferation,true,true,false
77,98,Proliferation,true,true,false
118,72,Proliferation,true,false,false
36,67,Proliferation,true,false,true
73,32,Proliferation,true,true,true
52,23,Proliferation,true,true,false
28,59,Growth_Arrest,false,false,false
59,112,Proliferation,true,true,false
101,55,Growth_Arrest,false,true,true
43,116,Growth_Arrest,false,true,false
67,41,Proliferation,true,false,false
31,47,Proliferation,true,true,false
73,97,Proliferation,true,true,false
113,76,Growth_Arrest,false,true,false
109,109,Growth_Arrest,false,false,true
34,70,Proliferation,true,false,false
89,128,Proliferation,true,false,true
58,92,Proliferation,true,true,false
68,75,Proliferation,true,false,true
23,55,Proliferation,true,true,false
59,128,Proliferation,true,false,false
55,52,Proliferation,true,false,false
32,80,Growth_Arrest,false,true,true
96,45,Proliferation,true,true,true
50,97,Growth_Arrest,false,false,false
127,76,Proliferation,true,false,false
74,52,Growth_Arrest,false,true,true
116,98,Proliferation,true,true,false
68,108,Growth_Arrest,false,false,false
89,95,Growth_Arrest,false,true,true
92,117,Proliferation,true,true,true
49,62,Proliferation,true,false,false
84,71,Proliferation,true,true,false
62,64,Growth_Arrest,false,false,false
24,94,Growth_Arrest,false,false,true
67,34,Proliferation,true,true,false
97,46,Growth_Arrest,false,true,false
64,91,Proliferation,true,true,false
62,58,Growth_Arrest,false,true,true
103,98,Proliferation,true,true,true
125,51,Proliferation,true,false,false
103,89,Growth_Arrest,false,false,false
51,62,Proliferation,true,false,false
94,82,Growth_Arrest,false,false,false
36,49,Proliferation,true,false,true
24,55,Proliferation,true,true,false
73,36,Proliferation,true,false,false
126,82,Proliferation,true,true,false
65,112,Proliferation,true,false,false
60,77,Proliferation,true,false,false
103,27,Growth_Arrest,false,true,true
114,108,Proliferation,true,true,false
49,83,Proliferation,true,true,true
109,104,Growth_Arrest,false,true,true
72,127,Growth_Arrest,false,true,false
115,41,Growth_Arrest,false,false,false
117,67,Proliferation,true,false,true
112,70,Proliferation,true,true,true
37,70,Proliferation,true,true,true
81,51,Proliferation,true,false,false
52,90,Proliferation,true,false,true
108,119,Proliferation,true,false,true
53,61,Growth_Arrest,false,true,true
107,93,Growth_Arrest,false,true,true
77,26,Growth_Arrest,false,false,true
120,86,Growth_Arrest,false,true,true
43,58,Proliferation,true,false,false
86,52,Proliferation,true,false,false
71,128,Growth_Arrest,false,false,true
92,110,Proliferation,true,true,true
86,116,Proliferation,true,false,true
121,90,Growth_Arrest,false,true,true
119,69,Growth_Arrest,false,true,false
35,98,Growth_Arrest,false,false,false
124,96,Growth_Arrest,false,true,false
54,91,Proliferation,true,true,false
63,23,Proliferation,true,true,true
66,44,Proliferation,true,true,true
78,85,Proliferation,true,true,false
118,110,Growth_Arrest,false,false,true
98,72,Proliferation,true,false,true
128,76,Growth_Arrest,false,true,true
66,100,Proliferation,true,true,true
106,69,Growth_Arrest,false,false,false
41,50,Proliferation,true,false,true
48,102,Growth_Arrest,false,true,true
29,96,Proliferation,true,false,false
64,75,Proliferation,true,true,false
59,124,Growth_Arrest,false,false,true
64,34,Growth_Arrest,false,true,false
87,35,Growth_Arrest,false,true,false
101,104,Growth_Arrest,false,false,true
69,88,Growth_Arrest,false,true,false
71,111,Proliferation,true,false,true
37,109,Proliferation,true,true,false
104,89,Proliferation,true,true,false
48,110,Proliferation,true,false,true
33,82,Proliferation,true,false,true
98,95,Proliferation,true,false,false
70,101,Proliferation,true,false,true
84,105,Proliferation,true,true,false
82,21,Growth_Arrest,false,true,true
54,99,Proliferation,true,false,true
28,70,Proliferation,true,true,false
43,115,Growth_Arrest,false,false,true
55,99,Growth_Arrest,false,false,true
87,105,Growth_Arrest,false,false,true
43,48,Proliferation,true,true,false
83,36,Proliferation,true,true,true
30,99,Proliferation,true,true,false
63,122,Proliferation,true,false,false
45,96,Proliferation,true,false,true
70,68,Growth_Arrest,false,false,false
83,111,Growth_Arrest,false,false,false
68,39,Proliferation,true,true,false
106,65,Growth_Arrest,false,false,false
90,37,Proliferation,true,true,true
106,40,Proliferation,true,true,false
83,102,Proliferation,true,true,true
31,97,Growth_Arrest,false,true,false
55,24,Proliferation,true,true,true
27,92,Growth_Arrest,false,true,false
127,74,Proliferation,true,false,false
80,75,Proliferation,true,false,false
115,93,Growth_Arrest,false,false,false
25,77,Proliferation,true,true,false
83,126,Proliferation,true,true,true
108,80,Growth_Arrest,false,true,true
99,64,Proliferation,true,false,true
50,88,Proliferation,true,true,true
22,80,Proliferation,true,true,false
39,49,Proliferation,true,true,false
62,40,Proliferation,true,true,false
36,104,Proliferation,true,true,false
103,84,Proliferation,true,false,true
58,91,Growth_Arrest,false,true,false
53,80,Proliferation,true,true,false
109,77,Proliferation,true,true,false
48,33,Proliferation,true,false,false
97,31,Growth_Arrest,false,true,true
30,71,Proliferation,true,false,true
92,55,Growth_Arrest,false,false,true
46,89,Proliferation,true,true,false
21,60,Proliferation,true,false,false
80,94,Proliferation,true,false,true
87,93,Proliferation,true,false,false
28,93,Proliferation,true,false,true
70,38,Growth_Arrest,false,true,false
102,66,Proliferation,true,true,true
85,86,Proliferation,true,true,true
61,118,Growth_Arrest,false,false,true
37,108,Proliferation,true,true,false
76,37,Growth_Arrest,false,false,true
69,69,Proliferation,true,false,true
97,85,Proliferation,true,true,false
44,110,Proliferation,true,false,true
50,95,Proliferation,true,false,false
35,36,Proliferation,true,false,false
29,94,Proliferation,true,true,true
37,73,Proliferation,true,true,false
65,52,Proliferation,true,false,true
104,64,Proliferation,true,false,false
58,82,Proliferation,true,false,false
115,99,Proliferation,true,false,false
94,119,Growth_Arrest,false,false,true
37,34,Proliferation,true,false,true
81,23,Growth_Arrest,false,false,true
82,88,Growth_Arrest,false,true,true
70,82,Proliferation,true,true,true
46,49,Growth_Arrest,false,false,true
102,36,Proliferation,true,false,true
92,42,Proliferation,true,true,false
31,79,Growth_Arrest,false,false,true
64,25,Proliferation,true,false,true
64,24,Proliferation,true,true,false
42,115,Proliferation,true,false,true
22,77,Proliferation,true,false,false
38,73,Proliferation,true,false,false
54,111,Growth_Arrest,false,true,false
66,45,Growth_Arrest,false,true,true
69,32,Proliferation,true,true,true
30,80,Proliferation,true,false,true
54,48,Proliferation,true,false,false
99,123,Proliferation,true,true,true
67,114,Growth_Arrest,false,false,false
125,73,Growth_Arrest,false,false,true
95,67,Proliferation,true,false,true
79,70,Proliferation,true,false,false
89,38,Proliferation,true,true,false
115,73,Proliferation,true,true,true
123,52,Proliferation,true,true,true
63,102,Proliferation,true,true,true
118,58,Growth_Arrest,false,true,false
100,68,Growth_Arrest,false,true,true
88,78,Growth_Arrest,false,true,false
126,97,Proliferation,true,false,true
44,61,Proliferation,true,true,true
104,116,Proliferation,true,true,true
58,50,Proliferation,true,false,true
93,84,Proliferation,true,false,true
63,30,Proliferation,true,false,true
62,34,Growth_Arrest,false,false,true
74,34,Proliferation,true,true,true
118,96,Growth_Arrest,false,true,true
44,41,Proliferation,true,true,false
51,108,Proliferation,true,true,true
118,44,Growth_Arrest,false,true,false
35,83,Proliferation,true,false,true
23,63,Growth_Arrest,false,true,false
79,54,Growth_Arrest,false,false,true
116,68,Proliferation,true,false,false
57,85,Proliferation,true,false,false
79,74,Proliferation,true,false,false
56,28,Proliferation,true,false,true
127,68,Proliferation,true,true,false
112,49,Growth_Arrest,false,false,false
92,39,Growth_Arrest,false,true,false
89,126,Proliferation,true,false,true
53,30,Proliferation,true,false,true
50,51,Growth_Arrest,false,true,true
85,38,Growth_Arrest,false,true,false
75,21,Proliferation,true,false,true
122,72,Proliferation,true,true,true
85,102,Growth_Arrest,false,true,false
82,61,Proliferation,true,false,true
52,112,Growth_Arrest,false,true,true
120,60,Proliferation,true,true,true
97,77,Growth_Arrest,false,false,true
36,56,Proliferation,true,false,false
82,51,Proliferation,true,true,false
68,59,Proliferation,true,false,true
67,128,Growth_Arrest,false,true,false
111,115,Growth_Arrest,false,true,true
99,97,Growth_Arrest,false,true,false
130,65,Proliferation,true,true,false
80,19,Proliferation,true,true,true
125,79,Proliferation,true,false,true
41,75,Growth_Arrest,false,true,false
91,76,Growth_Arrest,false,false,true
112,92,Growth_Arrest,false,true,true
124,53,Proliferation,true,true,true
117,89,Growth_Arrest,false,false,true
89,47,Proliferation,true,false,false
116,54,Proliferation,true,false,false
46,51,Proliferation,true,false,false
73,107,Proliferation,true,true,false
55,95,Proliferation,true,false,false
98,107,Proliferation,true,true,true
64,104,Growth_Arrest,false,true,true
121,106,Proliferation,true,true,true
35,90,Proliferation,true,false,true
116,76,Proliferation,true,true,true
104,103,Proliferation,true,false,false
66,59,Proliferation,true,true,false
87,101,Proliferation,true,false,true
96,61,Proliferation,true,true,false
43,60,Growth_Arrest,false,true,true
114,38,Proliferation,true,true,true
77,128,Proliferation,true,true,false
79,40,Growth_Arrest,false,false,false
96,47,Proliferation,true,true,true
51,119,Growth_Arrest,false,true,true
109,95,Proliferation,true,false,true
54,72,Growth_Arrest,false,false,true
21,63,Proliferation,true,true,false
78,67,Proliferation,true,true,false
124,76,Proliferation,true,true,true
81,99,Proliferation,true,false,false
115,36,Proliferation,true,false,true
87,117,Proliferation,true,false,false
31,85,Growth_Arrest,false,true,false
85,84,Proliferation,true,true,false
115,69,Proliferation,true,true,true
64,90,Growth_Arrest,false,false,false
39,42,Proliferation,true,false,true
70,117,Proliferation,true,true,true
82,33,Proliferation,true,true,false
72,30,Growth_Arrest,false,true,true
129,63,Growth_Arrest,false,true,false
41,98,Proliferation,true,true,true
68,42,Proliferation,true,false,false
20,88,Growth_Arrest,false,false,true
62,26,Growth_Arrest,false,true,false
20,86,Growth_Arrest,false,false,false
112,112,Proliferation,true,false,true
93,122,Proliferation,true,false,true
51,47,Growth_Arrest,false,false,true
45,54,Proliferation,true,false,true
50,60,Growth_Arrest,false,true,false
34,92,Proliferation,true,true,false
23,80,Proliferation,true,true,true
46,63,Proliferation,true,true,true
27,55,Proliferation,true,true,true
28,91,Proliferation,true,false,true
73,114,Proliferation,true,false,false
73,112,Proliferation,true,false,false
76,108,Proliferation,true,true,true
47,48,Proliferation,true,false,true
113,46,Growth_Arrest,false,false,false
79,101,Proliferation,true,false,true
86,125,Growth_Arrest,false,false,false
112,42,Proliferation,true,true,false
82,94,Growth_Arrest,false,false,true
85,40,Proliferation,true,false,true
27,67,Proliferation,true,false,false
82,19,Proliferation,true,true,false
85,119,Growth_Arrest,false,true,false
115,97,Growth_Arrest,false,true,false
115,57,Growth_Arrest,false,true,true
64,58,Proliferation,true,false,true
115,54,Proliferation,true,true,false
95,127,Proliferation,true,true,true
49,66,Growth_Arrest,false,true,false
68,90,Proliferation,true,true,true
56,115,Proliferation,true,true,false
48,38,Growth_Arrest,false,false,false
24,97,Proliferation,true,false,true
26,86,Growth_Arrest,false,true,true
100,79,Proliferation,true,false,false
39,106,Proliferation,true,false,true
30,93,Growth_Arrest,false,true,true
60,75,Proliferation,true,true,false
102,89,Proliferation,true,false,true
99,27,Proliferation,true,true,true
110,50,Proliferation,true,true,true
111,51,Proliferation,true,true,true
65,34,Proliferation,true,false,false
47,91,Growth_Arrest,false,false,false
66,96,Growth_Arrest,false,true,false
49,79,Proliferation,true,true,true
35,40,Proliferation,true,false,false
80,83,Growth_Arrest,false,true,false
42,109,Proliferation,true,true,true
72,68,Proliferation,true,false,true
59,94,Proliferation,true,false,false
56,100,Growth_Arrest,false,true,true
94,42,Growth_Arrest,false,true,true
97,57,Growth_Arrest,false,false,true
96,103,Proliferation,true,true,false
103,44,Proliferation,true,true,false
46,119,Proliferation,true,false,false
101,80,Growth_Arrest,false,true,true
39,44,Proliferation,true,true,true
117,58,Growth_Arrest,false,true,false
93,109,Proliferation,true,true,true
93,93,Proliferation,true,false,true
90,55,Proliferation,true,true,false
72,67,Proliferation,true,false,true
33,98,Proliferation,true,false,true
87,68,Proliferation,true,true,true
63,44,Growth_Arrest,false,false,true
29,80,Proliferation,true,false,false
42,74,Growth_Arrest,false,false,false
93,57,Proliferation,true,true,false
87,94,Proliferation,true,true,true
96,85,Growth_Arrest,false,true,false
94,50,Proliferation,true,false,true
130,67,Proliferation,true,true,false
49,56,Proliferation,true,true,true
91,95,Proliferation,true,true,true
48,114,Proliferation,true,false,true
89,25,Proliferation,true,true,false
48,62,Proliferation,true,true,true
56,27,Proliferation,true,false,false
54,100,Proliferation,true,false,false
56,48,Proliferation,true,true,true
74,93,Growth_Arrest,false,false,true
65,70,Proliferation,true,false,true
101,86,Proliferation,true,false,false
30,100,Proliferation,true,false,false
92,40,Proliferation,true,true,true
72,70,Growth_Arrest,false,false,true
76,63,Growth_Arrest,false,false,false
88,32,Proliferation,true,false,false
64,82,Proliferation,true,false,false
26,55,Proliferation,true,true,false
77,109,Proliferation,true,true,true
85,126,Proliferation,true,true,true
117,105,Proliferation,true,false,false
60,99,Growth_Arrest,false,false,true
113,82,Proliferation,true,true,false
73,68,Proliferation,true,true,true
35,103,Growth_Arrest,false,true,false
87,56,Growth_Arrest,false,false,true
49,54,Growth_Arrest,false,false,false
61,55,Growth_Arrest,false,true,true
94,49,Proliferation,true,true,false
32,86,Growth_Arrest,false,true,true
56,119,Growth_Arrest,false,true,false
121,80,Proliferation,true,true,false
124,72,Proliferation,true,false,true
45,73,Proliferation,true,false,false
56,70,Proliferation,true,false,false
81,101,Proliferation,true,false,true
108,72,Proliferation,true,true,false
53,111,Growth_Arrest,false,true,false
73,40,Proliferation,true,true,false
98,78,Proliferation,true,false,true
92,108,Growth_Arrest,false,true,true
48,83,Proliferation,true,false,true
53,82,Growth_Arrest,false,true,false
92,111,Proliferation,true,false,false
70,88,Proliferation,true,false,false
101,53,Proliferation,true,true,true
72,97,Proliferation,true,false,false
47,51,Proliferation,true,false,false
49,84,Growth_Arrest,false,false,true
91,38,Proliferation,true,true,true
98,47,Growth_Arrest,false,true,false
32,94,Proliferation,true,false,false
46,48,Growth_Arrest,false,false,false
64,118,Proliferation,true,true,true
118,56,Growth_Arrest,false,false,true
81,65,Growth_Arrest,false,false,false
99,54,Growth_Arrest,false,true,false
106,91,Proliferation,true,false,false
88,25,Proliferation,true,true,true
56,78,Proliferation,true,false,false
31,64,Proliferation,true,true,false
101,45,Proliferation,true,true,false
61,26,Proliferation,true,false,false
83,117,Proliferation,true,true,false
22,66,Proliferation,true,false,false
96,35,Proliferation,true,true,false
39,67,Proliferation,true,false,true
22,82,Proliferation,true,false,false
27,68,Proliferation,true,false,false
86,45,Proliferation,true,true,false
32,54,Proliferation,true,false,true
61,76,Proliferation,true,true,true
100,66,Proliferation,true,false,true
107,95,Proliferation,true,true,true
81,121,Growth_Arrest,false,true,true
59,111,Growth_Arrest,false,false,true
71,51,Proliferation,true,false,true
108,96,Growth_Arrest,false,false,true
66,83,Proliferation,true,false,false
66,125,Proliferation,true,true,false
87,81,Proliferation,true,false,false
74,128,Growth_Arrest,false,false,false
119,103,Growth_Arrest,false,false,true
88,92,Growth_Arrest,false,true,true
53,106,Proliferation,true,true,true
48,66,Growth_Arrest,false,false,false
92,70,Growth_Arrest,false,false,true
84,47,Growth_Arrest,false,false,true
31,95,Growth_Arrest,false,true,true
88,120,Proliferation,true,false,false
112,96,Growth_Arrest,false,true,false
103,87,Proliferation,true,true,true
72,72,Proliferation,true,true,false
78,116,Growth_Arrest,false,false,false
85,107,Proliferation,true,true,true
73,93,Growth_Arrest,false,false,true
38,94,Proliferation,true,false,false
58,74,Growth_Arrest,false,false,true
34,52,Growth_Arrest,false,false,false
104,45,Growth_Arrest,false,false,true
51,45,Growth_Arrest,false,true,false
34,91,Growth_Arrest,false,true,true
40,73,Proliferation,true,false,false
62,49,Proliferation,true,true,true
93,113,Proliferation,true,true,true
64,78,Proliferation,true,true,false
61,110,Proliferation,true,false,true
85,56,Proliferation,true,true,false
68,73,Proliferation,true,false,true
69,81,Proliferation,true,true,true
41,105,Growth_Arrest,false,true,false
78,66,Proliferation,true,false,false
97,113,Proliferation,true,false,true
31,91,Proliferation,true,false,true
67,54,Proliferation,true,true,true
97,89,Growth_Arrest,false,false,false
101,115,Growth_Arrest,false,false,true
86,78,Proliferation,true,false,false
61,24,Proliferation,true,false,false
90,101,Proliferation,true,true,false
118,49,Growth_Arrest,false,false,false
118,47,Growth_Arrest,false,false,true
61,124,Proliferation,true,false,true
100,60,Proliferation,true,true,true
91,41,Proliferation,true,false,false
104,87,Growth_Arrest,false,false,false
106,78,Proliferation,true,false,false
28,57,Proliferation,true,true,false
87,88,Proliferation,true,true,true
36,53,Proliferation,true,false,true
125,62,Proliferation,true,false,false
54,115,Growth_Arrest,false,false,false
88,114,Proliferation,true,false,false
81,63,Proliferation,true,false,true
75,78,Proliferation,true,false,true
113,104,Proliferation,true,true,true
62,112,Proliferation,true,true,true
25,93,Proliferation,true,true,true
54,40,Growth_Arrest,false,true,false
58,113,Growth_Arrest,false,true,true
49,102,Growth_Arrest,false,false,true
116,94,Growth_Arrest,false,true,false
112,61,Growth_Arrest,false,true,false
30,42,Proliferation,true,true,false
63,105,Proliferation,true,true,false
54,121,Proliferation,true,false,false
20,89,Proliferation,true,false,true
35,57,Proliferation,true,false,true
39,31,Proliferation,true,true,false
86,32,Growth_Arrest,false,false,true
39,40,Proliferation,true,false,false
125,99,Proliferation,true,false,false
63,74,Proliferation,true,false,true
70,103,Proliferation,true,false,false
41,37,Growth_Arrest,false,false,true
126,70,Proliferation,true,false,false
77,62,Proliferation,true,false,true
42,102,Proliferation,true,false,false
81,39,Growth_Arrest,false,true,false
114,105,Proliferation,true,false,false
32,74,Growth_Arrest,false,true,false
25,54,Proliferation,true,false,false
75,20,Proliferation,true,true,true
107,94,Growth_Arrest,false,true,true
67,62,Proliferation,true,false,true
114,36,Proliferation,true,false,false
84,112,Proliferation,true,true,false
94,54,Proliferation,true,false,true
38,107,Proliferation,true,true,true
44,27,Growth_Arrest,false,false,true
52,65,Growth_Arrest,false,true,true
19,67,Growth_Arrest,false,false,false
54,79,Growth_Arrest,false,true,false
57,30,Growth_Arrest,false,true,false
99,112,Proliferation,true,false,false
37,33,Proliferation,true,true,true
95,104,Proliferation,true,false,true
111,46,Proliferation,true,true,false
95,88,Growth_Arrest,false,false,true
116,69,Proliferation,true,false,true
86,61,Proliferation,true,true,false
111,57,Proliferation,true,false,false
42,66,Growth_Arrest,false,true,true
120,82,Proliferation,true,false,true
32,64,Proliferation,true,false,true
74,46,Proliferation,true,false,true
55,48,Proliferation,true,false,true
61,56,Proliferation,true,false,true
88,54,Proliferation,true,false,false
96,49,Proliferation,true,false,true
119,49,Growth_Arrest,false,false,true
114,54,Proliferation,true,false,false
109,69,Proliferation,true,false,true
74,89,Proliferation,true,false,true
105,61,Proliferation,true,false,false
99,78,Proliferation,true,false,false
46,41,Proliferation,true,false,false
54,63,Proliferation,true,false,false
30,83,Proliferation,true,false,true
103,90,Proliferation,true,false,true
96,57,Growth_Arrest,false,false,true
44,91,Proliferation,true,false,false
44,55,Growth_Arrest,false,true,false
66,102,Growth_Arrest,false,true,false
35,64,Proliferation,true,true,false
32,51,Proliferation,true,true,false
127,60,Proliferation,true,false,true
53,23,Proliferation,true,false,true
39,108,Growth_Arrest,false,false,true
82,45,Growth_Arrest,false,true,true
31,71,Growth_Arrest,false,true,false
102,26,Proliferation,true,false,true
65,75,Proliferation,true,false,true
62,30,Proliferation,true,false,true
19,66,Proliferation,true,true,false
71,87,Growth_Arrest,false,false,true
66,88,Proliferation,true,false,false
71,53,Proliferation,true,false,false
63,71,Growth_Arrest,false,false,false
69,129,Growth_Arrest,false,true,false
26,63,Proliferation,true,false,false
73,43,Growth_Arrest,false,true,false
50,102,Proliferation,true,true,true
39,118,Growth_Arrest,false,false,false
44,29,Proliferation,true,true,true
62,22,Growth_Arrest,false,true,true
100,53,Growth_Arrest,false,false,true
130,69,Proliferation,true,true,true
72,33,Proliferation,true,true,false
88,98,Proliferation,true,true,true
98,84,Growth_Arrest,false,true,true
54,85,Proliferation,true,true,false
57,35,Proliferation,true,false,false
103,119,Growth_Arrest,false,false,true
28,69,Growth_Arrest,false,false,true
70,19,Proliferation,true,false,true
120,67,Proliferation,true,false,true
53,81,Proliferation,true,true,true
87,125,Proliferation,true,true,true
76,102,Growth_Arrest,false,true,false
101,98,Growth_Arrest,false,true,true
82,89,Growth_Arrest,false,true,false
61,52,Growth_Arrest,false,false,false
114,104,Growth_Arrest,false,true,false
126,83,Proliferation,true,false,false
43,42,Proliferation,true,false,false
54,52,Proliferation,true,true,true
65,68,Growth_Arrest,false,true,true
26,69,Growth_Arrest,false,true,true
96,110,Proliferation,true,false,true
69,110,Growth_Arrest,false,false,true
40,62,Proliferation,true,false,true
120,68,Proliferation,true,false,false
61,89,Proliferation,true,false,false
73,84,Growth_Arrest,false,false,false
96,40,Proliferation,true,true,false
50,52,Proliferation,true,true,false
59,79,Proliferation,true,true,false
66,89,Growth_Arrest,false,true,true
70,25,Proliferation,true,true,false
74,70,Proliferation,true,true,true
97,108,Growth_Arrest,false,false,true
78,56,Proliferation,true,true,true
105,43,Growth_Arrest,false,false,false
76,38,Growth_Arrest,false,false,true
117,95,Growth_Arrest,false,true,true
96,100,Growth_Arrest,false,true,true
79,37,Proliferation,true,false,false
37,36,Proliferation,true,true,false
68,51,Growth_Arrest,false,false,true
31,110,Proliferation,true,false,true
69,59,Proliferation,true,false,true
120,77,Proliferation,true,false,true
73,96,Proliferation,true,true,true
88,118,Proliferation,true,false,true
25,85,Proliferation,true,false,false
62,65,Growth_Arrest,false,true,false
87,26,Growth_Arrest,false,true,true
36,102,Proliferation,true,false,true
107,119,Proliferation,true,true,false
105,35,Growth_Arrest,false,true,true
82,83,Growth_Arrest,false,true,true
51,99,Growth_Arrest,false,false,true
109,41,Proliferation,true,true,false
22,57,Proliferation,true,false,true
54,114,Proliferation,true,false,true
47,26,Proliferation,true,false,false
101,118,Growth_Arrest,false,false,false
90,109,Growth_Arrest,false,false,false
68,124,Proliferation,true,true,true
80,36,Proliferation,true,true,false
65,130,Proliferation,true,true,false
86,57,Growth_Arrest,false,false,false
113,86,Proliferation,true,false,true
56,53,Proliferation,true,true,false
84,83,Growth_Arrest,false,false,true
93,92,Proliferation,true,true,false
67,43,Proliferation,true,true,false
71,47,Proliferation,true,false,false
121,43,Growth_Arrest,false,false,true
111,107,Proliferation,true,true,true
59,89,Growth_Arrest,false,true,true
63,101,Growth_Arrest,false,true,true
68,80,Growth_Arrest,false,true,true
63,25,Proliferation,true,true,true
92,36,Growth_Arrest,false,true,true
45,82,Proliferation,true,false,true
96,58,Proliferation,true,true,false
104,27,Proliferation,true,false,false
65,59,Proliferation,true,true,true
93,61,Growth_Arrest,false,true,true
94,117,Proliferation,true,true,false
82,60,Proliferation,true,false,true
25,89,Proliferation,true,false,true
57,83,Growth_Arrest,false,false,true
69,21,Growth_Arrest,false,false,false
79,53,Proliferation,true,true,false
101,32,Growth_Arrest,false,false,false
41,115,Proliferation,true,true,false
58,106,Proliferation,true,false,true
53,92,Growth_Arrest,false,true,true
98,114,Growth_Arrest,false,false,false
119,95,Growth_Arrest,false,false,true
68,45,Proliferation,true,true,false
84,107,Growth_Arrest,false,true,false
30,40,Proliferation,true,true,false
32,72,Proliferation,true,true,false
51,113,Proliferation,true,true,false
127,86,Proliferation,true,false,false
33,100,Growth_Arrest,false,false,true
45,80,Proliferation,true,false,true
33,108,Growth_Arrest,false,false,false
41,41,Proliferation,true,true,true
98,24,Growth_Arrest,false,true,true
66,39,Proliferation,true,false,true
22,67,Proliferation,true,true,true
48,100,Growth_Arrest,false,true,true
88,112,Proliferation,true,false,false
49,26,Proliferation,true,true,true
78,47,Growth_Arrest,false,false,true
111,38,Proliferation,true,false,true
61,123,Proliferation,true,false,true
28,72,Proliferation,true,false,false
76,88,Proliferation,true,false,false
40,68,Proliferation,true,false,false
111,90,Proliferation,true,false,true
68,24,Growth_Arrest,false,false,false
80,123,Proliferation,true,true,true
87,95,Growth_Arrest,false,false,true
111,103,Proliferation,true,false,true
53,41,Growth_Arrest,false,true,true
85,28,Proliferation,true,true,true
43,51,Proliferation,true,true,true
89,82,Growth_Arrest,false,true,true
34,63,Growth_Arrest,false,false,false
95,102,Proliferation,true,true,false
110,84,Proliferation,true,true,false
64,37,Proliferation,true,false,true
102,119,Growth_Arrest,false,true,true
35,37,Proliferation,true,false,true
45,84,Growth_Arrest,false,true,false
79,51,Proliferation,true,true,true
80,22,Proliferation,true,true,false
58,26,Growth_Arrest,false,true,false
68,88,Proliferation,true,true,false
104,69,Growth_Arrest,false,false,true
117,66,Growth_Arrest,false,false,false
42,36,Growth_Arrest,false,false,true
35,62,Proliferation,true,false,true
101,62,Proliferation,true,false,false
86,95,Proliferation,true,false,false
38,50,Proliferation,true,false,true
55,93,Proliferation,true,true,false
49,105,Growth_Arrest,false,true,true
29,91,Proliferation,true,false,true
111,58,Proliferation,true,false,true
44,74,Proliferation,true,true,false
127,64,Proliferation,true,true,false
116,55,Proliferation,true,true,false
107,58,Proliferation,true,false,false
128,62,Proliferation,true,true,true
101,90,Proliferation,true,true,false
72,65,Proliferation,true,false,true
58,128,Proliferation,true,true,true
59,27,Proliferation,true,false,false
112,58,Proliferation,true,false,false
79,59,Proliferation,true,true,true
41,58,Proliferation,true,true,true
75,101,Proliferation,true,true,true
94,72,Proliferation,true,false,false
50,123,Proliferation,true,true,false
33,55,Growth_Arrest,false,true,false
74,51,Growth_Arrest,false,true,false
24,86,Growth_Arrest,false,true,false
108,101,Growth_Arrest,false,false,true
88,24,Proliferation,true,true,false
67,126,Growth_Arrest,false,false,true
45,101,Growth_Arrest,false,true,true
113,81,Growth_Arrest,false,true,true
71,80,Proliferation,true,true,false
99,103,Growth_Arrest,false,true,false
65,83,Proliferation,true,true,false
87,75,Growth_Arrest,false,true,true
58,109,Proliferation,true,true,true
21,74,Proliferation,true,false,false
79,96,Proliferation,true,true,true
42,78,Proliferation,true,false,true
67,58,Growth_Arrest,false,false,true
44,76,Proliferation,true,true,true
33,64,Growth_Arrest,false,false,false
106,92,Proliferation,true,false,true
49,69,Growth_Arrest,false,false,true
79,114,Proliferation,true,false,false
79,25,Growth_Arrest,false,true,true
47,58,Growth_Arrest,false,false,false
88,84,Proliferation,true,false,true
49,106,Proliferation,true,true,true
33,67,Proliferation,true,false,false
121,76,Growth_Arrest,false,true,true
121,78,Growth_Arrest,false,true,true
41,110,Proliferation,true,true,false
80,46,Proliferation,true,false,true
38,88,Proliferation,true,false,true
96,44,Proliferation,true,false,false
65,104,Proliferation,true,true,false
113,45,Proliferation,true,true,false
124,60,Proliferation,true,true,true
89,94,Growth_Arrest,false,false,false
59,55,Growth_Arrest,false,true,false
29,44,Growth_Arrest,false,true,true
76,60,Growth_Arrest,false,true,true
74,44,Growth_Arrest,false,true,false
65,105,Growth_Arrest,false,false,false
43,35,Proliferation,true,true,true
61,78,Proliferation,true,true,false
61,67,Proliferation,true,false,true
77,75,Growth_Arrest,false,true,false
63,72,Growth_Arrest,false,false,true
101,61,Proliferation,true,false,true
60,45,Proliferation,true,false,true
55,105,Proliferation,true,false,true
118,94,Growth_Arrest,false,false,false
59,118,Growth_Arrest,false,true,true
45,78,Proliferation,true,false,false
101,40,Proliferation,true,true,true
103,72,Growth_Arrest,false,true,false
115,42,Proliferation,true,false,true
46,43,Growth_Arrest,false,false,false
114,56,Growth_Arrest,false,false,true
55,32,Growth_Arrest,false,false,false
34,110,Proliferation,true,false,true
55,120,Proliferation,true,true,false
75,54,Proliferation,true,true,true
85,42,Growth_Arrest,false,false,false
97,48,Proliferation,true,true,false
89,41,Growth_Arrest,false,false,false
103,31,Growth_Arrest,false,false,true
33,110,Growth_Arrest,false,false,false
121,71,Growth_Arrest,false,false,true
74,91,Growth_Arrest,false,true,true
102,76,Growth_Arrest,false,true,false
33,84,Growth_Arrest,false,false,true
27,100,Proliferation,true,true,true
90,114,Growth_Arrest,false,false,false
56,63,Proliferation,true,true,false
70,106,Proliferation,true,true,false
101,30,Growth_Arrest,false,true,true
92,103,Proliferation,true,false,false
76,84,Proliferation,true,true,false
112,53,Proliferation,true,false,true
85,73,Growth_Arrest,false,false,false
108,34,Proliferation,true,false,true
58,61,Proliferation,true,true,false
117,48,Proliferation,true,false,true
68,54,Proliferation,true,false,true
89,59,Growth_Arrest,false,true,true
117,52,Proliferation,true,false,false
39,91,Proliferation,true,false,false
62,82,Proliferation,true,true,true
90,51,Proliferation,true,true,true
46,52,Proliferation,true,true,true
55,22,Growth_Arrest,false,true,false
76,72,Proliferation,true,true,false
68,86,Growth_Arrest,false,true,true
85,62,Proliferation,true,false,false
31,92,Proliferation,true,true,false
84,109,Growth_Arrest,false,true,false
97,121,Proliferation,true,true,false
22,86,Proliferation,true,false,true
78,105,Proliferation,true,true,true
35,92,Proliferation,true,false,true
90,105,Proliferation,true,false,false
75,127,Growth_Arrest,false,false,true
27,74,Proliferation,true,false,true
111,43,Proliferation,true,false,false
105,110,Proliferation,true,true,true
41,49,Proliferation,true,false,true
45,57,Proliferation,true,false,false
84,130,Proliferation,true,true,true
99,58,Proliferation,true,true,true
115,72,Proliferation,true,true,true
85,117,Proliferation,true,true,true
116,78,Proliferation,true,false,false
28,86,Proliferation,true,true,true
58,65,Proliferation,true,false,true
67,66,Growth_Arrest,false,true,true
37,59,Growth_Arrest,false,true,true
83,53,Proliferation,true,true,true
116,80,Proliferation,true,true,true
42,46,Proliferation,true,false,true
87,80,Proliferation,true,true,false
63,104,Proliferation,true,false,false
114,66,Proliferation,true,false,false
68,78,Proliferation,true,true,false
86,29,Growth_Arrest,false,false,false
112,108,Proliferation,true,false,true
88,88,Proliferation,true,false,false
111,70,Growth_Arrest,false,true,true
55,124,Proliferation,true,false,false
104,59,Growth_Arrest,false,true,true
33,86,Growth_Arrest,false,false,true
86,34,Proliferation,true,false,true
33,61,Proliferation,true,false,false
33,68,Proliferation,true,false,false
71,120,Proliferation,true,false,true
64,121,Proliferation,true,false,false
83,37,Proliferation,true,false,true
101,117,Proliferation,true,true,true
40,100,Growth_Arrest,false,true,false
103,60,Proliferation,true,true,false
54,101,Growth_Arrest,false,false,true
56,99,Proliferation,true,false,true
102,83,Growth_Arrest,false,false,false
41,53,Proliferation,true,false,true
51,102,Proliferation,true,true,true
106,115,Proliferation,true,false,true
87,73,Proliferation,true,false,false
68,38,Proliferation,true,true,true
25,90,Proliferation,true,true,true
104,61,Proliferation,true,false,true
74,38,Growth_Arrest,false,true,true
64,55,Proliferation,true,true,true
27,94,Growth_Arrest,false,true,false
87,85,Proliferation,true,false,true
95,66,Proliferation,true,false,false
41,67,Proliferation,true,false,true
36,92,Growth_Arrest,false,true,false
67,73,Growth_Arrest,false,true,false
83,49,Growth_Arrest,false,true,false
30,62,Proliferation,true,false,false
69,114,Proliferation,true,true,true
40,95,Proliferation,true,true,false
113,97,Growth_Arrest,false,false,false
100,108,Proliferation,true,false,false
44,67,Proliferation,true,true,false
99,31,Proliferation,true,false,false
29,55,Proliferation,true,true,true
49,88,Proliferation,true,true,true
127,82,Proliferation,true,false,true
101,56,Proliferation,true,false,false
111,72,Proliferation,true,true,false
96,51,Proliferation,true,true,false
62,41,Proliferation,true,true,false
119,80,Proliferation,true,false,true
118,46,Proliferation,true,false,false
98,69,Proliferation,true,true,true
61,119,Proliferation,true,false,true
80,97,Proliferation,true,true,false
115,77,Proliferation,true,false,false
53,79,Growth_Arrest,false,false,false
92,74,Proliferation,true,false,false
64,116,Proliferation,true,true,false
98,117,Growth_Arrest,false,true,true
44,103,Proliferation,true,true,false
67,37,Proliferation,true,false,false
72,110,Proliferation,true,true,false
126,80,Proliferation,true,false,false
47,32,Proliferation,true,true,true
48,73,Proliferation,true,true,true
73,115,Proliferation,true,true,true
89,91,Proliferation,true,false,false
54,84,Proliferation,true,false,false
24,93,Proliferation,true,true,true
94,92,Proliferation,true,true,true
111,105,Growth_Arrest,false,false,false
75,88,Growth_Arrest,false,true,true
73,23,Proliferation,true,false,true
46,77,Proliferation,true,false,false
127,58,Growth_Arrest,false,false,true
53,43,Proliferation,true,false,true
98,43,Proliferation,true,false,false
83,22,Growth_Arrest,false,true,false
112,59,Proliferation,true,true,false
70,109,Proliferation,true,true,false
112,64,Proliferation,true,false,true
47,53,Proliferation,true,false,true
105,55,Proliferation,true,true,false
99,28,Proliferation,true,false,true
81,45,Proliferation,true,true,false
70,102,Proliferation,true,true,true
113,112,Growth_Arrest,false,true,false
36,62,Proliferation,true,true,false
68,119,Proliferation,true,true,true
73,52,Proliferation,true,true,true
107,75,Proliferation,true,false,false
70,90,Proliferation,true,true,true
112,106,Proliferation,true,false,false
118,104,Proliferation,true,true,false
108,50,Growth_Arrest,false,true,true
66,94,Growth_Arrest,false,false,true
57,121,Proliferation,true,true,true
87,79,Growth_Arrest,false,true,false
75,43,Growth_Arrest,false,false,true
88,126,Growth_Arrest,false,false,false
57,69,Proliferation,true,false,false
74,126,Growth_Arrest,false,true,false
81,112,Proliferation,true,false,false
63,69,Proliferation,true,true,true
95,68,Growth_Arrest,false,false,false
52,71,Proliferation,true,false,false
34,83,Growth_Arrest,false,false,false
91,47,Proliferation,true,false,true
105,114,Proliferation,true,true,false
113,37,Growth_Arrest,false,false,true
28,50,Proliferation,true,false,true
76,81,Proliferation,true,true,false
24,91,Proliferation,true,false,false
42,108,Proliferation,true,true,false
117,43,Proliferation,true,true,false
116,37,Growth_Arrest,false,true,false
102,54,Growth_Arrest,false,false,true
93,32,Growth_Arrest,false,false,false
27,48,Growth_Arrest,false,false,true
126,84,Proliferation,true,false,false
64,36,Growth_Arrest,false,false,false
90,118,Proliferation,true,false,false
34,106,Growth_Arrest,false,true,true
88,62,Proliferation,true,false,false
78,49,Proliferation,true,false,true
59,31,Proliferation,true,true,false
70,24,Growth_Arrest,false,false,false
63,89,Proliferation,true,true,false
90,52,Proliferation,true,true,false
100,35,Proliferation,true,true,false
52,109,Growth_Arrest,false,false,true
76,57,Proliferation,true,false,true
31,103,Growth_Arrest,false,true,true
90,34,Proliferation,true,true,false
56,49,Growth_Arrest,false,true,false
31,45,Growth_Arrest,false,false,false
108,57,Proliferation,true,false,true
35,104,Proliferation,true,false,true
84,65,Proliferation,true,true,true
38,91,Growth_Arrest,false,false,true
97,109,Proliferation,true,true,false
67,22,Proliferation,true,false,true
81,33,Proliferation,true,true,false
70,105,Proliferation,true,true,false
72,32,Proliferation,true,true,false
104,36,Proliferation,true,true,false
86,90,Proliferation,true,true,true
111,61,Proliferation,true,false,false
81,125,Proliferation,true,false,false
85,36,Proliferation,true,false,false
117,63,Proliferation,true,true,true
21,88,Growth_Arrest,false,false,true
90,57,Growth_Arrest,false,false,false
97,114,Growth_Arrest,false,true,false
79,94,Proliferation,true,false,true
87,121,Growth_Arrest,false,false,false
65,116,Proliferation,true,false,true
77,35,Proliferation,true,false,true
52,83,Proliferation,true,true,true
111,112,Growth_Arrest,false,false,false
113,102,Proliferation,true,false,true
125,69,Proliferation,true,true,false
29,61,Proliferation,true,true,false
104,97,Proliferation,true,true,true
68,77,Growth_Arrest,false,false,true
72,116,Growth_Arrest,false,true,true
124,83,Proliferation,true,true,true
114,72,Proliferation,true,false,false
31,106,Proliferation,true,true,true
116,84,Proliferation,true,false,true
77,85,Growth_Arrest,false,false,false
100,28,Proliferation,true,true,false
66,65,Proliferation,true,false,false
45,85,Proliferation,true,true,true
91,48,Proliferation,true,false,false
113,34,Proliferation,true,true,true
109,70,Growth_Arrest,false,false,true
107,63,Proliferation,true,false,true
77,89,Proliferation,true,false,false
112,102,Proliferation,true,false,false
58,25,Proliferation,true,true,false
39,80,Proliferation,true,true,true
78,78,Proliferation,true,false,false
112,111,Proliferation,true,false,false
116,110,Proliferation,true,true,true
123,53,Proliferation,true,false,false
61,80,Proliferation,true,true,true
102,103,Growth_Arrest,false,true,true
24,80,Proliferation,true,true,true
25,83,Proliferation,true,false,true
128,71,Proliferation,true,false,true
99,30,Proliferation,true,true,false
100,115,Proliferation,true,false,false
110,118,Growth_Arrest,false,true,false
95,36,Proliferation,true,true,true
36,105,Growth_Arrest,false,false,true
114,90,Proliferation,true,false,false
72,77,Growth_Arrest,false,false,false
27,49,Proliferation,true,true,true
98,66,Proliferation,true,false,false
123,80,Growth_Arrest,false,false,true
89,48,Proliferation,true,false,false
55,31,Proliferation,true,true,true
97,94,Growth_Arrest,false,true,false
93,50,Proliferation,true,false,true
58,56,Proliferation,true,false,true
59,64,Proliferation,true,true,true
29,79,Proliferation,true,true,true
74,22,Proliferation,true,false,false
114,67,Proliferation,true,false,false
77,115,Proliferation,true,true,true
112,74,Proliferation,true,false,false
42,71,Growth_Arrest,false,false,false
92,95,Growth_Arrest,false,true,false
101,69,Growth_Arrest,false,false,false
35,56,Proliferation,true,false,false
105,47,Growth_Arrest,false,false,true
104,66,Proliferation,true,true,false
108,69,Proliferation,true,true,false
38,61,Growth_Arrest,false,false,false
61,88,Proliferation,true,false,false
42,85,Proliferation,true,false,false
56,103,Growth_Arrest,false,false,false
60,46,Proliferation,true,true,false
118,105,Growth_Arrest,false,true,false
72,87,Growth_Arrest,false,false,true
53,95,Growth_Arrest,false,true,false
85,130,Growth_Arrest,false,false,false
90,103,Growth_Arrest,false,true,true
29,99,Proliferation,true,true,true
99,91,Growth_Arrest,false,true,true
51,87,Growth_Arrest,false,true,true
29,50,Proliferation,true,false,false
82,79,Proliferation,true,false,true
45,28,Proliferation,true,true,true
125,98,Proliferation,true,true,false
91,63,Proliferation,true,false,false
94,32,Proliferation,true,true,false
107,82,Proliferation,true,true,true
76,46,Proliferation,true,false,true
99,34,Proliferation,true,true,false
91,33,Growth_Arrest,false,true,false
25,86,Proliferation,true,true,false
71,109,Growth_Arrest,false,true,true
41,102,Proliferation,true,true,false
73,30,Proliferation,true,false,false
119,82,Growth_Arrest,false,true,false
97,111,Proliferation,true,false,false
108,58,Proliferation,true,false,true
77,46,Proliferation,true,true,false
83,39,Proliferation,true,true,false
89,78,Proliferation,true,true,true
53,100,Proliferation,true,false,true
64,85,Proliferation,true,false,false
95,123,Growth_Arrest,false,true,true
60,106,Growth_Arrest,false,true,true
84,85,Growth_Arrest,false,false,true
92,54,Proliferation,true,false,true
39,56,Proliferation,true,true,false
85,78,Proliferation,true,false,true
67,84,Growth_Arrest,false,false,false
93,64,Growth_Arrest,false,true,true
110,33,Growth_Arrest,false,false,false
94,105,Proliferation,true,false,true
121,96,Proliferation,true,true,true
67,65,Proliferation,true,true,true
46,111,Proliferation,true,false,true
26,88,Growth_Arrest,false,false,false
115,49,Proliferation,true,true,true
111,67,Proliferation,true,true,false
126,81,Proliferation,true,true,true
73,78,Proliferation,true,true,false
60,107,Growth_Arrest,false,false,true
72,130,Growth_Arrest,false,false,true
87,51,Proliferation,true,false,true
78,71,Proliferation,true,false,false
42,99,Proliferation,true,true,true
29,48,Proliferation,true,false,true
58,75,Growth_Arrest,false,true,true
27,51,Proliferation,true,false,false
50,45,Growth_Arrest,false,true,false
114,78,Growth_Arrest,false,true,false
98,56,Growth_Arrest,false,true,true
112,45,Proliferation,true,true,false
105,104,Proliferation,true,false,true
73,38,Proliferation,true,false,true
86,84,Growth_Arrest,false,false,false
47,38,Growth_Arrest,false,true,true
93,114,Proliferation,true,true,false
58,62,Proliferation,true,true,false
86,126,Growth_Arrest,false,false,true
112,47,Growth_Arrest,false,false,true
97,107,Proliferation,true,false,true
110,101,Proliferation,true,false,false
55,115,Proliferation,true,false,false
44,96,Proliferation,true,false,true
44,36,Proliferation,true,true,true
105,73,Proliferation,true,true,false
52,91,Proliferation,true,false,false
47,33,Proliferation,true,false,false
52,45,Proliferation,true,false,false
111,87,Proliferation,true,false,true
78,99,Growth_Arrest,false,false,false
77,47,Proliferation,true,true,true
118,42,Proliferation,true,false,true
68,128,Growth_Arrest,false,false,true
50,116,Proliferation,true,false,true
46,55,Growth_Arrest,false,true,true
89,77,Proliferation,true,true,false
41,72,Growth_Arrest,false,false,false
106,110,Growth_Arrest,false,true,false
78,51,Proliferation,true,true,true
78,27,Proliferation,true,false,false
95,40,Proliferation,true,true,false
80,72,Proliferation,true,true,true
107,83,Proliferation,true,true,true
63,33,Growth_Arrest,false,false,true
108,51,Proliferation,true,true,false
79,122,Proliferation,true,true,true
101,110,Growth_Arrest,false,false,false
121,72,Growth_Arrest,false,true,true
79,111,Proliferation,true,true,false
62,86,Proliferation,true,true,false
82,28,Proliferation,true,false,true
111,84,Proliferation,true,true,true
76,86,Proliferation,true,false,true
112,69,Growth_Arrest,false,false,false
29,58,Proliferation,true,false,false
85,34,Growth_Arrest,false,true,true
36,50,Proliferation,true,true,false
44,73,Growth_Arrest,false,true,true
47,95,Proliferation,true,true,true
90,38,Proliferation,true,true,false
82,128,Proliferation,true,true,true
56,111,Proliferation,true,true,true
74,97,Proliferation,true,true,false
83,101,Growth_Arrest,false,true,false
47,98,Proliferation,true,false,false
91,36,Growth_Arrest,false,true,true
45,122,Proliferation,true,true,false
59,127,Growth_Arrest,false,true,false
76,68,Proliferation,true,true,true
90,126,Growth_Arrest,false,true,true
98,59,Proliferation,true,true,true
72,51,Growth_Arrest,false,false,false
58,68,Proliferation,true,false,true
63,112,Proliferation,true,false,false
110,42,Proliferation,true,false,false
104,40,Growth_Arrest,false,false,true
83,77,Growth_Arrest,false,false,false
39,64,Proliferation,true,true,false
76,119,Growth_Arrest,false,true,true
45,62,Growth_Arrest,false,false,true
69,33,Growth_Arrest,false,true,false
95,107,Growth_Arrest,false,false,false
111,69,Growth_Arrest,false,false,false
44,100,Proliferation,true,true,false
32,46,Proliferation,true,false,true
98,30,Proliferation,true,false,true
37,84,Proliferation,true,false,false
102,58,Proliferation,true,true,true
32,98,Proliferation,true,false,false
46,114,Growth_Arrest,false,true,true
95,55,Proliferation,true,true,false
25,87,Proliferation,true,false,false
108,74,Proliferation,true,false,false
75,110,Proliferation,true,false,false
99,108,Proliferation,true,false,true
83,76,Proliferation,true,false,true
93,60,Proliferation,true,true,false
85,120,Proliferation,true,true,true
116,92,Proliferation,true,true,false
81,69,Growth_Arrest,false,false,false
86,67,Proliferation,true,false,false
119,88,Proliferation,true,true,false
90,24,Proliferation,true,true,true
62,105,Growth_Arrest,false,true,false
90,74,Proliferation,true,true,true
73,51,Proliferation,true,false,true
50,90,Proliferation,true,true,true
92,82,Growth_Arrest,false,true,true
75,31,Proliferation,true,true,true
46,33,Growth_Arrest,false,false,true
31,88,Proliferation,true,true,false
126,60,Growth_Arrest,false,true,false
79,65,Growth_Arrest,false,false,true
56,34,Proliferation,true,true,true
109,57,Growth_Arrest,false,false,false
97,104,Proliferation,true,true,true
76,19,Proliferation,true,false,false
44,70,Proliferation,true,false,true
97,117,Growth_Arrest,false,true,true
42,89,Proliferation,true,false,true
49,47,Growth_Arrest,false,false,true
65,94,Growth_Arrest,false,false,false
70,120,Growth_Arrest,false,false,true
123,84,Proliferation,true,false,false
98,73,Proliferation,true,true,false
65,39,Proliferation,true,true,false
127,89,Proliferation,true,true,true
56,59,Growth_Arrest,false,true,true
59,37,Growth_Arrest,false,true,false
58,27,Growth_Arrest,false,false,true
97,93,Proliferation,true,false,true
60,74,Growth_Arrest,false,true,false
82,126,Proliferation,true,true,false
47,100,Growth_Arrest,false,true,false
20,63,Proliferation,true,true,true
55,110,Proliferation,true,false,true
76,73,Proliferation,true,true,true
95,34,Growth_Arrest,false,false,true
51,48,Proliferation,true,true,true
80,122,Growth_Arrest,false,true,false
55,50,Proliferation,true,true,false
34,46,Proliferation,true,true,false
124,88,Growth_Arrest,false,false,false
88,122,Growth_Arrest,false,true,false
119,96,Growth_Arrest,false,false,false
101,25,Proliferation,true,false,false
48,65,Growth_Arrest,false,true,false
104,83,Proliferation,true,true,true
56,92,Growth_Arrest,false,false,true
84,100,Proliferation,true,false,true
66,111,Proliferation,true,false,false
127,93,Proliferation,true,false,false
24,99,Growth_Arrest,false,true,false
123,51,Growth_Arrest,false,false,false
79,42,Proliferation,true,false,false
60,80,Proliferation,true,true,true
123,100,Proliferation,true,false,true
51,116,Proliferation,true,false,true
84,76,Proliferation,true,false,true
94,108,Proliferation,true,false,false
118,92,Growth_Arrest,false,false,false
66,115,Growth_Arrest,false,true,false
34,96,Proliferation,true,false,false
106,103,Proliferation,true,true,true
118,71,Growth_Arrest,false,true,false
64,52,Proliferation,true,true,false
78,80,Proliferation,true,true,true
98,42,Proliferation,true,true,false
104,51,Proliferation,true,false,true
85,65,Proliferation,true,false,true
84,121,Growth_Arrest,false,false,false
98,91,Growth_Arrest,false,false,true
35,97,Growth_Arrest,false,true,false
90,40,Proliferation,true,false,false
56,109,Growth_Arrest,false,true,false
63,116,Proliferation,true,false,false
83,43,Proliferation,true,false,false
50,124,Proliferation,true,false,false
58,117,Proliferation,true,true,false
39,59,Proliferation,true,true,false
78,59,Proliferation,true,true,true
93,117,Proliferation,true,false,true
70,62,Proliferation,true,true,true
56,56,Proliferation,true,true,true
87,44,Growth_Arrest,false,true,false
57,97,Proliferation,true,true,false
59,85,Proliferation,true,false,false
21,81,Proliferation,true,false,true
36,113,Proliferation,true,true,true
75,123,Proliferation,true,true,false
90,94,Proliferation,true,false,true
66,69,Growth_Arrest,false,false,false
90,61,Proliferation,true,false,true
45,71,Growth_Arrest,false,true,false
73,48,Growth_Arrest,false,false,true
126,63,Proliferation,true,true,true
42,34,Proliferation,true,false,true
94,69,Proliferation,true,false,true
92,125,Proliferation,true,true,true
31,52,Growth_Arrest,false,true,false
49,96,Growth_Arrest,false,true,false
98,88,Proliferation,true,true,true
69,36,Proliferation,true,true,false
37,76,Growth_Arrest,false,true,true
102,75,Proliferation,true,true,false
117,76,Growth_Arrest,false,false,false
37,41,Growth_Arrest,false,true,true
32,82,Proliferation,true,false,true
115,113,Growth_Arrest,false,true,true
104,113,Proliferation,true,false,false
69,90,Proliferation,true,false,false
62,87,Proliferation,true,true,true
73,85,Growth_Arrest,false,false,false
116,108,Proliferation,true,true,true
49,38,Proliferation,true,true,true
110,105,Proliferation,true,false,false
67,115,Growth_Arrest,false,false,false
62,54,Proliferation,true,false,true
52,53,Proliferation,true,false,false
107,52,Proliferation,true,true,false
46,71,Proliferation,true,false,true
88,108,Proliferation,true,false,true
30,81,Growth_Arrest,false,false,false
58,79,Proliferation,true,true,false
90,70,Proliferation,true,true,true
83,59,Proliferation,true,false,true
45,52,Proliferation,true,false,true
100,124,Proliferation,true,false,true
43,96,Proliferation,true,true,true
58,89,Proliferation,true,false,true
100,113,Proliferation,true,false,false
74,23,Proliferation,true,true,true
53,48,Proliferation,true,true,false
70,107,Proliferation,true,true,false
60,124,Growth_Arrest,false,true,true
84,86,Growth_Arrest,false,false,false
67,87,Proliferation,true,true,false
101,119,Proliferation,true,true,true
60,108,Proliferation,true,true,false
110,79,Growth_Arrest,false,true,true
95,119,Proliferation,true,true,false
49,42,Proliferation,true,true,true
68,107,Growth_Arrest,false,true,true
44,93,Proliferation,true,false,false
61,69,Growth_Arrest,false,true,false
81,93,Proliferation,true,true,true
77,38,Growth_Arrest,false,false,false
60,94,Proliferation,true,true,false
56,42,Growth_Arrest,false,true,false
98,31,Proliferation,true,false,false
101,47,Growth_Arrest,false,true,false
45,79,Growth_Arrest,false,false,true
91,60,Proliferation,true,true,true
109,50,Growth_Arrest,false,false,true
50,82,Proliferation,true,false,true
86,110,Proliferation,true,true,true
25,73,Growth_Arrest,false,true,false
22,65,Proliferation,true,true,true
69,84,Proliferation,true,true,false
34,67,Proliferation,true,false,false
43,34,Growth_Arrest,false,true,true
67,60,Proliferation,true,false,false
111,37,Growth_Arrest,false,true,false
109,36,Proliferation,true,true,false
73,92,Growth_Arrest,false,true,true
105,79,Proliferation,true,true,false
103,75,Proliferation,true,true,false
66,114,Proliferation,true,true,true
103,56,Proliferation,true,false,false
88,115,Growth_Arrest,false,false,true
33,69,Proliferation,true,false,false
120,70,Growth_Arrest,false,false,true
42,106,Proliferation,true,false,true
107,62,Proliferation,true,true,true
120,71,Proliferation,true,true,false
44,28,Proliferation,true,false,true
55,69,Proliferation,true,true,true
116,81,Proliferation,true,true,false
107,69,Proliferation,true,false,false
59,81,Proliferation,true,false,false
97,90,Growth_Arrest,false,true,false
101,33,Proliferation,true,false,true
111,113,Growth_Arrest,false,true,true
53,90,Proliferation,true,true,true
115,110,Proliferation,true,false,true
86,25,Proliferation,true,true,true
34,48,Proliferation,true,true,true
33,90,Proliferation,true,true,false
64,22,Growth_Arrest,false,true,true
89,112,Growth_Arrest,false,true,true
53,31,Growth_Arrest,false,true,false
96,54,Proliferation,true,false,false
78,21,Proliferation,true,true,true
50,86,Proliferation,true,false,true
66,70,Proliferation,true,true,false
74,84,Proliferation,true,false,true
51,74,Proliferation,true,true,true
50,35,Growth_Arrest,false,true,true
52,50,Proliferation,true,false,false
92,62,Growth_Arrest,false,false,true
60,40,Proliferation,true,true,false
59,76,Proliferation,true,false,false
120,52,Growth_Arrest,false,true,true
123,69,Proliferation,true,false,false
62,71,Growth_Arrest,false,false,false
51,46,Growth_Arrest,false,false,false
119,104,Proliferation,true,false,false
113,88,Growth_Arrest,false,false,true
76,70,Proliferation,true,false,true
42,40,Proliferation,true,false,true
36,78,Growth_Arrest,false,true,true
88,21,Growth_Arrest,false,false,false
59,38,Proliferation,true,true,true
85,26,Proliferation,true,false,true
99,70,Proliferation,true,true,false
107,106,Proliferation,true,true,false
69,49,Proliferation,true,false,true
51,31,Proliferation,true,false,false
48,84,Proliferation,true,false,true
93,127,Proliferation,true,true,true
108,116,Growth_Arrest,false,false,true
47,62,Proliferation,true,false,false
97,38,Growth_Arrest,false,false,true
70,58,Proliferation,true,false,false
80,99,Proliferation,true,true,false
130,82,Proliferation,true,true,true
63,121,Proliferation,true,true,false
106,85,Proliferation,true,false,false
78,104,Proliferation,true,false,false
58,30,Growth_Arrest,false,true,false
62,31,Proliferation,true,true,false
92,22,Growth_Arrest,false,false,true
69,66,Proliferation,true,true,true
55,109,Growth_Arrest,false,true,false
20,75,Proliferation,true,false,true
62,53,Proliferation,true,false,true
128,90,Growth_Arrest,false,true,true
72,113,Proliferation,true,false,false
101,100,Proliferation,true,false,true
55,96,Proliferation,true,false,true
92,24,Proliferation,true,false,true
51,93,Proliferation,true,false,true
118,41,Proliferation,true,true,false
117,41,Growth_Arrest,false,true,true
70,98,Proliferation,true,true,false
95,75,Proliferation,true,true,false
83,106,Proliferation,true,true,true
118,106,Growth_Arrest,false,true,true
100,75,Proliferation,true,true,true
95,122,Proliferation,true,true,true
50,63,Proliferation,true,false,false
29,46,Growth_Arrest,false,true,false
114,49,Proliferation,true,true,false
112,101,Growth_Arrest,false,true,false
88,60,Growth_Arrest,false,true,true
43,78,Proliferation,true,true,true
84,108,Proliferation,true,true,true
126,71,Growth_Arrest,false,false,true
105,108,Proliferation,true,true,false
65,126,Growth_Arrest,false,false,false
57,45,Proliferation,true,false,true
37,96,Proliferation,true,false,false
46,100,Growth_Arrest,false,true,true
43,76,Proliferation,true,false,true
88,64,Proliferation,true,false,false
40,63,Proliferation,true,false,false
83,62,Growth_Arrest,false,false,true
126,91,Proliferation,true,false,false
78,88,Proliferation,true,false,true
48,97,Growth_Arrest,false,true,false
120,98,Growth_Arrest,false,true,false
98,97,Proliferation,true,false,true
106,60,Proliferation,true,true,false
110,77,Proliferation,true,true,true
90,27,Proliferation,true,false,true
60,93,Growth_Arrest,false,true,true
86,43,Growth_Arrest,false,true,true
92,114,Proliferation,true,true,true
95,126,Growth_Arrest,false,false,false
46,31,Proliferation,true,true,true
96,42,Proliferation,true,false,false
101,78,Proliferation,true,false,false
71,91,Growth_Arrest,false,false,true
73,24,Proliferation,true,false,true
73,19,Growth_Arrest,false,true,false
83,66,Proliferation,true,false,false
108,108,Proliferation,true,true,false
59,21,Growth_Arrest,false,false,false
104,54,Growth_Arrest,false,false,false
110,85,Proliferation,true,false,true
87,34,Growth_Arrest,false,true,false
121,83,Growth_Arrest,false,false,false
108,64,Proliferation,true,false,false
87,65,Growth_Arrest,false,false,false
24,51,Proliferation,true,false,false
45,104,Proliferation,true,true,false
97,110,Growth_Arrest,false,false,true
27,64,Proliferation,true,false,false
45,39,Proliferation,true,true,true
37,40,Growth_Arrest,false,false,false
77,58,Proliferation,true,true,false
85,32,Proliferation,true,true,false
84,21,Proliferation,true,false,true
49,81,Proliferation,true,true,false
79,83,Proliferation,true,true,true
109,112,Proliferation,true,false,true
31,48,Proliferation,true,true,true
112,63,Proliferation,true,false,false
81,36,Proliferation,true,false,false
84,87,Proliferation,true,true,false
81,105,Proliferation,true,false,true
85,95,Proliferation,true,true,false
85,52,Proliferation,true,true,false
62,129,Growth_Arrest,false,true,false
83,78,Proliferation,true,true,false
67,77,Proliferation,true,true,false
74,48,Proliferation,true,true,false
98,87,Proliferation,true,true,true
117,90,Proliferation,true,true,false
122,98,Proliferation,true,true,false
75,28,Growth_Arrest,false,false,false
106,96,Growth_Arrest,false,false,true
106,67,Proliferation,true,false,false
66,120,Growth_Arrest,false,false,true
25,92,Growth_Arrest,false,false,true
115,66,Proliferation,true,false,true
60,127,Proliferation,true,true,false
78,31,Proliferation,true,false,false
80,93,Growth_Arrest,false,false,true
122,47,Proliferation,true,false,true
93,91,Growth_Arrest,false,true,false
83,25,Proliferation,true,false,false
96,107,Growth_Arrest,false,false,false
90,112,Growth_Arrest,false,false,true
64,97,Proliferation,true,false,true
76,71,Proliferation,true,true,false
38,45,Growth_Arrest,false,true,true
43,106,Proliferation,true,true,true
95,124,Proliferation,true,false,false
42,48,Proliferation,true,false,false
80,52,Proliferation,true,false,false
46,101,Proliferation,true,true,false
58,46,Proliferation,true,false,false
89,26,Proliferation,true,false,false
95,90,Proliferation,true,false,true
26,67,Proliferation,true,false,true
57,53,Growth_Arrest,false,true,true
90,41,Proliferation,true,false,true
95,120,Growth_Arrest,false,false,true
67,55,Growth_Arrest,false,true,true
100,26,Proliferation,true,false,false
53,27,Growth_Arrest,false,true,true
77,41,Growth_Arrest,false,true,false
78,53,Growth_Arrest,false,true,false
96,111,Growth_Arrest,false,true,true
68,36,Proliferation,true,false,false
40,67,Proliferation,true,true,true
125,91,Growth_Arrest,false,false,false
73,26,Proliferation,true,true,false
70,31,Proliferation,true,true,false
21,64,Proliferation,true,true,false
78,43,Proliferation,true,false,true
88,104,Proliferation,true,false,true
56,105,Proliferation,true,false,false
49,32,Proliferation,true,false,true
56,26,Growth_Arrest,false,true,false
36,96,Growth_Arrest,false,true,false
114,79,Proliferation,true,true,true
32,88,Proliferation,true,false,false
41,69,Proliferation,true,false,false
27,97,Proliferation,true,true,false
45,108,Growth_Arrest,false,false,false
106,83,Proliferation,true,false,true
89,99,Proliferation,true,false,true
38,36,Proliferation,true,true,false
109,108,Growth_Arrest,false,true,true
73,125,Proliferation,true,true,true
86,92,Growth_Arrest,false,false,true
54,24,Proliferation,true,false,false
74,103,Growth_Arrest,false,false,true
78,81,Growth_Arrest,false,true,true
34,85,Growth_Arrest,false,false,false
51,41,Proliferation,true,false,true
91,104,Proliferation,true,true,false
92,116,Proliferation,true,false,true
69,93,Proliferation,true,false,false
42,87,Proliferation,true,false,true
76,74,Proliferation,true,true,false
65,44,Growth_Arrest,false,true,true
57,64,Growth_Arrest,false,false,true
81,35,Growth_Arrest,false,true,true
122,76,Growth_Arrest,false,true,false
56,86,Growth_Arrest,false,false,true
53,119,Proliferation,true,true,true
77,43,Proliferation,true,false,true
82,69,Proliferation,true,true,false
41,81,Proliferation,true,true,false
38,99,Proliferation,true,false,true
62,89,Growth_Arrest,false,true,false
43,87,Proliferation,true,true,false
109,47,Growth_Arrest,false,false,false
110,96,Growth_Arrest,false,false,false
121,51,Growth_Arrest,false,false,true
78,65,Growth_Arrest,false,false,true
79,49,Proliferation,true,true,false
92,118,Proliferation,true,false,true
100,38,Growth_Arrest,false,true,true
73,122,Proliferation,true,true,false
106,48,Proliferation,true,true,false
71,22,Proliferation,true,true,true
34,58,Proliferation,true,true,true
31,98,Proliferation,true,false,false
29,42,Proliferation,true,false,false
79,116,Proliferation,true,true,false
72,74,Growth_Arrest,false,true,true
88,56,Proliferation,true,true,true
71,100,Growth_Arrest,false,true,true
51,70,Proliferation,true,false,true
99,120,Proliferation,true,true,true
73,80,Proliferation,true,false,true
101,116,Proliferation,true,true,true
58,31,Proliferation,true,false,true
96,71,Proliferation,true,true,true
109,110,Proliferation,true,false,false
77,60,Growth_Arrest,false,true,false
71,72,Proliferation,true,true,false
84,123,Proliferation,true,true,false
88,48,Proliferation,true,false,true
98,70,Proliferation,true,false,true
86,86,Growth_Arrest,false,true,false
73,66,Growth_Arrest,false,true,true
29,81,Proliferation,true,false,true
94,33,Proliferation,true,true,true
113,92,Proliferation,true,true,false
48,51,Growth_Arrest,false,false,false
49,123,Proliferation,true,true,false
23,70,Proliferation,true,true,true
69,46,Proliferation,true,false,true
47,83,Proliferation,true,false,true
34,38,Proliferation,true,false,true
29,107,Growth_Arrest,false,false,true
67,93,Proliferation,true,false,true
57,27,Proliferation,true,false,true
116,59,Proliferation,true,true,true
28,75,Proliferation,true,false,false
71,45,Proliferation,true,false,false
84,49,Proliferation,true,false,false
78,48,Proliferation,true,true,false
28,102,Growth_Arrest,false,true,false
104,76,Proliferation,true,true,false
80,28,Proliferation,true,false,true
32,90,Growth_Arrest,false,false,false
84,95,Proliferation,true,false,true
116,112,Growth_Arrest,false,false,true
116,95,Growth_Arrest,false,true,true
58,110,Proliferation,true,true,true
106,79,Proliferation,true,false,false
96,101,Proliferation,true,true,false
39,60,Proliferation,true,false,false
95,81,Proliferation,true,true,false
44,95,Proliferation,true,false,true
35,112,Growth_Arrest,false,true,false
107,33,Proliferation,true,false,true
33,62,Proliferation,true,true,false
28,87,Proliferation,true,false,true
49,33,Proliferation,true,false,true
107,105,Growth_Arrest,false,true,false
113,75,Growth_Arrest,false,true,true
101,123,Growth_Arrest,false,false,false
29,103,Proliferation,true,true,true
45,41,Proliferation,true,false,true
82,67,Proliferation,true,true,true
62,99,Growth_Arrest,false,true,true
89,49,Proliferation,true,true,true
57,36,Proliferation,true,false,false
96,125,Proliferation,true,false,true
89,114,Proliferation,true,true,false
105,57,Proliferation,true,true,true
81,126,Growth_Arrest,false,false,true
51,110,Proliferation,true,false,true
39,46,Proliferation,true,true,false
70,96,Proliferation,true,true,false
117,104,Proliferation,true,false,false
112,90,Proliferation,true,false,true
36,69,Proliferation,true,true,true
113,43,Proliferation,true,true,true
100,65,Growth_Arrest,false,false,false
24,56,Proliferation,true,false,false
70,85,Proliferation,true,true,false
52,94,Growth_Arrest,false,true,false
33,103,Proliferation,true,false,true
93,51,Proliferation,true,true,false
106,54,Growth_Arrest,false,false,false
59,39,Proliferation,true,false,false
99,111,Proliferation,true,false,true
33,70,Growth_Arrest,false,true,false
68,98,Growth_Arrest,false,false,false
45,118,Proliferation,true,false,true
107,46,Proliferation,true,true,false
116,58,Proliferation,true,true,true
78,39,Proliferation,true,true,false
88,49,Proliferation,true,true,true
126,52,Proliferation,true,true,true
86,128,Proliferation,true,true,false
31,39,Growth_Arrest,false,false,true
85,128,Proliferation,true,true,true
64,81,Proliferation,true,false,true
102,98,Proliferation,true,true,true
116,50,Proliferation,true,false,true
21,91,Proliferation,true,false,true
130,76,Growth_Arrest,false,false,true
50,115,Proliferation,true,false,true
43,46,Growth_Arrest,false,false,false
109,56,Growth_Arrest,false,true,false
97,95,Growth_Arrest,false,true,false
117,91,Growth_Arrest,false,true,false
109,67,Growth_Arrest,false,false,true
37,116,Proliferation,true,false,true
97,67,Proliferation,true,false,false
34,109,Proliferation,true,true,true
123,58,Growth_Arrest,false,false,false
58,107,Proliferation,true,true,true
54,36,Proliferation,true,false,true
129,83,Proliferation,true,false,true
30,92,Proliferation,true,true,false
28,74,Proliferation,true,false,false
50,59,Proliferation,true,true,true
90,77,Proliferation,true,true,false
55,101,Proliferation,true,true,false
116,38,Proliferation,true,false,false
36,95,Proliferation,true,false,true
111,109,Growth_Arrest,false,true,false
58,78,Proliferation,true,true,true
31,56,Proliferation,true,false,false
68,67,Growth_Arrest,false,false,false
110,46,Proliferation,true,false,true
66,46,Growth_Arrest,false,true,true
20,80,Proliferation,true,true,true
113,59,Proliferation,true,false,true
102,72,Proliferation,true,false,false
88,91,Proliferation,true,false,true
108,85,Proliferation,true,false,false
84,97,Growth_Arrest,false,false,false
121,47,Proliferation,true,false,true
96,97,Proliferation,true,true,true
83,81,Growth_Arrest,false,true,true
53,88,Proliferation,true,true,false
75,86,Proliferation,true,false,false
107,30,Proliferation,true,false,true
22,69,Proliferation,true,false,false
39,104,Proliferation,true,false,true
112,110,Growth_Arrest,false,true,true
120,66,Growth_Arrest,false,true,false
92,48,Proliferation,true,false,false
109,103,Growth_Arrest,false,true,false
50,54,Proliferation,true,true,false
82,105,Proliferation,true,false,false
20,78,Proliferation,true,true,false
97,78,Proliferation,true,false,true
33,85,Proliferation,true,true,true
87,83,Growth_Arrest,false,true,false
68,95,Growth_Arrest,false,true,true
115,81,Proliferation,true,true,true
82,92,Proliferation,true,false,false
88,31,Proliferation,true,false,false
36,46,Growth_Arrest,false,true,true
74,50,Proliferation,true,true,true
50,73,Proliferation,true,true,false
92,21,Growth_Arrest,false,true,false
92,53,Growth_Arrest,false,false,true
26,80,Growth_Arrest,false,true,false
82,50,Proliferation,true,true,false
102,56,Growth_Arrest,false,false,false
92,126,Proliferation,true,true,false
69,101,Growth_Arrest,false,true,true
97,55,Growth_Arrest,false,true,false
77,113,Growth_Arrest,false,true,false
42,120,Proliferation,true,false,false
102,111,Proliferation,true,true,false
71,123,Growth_Arrest,false,true,false
63,48,Growth_Arrest,false,true,false
74,27,Proliferation,true,true,true
101,94,Proliferation,true,true,false
67,72,Proliferation,true,true,false
105,101,Growth_Arrest,false,false,false
106,118,Proliferation,true,false,true
94,93,Proliferation,true,true,false
113,42,Proliferation,true,false,false
70,40,Growth_Arrest,false,false,true
102,73,Growth_Arrest,false,true,true
57,47,Proliferation,true,false,true
49,98,Growth_Arrest,false,false,false
38,90,Proliferation,true,false,true
106,63,Proliferation,true,false,false
66,47,Growth_Arrest,false,false,false
50,36,Proliferation,true,false,true
76,75,Proliferation,true,true,false
102,120,Proliferation,true,true,true
77,19,Proliferation,true,false,false
25,55,Proliferation,true,false,true
122,60,Proliferation,true,false,true
115,82,Proliferation,true,true,true
106,114,Growth_Arrest,false,false,true
102,47,Proliferation,true,true,true
81,103,Proliferation,true,true,false
107,84,Growth_Arrest,false,true,false
49,63,Growth_Arrest,false,true,true
87,70,Proliferation,true,false,false
107,111,Proliferation,true,false,false
110,97,Proliferation,true,false,false
108,70,Growth_Arrest,false,false,false
75,29,Growth_Arrest,false,false,false
40,109,Proliferation,true,true,true
105,42,Proliferation,true,false,false
97,41,Proliferation,true,true,true
89,46,Proliferation,true,false,false
37,93,Proliferation,true,true,false
27,77,Growth_Arrest,false,true,false
109,53,Growth_Arrest,false,false,true
113,47,Growth_Arrest,false,true,true
56,96,Growth_Arrest,false,true,true
101,81,Proliferation,true,true,true
36,42,Growth_Arrest,false,false,true
40,46,Proliferation,true,true,true
100,71,Proliferation,true,true,false
102,70,Proliferation,true,true,true
76,22,Proliferation,true,true,true
109,93,Proliferation,true,false,true
72,124,Growth_Arrest,false,true,false
86,30,Proliferation,true,true,true
95,32,Growth_Arrest,false,false,true
60,88,Proliferation,true,true,true
70,35,Growth_Arrest,false,true,true
65,30,Growth_Arrest,false,true,false
114,96,Growth_Arrest,false,true,true
88,101,Proliferation,true,false,false
33,37,Proliferation,true,false,false
41,30,Proliferation,true,true,false
72,83,Proliferation,true,true,false
72,84,Proliferation,true,true,true
25,99,Proliferation,true,true,false
42,61,Growth_Arrest,false,false,true
32,65,Proliferation,true,false,false
93,106,Proliferation,true,true,false
51,49,Growth_Arrest,false,false,false
92,44,Growth_Arrest,false,true,true
95,121,Proliferation,true,true,true
89,123,Growth_Arrest,false,false,true
78,128,Proliferation,true,true,true
63,124,Growth_Arrest,false,false,true
55,81,Proliferation,true,true,true
99,121,Proliferation,true,false,false
41,60,Growth_Arrest,false,false,true
70,43,Growth_Arrest,false,true,true
66,36,Proliferation,true,false,true
61,116,Proliferation,true,false,true
117,61,Growth_Arrest,false,true,true
53,33,Proliferation,true,true,false
50,27,Proliferation,true,true,false
42,107,Proliferation,true,false,false
32,48,Proliferation,true,false,false
78,58,Proliferation,true,true,false
63,106,Growth_Arrest,false,true,true
42,114,Proliferation,true,false,false
86,107,Proliferation,true,true,true
76,112,Proliferation,true,false,false
52,27,Proliferation,true,false,true
72,76,Growth_Arrest,false,true,true
128,75,Proliferation,true,true,false
120,54,Proliferation,true,false,true
64,101,Growth_Arrest,false,false,false
58,105,Growth_Arrest,false,false,false
103,65,Proliferation,true,false,false
66,73,Growth_Arrest,false,false,false
41,48,Proliferation,true,true,false
46,73,Proliferation,true,false,true
105,77,Proliferation,true,true,false
39,77,Proliferation,true,true,false
85,125,Growth_Arrest,false,true,false
38,79,Growth_Arrest,false,false,true
61,43,Proliferation,true,true,true
51,34,Proliferation,true,true,true
95,92,Proliferation,true,false,true
73,101,Proliferation,true,false,false
114,81,Proliferation,true,true,false
47,102,Proliferation,true,true,true
71,71,Proliferation,true,true,false
91,105,Proliferation,true,false,true
69,25,Proliferation,true,false,false
92,113,Growth_Arrest,false,true,false
62,75,Growth_Arrest,false,true,true
100,93,Growth_Arrest,false,false,true
89,74,Proliferation,true,false,true
35,114,Growth_Arrest,false,true,false
40,79,Proliferation,true,true,false
63,111,Growth_Arrest,false,false,true
121,65,Growth_Arrest,false,false,false
92,127,Proliferation,true,true,false
40,74,Proliferation,true,false,true
70,67,Proliferation,true,false,true
109,80,Proliferation,true,true,false
96,94,Proliferation,true,false,false
67,111,Proliferation,true,true,true
58,126,Growth_Arrest,false,true,true
87,90,Proliferation,true,true,false
25,50,Growth_Arrest,false,true,true
73,57,Growth_Arrest,false,true,true
46,117,Proliferation,true,false,false
50,61,Proliferation,true,true,true
36,75,Growth_Arrest,false,true,false
44,88,Growth_Arrest,false,true,false
40,111,Growth_Arrest,false,true,false
55,100,Growth_Arrest,false,false,true
37,79,Proliferation,true,false,true
78,100,Proliferation,true,false,false
111,91,Proliferation,true,false,false
80,33,Growth_Arrest,false,false,false
34,66,Growth_Arrest,false,false,true
98,60,Growth_Arrest,false,true,true
62,120,Proliferation,true,true,false
117,50,Proliferation,true,true,true
77,84,Growth_Arrest,false,true,true
90,28,Proliferation,true,true,true
83,80,Proliferation,true,false,false
48,74,Proliferation,true,true,false
38,72,Growth_Arrest,false,false,false
121,53,Growth_Arrest,false,false,false
22,79,Proliferation,true,false,true
60,28,Proliferation,true,true,false
53,25,Proliferation,true,true,true
97,123,Proliferation,true,false,false
34,90,Growth_Arrest,false,false,false
43,41,Growth_Arrest,false,false,true
66,37,Growth_Arrest,false,false,false
103,86,Growth_Arrest,false,true,false
73,98,Proliferation,true,false,true
115,38,Proliferation,true,false,false
50,103,Proliferation,true,false,true
48,112,Proliferation,true,true,true
99,67,Proliferation,true,true,false
71,82,Proliferation,true,false,false
105,44,Proliferation,true,false,true
122,83,Proliferation,true,false,true
68,127,Growth_Arrest,false,true,false
51,106,Proliferation,true,true,true
106,101,Proliferation,true,true,false
123,102,Growth_Arrest,false,false,true
121,86,Growth_Arrest,false,false,false
97,112,Proliferation,true,true,false
49,89,Proliferation,true,false,true
55,43,Proliferation,true,false,true
67,104,Proliferation,true,true,false
102,90,Proliferation,true,false,true
57,24,Proliferation,true,true,true
57,39,Growth_Arrest,false,false,false
107,103,Proliferation,true,false,true
89,51,Proliferation,true,false,false
121,58,Proliferation,true,true,false
57,75,Growth_Arrest,false,true,false
77,107,Proliferation,true,true,true
24,58,Proliferation,true,false,false
91,26,Proliferation,true,false,false
102,118,Proliferation,true,true,true
94,80,Growth_Arrest,false,true,true
90,125,Growth_Arrest,false,true,true
99,115,Growth_Arrest,false,true,true
38,69,Growth_Arrest,false,false,false
94,28,Proliferation,true,true,true
52,103,Proliferation,true,false,false
86,22,Proliferation,true,false,true
36,36,Proliferation,true,true,false
72,108,Growth_Arrest,false,false,true
64,84,Proliferation,true,true,false
122,86,Growth_Arrest,false,false,false
99,109,Proliferation,true,true,true
93,99,Growth_Arrest,false,true,true
79,55,Proliferation,true,true,true
89,116,Proliferation,true,false,true
46,90,Proliferation,true,false,false
115,75,Proliferation,true,true,true
91,34,Growth_Arrest,false,false,true
119,81,Growth_Arrest,false,true,true
61,66,Proliferation,true,true,true
91,66,Proliferation,true,false,true
122,50,Growth_Arrest,false,false,true
111,47,Proliferation,true,false,false
99,37,Growth_Arrest,false,true,true
111,39,Growth_Arrest,false,true,false
33,106,Proliferation,true,false,true
97,33,Growth_Arrest,false,false,false
70,45,Proliferation,true,false,false
118,81,Proliferation,true,true,false
111,40,Proliferation,true,true,true
46,78,Proliferation,true,true,false
119,45,Growth_Arrest,false,false,false
74,118,Proliferation,true,true,false
67,24,Growth_Arrest,false,false,true
98,79,Proliferation,true,false,true
45,29,Proliferation,true,false,false
122,65,Growth_Arrest,false,true,false
105,94,Proliferation,true,false,false
71,95,Proliferation,true,false,false
109,39,Proliferation,true,true,false
59,101,Proliferation,true,true,true
97,126,Proliferation,true,true,false
73,110,Proliferation,true,false,true
52,43,Growth_Arrest,false,false,false
117,109,Proliferation,true,false,false
78,110,Growth_Arrest,false,true,false
94,107,Proliferation,true,false,true
82,99,Proliferation,true,false,true
105,74,Proliferation,true,true,true
37,58,Growth_Arrest,false,false,true
55,92,Growth_Arrest,false,true,true
46,65,Growth_Arrest,false,false,true
117,75,Proliferation,true,false,false
103,79,Growth_Arrest,false,false,true
83,21,Proliferation,true,true,true
93,75,Growth_Arrest,false,false,true
25,60,Proliferation,true,false,false
116,106,Proliferation,true,true,false
50,105,Growth_Arrest,false,false,true
91,39,Proliferation,true,true,false
60,56,Proliferation,true,true,true
88,100,Growth_Arrest,false,true,false
81,26,Growth_Arrest,false,false,true
105,111,Proliferation,true,true,false
115,45,Proliferation,true,false,true
90,92,Proliferation,true,true,false
96,113,Proliferation,true,false,true
48,53,Proliferation,true,true,true
88,41,Growth_Arrest,false,false,true
91,100,Growth_Arrest,false,true,true
67,31,Proliferation,true,false,true
60,31,Proliferation,true,true,false
64,99,Proliferation,true,false,true
78,45,Proliferation,true,true,false
91,97,Proliferation,true,true,true
34,107,Proliferation,true,false,false
92,96,Proliferation,true,false,true
83,55,Proliferation,true,true,false
92,99,Proliferation,true,false,false
61,121,Proliferation,true,false,true
46,106,Proliferation,true,true,false
99,33,Proliferation,true,true,false
100,123,Proliferation,true,false,true
26,53,Proliferation,true,false,true
67,42,Proliferation,true,false,false
70,111,Proliferation,true,false,true
60,122,Growth_Arrest,false,true,true
35,55,Growth_Arrest,false,false,true
54,73,Growth_Arrest,false,true,false
37,71,Proliferation,true,false,false
30,94,Proliferation,true,false,true
106,72,Growth_Arrest,false,false,true
60,32,Growth_Arrest,false,true,false
51,56,Growth_Arrest,false,false,false
51,71,Proliferation,true,false,false
85,74,Growth_Arrest,false,true,true
65,121,Proliferation,true,false,true
100,114,Proliferation,true,false,true
44,38,Proliferation,true,false,false
26,46,Proliferation,true,false,false
65,73,Growth_Arrest,false,false,false
111,101,Proliferation,true,true,true
78,26,Proliferation,true,true,true
80,56,Proliferation,true,false,false
62,28,Growth_Arrest,false,false,false
52,95,Proliferation,true,false,true
94,34,Proliferation,true,true,true
66,97,Proliferation,true,false,true
93,25,Proliferation,true,true,true
117,39,Growth_Arrest,false,false,false
32,63,Proliferation,true,true,false
25,62,Growth_Arrest,false,false,false
49,41,Growth_Arrest,false,false,false
94,67,Growth_Arrest,false,false,false
66,25,Proliferation,true,false,true
79,98,Proliferation,true,false,false
62,50,Growth_Arrest,false,true,true
112,62,Proliferation,true,false,false
85,75,Growth_Arrest,false,false,true
64,40,Proliferation,true,true,true
84,35,Proliferation,true,true,false
111,81,Proliferation,true,true,true
28,84,Proliferation,true,true,true
63,80,Growth_Arrest,false,false,false
128,92,Proliferation,true,true,false
23,86,Proliferation,true,false,true
53,26,Proliferation,true,false,false
86,42,Proliferation,true,true,true
41,112,Proliferation,true,true,false
116,61,Growth_Arrest,false,true,true
33,104,Growth_Arrest,false,false,false
110,111,Proliferation,true,true,false
49,70,Proliferation,true,false,false
34,87,Proliferation,true,true,false
72,82,Growth_Arrest,false,true,false
28,49,Proliferation,true,true,false
28,80,Proliferation,true,true,true
59,28,Proliferation,true,true,true
19,83,Growth_Arrest,false,false,false
80,64,Proliferation,true,false,false
123,62,Growth_Arrest,false,true,true
69,97,Growth_Arrest,false,true,true
51,67,Proliferation,true,true,true
60,84,Growth_Arrest,false,true,true
87,96,Proliferation,true,true,false
34,59,Proliferation,true,false,true
57,40,Proliferation,true,false,false
85,90,Proliferation,true,true,true
33,89,Proliferation,true,true,false
46,66,Proliferation,true,false,false
128,65,Growth_Arrest,false,true,false
56,61,Proliferation,true,false,false
79,102,Proliferation,true,false,true
58,94,Proliferation,true,false,false
31,93,Proliferation,true,false,true
82,127,Growth_Arrest,false,true,false
48,31,Proliferation,true,false,true
52,41,Proliferation,true,true,true
56,33,Proliferation,true,true,true
66,108,Proliferation,true,false,true
83,68,Proliferation,true,true,false
97,51,Growth_Arrest,false,false,true
58,90,Proliferation,true,false,false
71,56,Growth_Arrest,false,false,true
93,96,Proliferation,true,true,true
106,95,Proliferation,true,false,false
98,65,Growth_Arrest,false,true,false
119,91,Proliferation,true,true,false
93,124,Proliferation,true,false,true
83,93,Growth_Arrest,false,false,true
114,57,Proliferation,true,true,false
82,85,Growth_Arrest,false,true,false
123,67,Growth_Arrest,false,true,true
52,115,Growth_Arrest,false,false,false
75,61,Proliferation,true,true,true
88,55,Growth_Arrest,false,true,true
126,53,Proliferation,true,true,true
55,98,Proliferation,true,true,false
125,90,Proliferation,true,true,true
58,48,Proliferation,true,true,true
20,66,Proliferation,true,false,false
56,69,Proliferation,true,false,true
47,107,Proliferation,true,false,true
55,35,Growth_Arrest,false,true,false
74,26,Proliferation,true,false,false
105,106,Growth_Arrest,false,false,true
53,124,Proliferation,true,true,false
80,107,Proliferation,true,true,true
63,73,Proliferation,true,false,true
71,68,Proliferation,true,true,false
104,30,Proliferation,true,true,false
114,102,Proliferation,true,false,true
27,56,Proliferation,true,false,true
126,68,Growth_Arrest,false,true,false
87,76,Proliferation,true,true,true
34,73,Proliferation,true,true,false
40,82,Proliferation,true,false,true
74,74,Proliferation,true,false,true
81,114,Proliferation,true,false,true
63,125,Growth_Arrest,false,true,true
43,66,Proliferation,true,false,true
62,76,Growth_Arrest,false,true,false
111,66,Growth_Arrest,false,true,true
71,19,Proliferation,true,true,true
80,85,Growth_Arrest,false,false,false
50,79,Proliferation,true,false,true
88,36,Growth_Arrest,false,true,true
79,22,Proliferation,true,true,false
115,44,Proliferation,true,false,false
87,114,Growth_Arrest,false,true,true
79,128,Proliferation,true,true,true
27,73,Proliferation,true,true,false
109,48,Growth_Arrest,false,true,true
112,81,Growth_Arrest,false,true,false
71,58,Proliferation,true,false,true
33,52,Growth_Arrest,false,false,true
102,77,Growth_Arrest,false,false,true
29,47,Proliferation,true,true,false
81,80,Proliferation,true,false,false
89,93,Growth_Arrest,false,true,true
56,64,Proliferation,true,false,false
36,79,Proliferation,true,false,true
77,61,Growth_Arrest,false,false,true
78,103,Growth_Arrest,false,true,false
109,96,Growth_Arrest,false,false,false
75,116,Proliferation,true,false,false
62,96,Growth_Arrest,false,false,true
119,60,Growth_Arrest,false,true,false
117,93,Proliferation,true,true,true
86,88,Proliferation,true,true,false
90,67,Growth_Arrest,false,false,true
77,129,Growth_Arrest,false,false,true
66,19,Proliferation,true,false,true
91,37,Proliferation,true,false,false
73,116,Proliferation,true,false,false
84,32,Proliferation,true,true,true
122,63,Proliferation,true,false,false
25,63,Proliferation,true,false,false
33,81,Growth_Arrest,false,true,true
30,102,Proliferation,true,true,true
60,100,Growth_Arrest,false,true,true
40,97,Proliferation,true,true,true
58,51,Proliferation,true,false,false
34,75,Proliferation,true,false,true
48,107,Growth_Arrest,false,false,true
83,63,Growth_Arrest,false,true,true
63,32,Proliferation,true,true,true
68,70,Proliferation,true,true,true
94,90,Proliferation,true,true,true
95,77,Proliferation,true,false,false
86,63,Proliferation,true,true,true
114,92,Proliferation,true,true,false
72,99,Proliferation,true,false,true
101,88,Growth_Arrest,false,false,false
92,97,Proliferation,true,false,false
84,22,Growth_Arrest,false,false,false
105,63,Proliferation,true,false,true
102,101,Proliferation,true,false,true
102,122,Proliferation,true,false,true
48,86,Proliferation,true,true,false
96,76,Proliferation,true,true,true
19,73,Growth_Arrest,false,false,true
46,39,Proliferation,true,false,false
82,29,Proliferation,true,true,true
36,48,Growth_Arrest,false,true,false
78,118,Proliferation,true,true,true
28,73,Growth_Arrest,false,false,true
80,29,Proliferation,true,false,true
80,106,Growth_Arrest,false,false,true
67,53,Growth_Arrest,false,true,true
90,32,Proliferation,true,true,true
89,33,Proliferation,true,true,true
61,99,Proliferation,true,true,true
106,34,Proliferation,true,true,true
57,113,Growth_Arrest,false,false,false
109,82,Proliferation,true,false,true
49,25,Growth_Arrest,false,false,false
42,51,Proliferation,true,false,false
82,75,Proliferation,true,true,false
33,65,Proliferation,true,false,false
80,78,Proliferation,true,false,false
45,31,Growth_Arrest,false,true,true
72,121,Proliferation,true,true,true
105,83,Proliferation,true,false,false
97,103,Proliferation,true,false,false
90,68,Proliferation,true,false,true
77,121,Proliferation,true,true,true
79,107,Growth_Arrest,false,true,false
89,39,Proliferation,true,false,false
111,63,Proliferation,true,false,false
38,49,Growth_Arrest,false,true,true
78,44,Proliferation,true,false,true
106,56,Growth_Arrest,false,false,false
53,103,Proliferation,true,false,true
113,78,Proliferation,true,false,false
20,65,Proliferation,true,false,false
48,124,Proliferation,true,false,true
58,119,Proliferation,true,true,false
117,56,Growth_Arrest,false,true,false
72,37,Growth_Arrest,false,true,false
47,41,Proliferation,true,false,false
71,122,Proliferation,true,true,true
73,33,Proliferation,true,false,false
45,114,Growth_Arrest,false,true,false
113,106,Growth_Arrest,false,true,false
62,91,Growth_Arrest,false,false,true
127,77,Proliferation,true,false,false
51,72,Proliferation,true,false,false
100,97,Growth_Arrest,false,false,false
56,91,Proliferation,true,true,false
60,101,Proliferation,true,false,false
102,65,Proliferation,true,false,false
77,72,Growth_Arrest,false,true,false
76,127,Proliferation,true,false,true
94,51,Proliferation,true,true,false
51,91,Proliferation,true,false,true
78,20,Proliferation,true,true,true
89,57,Proliferation,true,true,false
59,97,Growth_Arrest,false,false,true
74,47,Proliferation,true,false,false
97,28,Proliferation,true,false,true
57,21,Proliferation,true,false,true
62,36,Growth_Arrest,false,true,true
38,43,Growth_Arrest,false,true,true
70,55,Proliferation,true,true,false
71,116,Growth_Arrest,false,false,true
120,84,Proliferation,true,false,true
99,89,Proliferation,true,false,false
127,65,Proliferation,true,false,true
97,29,Proliferation,true,false,false
113,108,Proliferation,true,true,false
106,61,Proliferation,true,true,false
77,111,Proliferation,true,false,false
82,73,Proliferation,true,true,false
112,33,Proliferation,true,false,false
77,92,Proliferation,true,true,false
33,112,Growth_Arrest,false,true,false
54,58,Growth_Arrest,false,false,true
122,93,Growth_Arrest,false,true,true
74,24,Proliferation,true,true,true
51,29,Proliferation,true,true,true
39,103,Proliferation,true,false,true
74,69,Proliferation,true,false,true
22,83,Proliferation,true,true,true
120,69,Proliferation,true,true,true
49,85,Proliferation,true,true,true
83,88,Growth_Arrest,false,false,true
94,96,Proliferation,true,true,true
86,108,Proliferation,true,false,false
101,39,Proliferation,true,true,false
66,126,Growth_Arrest,false,false,false
115,87,Proliferation,true,true,false
106,29,Proliferation,true,true,true
84,118,Growth_Arrest,false,false,true
91,121,Proliferation,true,false,false
81,119,Proliferation,true,false,false
66,117,Proliferation,true,true,false
58,111,Growth_Arrest,false,true,true
34,113,Proliferation,true,false,true
49,119,Proliferation,true,false,false
62,68,Proliferation,true,true,false
86,26,Proliferation,true,false,true
28,96,Proliferation,true,false,true
116,100,Proliferation,true,true,true
64,19,Proliferation,true,false,true
79,26,Growth_Arrest,false,false,true
43,117,Proliferation,true,false,false
67,129,Growth_Arrest,false,false,false
109,32,Growth_Arrest,false,true,false
97,82,Growth_Arrest,false,true,true
85,53,Proliferation,true,true,false
107,110,Proliferation,true,false,false
91,84,Proliferation,true,false,true
66,31,Proliferation,true,false,false
62,46,Proliferation,true,true,false
65,64,Growth_Arrest,false,false,true
95,109,Growth_Arrest,false,true,false
76,100,Growth_Arrest,false,true,false
60,35,Proliferation,true,false,false
45,64,Proliferation,true,true,true
106,35,Growth_Arrest,false,true,false
90,35,Proliferation,true,true,false
27,63,Proliferation,true,false,true
58,44,Proliferation,true,true,false
78,29,Proliferation,true,false,false
76,65,Proliferation,true,true,true
112,57,Growth_Arrest,false,false,false
65,31,Growth_Arrest,false,true,false
63,61,Growth_Arrest,false,false,true
57,107,Proliferation,true,true,false
52,26,Proliferation,true,true,false
75,25,Growth_Arrest,false,false,true
87,97,Proliferation,true,false,true
63,59,Proliferation,true,false,false
54,126,Growth_Arrest,false,false,false
44,58,Proliferation,true,true,true
123,88,Growth_Arrest,false,false,true
107,71,Proliferation,true,true,false
30,74,Proliferation,true,false,true
99,50,Growth_Arrest,false,true,false
65,63,Growth_Arrest,false,true,true
56,35,Proliferation,true,true,false
29,76,Proliferation,true,false,false
110,47,Growth_Arrest,false,true,true
85,104,Proliferation,true,true,false
61,109,Proliferation,true,true,true
113,105,Growth_Arrest,false,false,true
113,51,Proliferation,true,true,true
60,90,Proliferation,true,false,true
44,50,Growth_Arrest,false,true,false
23,83,Growth_Arrest,false,true,true
76,55,Proliferation,true,true,false
45,87,Proliferation,true,true,false
46,54,Growth_Arrest,false,false,false
116,103,Growth_Arrest,false,false,true
85,27,Growth_Arrest,false,false,true
124,58,Proliferation,true,false,true
96,33,Proliferation,true,false,false
67,33,Proliferation,true,false,false
66,79,Growth_Arrest,false,true,false
125,84,Growth_Arrest,false,false,true
29,95,Growth_Arrest,false,false,false
46,47,Proliferation,true,false,true
31,82,Proliferation,true,true,true
35,85,Proliferation,true,true,true
100,42,Proliferation,true,true,true
78,129,Proliferation,true,false,false
108,94,Proliferation,true,false,false
110,44,Proliferation,true,false,true
90,33,Growth_Arrest,false,true,false
116,40,Proliferation,true,true,false
102,61,Proliferation,true,false,false
64,74,Growth_Arrest,false,false,true
25,82,Proliferation,true,true,false
76,114,Proliferation,true,false,false
47,93,Growth_Arrest,false,false,false
65,76,Proliferation,true,false,false
84,62,Proliferation,true,false,false
47,63,Proliferation,true,false,false
53,87,Growth_Arrest,false,true,false
103,101,Proliferation,true,false,false
104,85,Proliferation,true,true,true
83,125,Growth_Arrest,false,true,true
87,107,Growth_Arrest,false,false,false
111,83,Growth_Arrest,false,false,false
90,124,Proliferation,true,false,true
112,98,Proliferation,true,false,true
106,43,Proliferation,true,true,true
124,74,Growth_Arrest,false,true,false
56,51,Proliferation,true,true,true
90,31,Proliferation,true,false,true
107,29,Proliferation,true,false,false
124,85,Proliferation,true,true,true
63,79,Proliferation,true,false,true
60,128,Proliferation,true,true,true
72,56,Proliferation,true,true,false
63,49,Proliferation,true,false,true
126,59,Proliferation,true,true,true
68,62,Growth_Arrest,false,true,true
39,63,Proliferation,true,true,false
69,64,Growth_Arrest,false,true,false
57,51,Proliferation,true,true,true
95,38,Proliferation,true,false,true
79,56,Proliferation,true,false,true
93,24,Proliferation,true,false,true
23,68,Growth_Arrest,false,true,false
29,83,Proliferation,true,true,false
75,47,Proliferation,true,true,false
30,89,Growth_Arrest,false,true,false
72,48,Proliferation,true,false,true
62,43,Proliferation,true,false,false
76,47,Proliferation,true,true,true
57,126,Proliferation,true,false,true
77,74,Proliferation,true,true,false
70,21,Proliferation,true,true,false
96,118,Proliferation,true,false,true
125,60,Proliferation,true,false,true
113,114,Proliferation,true,false,true
76,41,Proliferation,true,true,true
122,91,Proliferation,true,false,true
113,38,Proliferation,true,false,true
62,25,Proliferation,true,false,false
69,47,Growth_Arrest,false,true,false
101,46,Proliferation,true,false,true
77,56,Proliferation,true,false,true
122,105,Proliferation,true,true,false
73,76,Proliferation,true,true,false
76,107,Proliferation,true,false,true
33,45,Growth_Arrest,false,true,false
67,89,Proliferation,true,false,true
72,96,Proliferation,true,true,false
104,65,Proliferation,true,false,true
62,113,Proliferation,true,true,true
54,109,Proliferation,true,false,true
57,71,Proliferation,true,false,true
100,121,Proliferation,true,true,true
102,95,Proliferation,true,false,true
92,88,Growth_Arrest,false,true,false
95,84,Growth_Arrest,false,true,true
111,79,Proliferation,true,true,false
76,62,Proliferation,true,true,false
69,23,Growth_Arrest,false,true,true
83,19,Proliferation,true,true,false
67,46,Proliferation,true,true,false
59,98,Growth_Arrest,false,false,false
62,45,Proliferation,true,true,true
33,92,Proliferation,true,false,true
49,36,Proliferation,true,false,false
115,68,Proliferation,true,false,true
59,122,Proliferation,true,false,true
126,86,Proliferation,true,true,true
92,89,Proliferation,true,false,true
114,60,Growth_Arrest,false,false,false
120,45,Proliferation,true,false,false
89,115,Proliferation,true,true,false
76,33,Growth_Arrest,false,false,true
51,123,Growth_Arrest,false,false,false
82,80,Proliferation,true,true,true
64,38,Proliferation,true,false,true
61,82,Proliferation,true,false,false
72,75,Proliferation,true,true,true
121,94,Proliferation,true,false,false
109,37,Growth_Arrest,false,true,true
57,127,Proliferation,true,true,true
100,43,Proliferation,true,false,false
65,77,Proliferation,true,false,true
109,98,Proliferation,true,false,false
69,100,Proliferation,true,true,false
71,97,Proliferation,true,false,false
130,79,Proliferation,true,false,true
94,78,Growth_Arrest,false,true,true
60,27,Growth_Arrest,false,true,false
71,42,Proliferation,true,true,false
31,90,Proliferation,true,true,true
127,78,Proliferation,true,false,false
62,42,Proliferation,true,false,false
61,128,Growth_Arrest,false,false,true
120,100,Proliferation,true,false,true
129,73,Proliferation,true,false,true
78,25,Growth_Arrest,false,false,false
42,101,Proliferation,true,false,true
117,60,Proliferation,true,false,false
42,62,Proliferation,true,true,true
64,20,Growth_Arrest,false,false,true
64,27,Growth_Arrest,false,true,false
110,68,Growth_Arrest,false,false,true
89,89,Growth_Arrest,false,true,false
77,105,Proliferation,true,true,false
114,84,Growth_Arrest,false,true,true
91,61,Proliferation,true,false,false
48,103,Growth_Arrest,false,false,false
40,116,Proliferation,true,false,true
87,28,Proliferation,true,true,false
61,75,Growth_Arrest,false,false,true
118,99,Proliferation,true,false,false
44,114,Proliferation,true,true,true
89,101,Proliferation,true,false,false
76,115,Proliferation,true,true,false
116,82,Growth_Arrest,false,true,true
89,24,Proliferation,true,false,true
31,100,Growth_Arrest,false,true,true
87,31,Proliferation,true,false,true
93,65,Proliferation,true,true,false
108,35,Growth_Arrest,false,true,false
38,75,Proliferation,true,false,true
34,82,Proliferation,true,false,false
45,50,Proliferation,true,false,false
57,76,Proliferation,true,false,false
69,108,Proliferation,true,false,true
61,60,Proliferation,true,false,false
106,57,Growth_Arrest,false,false,false
81,31,Growth_Arrest,false,true,true
64,111,Proliferation,true,true,false
73,88,Proliferation,true,false,false
73,77,Growth_Arrest,false,true,true
35,96,Proliferation,true,false,false
87,43,Proliferation,true,false,false
86,104,Proliferation,true,true,false
76,20,Proliferation,true,false,true
24,54,Growth_Arrest,false,false,false
124,99,Growth_Arrest,false,true,false
37,89,Growth_Arrest,false,true,false
38,113,Proliferation,true,true,false
99,44,Proliferation,true,false,false
110,35,Proliferation,true,false,false
59,77,Growth_Arrest,false,false,true
109,76,Proliferation,true,false,true
85,122,Proliferation,true,true,true
48,105,Growth_Arrest,false,true,false
51,89,Growth_Arrest,false,true,true
75,100,Proliferation,true,false,true
86,27,Proliferation,true,false,false
50,94,Growth_Arrest,false,false,false
52,63,Proliferation,true,true,true
29,78,Growth_Arrest,false,true,false
46,102,Proliferation,true,true,true
79,19,Proliferation,true,false,false
113,109,Proliferation,true,true,false
128,80,Growth_Arrest,false,true,false
43,44,Growth_Arrest,false,false,true
83,26,Proliferation,true,true,true
41,97,Proliferation,true,true,false
62,102,Proliferation,true,false,true
102,100,Proliferation,true,false,true
117,77,Proliferation,true,true,true
44,59,Proliferation,true,true,false
30,68,Proliferation,true,false,false
107,101,Proliferation,true,false,true
104,118,Proliferation,true,false,false
100,27,Growth_Arrest,false,false,true
35,44,Proliferation,true,true,true
90,62,Proliferation,true,false,false
99,47,Growth_Arrest,false,false,true
105,118,Growth_Arrest,false,false,false
50,24,Proliferation,true,false,false
75,115,Proliferation,true,false,true
85,55,Growth_Arrest,false,false,false
49,52,Proliferation,true,false,true
114,44,Growth_Arrest,false,false,true
63,107,Proliferation,true,true,false
44,112,Growth_Arrest,false,true,true
74,87,Proliferation,true,true,false
67,69,Proliferation,true,true,false
77,55,Proliferation,true,false,true
84,66,Growth_Arrest,false,true,true
121,66,Growth_Arrest,false,true,true
84,72,Growth_Arrest,false,false,true
95,35,Proliferation,true,false,false
50,125,Proliferation,true,true,true
97,53,Proliferation,true,true,false
71,93,Proliferation,true,false,false
124,62,Growth_Arrest,false,true,false
42,75,Growth_Arrest,false,true,false
103,58,Proliferation,true,true,false
74,72,Proliferation,true,true,false
98,52,Proliferation,true,false,true
57,92,Proliferation,true,true,false
85,71,Proliferation,true,false,true
82,62,Proliferation,true,true,false
88,23,Proliferation,true,true,false
76,66,Growth_Arrest,false,true,true
41,71,Proliferation,true,true,true
50,122,Proliferation,true,false,true
68,94,Growth_Arrest,false,false,true
66,49,Proliferation,true,false,false
45,110,Growth_Arrest,false,true,false
101,107,Proliferation,true,false,true
108,111,Proliferation,true,true,false
30,101,Proliferation,true,true,true
54,26,Growth_Arrest,false,false,true
123,76,Proliferation,true,true,true
52,86,Proliferation,true,true,false
31,61,Proliferation,true,false,false
65,67,Proliferation,true,false,true
106,104,Proliferation,true,true,true
103,111,Growth_Arrest,false,true,false
50,77,Proliferation,true,false,false
33,80,Proliferation,true,false,true
30,46,Growth_Arrest,false,true,false
102,114,Proliferation,true,false,true
84,69,Proliferation,true,true,false
58,99,Proliferation,true,false,true
60,36,Proliferation,true,true,true
102,71,Proliferation,true,true,true
65,96,Proliferation,true,true,false
86,66,Proliferation,true,false,false
77,65,Proliferation,true,true,true
117,111,Growth_Arrest,false,true,true
25,88,Proliferation,true,true,false
74,81,Proliferation,true,true,false
59,120,Proliferation,true,false,false
85,85,Proliferation,true,true,true
89,103,Proliferation,true,false,true
98,32,Proliferation,true,true,false
27,58,Proliferation,true,false,true
83,122,Growth_Arrest,false,true,true
82,59,Growth_Arrest,false,false,false
47,60,Growth_Arrest,false,true,true
102,29,Proliferation,true,true,false
120,96,Proliferation,true,false,false
80,124,Proliferation,true,false,false
52,99,Proliferation,true,true,false
92,37,Growth_Arrest,false,true,false
38,105,Proliferation,true,true,true
29,68,Proliferation,true,true,false
94,35,Growth_Arrest,false,true,false
84,78,Proliferation,true,false,true
84,40,Proliferation,true,true,true
23,81,Proliferation,true,true,false
55,55,Growth_Arrest,false,true,true
97,79,Proliferation,true,true,false
72,47,Proliferation,true,false,true
71,104,Proliferation,true,false,true
60,89,Proliferation,true,false,false
87,112,Proliferation,true,false,false
40,43,Proliferation,true,true,false
84,75,Proliferation,true,true,true
90,106,Proliferation,true,true,true
63,53,Growth_Arrest,false,false,true
72,21,Proliferation,true,false,true
44,45,Proliferation,true,true,true
59,32,Proliferation,true,true,true
71,102,Proliferation,true,false,false
62,126,Growth_Arrest,false,true,false
45,34,Proliferation,true,false,false
49,95,Growth_Arrest,false,true,false
31,105,Growth_Arrest,false,false,false
27,82,Growth_Arrest,false,false,false
48,36,Proliferation,true,true,true
63,81,Proliferation,true,true,true
57,33,Growth_Arrest,false,false,true
58,93,Proliferation,true,true,false
65,38,Proliferation,true,true,false
22,76,Proliferation,true,false,true
115,102,Proliferation,true,true,true
55,87,Proliferation,true,true,false
75,38,Growth_Arrest,false,false,true
44,109,Proliferation,true,true,false
97,39,Growth_Arrest,false,false,true
50,71,Proliferation,true,true,false
79,38,Growth_Arrest,false,true,true
51,43,Growth_Arrest,false,false,true
124,97,Proliferation,true,true,false
37,47,Growth_Arrest,false,true,false
114,58,Proliferation,true,false,true
22,95,Growth_Arrest,false,true,true
53,84,Proliferation,true,false,false
89,96,Proliferation,true,true,false
28,100,Proliferation,true,true,false
117,51,Proliferation,true,false,true
80,126,Proliferation,true,true,true
73,47,Growth_Arrest,false,true,true
19,82,Proliferation,true,true,true
70,83,Growth_Arrest,false,false,true
63,43,Proliferation,true,true,false
121,89,Proliferation,true,true,false
49,27,Proliferation,true,false,true
71,49,Proliferation,true,false,false
87,27,Proliferation,true,false,false
66,124,Growth_Arrest,false,true,false
92,92,Growth_Arrest,false,true,false
38,85,Proliferation,true,false,false
111,59,Growth_Arrest,false,true,false
62,33,Proliferation,true,false,true
43,94,Proliferation,true,true,true
85,25,Growth_Arrest,false,true,true
110,67,Proliferation,true,false,true
53,54,Proliferation,true,false,true
93,118,Proliferation,true,false,true
55,77,Proliferation,true,false,false
47,28,Proliferation,true,false,true
98,123,Proliferation,true,false,true
117,94,Growth_Arrest,false,false,true
69,45,Growth_Arrest,false,false,true
117,108,Growth_Arrest,false,false,false
84,82,Proliferation,true,false,false
83,116,Growth_Arrest,false,false,false
62,107,Proliferation,true,true,false
57,94,Proliferation,true,true,true
39,36,Growth_Arrest,false,true,false
50,112,Proliferation,true,true,false
95,58,Growth_Arrest,false,true,false
58,36,Proliferation,true,false,false
61,44,Proliferation,true,false,false
70,94,Proliferation,true,false,true
53,77,Growth_Arrest,false,true,true
81,100,Proliferation,true,true,true
42,116,Proliferation,true,false,true
117,42,Proliferation,true,true,true
43,33,Proliferation,true,false,true
62,61,Proliferation,true,false,false
74,113,Growth_Arrest,false,false,false
73,117,Growth_Arrest,false,true,false
116,63,Proliferation,true,true,false
102,78,Proliferation,true,true,false
38,106,Proliferation,true,true,false
26,79,Growth_Arrest,false,false,false
86,85,Proliferation,true,true,true
32,75,Growth_Arrest,false,true,false
110,92,Proliferation,true,true,false
53,69,Growth_Arrest,false,false,false
61,68,Proliferation,true,true,false
52,57,Proliferation,true,false,false
79,41,Proliferation,true,true,false
117,53,Growth_Arrest,false,true,true
65,48,Proliferation,true,true,false
112,44,Growth_Arrest,false,true,true
34,55,Growth_Arrest,false,true,true
60,115,Proliferation,true,false,false
123,50,Proliferation,true,false,false
38,35,Proliferation,true,false,true
45,72,Proliferation,true,true,false
71,84,Proliferation,true,false,false
81,72,Proliferation,true,false,true
83,56,Proliferation,true,false,true
34,94,Proliferation,true,false,false
80,55,Proliferation,true,true,true
106,109,Proliferation,true,true,false
81,44,Proliferation,true,false,true
46,103,Growth_Arrest,false,true,true
43,74,Growth_Arrest,false,true,false
29,84,Proliferation,true,true,true
110,115,Growth_Arrest,false,false,false
61,59,Growth_Arrest,false,true,false
40,71,Growth_Arrest,false,true,false
129,85,Growth_Arrest,false,false,true
54,86,Growth_Arrest,false,true,true
73,59,Proliferation,true,false,false
75,41,Proliferation,true,true,false
95,86,Growth_Arrest,false,false,false
41,77,Proliferation,true,true,false
114,80,Growth_Arrest,false,true,false
109,117,Proliferation,true,true,true
59,117,Growth_Arrest,false,true,true
89,53,Proliferation,true,true,true
95,95,Growth_Arrest,false,false,true
96,65,Proliferation,true,false,false
49,82,Proliferation,true,false,true
91,46,Proliferation,true,false,false
77,81,Proliferation,true,false,false
98,50,Proliferation,true,false,true
88,66,Growth_Arrest,false,true,false
59,36,Proliferation,true,false,false
78,54,Growth_Arrest,false,false,false
71,40,Proliferation,true,true,false
60,118,Proliferation,true,false,false
53,73,Proliferation,true,true,false
101,67,Proliferation,true,true,true
26,82,Growth_Arrest,false,true,true
68,84,Proliferation,true,false,true
92,104,Proliferation,true,false,false
49,75,Proliferation,true,true,false
51,64,Growth_Arrest,false,false,true
60,53,Growth_Arrest,false,false,true
112,114,Proliferation,true,false,false
99,110,Growth_Arrest,false,true,false
44,43,Growth_Arrest,false,false,false
77,82,Proliferation,true,true,true
78,87,Growth_Arrest,false,true,true
53,85,Growth_Arrest,false,true,false
70,48,Growth_Arrest,false,true,false
119,84,Growth_Arrest,false,false,true
115,86,Proliferation,true,true,false
106,73,Proliferation,true,false,false
126,85,Growth_Arrest,false,false,false
37,80,Growth_Arrest,false,true,true
104,28,Proliferation,true,true,false
85,103,Proliferation,true,false,true
110,104,Growth_Arrest,false,false,false
123,97,Proliferation,true,true,false
82,106,Proliferation,true,true,true
58,58,Proliferation,true,false,true
56,32,Proliferation,true,false,false
27,72,Proliferation,true,true,true
26,50,Growth_Arrest,false,true,true
52,93,Proliferation,true,true,false
58,102,Growth_Arrest,false,true,true
65,95,Proliferation,true,false,false
59,34,Growth_Arrest,false,false,true
24,88,Growth_Arrest,false,true,false
36,58,Growth_Arrest,false,true,false
39,41,Proliferation,true,false,false
119,101,Proliferation,true,false,true
118,62,Proliferation,true,false,false
48,45,Growth_Arrest,false,false,true
86,60,Growth_Arrest,false,true,false
86,111,Growth_Arrest,false,false,false
105,58,Proliferation,true,false,true
92,71,Proliferation,true,true,true
80,108,Proliferation,true,true,false
72,102,Growth_Arrest,false,true,true
49,91,Proliferation,true,false,true
84,68,Proliferation,true,false,false
84,102,Growth_Arrest,false,false,true
121,92,Growth_Arrest,false,false,false
53,72,Growth_Arrest,false,false,false
39,61,Growth_Arrest,false,false,true
97,45,Proliferation,true,true,true
76,97,Proliferation,true,true,false
106,80,Proliferation,true,true,false
76,67,Growth_Arrest,false,false,false
90,85,Proliferation,true,false,true
45,121,Proliferation,true,false,false
46,59,Proliferation,true,true,true
25,52,Proliferation,true,false,true
55,34,Growth_Arrest,false,true,false
73,60,Growth_Arrest,false,true,true
38,77,Proliferation,true,true,false
108,100,Proliferation,true,false,true
127,79,Proliferation,true,true,true
49,68,Proliferation,true,true,false
52,96,Proliferation,true,false,false
62,111,Growth_Arrest,false,false,true
85,30,Growth_Arrest,false,false,true
92,106,Proliferation,true,false,false
70,74,Growth_Arrest,false,true,true
103,100,Growth_Arrest,false,true,false
25,56,Proliferation,true,false,true
52,76,Growth_Arrest,false,false,true
71,34,Growth_Arrest,false,true,true
119,99,Proliferation,true,false,false
87,33,Growth_Arrest,false,true,false
81,128,Growth_Arrest,false,true,true
119,76,Proliferation,true,false,false
21,78,Proliferation,true,true,false
48,59,Growth_Arrest,false,true,true
87,71,Proliferation,true,true,true
100,102,Growth_Arrest,false,true,false
102,45,Proliferation,true,false,true
82,87,Growth_Arrest,false,true,true
41,94,Proliferation,true,false,true
123,71,Proliferation,true,false,false
70,26,Proliferation,true,false,false
94,47,Growth_Arrest,false,false,true
54,108,Proliferation,true,false,false
109,34,Proliferation,true,true,false
99,106,Growth_Arrest,false,false,false
37,92,Proliferation,true,false,true
48,34,Growth_Arrest,false,false,true
40,49,Proliferation,true,false,false
111,45,Growth_Arrest,false,true,true
92,65,Proliferation,true,true,true
64,68,Proliferation,true,true,false
58,104,Proliferation,true,false,true
60,57,Growth_Arrest,false,false,false
40,48,Growth_Arrest,false,true,false
90,75,Growth_Arrest,false,true,false
52,101,Proliferation,true,true,false
82,49,Proliferation,true,false,true
91,124,Growth_Arrest,false,true,true
104,42,Growth_Arrest,false,true,false
112,71,Proliferation,true,false,false
44,31,Growth_Arrest,false,false,true
68,47,Proliferation,true,true,false
87,23,Proliferation,true,false,true
95,41,Proliferation,true,false,true
19,77,Growth_Arrest,false,false,true
53,75,Growth_Arrest,false,true,true
65,89,Proliferation,true,false,true
99,36,Proliferation,true,true,false
44,97,Growth_Arrest,false,true,true
81,116,Growth_Arrest,false,false,false
43,28,Growth_Arrest,false,false,true
66,23,Proliferation,true,false,false
56,23,Proliferation,true,true,true
82,52,Proliferation,true,true,true
86,97,Proliferation,true,true,false
117,99,Proliferation,true,false,false
72,20,Proliferation,true,true,false
58,41,Proliferation,true,false,false
58,97,Growth_Arrest,false,false,true
54,95,Proliferation,true,true,false
27,71,Proliferation,true,true,true
59,45,Proliferation,true,false,false
55,113,Proliferation,true,false,true
95,116,Proliferation,true,false,false
127,80,Growth_Arrest,false,true,false
91,80,Proliferation,true,true,true
63,42,Proliferation,true,true,true
61,20,Proliferation,true,true,false
38,74,Growth_Arrest,false,false,true
44,47,Proliferation,true,true,true
76,126,Proliferation,true,false,true
80,98,Proliferation,true,true,false
21,82,Proliferation,true,true,false
78,46,Growth_Arrest,false,false,true
120,92,Proliferation,true,true,true
125,83,Proliferation,true,true,false
50,101,Proliferation,true,true,true
69,35,Proliferation,true,true,true
96,123,Proliferation,true,true,true
47,76,Proliferation,true,false,false
92,60,Proliferation,true,true,false
65,43,Proliferation,true,false,true
47,31,Proliferation,true,true,true
20,84,Growth_Arrest,false,true,false
82,121,Proliferation,true,false,false
71,77,Proliferation,true,false,false
63,45,Proliferation,true,false,true
24,89,Proliferation,true,true,false
75,117,Proliferation,true,true,false
114,52,Growth_Arrest,false,false,false
86,31,Growth_Arrest,false,true,false
43,110,Proliferation,true,false,false
110,87,Growth_Arrest,false,true,true
71,66,Proliferation,true,true,false
45,119,Proliferation,true,true,false
112,100,Growth_Arrest,false,true,true
89,88,Proliferation,true,false,false
58,108,Proliferation,true,true,true
26,76,Growth_Arrest,false,false,false
32,40,Proliferation,true,true,false
38,40,Proliferation,true,true,false
73,106,Proliferation,true,false,false
47,115,Proliferation,true,false,false
99,55,Proliferation,true,false,true
30,104,Proliferation,true,true,false
76,35,Proliferation,true,false,false
88,110,Growth_Arrest,false,true,false
106,107,Growth_Arrest,false,false,false
100,107,Proliferation,true,true,true
67,110,Proliferation,true,true,false
62,100,Proliferation,true,false,true
35,51,Proliferation,true,true,true
98,118,Growth_Arrest,false,false,false
53,53,Proliferation,true,false,false
36,61,Growth_Arrest,false,true,true
119,50,Proliferation,true,true,true
29,85,Growth_Arrest,false,false,false
28,99,Proliferation,true,false,false
109,55,Proliferation,true,true,true
82,115,Growth_Arrest,false,true,false
46,74,Proliferation,true,false,true
82,53,Proliferation,true,false,true
112,94,Growth_Arrest,false,true,false
23,88,Proliferation,true,false,false
36,81,Proliferation,true,true,false
51,32,Proliferation,true,false,true
58,115,Proliferation,true,true,true
93,85,Proliferation,true,false,true
89,34,Proliferation,true,true,true
122,53,Growth_Arrest,false,true,true
56,93,Proliferation,true,true,true
63,28,Proliferation,true,false,true
41,59,Growth_Arrest,false,true,true
61,91,Proliferation,true,true,false
128,72,Proliferation,true,true,false
85,101,Growth_Arrest,false,true,true
23,53,Proliferation,true,false,false
79,108,Proliferation,true,false,false
34,72,Proliferation,true,true,false
98,38,Growth_Arrest,false,false,true
115,94,Proliferation,true,false,true
108,43,Growth_Arrest,false,true,true
118,60,Proliferation,true,true,false
73,62,Growth_Arrest,false,false,false
59,70,Growth_Arrest,false,true,false
83,72,Proliferation,true,false,false
53,78,Proliferation,true,false,false
115,67,Proliferation,true,false,true
61,105,Proliferation,true,false,false
90,102,Proliferation,true,false,true
55,30,Proliferation,true,false,true
96,62,Proliferation,true,true,false
70,53,Proliferation,true,false,true
113,101,Proliferation,true,false,false
95,78,Proliferation,true,true,true
72,107,Growth_Arrest,false,false,true
66,93,Proliferation,true,true,false
28,51,Proliferation,true,false,false
32,59,Growth_Arrest,false,true,false
61,108,Proliferation,true,false,false
92,25,Proliferation,true,false,false
84,88,Proliferation,true,true,true
45,99,Proliferation,true,false,false
76,45,Proliferation,true,false,true
32,107,Growth_Arrest,false,true,true
64,120,Growth_Arrest,false,false,true
83,105,Proliferation,true,true,false
99,26,Proliferation,true,false,false
61,79,Proliferation,true,true,false
65,111,Proliferation,true,true,false
95,101,Proliferation,true,true,true
31,62,Proliferation,true,true,true
77,120,Growth_Arrest,false,true,false
104,90,Growth_Arrest,false,false,true
48,92,Proliferation,true,true,true
87,54,Proliferation,true,true,true
64,95,Growth_Arrest,false,true,false
107,66,Proliferation,true,false,false
65,117,Growth_Arrest,false,false,true
73,63,Proliferation,true,true,false
80,43,Proliferation,true,false,true
93,79,Proliferation,true,false,true
60,51,Proliferation,true,true,true
47,97,Proliferation,true,true,true
48,72,Growth_Arrest,false,false,true
110,80,Proliferation,true,false,true
64,48,Proliferation,true,true,false
75,52,Proliferation,true,true,false
106,46,Proliferation,true,false,false
68,103,Proliferation,true,false,false
59,83,Proliferation,true,false,false
116,111,Growth_Arrest,false,false,false
87,67,Proliferation,true,false,true
84,31,Proliferation,true,true,true
83,89,Proliferation,true,false,true
36,97,Growth_Arrest,false,true,false
121,99,Proliferation,true,false,true
36,99,Proliferation,true,false,true
84,114,Proliferation,true,false,false
98,41,Proliferation,true,false,true
96,114,Proliferation,true,true,false
72,54,Growth_Arrest,false,false,false
30,41,Proliferation,true,false,true
65,86,Proliferation,true,false,false
110,57,Proliferation,true,true,true
75,60,Proliferation,true,true,false
93,115,Proliferation,true,false,true
25,65,Growth_Arrest,false,false,false
107,45,Proliferation,true,true,false
47,88,Proliferation,true,false,false
77,77,Proliferation,true,true,true
94,68,Proliferation,true,false,false
92,121,Proliferation,true,false,true
64,100,Growth_Arrest,false,false,true
63,97,Proliferation,true,false,true
110,108,Growth_Arrest,false,false,false
52,98,Growth_Arrest,false,true,true
51,82,Proliferation,true,true,false
122,55,Growth_Arrest,false,false,false
47,104,Proliferation,true,false,false
27,83,Proliferation,true,false,true
85,110,Growth_Arrest,false,false,true
96,73,Proliferation,true,false,true
67,23,Proliferation,true,false,false
48,77,Proliferation,true,false,false
81,43,Proliferation,true,false,false
82,98,Growth_Arrest,false,true,false
75,37,Proliferation,true,true,true
69,82,Growth_Arrest,false,false,false
40,76,Proliferation,true,true,false
76,103,Proliferation,true,true,true
54,42,Proliferation,true,true,false
91,67,Proliferation,true,true,false
71,70,Proliferation,true,true,false
37,113,Proliferation,true,false,false
119,86,Proliferation,true,true,true
90,64,Proliferation,true,true,false
125,92,Proliferation,true,false,false
46,120,Growth_Arrest,false,false,false
100,116,Proliferation,true,false,true
109,43,Proliferation,true,true,false
36,111,Growth_Arrest,false,false,true
95,45,Proliferation,true,true,false
39,74,Proliferation,true,false,false
91,30,Proliferation,true,false,true
117,101,Proliferation,true,false,false
48,122,Growth_Arrest,false,false,true
33,54,Growth_Arrest,false,true,true
80,49,Proliferation,true,false,false
60,52,Proliferation,true,true,true
57,84,Proliferation,true,false,true
53,38,Proliferation,true,true,false
89,79,Proliferation,true,false,false
108,91,Growth_Arrest,false,true,false
66,99,Growth_Arrest,false,false,false
60,68,Growth_Arrest,false,true,true
54,27,Growth_Arrest,false,false,true
97,98,Proliferation,true,false,false
44,30,Growth_Arrest,false,true,false
48,30,Growth_Arrest,false,false,false
86,100,Proliferation,true,true,true
112,79,Proliferation,true,false,true
82,70,Growth_Arrest,false,false,false
101,111,Proliferation,true,false,true
108,45,Proliferation,true,false,false
60,48,Growth_Arrest,false,true,true
88,38,Growth_Arrest,false,true,false
61,95,Proliferation,true,true,false
103,78,Proliferation,true,true,false
60,59,Proliferation,true,true,false
51,107,Growth_Arrest,false,false,false
105,82,Proliferation,true,true,true
80,40,Proliferation,true,true,true
107,36,Proliferation,true,true,false
29,88,Proliferation,true,false,true
34,45,Proliferation,true,true,false
34,39,Proliferation,true,false,false
79,93,Growth_Arrest,false,true,true
69,29,Growth_Arrest,false,true,true
85,49,Growth_Arrest,false,true,false
122,59,Growth_Arrest,false,true,true
105,120,Growth_Arrest,false,false,false
41,68,Growth_Arrest,false,false,true
116,109,Proliferation,true,true,true
80,35,Proliferation,true,false,true
26,57,Proliferation,true,true,false
112,88,Growth_Arrest,false,false,false
102,40,Proliferation,true,false,false
53,62,Proliferation,true,false,true
87,124,Growth_Arrest,false,false,false
59,65,Proliferation,true,true,false
125,78,Proliferation,true,false,false
81,85,Proliferation,true,true,false
106,50,Growth_Arrest,false,false,true
54,49,Growth_Arrest,false,false,true
69,103,Proliferation,true,true,false
118,87,Proliferation,true,false,false
89,45,Growth_Arrest,false,false,true
84,52,Proliferation,true,false,true
103,96,Proliferation,true,true,true
33,83,Proliferation,true,true,true
107,96,Proliferation,true,false,true
85,44,Proliferation,true,true,false
126,78,Growth_Arrest,false,false,true
39,38,Proliferation,true,false,true
109,97,Proliferation,true,true,false
87,106,Proliferation,true,true,true
52,33,Growth_Arrest,false,true,false
63,103,Growth_Arrest,false,true,false
30,55,Proliferation,true,true,true
36,112,Proliferation,true,false,true
34,108,Growth_Arrest,false,true,true
62,81,Growth_Arrest,false,true,true
45,40,Proliferation,true,true,true
95,23,Growth_Arrest,false,true,true
76,120,Proliferation,true,false,false
42,60,Growth_Arrest,false,true,false
96,28,Proliferation,true,false,true
39,68,Proliferation,true,false,true
35,99,Proliferation,true,true,false
67,48,Proliferation,true,false,true
35,35,Proliferation,true,true,true
72,93,Growth_Arrest,false,true,false
57,90,Proliferation,true,true,false
83,54,Proliferation,true,true,false
67,88,Growth_Arrest,false,false,false
93,116,Growth_Arrest,false,true,true
76,44,Growth_Arrest,false,false,true
106,88,Proliferation,true,false,false
47,96,Proliferation,true,true,true
117,70,Proliferation,true,false,true
96,41,Proliferation,true,false,false
43,101,Proliferation,true,false,false
119,100,Proliferation,true,true,true
38,46,Growth_Arrest,false,false,true
71,103,Growth_Arrest,false,true,true
106,111,Growth_Arrest,false,true,false
40,40,Proliferation,true,false,true
38,116,Proliferation,true,false,false
111,102,Growth_Arrest,false,false,true
96,81,Proliferation,true,false,false
32,60,Growth_Arrest,false,false,false
87,115,Proliferation,true,true,false
52,124,Growth_Arrest,false,false,false
21,67,Proliferation,true,false,true
108,99,Proliferation,true,true,false
113,89,Growth_Arrest,false,true,false
123,103,Proliferation,true,true,false
103,120,Proliferation,true,true,false
72,34,Growth_Arrest,false,true,true
61,71,Proliferation,true,false,true
50,81,Proliferation,true,false,true
44,99,Proliferation,true,false,false
114,87,Growth_Arrest,false,false,false
79,35,Growth_Arrest,false,true,false
60,33,Proliferation,true,true,true
76,98,Proliferation,true,true,true
72,86,Growth_Arrest,false,false,true
103,105,Growth_Arrest,false,false,false
84,56,Proliferation,true,false,false
60,83,Growth_Arrest,false,true,true
71,31,Proliferation,true,true,true
108,61,Growth_Arrest,false,false,true
45,94,Proliferation,true,false,true
88,20,Proliferation,true,true,true
61,42,Proliferation,true,true,false
24,78,Growth_Arrest,false,false,true
39,71,Growth_Arrest,false,false,true
49,111,Growth_Arrest,false,true,true
99,113,Growth_Arrest,false,true,true
70,95,Proliferation,true,false,true
70,124,Proliferation,true,true,true
38,81,Proliferation,true,true,false
106,62,Proliferation,true,true,true
56,108,Proliferation,true,false,true
54,56,Proliferation,true,true,true
128,59,Proliferation,true,false,false
22,55,Proliferation,true,true,false
96,115,Proliferation,true,true,false
122,46,Proliferation,true,false,true
103,80,Proliferation,true,true,true
57,49,Proliferation,true,false,false
57,67,Proliferation,true,false,true
121,77,Proliferation,true,false,false
67,76,Proliferation,true,true,true
27,54,Growth_Arrest,false,true,false
53,51,Growth_Arrest,false,false,false
79,52,Growth_Arrest,false,false,true
107,78,Proliferation,true,true,false
85,79,Proliferation,true,true,true
74,119,Growth_Arrest,false,false,true
106,116,Growth_Arrest,false,true,true
112,43,Proliferation,true,true,false
59,73,Proliferation,true,false,true
109,52,Proliferation,true,true,true
126,90,Proliferation,true,true,false
71,121,Proliferation,true,false,true
71,115,Proliferation,true,true,true
49,99,Growth_Arrest,false,false,true
58,85,Growth_Arrest,false,false,false
97,92,Proliferation,true,true,true
54,54,Proliferation,true,false,false
116,60,Proliferation,true,false,false
71,52,Growth_Arrest,false,false,true
30,85,Proliferation,true,true,false
41,87,Growth_Arrest,false,false,true
96,121,Proliferation,true,true,true
60,73,Proliferation,true,true,false
61,120,Proliferation,true,false,true
103,91,Proliferation,true,false,false
44,65,Proliferation,true,true,true
70,130,Proliferation,true,true,false
50,84,Proliferation,true,false,true
83,44,Proliferation,true,false,true
99,46,Growth_Arrest,false,true,true
46,32,Proliferation,true,true,true
118,80,Proliferation,true,false,true
34,50,Proliferation,true,false,true
78,34,Growth_Arrest,false,true,true
108,46,Proliferation,true,true,false
96,59,Proliferation,true,true,true
44,116,Growth_Arrest,false,false,false
45,49,Growth_Arrest,false,false,true
96,69,Proliferation,true,false,true
20,83,Growth_Arrest,false,false,false
95,31,Proliferation,true,false,false
91,102,Proliferation,true,false,true
48,115,Proliferation,true,false,true
47,54,Proliferation,true,false,true
116,104,Proliferation,true,false,false
42,113,Proliferation,true,false,false
88,105,Growth_Arrest,false,false,false
100,87,Proliferation,true,true,false
43,29,Growth_Arrest,false,false,true
68,105,Proliferation,true,true,true
94,125,Proliferation,true,true,true
115,92,Growth_Arrest,false,true,true
102,116,Proliferation,true,true,true
67,50,Proliferation,true,false,false
47,75,Proliferation,true,true,true
23,93,Proliferation,true,false,true
65,41,Proliferation,true,true,false
88,111,Proliferation,true,true,true
28,48,Proliferation,true,false,false
82,54,Growth_Arrest,false,false,true
40,38,Proliferation,true,false,false
94,103,Growth_Arrest,false,true,true
89,80,Proliferation,true,true,true
82,36,Proliferation,true,true,true
83,31,Proliferation,true,true,true
71,24,Proliferation,true,true,false
84,115,Proliferation,true,false,false
95,110,Proliferation,true,false,false
111,50,Proliferation,true,false,false
68,121,Proliferation,true,true,true
47,47,Growth_Arrest,false,false,true
60,82,Proliferation,true,false,true
114,73,Proliferation,true,false,true
94,25,Proliferation,true,true,true
119,107,Proliferation,true,true,true
63,123,Proliferation,true,false,true
114,77,Proliferation,true,true,false
104,39,Growth_Arrest,false,false,false
104,62,Growth_Arrest,false,true,true
60,21,Proliferation,true,true,false
88,81,Proliferation,true,false,false
106,94,Growth_Arrest,false,false,false
68,120,Growth_Arrest,false,false,true
102,44,Proliferation,true,true,true
30,106,Proliferation,true,true,false
79,115,Growth_Arrest,false,false,false
75,32,Proliferation,true,true,false
101,101,Growth_Arrest,false,false,true
95,80,Growth_Arrest,false,false,true
106,39,Proliferation,true,false,false
45,46,Proliferation,true,true,false
87,36,Proliferation,true,true,false
98,116,Growth_Arrest,false,true,true
34,111,Proliferation,true,false,false
29,72,Proliferation,true,false,true
50,87,Growth_Arrest,false,true,false
116,65,Proliferation,true,false,false
67,108,Proliferation,true,true,true
70,30,Growth_Arrest,false,false,true
59,29,Proliferation,true,true,false
92,73,Proliferation,true,true,false
116,72,Proliferation,true,true,false
115,48,Proliferation,true,false,true
107,59,Growth_Arrest,false,false,true
66,51,Proliferation,true,true,false
22,85,Proliferation,true,false,true
57,25,Growth_Arrest,false,false,false
75,108,Proliferation,true,false,true
116,51,Growth_Arrest,false,false,true
102,69,Proliferation,true,false,false
47,79,Proliferation,true,true,true
74,66,Proliferation,true,true,true
105,53,Proliferation,true,false,true
67,96,Proliferation,true,true,false
64,127,Proliferation,true,false,false
74,73,Proliferation,true,false,true
116,101,Proliferation,true,false,true
24,61,Proliferation,true,false,false
105,119,Proliferation,true,true,true
30,67,Proliferation,true,true,true
52,52,Proliferation,true,true,false
22,59,Growth_Arrest,false,true,false
67,61,Growth_Arrest,false,true,false
58,72,Growth_Arrest,false,false,false
39,62,Growth_Arrest,false,false,true
35,43,Proliferation,true,false,false
80,57,Growth_Arrest,false,true,false
65,24,Proliferation,true,false,true
95,22,Proliferation,true,true,true
74,116,Proliferation,true,false,false
124,95,Proliferation,true,false,false
101,106,Proliferation,true,true,false
113,93,Growth_Arrest,false,true,true
38,70,Growth_Arrest,false,false,false
57,37,Growth_Arrest,false,false,true
66,43,Proliferation,true,false,true
104,120,Proliferation,true,true,false
84,80,Proliferation,true,true,true
91,22,Proliferation,true,true,true
59,51,Growth_Arrest,false,false,true
73,72,Proliferation,true,true,true
82,27,Proliferation,true,true,true
82,46,Growth_Arrest,false,true,false
101,58,Growth_Arrest,false,false,false
118,89,Growth_Arrest,false,false,false
26,100,Proliferation,true,true,true
33,42,Proliferation,true,true,false
74,42,Proliferation,true,true,false
119,90,Proliferation,true,true,true
82,41,Proliferation,true,true,true
66,113,Proliferation,true,false,true
126,74,Proliferation,true,false,true
79,82,Proliferation,true,true,true
43,65,Growth_Arrest,false,false,true
61,126,Growth_Arrest,false,true,false
74,122,Proliferation,true,false,false
33,102,Proliferation,true,false,true
67,116,Growth_Arrest,false,false,true
83,110,Proliferation,true,true,false
38,100,Proliferation,true,true,false
50,69,Growth_Arrest,false,false,true
47,57,Growth_Arrest,false,true,false
39,69,Proliferation,true,true,false
113,54,Proliferation,true,false,false
77,127,Proliferation,true,true,false
77,130,Proliferation,true,true,true
88,63,Proliferation,true,true,false
31,58,Growth_Arrest,false,true,false
88,124,Growth_Arrest,false,false,false
79,46,Proliferation,true,false,false
120,105,Proliferation,true,true,true
85,39,Proliferation,true,true,true
93,103,Proliferation,true,true,true
66,129,Proliferation,true,false,true
113,80,Proliferation,true,false,false
97,59,Proliferation,true,true,true
118,100,Proliferation,true,true,true
74,31,Growth_Arrest,false,false,true
67,103,Growth_Arrest,false,false,false
56,97,Growth_Arrest,false,true,false
81,109,Proliferation,true,true,false
35,110,Growth_Arrest,false,false,true
88,96,Proliferation,true,false,true
58,22,Proliferation,true,false,false
120,44,Growth_Arrest,false,true,true
103,107,Growth_Arrest,false,false,false
64,42,Proliferation,true,false,true
76,78,Growth_Arrest,false,true,false
79,84,Growth_Arrest,false,true,false
22,56,Proliferation,true,true,true
36,100,Growth_Arrest,false,true,false
115,98,Proliferation,true,true,false
98,122,Proliferation,true,true,false
68,114,Proliferation,true,true,true
91,51,Proliferation,true,true,false
118,68,Growth_Arrest,false,true,true
61,41,Proliferation,true,true,false
65,19,Proliferation,true,false,true
116,71,Proliferation,true,false,true
85,77,Growth_Arrest,false,false,false
49,31,Proliferation,true,true,false
55,74,Growth_Arrest,false,false,false
115,85,Proliferation,true,false,false
31,43,Growth_Arrest,false,false,true
62,114,Proliferation,true,true,true
61,125,Growth_Arrest,false,true,false
42,42,Proliferation,true,false,false
78,120,Proliferation,true,true,true
72,43,Growth_Arrest,false,true,true
101,103,Proliferation,true,false,false
118,52,Proliferation,true,false,true
104,71,Proliferation,true,false,false
85,80,Growth_Arrest,false,true,false
48,116,Proliferation,true,true,true
100,106,Growth_Arrest,false,true,true
88,53,Proliferation,true,true,false
33,73,Proliferation,true,false,false
69,104,Proliferation,true,false,true
43,52,Growth_Arrest,false,false,false
45,91,Proliferation,true,false,false
98,102,Growth_Arrest,false,false,false
64,66,Proliferation,true,false,true
114,46,Growth_Arrest,false,false,true
68,29,Growth_Arrest,false,true,false
36,44,Proliferation,true,true,false
50,119,Growth_Arrest,false,true,true
93,104,Proliferation,true,false,true
78,107,Proliferation,true,true,true
91,55,Growth_Arrest,false,true,false
118,88,Proliferation,true,false,false
60,61,Proliferation,true,false,false
127,84,Growth_Arrest,false,true,true
51,39,Proliferation,true,true,false
67,82,Growth_Arrest,false,false,false
66,30,Proliferation,true,false,false
65,45,Growth_Arrest,false,true,false
66,24,Proliferation,true,false,false
35,69,Growth_Arrest,false,false,false
77,103,Proliferation,true,true,false
52,125,Growth_Arrest,false,false,true
68,112,Proliferation,true,true,true
73,113,Proliferation,true,false,false
32,68,Proliferation,true,true,true
52,48,Proliferation,true,false,true
45,112,Proliferation,true,true,false
64,69,Proliferation,true,false,true
61,98,Proliferation,true,false,false
78,112,Growth_Arrest,false,false,false
49,67,Growth_Arrest,false,true,true
81,71,Proliferation,true,true,false
50,49,Growth_Arrest,false,false,true
91,32,Growth_Arrest,false,true,true
26,68,Proliferation,true,true,false
60,126,Proliferation,true,false,true
50,80,Proliferation,true,false,true
59,54,Proliferation,true,false,true
79,60,Proliferation,true,true,true
82,32,Proliferation,true,true,true
62,21,Growth_Arrest,false,false,true
123,49,Growth_Arrest,false,false,true
120,59,Proliferation,true,true,false
80,80,Proliferation,true,true,false
121,73,Growth_Arrest,false,false,true
64,109,Proliferation,true,true,false
68,61,Proliferation,true,true,true
80,58,Growth_Arrest,false,true,false
86,76,Growth_Arrest,false,false,true
72,28,Proliferation,true,true,false
64,47,Proliferation,true,true,false
76,30,Proliferation,true,false,false
42,32,Growth_Arrest,false,false,true
36,88,Proliferation,true,false,false
82,117,Proliferation,true,true,true
52,25,Proliferation,true,false,true
121,55,Proliferation,true,true,true
52,119,Growth_Arrest,false,false,false
35,101,Proliferation,true,true,true
94,36,Proliferation,true,true,true
58,123,Proliferation,true,true,false
20,64,Growth_Arrest,false,false,true
72,66,Growth_Arrest,false,true,false
54,82,Proliferation,true,false,true
77,67,Proliferation,true,false,true
71,114,Proliferation,true,false,false
87,111,Growth_Arrest,false,true,false
105,51,Growth_Arrest,false,true,true
126,58,Proliferation,true,false,false
36,74,Proliferation,true,true,true
40,35,Proliferation,true,true,false
122,95,Proliferation,true,true,false
20,74,Proliferation,true,false,false
113,77,Proliferation,true,true,false
46,64,Growth_Arrest,false,false,true
44,115,Proliferation,true,false,true
92,69,Proliferation,true,false,true
57,63,Growth_Arrest,false,true,false
119,85,Proliferation,true,true,true
42,49,Growth_Arrest,false,true,true
49,73,Growth_Arrest,false,false,false
104,102,Growth_Arrest,false,false,false
105,67,Proliferation,true,true,true
125,63,Proliferation,true,false,false
95,115,Proliferation,true,false,false
79,124,Proliferation,true,true,false
50,98,Proliferation,true,true,true
44,48,Growth_Arrest,false,false,false
67,45,Growth_Arrest,false,true,false
33,43,Proliferation,true,true,true
29,87,Proliferation,true,false,false
60,42,Proliferation,true,false,true
34,80,Proliferation,true,false,true
26,101,Growth_Arrest,false,true,true
35,60,Growth_Arrest,false,true,true
65,82,Proliferation,true,true,false
81,87,Growth_Arrest,false,false,true
45,65,Growth_Arrest,false,true,false
125,58,Growth_Arrest,false,true,true
60,43,Proliferation,true,true,false
122,92,Proliferation,true,true,true
29,69,Proliferation,true,true,false
65,119,Growth_Arrest,false,true,false
111,89,Proliferation,true,true,false
96,74,Proliferation,true,true,true
61,87,Growth_Arrest,false,true,false
48,55,Growth_Arrest,false,false,true
60,119,Growth_Arrest,false,false,false
69,85,Proliferation,true,false,false
53,47,Growth_Arrest,false,false,false
113,35,Proliferation,true,false,false
55,80,Growth_Arrest,false,false,false
59,95,Proliferation,true,false,true
55,91,Proliferation,true,false,true
29,102,Growth_Arrest,false,false,false
46,27,Proliferation,true,true,true
45,30,Proliferation,true,false,true
103,94,Proliferation,true,true,false
30,63,Proliferation,true,false,false
82,44,Proliferation,true,true,false
91,65,Proliferation,true,false,false
92,75,Proliferation,true,true,false
59,48,Growth_Arrest,false,true,false
61,50,Growth_Arrest,false,true,false
81,130,Proliferation,true,true,false
71,92,Growth_Arrest,false,true,false
83,74,Proliferation,true,true,true
68,66,Growth_Arrest,false,true,false
83,40,Growth_Arrest,false,true,true
65,98,Proliferation,true,false,true
79,45,Growth_Arrest,false,true,true
63,22,Proliferation,true,true,false
101,48,Proliferation,true,false,true
70,36,Proliferation,true,true,false
72,128,Growth_Arrest,false,false,true
105,30,Proliferation,true,false,true
22,70,Proliferation,true,true,false
120,78,Growth_Arrest,false,true,true
98,36,Proliferation,true,true,false
79,76,Proliferation,true,true,false
108,109,Proliferation,true,true,false
36,98,Growth_Arrest,false,true,false
106,82,Growth_Arrest,false,true,false
37,67,Growth_Arrest,false,false,true
79,117,Growth_Arrest,false,false,true
70,42,Growth_Arrest,false,false,true
117,88,Proliferation,true,false,true
33,99,Growth_Arrest,false,false,true
112,113,Growth_Arrest,false,true,false
86,93,Growth_Arrest,false,true,true
50,96,Growth_Arrest,false,true,true
61,73,Growth_Arrest,false,false,false
75,82,Growth_Arrest,false,true,true
48,52,Proliferation,true,false,false
77,48,Proliferation,true,false,false
82,125,Proliferation,true,false,false
25,69,Growth_Arrest,false,true,true
104,52,Proliferation,true,false,false
107,118,Growth_Arrest,false,true,true
103,33,Growth_Arrest,false,false,false
90,95,Proliferation,true,true,false
108,54,Proliferation,true,true,false
52,30,Proliferation,true,false,false
83,32,Proliferation,true,false,false
92,102,Proliferation,true,true,false
115,95,Proliferation,true,true,false
64,51,Proliferation,true,false,false
84,23,Proliferation,true,false,false
92,32,Proliferation,true,false,false
32,93,Proliferation,true,false,false
67,98,Proliferation,true,true,true
70,123,Proliferation,true,false,false
80,44,Growth_Arrest,false,true,false
82,31,Growth_Arrest,false,false,false
89,118,Proliferation,true,false,true
32,55,Proliferation,true,true,false
106,100,Proliferation,true,false,false
121,95,Proliferation,true,true,true
51,97,Growth_Arrest,false,true,true
34,84,Growth_Arrest,false,true,true
69,127,Proliferation,true,false,true
76,117,Proliferation,true,false,false
91,77,Proliferation,true,true,true
56,43,Proliferation,true,true,false
85,115,Growth_Arrest,false,false,true
85,69,Proliferation,true,true,false
90,90,Growth_Arrest,false,false,false
87,22,Proliferation,true,true,true
102,93,Growth_Arrest,false,false,true
78,109,Proliferation,true,true,true
99,39,Growth_Arrest,false,false,true
22,60,Proliferation,true,false,false
67,38,Proliferation,true,false,false
51,35,Proliferation,true,false,true
57,87,Proliferation,true,true,false
86,113,Proliferation,true,false,true
47,34,Proliferation,true,false,true
76,99,Proliferation,true,false,true
24,72,Proliferation,true,true,false
84,92,Proliferation,true,true,true
97,50,Proliferation,true,true,true
35,70,Proliferation,true,false,false
45,36,Growth_Arrest,false,false,true
85,88,Proliferation,true,true,true
26,84,Proliferation,true,false,true
94,24,Proliferation,true,false,false
103,95,Proliferation,true,true,true
110,54,Proliferation,true,false,false
95,46,Growth_Arrest,false,false,true
24,70,Growth_Arrest,false,false,true
110,99,Growth_Arrest,false,false,true
54,66,Proliferation,true,false,false
113,57,Proliferation,true,true,true
113,107,Growth_Arrest,false,true,false
69,77,Growth_Arrest,false,false,false
124,54,Proliferation,true,true,true
48,70,Growth_Arrest,false,false,false
71,88,Proliferation,true,false,false
85,19,Proliferation,true,false,true
70,57,Growth_Arrest,false,true,false
38,47,Proliferation,true,false,false
88,26,Proliferation,true,true,true
97,68,Proliferation,true,true,false
110,69,Growth_Arrest,false,false,false
44,56,Growth_Arrest,false,true,false
60,64,Proliferation,true,true,false
31,102,Proliferation,true,true,false
39,72,Proliferation,true,false,true
58,24,Growth_Arrest,false,false,false
95,29,Proliferation,true,false,true
68,46,Proliferation,true,true,true
54,47,Growth_Arrest,false,false,true
107,51,Proliferation,true,true,true
127,57,Proliferation,true,true,true
87,25,Proliferation,true,false,false
29,73,Proliferation,true,false,true
61,29,Proliferation,true,true,true
47,118,Proliferation,true,false,false
79,71,Proliferation,true,true,true
92,119,Proliferation,true,true,true
40,41,Proliferation,true,false,true
85,47,Proliferation,true,false,false
97,32,Proliferation,true,false,true
119,56,Proliferation,true,true,false
98,94,Proliferation,true,false,false
71,85,Proliferation,true,false,true
65,26,Growth_Arrest,false,false,false
86,44,Growth_Arrest,false,true,false
102,42,Growth_Arrest,false,false,true
60,110,Proliferation,true,true,true
115,89,Proliferation,true,false,false
77,93,Proliferation,true,false,true
54,94,Growth_Arrest,false,false,false
65,128,Proliferation,true,true,false
68,35,Proliferation,true,false,false
88,57,Growth_Arrest,false,true,true
26,73,Proliferation,true,true,false
31,76,Growth_Arrest,false,false,true
117,78,Proliferation,true,true,true
46,87,Growth_Arrest,false,true,false
83,127,Proliferation,true,true,true
33,91,Proliferation,true,false,true
122,94,Proliferation,true,false,true
108,66,Growth_Arrest,false,true,false
95,85,Proliferation,true,false,false
97,88,Proliferation,true,false,true
50,43,Proliferation,true,false,true
57,120,Proliferation,true,false,false
81,57,Growth_Arrest,false,false,false
56,88,Growth_Arrest,false,false,true
66,57,Proliferation,true,false,true
20,71,Proliferation,true,true,true
52,92,Proliferation,true,true,true
56,82,Growth_Arrest,false,true,true
57,123,Growth_Arrest,false,false,true
22,71,Growth_Arrest,false,true,true
88,28,Proliferation,true,true,true
32,101,Growth_Arrest,false,true,true
95,74,Growth_Arrest,false,true,false
102,50,Proliferation,true,true,false
47,81,Proliferation,true,true,false
64,108,Proliferation,true,true,false
26,75,Growth_Arrest,false,false,false
65,61,Proliferation,true,true,false
120,76,Proliferation,true,true,true
112,91,Proliferation,true,false,false
53,56,Growth_Arrest,false,false,false
109,105,Growth_Arrest,false,false,true
92,34,Proliferation,true,false,false
77,106,Proliferation,true,true,false
53,74,Proliferation,true,false,true
90,69,Proliferation,true,false,true
103,45,Growth_Arrest,false,false,true
126,95,Growth_Arrest,false,false,false
88,107,Proliferation,true,false,false
79,64,Proliferation,true,true,true
102,38,Proliferation,true,true,false
36,83,Proliferation,true,true,true
76,125,Growth_Arrest,false,true,false
71,112,Growth_Arrest,false,false,true
25,84,Growth_Arrest,false,false,true
65,54,Growth_Arrest,false,true,true
60,60,Proliferation,true,true,false
28,79,Growth_Arrest,false,false,false
79,86,Proliferation,true,false,false
77,73,Growth_Arrest,false,false,false
92,72,Proliferation,true,true,true
128,91,Proliferation,true,true,false
111,85,Growth_Arrest,false,false,false
87,46,Growth_Arrest,false,true,false
90,116,Proliferation,true,false,false
80,79,Proliferation,true,false,true
71,96,Proliferation,true,false,true
53,116,Proliferation,true,true,true
96,25,Proliferation,true,true,false
71,26,Proliferation,true,true,true
105,69,Growth_Arrest,false,true,true
114,70,Proliferation,true,false,false
103,103,Proliferation,true,false,false
38,44,Proliferation,true,true,false
24,85,Growth_Arrest,false,false,true
68,116,Proliferation,true,true,false
99,25,Proliferation,true,false,true
76,118,Proliferation,true,false,true
74,45,Proliferation,true,false,false
42,80,Proliferation,true,false,false
55,61,Proliferation,true,false,true
101,109,Proliferation,true,true,false
90,123,Growth_Arrest,false,false,false
24,79,Proliferation,true,true,false
80,82,Growth_Arrest,false,false,true
77,29,Proliferation,true,false,false
51,75,Growth_Arrest,false,false,true
111,96,Proliferation,true,false,false
85,89,Proliferation,true,false,true
42,38,Growth_Arrest,false,true,false
56,47,Growth_Arrest,false,true,false
68,30,Proliferation,true,false,true
103,37,Proliferation,true,true,false
109,46,Proliferation,true,false,true
80,96,Proliferation,true,false,false
46,79,Proliferation,true,false,false
68,111,Proliferation,true,true,false
72,71,Proliferation,true,false,true
87,100,Growth_Arrest,false,true,true
35,80,Growth_Arrest,false,true,false
62,95,Proliferation,true,false,true
107,42,Growth_Arrest,false,true,true
125,54,Growth_Arrest,false,true,false
107,47,Proliferation,true,true,false
66,130,Growth_Arrest,false,true,true
53,94,Proliferation,true,false,true
108,103,Proliferation,true,false,true
83,35,Growth_Arrest,false,true,true
46,68,Proliferation,true,false,false
22,87,Growth_Arrest,false,true,false
28,78,Growth_Arrest,false,false,true
50,50,Proliferation,true,false,false
73,29,Proliferation,true,true,false
63,91,Growth_Arrest,false,false,false
97,27,Proliferation,true,false,false
73,95,Proliferation,true,false,true
119,40,Proliferation,true,true,true
117,46,Proliferation,true,true,false
115,105,Growth_Arrest,false,false,false
63,68,Proliferation,true,false,false
80,71,Growth_Arrest,false,false,false
34,76,Proliferation,true,true,true
67,39,Growth_Arrest,false,false,true
111,100,Growth_Arrest,false,false,false
130,83,Growth_Arrest,false,true,false
96,67,Proliferation,true,true,true
78,91,Proliferation,true,true,false
120,80,Proliferation,true,false,false
93,35,Proliferation,true,true,true
40,107,Growth_Arrest,false,false,true
96,60,Growth_Arrest,false,true,false
47,105,Proliferation,true,false,false
115,53,Growth_Arrest,false,true,true
66,32,Proliferation,true,false,false
120,106,Proliferation,true,false,true
103,66,Growth_Arrest,false,true,false
109,30,Growth_Arrest,false,false,true
107,32,Growth_Arrest,false,false,false
42,54,Growth_Arrest,false,false,true
30,73,Proliferation,true,false,true
27,81,Proliferation,true,false,false
121,103,Proliferation,true,true,true
107,85,Proliferation,true,true,true
62,98,Proliferation,true,false,false
37,88,Proliferation,true,true,false
106,30,Proliferation,true,true,false
59,105,Proliferation,true,true,true
66,54,Proliferation,true,false,false
103,32,Proliferation,true,true,true
50,44,Growth_Arrest,false,true,false
110,78,Proliferation,true,true,false
45,120,Growth_Arrest,false,false,true
69,117,Growth_Arrest,false,false,false
59,100,Proliferation,true,false,true
117,71,Growth_Arrest,false,true,true
122,100,Proliferation,true,true,false
79,103,Proliferation,true,false,false
125,81,Proliferation,true,true,false
44,33,Proliferation,true,false,false
28,54,Growth_Arrest,false,false,false
45,117,Proliferation,true,true,false
62,93,Proliferation,true,true,false
120,102,Proliferation,true,true,false
55,123,Growth_Arrest,false,false,true
41,61,Proliferation,true,false,true
88,89,Growth_Arrest,false,false,false
38,115,Proliferation,true,false,true
70,91,Growth_Arrest,false,true,false
25,74,Proliferation,true,false,true
83,29,Growth_Arrest,false,false,false
34,64,Growth_Arrest,false,true,false
123,90,Proliferation,true,false,true
55,111,Proliferation,true,true,true
108,86,Proliferation,true,true,false
126,92,Proliferation,true,false,false
89,40,Proliferation,true,true,false
123,86,Growth_Arrest,false,true,false
74,64,Growth_Arrest,false,true,true
32,106,Proliferation,true,false,true
105,98,Proliferation,true,true,true
67,109,Proliferation,true,false,false
74,110,Growth_Arrest,false,true,true
35,75,Proliferation,true,true,false
67,21,Proliferation,true,true,true
95,79,Proliferation,true,true,true
100,99,Proliferation,true,true,false
58,47,Proliferation,true,false,false
93,58,Proliferation,true,true,true
65,29,Growth_Arrest,false,false,false
95,51,Growth_Arrest,false,true,false
87,58,Proliferation,true,false,false
66,85,Proliferation,true,true,true
50,46,Proliferation,true,false,false
90,21,Proliferation,true,false,true
50,108,Proliferation,true,false,true
44,35,Proliferation,true,true,true
97,80,Proliferation,true,false,true
69,40,Proliferation,true,true,true
84,67,Proliferation,true,true,false
100,33,Proliferation,true,true,true
94,85,Growth_Arrest,false,false,true
67,107,Proliferation,true,true,true
64,32,Growth_Arrest,false,true,false
105,37,Proliferation,true,true,false
77,87,Growth_Arrest,false,false,true
54,50,Proliferation,true,true,false
37,112,Growth_Arrest,false,false,false
79,129,Proliferation,true,false,false
101,49,Proliferation,true,true,false
42,58,Proliferation,true,true,true
30,64,Proliferation,true,true,false
47,36,Proliferation,true,false,false
64,73,Proliferation,true,true,false
54,68,Proliferation,true,false,false
100,56,Proliferation,true,false,false
34,60,Proliferation,true,true,true
93,33,Proliferation,true,false,true
85,94,Proliferation,true,false,false
48,120,Growth_Arrest,false,false,false
41,43,Proliferation,true,false,true
40,47,Proliferation,true,true,true
97,58,Proliferation,true,false,true
45,47,Proliferation,true,false,false
54,77,Growth_Arrest,false,false,false
94,56,Proliferation,true,false,true
114,85,Proliferation,true,true,false
41,51,Growth_Arrest,false,true,true
35,87,Proliferation,true,false,false
121,98,Proliferation,true,true,true
48,29,Proliferation,true,false,true
79,85,Growth_Arrest,false,false,true
32,111,Proliferation,true,false,false
98,81,Growth_Arrest,false,true,true
35,84,Growth_Arrest,false,true,false
67,119,Growth_Arrest,false,true,false
50,29,Growth_Arrest,false,true,false
38,117,Proliferation,true,false,true
111,49,Proliferation,true,false,false
76,76,Proliferation,true,true,false
38,58,Proliferation,true,true,true
88,127,Proliferation,true,false,true
128,63,Growth_Arrest,false,false,false
88,106,Growth_Arrest,false,false,false
39,58,Proliferation,true,false,false
57,48,Growth_Arrest,false,true,true
58,76,Proliferation,true,true,true
61,106,Proliferation,true,true,false
90,72,Proliferation,true,true,false
104,53,Proliferation,true,false,true
48,68,Proliferation,true,true,false
75,63,Proliferation,true,true,true
52,68,Proliferation,true,true,true
80,128,Growth_Arrest,false,true,true
49,86,Proliferation,true,true,true
63,126,Proliferation,true,false,true
48,46,Proliferation,true,false,false
78,108,Growth_Arrest,false,true,true
117,96,Growth_Arrest,false,false,true
47,116,Growth_Arrest,false,false,false
66,87,Proliferation,true,false,true
116,42,Growth_Arrest,false,false,true
82,124,Proliferation,true,true,false
59,96,Proliferation,true,false,true
116,62,Growth_Arrest,false,false,false
88,80,Proliferation,true,true,false
101,84,Growth_Arrest,false,false,false
94,127,Growth_Arrest,false,true,true
58,125,Proliferation,true,false,false
67,35,Proliferation,true,true,false
124,57,Proliferation,true,true,false
89,69,Proliferation,true,true,true
93,74,Growth_Arrest,false,true,true
80,54,Growth_Arrest,false,false,true
108,31,Proliferation,true,true,false
51,117,Proliferation,true,false,false
52,28,Proliferation,true,true,true
54,102,Growth_Arrest,false,true,false
38,110,Growth_Arrest,false,true,false
40,77,Growth_Arrest,false,false,false
104,46,Proliferation,true,false,false
67,91,Proliferation,true,false,true
59,99,Growth_Arrest,false,true,false
78,36,Proliferation,true,false,false
94,99,Growth_Arrest,false,true,false
110,98,Proliferation,true,true,true
48,43,Proliferation,true,false,true
58,121,Proliferation,true,false,true
107,100,Proliferation,true,false,false
115,62,Proliferation,true,true,false
84,79,Proliferation,true,true,true
114,74,Growth_Arrest,false,true,true
125,53,Proliferation,true,false,false
46,88,Proliferation,true,false,true
19,70,Proliferation,true,false,false
55,90,Proliferation,true,false,true
109,115,Proliferation,true,false,true
89,29,Proliferation,true,false,true
81,84,Proliferation,true,true,true
73,127,Growth_Arrest,false,false,true
101,93,Growth_Arrest,false,true,true
36,60,Growth_Arrest,false,true,true
65,79,Proliferation,true,false,false
119,54,Proliferation,true,true,true
48,111,Proliferation,true,true,false
104,72,Proliferation,true,false,false
27,103,Growth_Arrest,false,false,false
46,61,Proliferation,true,true,true
75,105,Growth_Arrest,false,true,false
90,93,Proliferation,true,false,true
57,98,Growth_Arrest,false,true,false
81,27,Proliferation,true,false,false
94,101,Proliferation,true,false,false
44,90,Proliferation,true,true,true
113,79,Growth_Arrest,false,true,true
45,51,Growth_Arrest,false,false,false
89,87,Growth_Arrest,false,true,true
73,81,Proliferation,true,true,false
49,109,Growth_Arrest,false,false,true
60,87,Proliferation,true,false,true
113,69,Proliferation,true,false,false
121,69,Proliferation,true,false,true
60,71,Proliferation,true,false,false
63,29,Growth_Arrest,false,true,false
124,51,Proliferation,true,false,false
98,120,Growth_Arrest,false,true,true
121,85,Growth_Arrest,false,true,false
103,41,Proliferation,true,false,false
85,82,Proliferation,true,true,false
105,99,Proliferation,true,true,false
54,25,Proliferation,true,false,true
71,64,Proliferation,true,true,false
104,119,Proliferation,true,false,false
76,61,Proliferation,true,false,false
104,35,Proliferation,true,false,false
63,39,Proliferation,true,true,false
110,66,Proliferation,true,true,true
84,120,Proliferation,true,false,true
130,81,Proliferation,true,false,true
81,96,Growth_Arrest,false,false,false
41,119,Proliferation,true,false,true
65,90,Proliferation,true,true,false
66,22,Proliferation,true,false,true
51,27,Proliferation,true,true,false
56,77,Growth_Arrest,false,false,false
85,66,Proliferation,true,true,true
104,104,Proliferation,true,true,true
52,80,Proliferation,true,true,true
113,44,Proliferation,true,true,true
28,97,Proliferation,true,true,false
95,99,Proliferation,true,true,false
108,77,Proliferation,true,true,true
36,110,Proliferation,true,true,false
128,87,Proliferation,true,true,false
102,53,Growth_Arrest,false,false,false
70,44,Growth_Arrest,false,false,true
81,122,Proliferation,true,true,true
46,28,Proliferation,true,false,true
91,31,Proliferation,true,false,true
88,83,Proliferation,true,false,false
80,37,Growth_Arrest,false,false,false
127,85,Proliferation,true,false,true
38,71,Proliferation,true,false,true
30,95,Proliferation,true,false,false
29,105,Proliferation,true,true,true
83,119,Growth_Arrest,false,true,true
93,26,Growth_Arrest,false,false,false
79,77,Proliferation,true,true,false
45,69,Proliferation,true,false,true
88,43,Proliferation,true,false,true
84,63,Proliferation,true,true,true
47,103,Proliferation,true,false,false
41,84,Growth_Arrest,false,false,false
88,85,Proliferation,true,true,false
56,116,Growth_Arrest,false,true,true
119,61,Proliferation,true,true,true
123,94,Proliferation,true,false,false
78,123,Proliferation,true,false,false
116,56,Proliferation,true,true,true
49,107,Proliferation,true,true,false
119,108,Proliferation,true,false,true
68,25,Proliferation,true,true,true
125,72,Proliferation,true,false,true
99,35,Proliferation,true,true,false
103,57,Growth_Arrest,false,true,false
90,80,Proliferation,true,true,true
68,123,Proliferation,true,false,true
46,97,Proliferation,true,true,false
75,106,Growth_Arrest,false,true,true
108,59,Proliferation,true,false,false
94,87,Proliferation,true,false,true
52,24,Growth_Arrest,false,true,true
44,34,Proliferation,true,false,false
94,88,Proliferation,true,false,true
103,64,Growth_Arrest,false,true,true
96,52,Proliferation,true,true,false
31,42,Proliferation,true,false,false
77,30,Proliferation,true,false,true
75,44,Proliferation,true,false,false
76,77,Growth_Arrest,false,true,false
27,86,Proliferation,true,false,true
74,67,Proliferation,true,false,false
19,79,Growth_Arrest,false,true,false
73,124,Proliferation,true,false,false
55,118,Proliferation,true,false,false
104,49,Growth_Arrest,false,true,true
57,89,Growth_Arrest,false,false,false
110,41,Proliferation,true,true,true
118,84,Growth_Arrest,false,false,false
39,117,Growth_Arrest,false,true,true
47,45,Proliferation,true,true,true
44,94,Growth_Arrest,false,true,true
49,93,Proliferation,true,false,false
101,97,Proliferation,true,false,true
45,100,Proliferation,true,false,false
38,48,Proliferation,true,true,true
49,30,Growth_Arrest,false,false,true
84,106,Proliferation,true,true,false
69,53,Growth_Arrest,false,true,false
123,48,Proliferation,true,false,true
98,68,Proliferation,true,false,false
108,32,Proliferation,true,true,false
49,58,Proliferation,true,true,true
69,34,Proliferation,true,true,true
49,45,Growth_Arrest,false,true,false
100,72,Proliferation,true,false,false
120,99,Proliferation,true,false,false
54,125,Proliferation,true,false,false
42,63,Proliferation,true,true,true
55,116,Growth_Arrest,false,false,true
26,71,Proliferation,true,false,false
57,61,Proliferation,true,true,false
98,51,Proliferation,true,true,false
45,113,Growth_Arrest,false,true,false
114,89,Proliferation,true,true,false
106,120,Growth_Arrest,false,true,false
112,52,Proliferation,true,false,true
95,97,Proliferation,true,true,true
72,27,Proliferation,true,true,true
76,49,Proliferation,true,true,true
47,82,Proliferation,true,true,false
97,87,Proliferation,true,false,true
93,38,Proliferation,true,true,false
100,78,Growth_Arrest,false,false,true
92,120,Growth_Arrest,false,true,true
104,96,Proliferation,true,true,true
37,63,Proliferation,true,false,true
60,20,Proliferation,true,true,true
98,113,Proliferation,true,true,false
40,69,Proliferation,true,true,false
32,47,Proliferation,true,false,true
46,110,Proliferation,true,true,false
99,42,Growth_Arrest,false,false,false
44,87,Growth_Arrest,false,false,true
87,74,Proliferation,true,true,false
61,100,Growth_Arrest,false,false,true
64,64,Proliferation,true,true,true
100,76,Proliferation,true,false,true
103,122,Growth_Arrest,false,false,true
97,30,Proliferation,true,false,true
127,55,Proliferation,true,true,false
62,56,Growth_Arrest,false,true,false
48,54,Proliferation,true,false,false
122,87,Growth_Arrest,false,true,true
75,107,Growth_Arrest,false,true,false
49,108,Growth_Arrest,false,true,false
84,61,Proliferation,true,true,true
39,99,Proliferation,true,true,true
99,69,Growth_Arrest,false,false,false
123,56,Growth_Arrest,false,false,false
32,56,Proliferation,true,true,false
60,98,Proliferation,true,true,true
48,26,Proliferation,true,false,false
67,28,Proliferation,true,true,true
95,52,Proliferation,true,true,false
124,68,Proliferation,true,true,false
71,101,Proliferation,true,false,false
84,50,Proliferation,true,true,false
73,21,Proliferation,true,false,true
80,91,Growth_Arrest,false,true,true
27,47,Proliferation,true,true,true
51,30,Proliferation,true,true,false
64,62,Proliferation,true,true,false
67,75,Proliferation,true,false,false
67,26,Proliferation,true,false,false
104,101,Growth_Arrest,false,true,false
102,51,Growth_Arrest,false,true,true
39,55,Growth_Arrest,false,true,false
89,111,Growth_Arrest,false,true,true
110,83,Proliferation,true,true,true
87,39,Proliferation,true,true,false
121,45,Proliferation,true,false,true
75,120,Proliferation,true,false,true
66,50,Proliferation,true,true,true
82,102,Proliferation,true,false,true
81,97,Proliferation,true,true,false
25,75,Growth_Arrest,false,true,true
105,31,Growth_Arrest,false,false,false
45,68,Proliferation,true,true,false
22,63,Proliferation,true,true,false
73,100,Proliferation,true,false,true
74,105,Growth_Arrest,false,true,true
71,94,Proliferation,true,true,true
80,45,Growth_Arrest,false,false,false
59,60,Growth_Arrest,false,false,true
97,47,Proliferation,true,true,true
112,55,Proliferation,true,true,false
77,40,Growth_Arrest,false,true,false
78,38,Proliferation,true,false,false
30,88,Growth_Arrest,false,false,false
125,87,Proliferation,true,true,false
52,44,Proliferation,true,true,true
52,40,Proliferation,true,true,false
119,79,Proliferation,true,false,false
93,41,Growth_Arrest,false,true,true
94,22,Proliferation,true,true,true
110,113,Proliferation,true,false,true
72,19,Proliferation,true,true,true
54,64,Proliferation,true,false,false
90,121,Proliferation,true,true,true
65,50,Growth_Arrest,false,false,true
80,129,Growth_Arrest,false,true,true
129,60,Growth_Arrest,false,false,false
119,41,Growth_Arrest,false,false,true
74,76,Proliferation,true,false,true
70,39,Proliferation,true,true,true
115,107,Proliferation,true,false,false
68,101,Growth_Arrest,false,true,false
74,29,Growth_Arrest,false,false,true
37,48,Proliferation,true,false,true
116,45,Growth_Arrest,false,true,true
27,53,Proliferation,true,false,false
51,95,Proliferation,true,false,true
109,111,Proliferation,true,true,true
102,32,Proliferation,true,false,true
77,80,Proliferation,true,true,false
40,75,Proliferation,true,true,true
89,58,Growth_Arrest,false,true,true
91,54,Growth_Arrest,false,true,false
21,80,Proliferation,true,true,false
99,75,Proliferation,true,false,false
88,73,Proliferation,true,true,false
52,123,Proliferation,true,true,true
104,92,Proliferation,true,true,true
79,95,Growth_Arrest,false,true,true
99,73,Growth_Arrest,false,false,false
55,63,Proliferation,true,false,true
93,108,Proliferation,true,false,false
117,80,Growth_Arrest,false,true,true
100,48,Proliferation,true,false,true
101,29,Growth_Arrest,false,false,true
74,68,Growth_Arrest,false,true,true
56,104,Growth_Arrest,false,true,false
109,74,Proliferation,true,false,true
130,70,Proliferation,true,false,false
96,26,Proliferation,true,true,true
120,42,Proliferation,true,false,true
64,129,Growth_Arrest,false,false,true
81,25,Growth_Arrest,false,true,false
119,98,Growth_Arrest,false,false,false
46,113,Proliferation,true,false,false
75,42,Proliferation,true,true,false
57,42,Growth_Arrest,false,true,false
90,65,Proliferation,true,true,true
55,114,Growth_Arrest,false,false,false
107,60,Proliferation,true,false,false
104,43,Growth_Arrest,false,true,true
48,67,Growth_Arrest,false,true,true
37,81,Growth_Arrest,false,false,false
31,108,Proliferation,true,true,true
80,84,Proliferation,true,false,false
42,72,Proliferation,true,true,false
41,42,Proliferation,true,true,true
122,78,Proliferation,true,false,true
58,124,Proliferation,true,false,false
68,91,Proliferation,true,true,true
114,94,Proliferation,true,false,true
79,32,Proliferation,true,true,true
68,100,Growth_Arrest,false,false,false
72,24,Proliferation,true,true,false
45,105,Proliferation,true,false,false
124,69,Proliferation,true,true,true
81,54,Proliferation,true,true,true
119,106,Growth_Arrest,false,true,true
87,98,Proliferation,true,false,true
109,45,Growth_Arrest,false,true,false
66,106,Proliferation,true,false,false
68,93,Proliferation,true,true,false
79,106,Proliferation,true,false,true
86,83,Proliferation,true,true,false
98,93,Proliferation,true,false,false
82,97,Growth_Arrest,false,false,true
64,61,Proliferation,true,true,true
34,36,Proliferation,true,false,false
74,112,Proliferation,true,false,false
84,111,Growth_Arrest,false,true,false
130,66,Proliferation,true,false,false
115,108,Growth_Arrest,false,true,false
62,127,Growth_Arrest,false,false,false
52,122,Proliferation,true,false,false
121,56,Proliferation,true,false,false
95,50,Proliferation,true,true,true
100,37,Proliferation,true,false,true
108,38,Growth_Arrest,false,false,false
83,87,Proliferation,true,false,true
125,71,Proliferation,true,true,false
39,115,Growth_Arrest,false,true,true
46,116,Growth_Arrest,false,false,true
32,99,Proliferation,true,false,true
101,75,Growth_Arrest,false,true,true
96,87,Proliferation,true,true,false
63,51,Proliferation,true,false,true
90,48,Proliferation,true,false,true
63,50,Proliferation,true,false,false
65,49,Proliferation,true,true,true
52,82,Proliferation,true,true,true
62,101,Proliferation,true,false,false
85,61,Proliferation,true,false,false
129,74,Growth_Arrest,false,false,true
114,62,Proliferation,true,false,true
