# cell_size_um=20.0, domain_size_um=3000.0, description="Spheroid pattern with 6000 cells"
x,y,phenotype,gene_Proliferation,gene_glycoATP,gene_mitoATP
82,54,Proliferation,true,false,false
97,101,Proliferation,true,true,false
42,89,Proliferation,true,true,false
35,92,Proliferation,true,false,true
51,78,Growth_Arrest,false,true,false
116,72,Proliferation,true,false,false
92,37,Proliferation,true,true,true
100,43,Proliferation,true,false,false
54,67,Proliferation,true,true,true
35,87,Proliferation,true,true,true
96,97,Proliferation,true,false,false
73,91,Proliferation,true,false,false
56,71,Growth_Arrest,false,false,false
82,81,Proliferation,true,false,true
92,84,Proliferation,true,true,true
37,57,Growth_Arrest,false,false,false
104,76,Proliferation,true,true,false
91,110,Proliferation,true,false,true
71,53,Growth_Arrest,false,true,true
114,59,Growth_Arrest,false,false,true
102,76,Proliferation,true,true,false
58,78,Growth_Arrest,false,true,true
37,58,Proliferation,true,true,true
52,39,Proliferation,true,true,false
44,101,Growth_Arrest,false,true,false
81,91,Proliferation,true,true,false
34,63,Proliferation,true,false,true
103,73,Proliferation,true,false,false
60,49,Proliferation,true,false,true
72,91,Proliferation,true,true,true
87,76,Proliferation,true,true,false
57,73,Proliferation,true,false,true
105,66,Proliferation,true,true,false
65,48,Growth_Arrest,false,false,false
78,68,Proliferation,true,true,false
103,67,Proliferation,true,false,false
54,104,Proliferation,true,true,true
48,76,Growth_Arrest,false,true,true
81,94,Proliferation,true,false,true
39,61,Growth_Arrest,false,true,true
63,56,Proliferation,true,true,false
39,80,Proliferation,true,true,true
67,71,Proliferation,true,false,false
51,47,Proliferation,true,false,true
54,87,Growth_Arrest,false,false,false
85,96,Proliferation,true,true,false
61,88,Growth_Arrest,false,false,false
36,64,Proliferation,true,false,false
78,83,Proliferation,true,false,true
67,39,Growth_Arrest,false,false,true
84,39,Proliferation,true,false,false
94,39,Proliferation,true,true,false
61,104,Growth_Arrest,false,true,false
69,76,Proliferation,true,true,false
93,85,Proliferation,true,true,false
68,57,Growth_Arrest,false,true,false
79,117,Proliferation,true,false,true
58,61,Growth_Arrest,false,false,false
33,84,Proliferation,true,true,true
109,98,Proliferation,true,false,false
94,84,Growth_Arrest,false,false,false
45,45,Growth_Arrest,false,false,false
113,56,Proliferation,true,true,true
109,72,Proliferation,true,true,false
62,106,Growth_Arrest,false,true,false
35,81,Proliferation,true,false,true
36,85,Proliferation,true,false,false
69,32,Proliferation,true,true,true
115,87,Growth_Arrest,false,true,false
115,84,Proliferation,true,true,false
55,103,Proliferation,true,true,true
61,92,Proliferation,true,true,false
74,53,Growth_Arrest,false,false,true
88,84,Proliferation,true,true,false
39,63,Proliferation,true,true,true
47,89,Proliferation,true,true,false
56,100,Proliferation,true,true,false
84,44,Growth_Arrest,false,true,true
80,58,Proliferation,true,false,true
74,65,Proliferation,true,true,true
60,106,Proliferation,true,false,false
69,87,Proliferation,true,true,false
98,93,Proliferation,true,true,false
93,105,Growth_Arrest,false,true,true
32,68,Proliferation,true,false,false
98,71,Proliferation,true,false,false
61,110,Proliferation,true,true,false
84,38,Proliferation,true,true,true
47,61,Growth_Arrest,false,true,false
80,97,Proliferation,true,false,true
60,96,Growth_Arrest,false,false,false
68,33,Proliferation,true,false,true
109,79,Growth_Arrest,false,true,false
98,88,Growth_Arrest,false,false,false
94,112,Proliferation,true,false,false
85,45,Growth_Arrest,false,true,false
41,89,Proliferation,true,false,false
70,108,Proliferation,true,false,true
102,99,Proliferation,true,true,false
62,107,Growth_Arrest,false,false,true
65,84,Growth_Arrest,false,false,false
105,62,Proliferation,true,true,false
93,82,Proliferation,true,true,true
113,64,Growth_Arrest,false,false,true
37,78,Proliferation,true,false,true
105,49,Proliferation,true,true,false
42,60,Proliferation,true,true,false
33,67,Proliferation,true,true,true
63,100,Proliferation,true,true,true
86,39,Proliferation,true,false,false
99,61,Proliferation,true,true,false
68,52,Proliferation,true,false,true
79,106,Proliferation,true,true,true
110,87,Proliferation,true,false,true
112,92,Proliferation,true,false,true
54,61,Growth_Arrest,false,true,true
106,72,Proliferation,true,true,true
75,66,Proliferation,true,true,false
45,103,Growth_Arrest,false,true,true
75,79,Proliferation,true,false,false
86,56,Proliferation,true,true,true
72,75,Growth_Arrest,false,true,true
92,53,Proliferation,true,true,false
87,114,Growth_Arrest,false,false,false
86,67,Proliferation,true,false,false
99,54,Proliferation,true,true,true
95,60,Proliferation,true,false,true
92,49,Proliferation,true,false,true
91,74,Proliferation,true,false,true
80,85,Proliferation,true,false,false
106,64,Growth_Arrest,false,false,true
55,76,Growth_Arrest,false,false,true
72,54,Proliferation,true,true,false
42,81,Proliferation,true,false,false
67,67,Growth_Arrest,false,false,false
102,48,Proliferation,true,true,false
63,35,Growth_Arrest,false,false,false
96,78,Proliferation,true,true,false
82,117,Proliferation,true,true,false
95,74,Proliferation,true,true,false
37,60,Growth_Arrest,false,true,false
75,88,Proliferation,true,false,false
69,36,Proliferation,true,true,true
81,77,Proliferation,true,false,false
81,69,Growth_Arrest,false,true,false
34,71,Growth_Arrest,false,true,true
34,86,Growth_Arrest,false,false,true
110,68,Proliferation,true,true,false
61,90,Proliferation,true,true,false
63,68,Growth_Arrest,false,true,true
56,52,Proliferation,true,false,false
100,76,Growth_Arrest,false,true,false
78,69,Proliferation,true,false,true
57,93,Growth_Arrest,false,true,false
101,71,Growth_Arrest,false,true,true
103,49,Growth_Arrest,false,false,false
101,85,Proliferation,true,false,false
93,96,Growth_Arrest,false,false,true
76,107,Growth_Arrest,false,true,true
88,113,Growth_Arrest,false,false,false
63,40,Proliferation,true,false,true
63,52,Proliferation,true,false,false
104,66,Proliferation,true,true,false
100,80,Proliferation,true,false,false
76,62,Growth_Arrest,false,false,true
55,53,Growth_Arrest,false,true,true
76,50,Growth_Arrest,false,false,true
59,100,Proliferation,true,false,true
87,68,Proliferation,true,true,true
108,51,Growth_Arrest,false,true,true
85,36,Proliferation,true,true,true
81,56,Proliferation,true,false,true
101,66,Proliferation,true,false,true
109,78,Proliferation,true,false,true
88,116,Proliferation,true,false,false
75,78,Growth_Arrest,false,false,false
86,35,Proliferation,true,true,true
37,76,Growth_Arrest,false,false,true
69,65,Growth_Arrest,false,true,false
100,59,Proliferation,true,true,true
114,84,Proliferation,true,true,true
94,53,Proliferation,true,false,true
45,89,Proliferation,true,true,true
50,100,Growth_Arrest,false,true,true
100,46,Growth_Arrest,false,false,true
112,54,Proliferation,true,false,true
96,62,Proliferation,true,true,true
37,89,Proliferation,true,false,true
59,96,Proliferation,true,true,true
57,40,Proliferation,true,true,false
97,81,Proliferation,true,true,true
52,57,Proliferation,true,true,false
46,57,Growth_Arrest,false,false,true
78,111,Growth_Arrest,false,false,true
106,60,Proliferation,true,true,false
48,72,Proliferation,true,false,true
71,51,Proliferation,true,false,false
66,40,Growth_Arrest,false,true,false
87,116,Proliferation,true,false,true
81,103,Proliferation,true,false,true
73,54,Proliferation,true,true,true
103,50,Proliferation,true,true,false
47,105,Proliferation,true,false,false
83,46,Proliferation,true,false,true
78,112,Growth_Arrest,false,false,true
99,50,Growth_Arrest,false,true,false
83,117,Growth_Arrest,false,false,false
85,71,Proliferation,true,false,false
90,68,Proliferation,true,true,false
50,94,Growth_Arrest,false,false,true
80,32,Proliferation,true,true,false
91,76,Proliferation,true,true,true
70,38,Proliferation,true,false,true
49,104,Proliferation,true,false,false
107,46,Proliferation,true,false,false
69,108,Proliferation,true,true,true
93,83,Proliferation,true,true,false
37,59,Proliferation,true,true,false
88,66,Proliferation,true,true,true
89,105,Proliferation,true,true,false
62,86,Proliferation,true,true,false
64,48,Growth_Arrest,false,true,false
82,62,Proliferation,true,true,true
45,70,Proliferation,true,false,false
118,73,Proliferation,true,true,false
65,45,Proliferation,true,false,true
93,89,Growth_Arrest,false,true,false
34,72,Proliferation,true,false,false
38,93,Proliferation,true,true,true
59,85,Proliferation,true,false,true
57,43,Proliferation,true,true,true
86,92,Growth_Arrest,false,true,true
50,107,Proliferation,true,false,true
104,62,Proliferation,true,false,false
56,68,Proliferation,true,true,true
45,91,Proliferation,true,true,false
114,71,Proliferation,true,false,false
57,92,Growth_Arrest,false,true,false
107,93,Proliferation,true,false,true
117,75,Proliferation,true,true,false
68,67,Proliferation,true,false,false
42,64,Proliferation,true,true,true
95,107,Growth_Arrest,false,true,false
53,107,Proliferation,true,true,false
107,72,Growth_Arrest,false,false,false
115,62,Growth_Arrest,false,true,true
107,74,Proliferation,true,false,true
100,104,Proliferation,true,true,true
109,80,Proliferation,true,false,false
45,75,Proliferation,true,false,false
103,69,Growth_Arrest,false,true,true
38,80,Proliferation,true,true,true
100,109,Proliferation,true,true,true
49,62,Growth_Arrest,false,true,true
54,59,Proliferation,true,true,false
66,32,Growth_Arrest,false,true,false
80,77,Growth_Arrest,false,true,true
115,82,Growth_Arrest,false,false,true
95,59,Growth_Arrest,false,false,true
84,40,Growth_Arrest,false,false,true
47,72,Proliferation,true,true,true
76,57,Proliferation,true,false,false
74,70,Growth_Arrest,false,false,true
55,95,Proliferation,true,true,false
63,97,Proliferation,true,false,false
78,104,Proliferation,true,true,false
68,111,Growth_Arrest,false,false,false
98,90,Proliferation,true,false,false
111,73,Proliferation,true,true,true
76,46,Proliferation,true,false,false
61,114,Growth_Arrest,false,true,true
77,88,Proliferation,true,false,false
97,97,Growth_Arrest,false,false,false
50,108,Proliferation,true,false,true
63,83,Proliferation,true,false,true
49,96,Proliferation,true,false,true
77,33,Proliferation,true,true,true
108,48,Growth_Arrest,false,true,false
59,45,Growth_Arrest,false,true,false
58,44,Proliferation,true,true,true
101,74,Growth_Arrest,false,true,true
103,62,Proliferation,true,false,true
51,96,Proliferation,true,false,true
61,81,Growth_Arrest,false,false,false
42,92,Proliferation,true,true,true
113,62,Proliferation,true,false,true
74,51,Growth_Arrest,false,false,true
113,92,Growth_Arrest,false,false,true
72,95,Growth_Arrest,false,false,true
57,84,Proliferation,true,false,false
68,117,Proliferation,true,true,true
86,37,Proliferation,true,false,true
48,103,Proliferation,true,false,false
72,111,Growth_Arrest,false,false,false
83,72,Growth_Arrest,false,false,true
54,94,Growth_Arrest,false,false,true
88,90,Proliferation,true,false,false
78,93,Growth_Arrest,false,false,false
71,40,Proliferation,true,false,true
52,47,Proliferation,true,false,true
59,95,Growth_Arrest,false,false,true
111,62,Proliferation,true,true,true
93,77,Proliferation,true,true,true
116,80,Growth_Arrest,false,false,false
64,76,Proliferation,true,true,true
86,88,Proliferation,true,true,false
34,76,Growth_Arrest,false,false,false
114,92,Proliferation,true,false,true
47,80,Proliferation,true,false,true
44,59,Proliferation,true,true,true
46,47,Proliferation,true,false,true
80,74,Proliferation,true,false,true
66,65,Growth_Arrest,false,false,false
95,89,Proliferation,true,true,false
85,111,Proliferation,true,true,true
90,34,Growth_Arrest,false,false,false
49,67,Growth_Arrest,false,false,true
64,49,Proliferation,true,true,false
62,83,Proliferation,true,true,true
91,81,Proliferation,true,false,true
65,57,Proliferation,true,true,false
62,50,Proliferation,true,true,false
53,47,Growth_Arrest,false,false,false
57,104,Proliferation,true,false,false
54,76,Growth_Arrest,false,false,true
45,57,Proliferation,true,true,false
48,41,Proliferation,true,false,true
76,78,Proliferation,true,true,false
83,110,Proliferation,true,false,true
89,61,Proliferation,true,true,true
55,79,Proliferation,true,false,true
40,62,Proliferation,true,true,false
85,98,Proliferation,true,true,false
116,85,Proliferation,true,false,false
69,104,Growth_Arrest,false,true,true
97,54,Proliferation,true,false,false
37,96,Growth_Arrest,false,false,true
45,92,Growth_Arrest,false,true,true
59,82,Proliferation,true,true,false
83,82,Growth_Arrest,false,false,true
54,103,Proliferation,true,false,true
81,102,Proliferation,true,true,true
45,58,Proliferation,true,true,true
86,34,Proliferation,true,false,true
54,57,Proliferation,true,true,false
63,95,Proliferation,true,false,true
49,45,Proliferation,true,true,false
68,107,Proliferation,true,true,true
56,66,Proliferation,true,false,true
55,67,Growth_Arrest,false,true,true
100,108,Proliferation,true,true,false
91,37,Growth_Arrest,false,false,false
83,75,Proliferation,true,true,false
98,53,Proliferation,true,false,false
79,60,Proliferation,true,false,true
89,58,Proliferation,true,false,false
35,73,Growth_Arrest,false,false,true
116,69,Growth_Arrest,false,true,false
116,66,Growth_Arrest,false,false,false
55,72,Proliferation,true,true,true
66,82,Proliferation,true,true,false
69,79,Proliferation,true,true,false
49,110,Proliferation,true,true,false
78,46,Growth_Arrest,false,true,false
60,70,Proliferation,true,false,false
112,89,Proliferation,true,true,false
89,93,Growth_Arrest,false,true,true
92,105,Proliferation,true,false,false
51,58,Proliferation,true,true,true
51,52,Proliferation,true,true,true
114,77,Proliferation,true,true,false
72,31,Growth_Arrest,false,true,false
56,110,Proliferation,true,true,false
114,78,Proliferation,true,true,true
51,61,Proliferation,true,true,false
117,81,Proliferation,true,true,false
92,92,Proliferation,true,false,false
109,70,Proliferation,true,false,false
62,35,Proliferation,true,false,true
117,72,Proliferation,true,true,true
68,103,Proliferation,true,false,true
60,109,Proliferation,true,true,true
53,91,Proliferation,true,true,false
99,70,Proliferation,true,false,false
62,66,Proliferation,true,true,true
53,46,Proliferation,true,true,false
109,82,Proliferation,true,true,false
75,117,Growth_Arrest,false,false,false
91,112,Growth_Arrest,false,true,true
49,57,Proliferation,true,false,true
90,75,Proliferation,true,true,true
94,62,Proliferation,true,true,false
87,105,Growth_Arrest,false,true,true
67,35,Growth_Arrest,false,true,false
59,90,Growth_Arrest,false,true,true
73,35,Proliferation,true,false,false
82,98,Growth_Arrest,false,true,false
66,70,Proliferation,true,false,true
93,70,Proliferation,true,true,false
89,85,Proliferation,true,true,false
55,85,Growth_Arrest,false,true,true
80,71,Proliferation,true,true,true
107,94,Proliferation,true,false,false
51,84,Proliferation,true,true,true
64,111,Proliferation,true,true,false
61,94,Proliferation,true,false,true
56,80,Growth_Arrest,false,true,false
109,66,Proliferation,true,true,true
38,68,Proliferation,true,true,true
92,86,Proliferation,true,false,false
56,37,Proliferation,true,false,true
113,79,Proliferation,true,false,true
70,97,Proliferation,true,true,true
52,81,Growth_Arrest,false,false,false
99,64,Proliferation,true,false,false
53,97,Proliferation,true,false,false
100,55,Proliferation,true,false,true
61,102,Growth_Arrest,false,true,true
80,117,Proliferation,true,false,true
85,33,Proliferation,true,true,false
81,73,Proliferation,true,false,true
91,69,Proliferation,true,false,true
69,57,Proliferation,true,true,true
108,68,Proliferation,true,true,true
56,105,Proliferation,true,true,false
77,107,Growth_Arrest,false,false,true
51,43,Proliferation,true,false,false
47,94,Proliferation,true,false,false
46,85,Growth_Arrest,false,true,false
84,96,Growth_Arrest,false,true,false
92,55,Proliferation,true,true,true
58,63,Growth_Arrest,false,true,true
98,106,Growth_Arrest,false,true,false
52,106,Growth_Arrest,false,true,true
106,57,Proliferation,true,true,false
58,90,Proliferation,true,true,false
48,108,Proliferation,true,false,true
79,86,Growth_Arrest,false,true,true
46,54,Proliferation,true,true,true
95,62,Growth_Arrest,false,false,true
38,53,Proliferation,true,true,true
86,103,Growth_Arrest,false,true,false
60,75,Proliferation,true,true,false
98,100,Growth_Arrest,false,false,true
49,85,Proliferation,true,true,false
86,95,Proliferation,true,true,true
110,86,Growth_Arrest,false,false,false
73,76,Growth_Arrest,false,true,true
81,116,Proliferation,true,false,false
54,100,Proliferation,true,true,true
68,43,Proliferation,true,true,true
69,69,Growth_Arrest,false,true,true
106,73,Proliferation,true,false,true
71,46,Proliferation,true,true,false
101,104,Proliferation,true,true,true
98,110,Proliferation,true,true,false
91,96,Proliferation,true,true,true
70,68,Proliferation,true,true,true
56,56,Growth_Arrest,false,false,true
42,102,Proliferation,true,false,true
85,107,Proliferation,true,false,false
64,82,Growth_Arrest,false,true,false
107,81,Growth_Arrest,false,false,false
59,94,Proliferation,true,false,true
73,42,Growth_Arrest,false,true,false
55,75,Proliferation,true,true,true
90,93,Proliferation,true,true,true
48,92,Proliferation,true,false,false
104,53,Proliferation,true,true,false
88,57,Proliferation,true,true,false
53,52,Growth_Arrest,false,true,true
103,93,Growth_Arrest,false,false,false
87,101,Proliferation,true,true,false
82,90,Growth_Arrest,false,true,false
76,96,Growth_Arrest,false,true,false
66,44,Proliferation,true,false,false
59,54,Proliferation,true,true,false
94,55,Proliferation,true,true,false
71,75,Proliferation,true,false,true
78,66,Growth_Arrest,false,true,false
95,69,Proliferation,true,true,false
90,39,Proliferation,true,false,false
58,100,Proliferation,true,false,false
93,47,Proliferation,true,false,true
76,49,Proliferation,true,true,false
87,51,Proliferation,true,true,true
102,87,Growth_Arrest,false,false,true
79,71,Proliferation,true,false,false
80,101,Growth_Arrest,false,true,false
86,115,Proliferation,true,false,false
58,77,Proliferation,true,true,true
52,63,Proliferation,true,true,true
73,58,Growth_Arrest,false,true,true
113,57,Growth_Arrest,false,true,false
97,90,Proliferation,true,true,true
34,64,Growth_Arrest,false,true,true
44,87,Growth_Arrest,false,true,false
36,71,Proliferation,true,false,true
55,56,Proliferation,true,false,false
111,85,Proliferation,true,true,true
38,59,Growth_Arrest,false,false,false
94,105,Proliferation,true,false,false
68,70,Growth_Arrest,false,false,false
91,91,Proliferation,true,false,false
94,106,Proliferation,true,false,false
80,48,Proliferation,true,false,true
55,100,Proliferation,true,false,false
51,101,Proliferation,true,true,false
75,59,Proliferation,true,true,false
63,80,Proliferation,true,true,false
68,79,Proliferation,true,false,true
83,96,Proliferation,true,true,false
58,114,Proliferation,true,true,false
48,93,Proliferation,true,false,true
104,85,Proliferation,true,true,true
105,74,Growth_Arrest,false,true,true
101,96,Proliferation,true,false,true
76,118,Proliferation,true,false,false
71,42,Growth_Arrest,false,true,false
73,44,Proliferation,true,false,false
88,39,Proliferation,true,false,true
57,96,Proliferation,true,false,true
105,59,Proliferation,true,true,false
76,58,Growth_Arrest,false,false,true
57,82,Proliferation,true,true,true
104,43,Growth_Arrest,false,false,false
69,40,Proliferation,true,false,true
51,53,Proliferation,true,false,true
105,72,Growth_Arrest,false,false,true
58,80,Proliferation,true,true,false
55,41,Proliferation,true,true,true
82,67,Proliferation,true,false,false
60,101,Proliferation,true,false,false
118,71,Growth_Arrest,false,true,false
108,80,Proliferation,true,true,false
89,92,Proliferation,true,false,true
69,66,Proliferation,true,true,true
67,53,Proliferation,true,false,true
63,90,Growth_Arrest,false,false,false
102,79,Growth_Arrest,false,true,false
88,36,Proliferation,true,true,true
38,95,Growth_Arrest,false,false,false
104,94,Growth_Arrest,false,true,false
55,61,Growth_Arrest,false,false,true
94,83,Growth_Arrest,false,true,false
84,112,Proliferation,true,false,false
101,73,Proliferation,true,true,false
49,64,Proliferation,true,true,false
52,83,Proliferation,true,false,false
63,44,Growth_Arrest,false,true,false
96,83,Proliferation,true,false,true
96,61,Growth_Arrest,false,true,false
90,41,Proliferation,true,false,false
70,72,Proliferation,true,true,true
106,63,Proliferation,true,true,true
78,76,Proliferation,true,true,true
96,42,Proliferation,true,true,true
52,48,Proliferation,true,false,false
68,32,Proliferation,true,false,true
42,65,Proliferation,true,true,false
97,88,Proliferation,true,false,true
88,45,Growth_Arrest,false,true,true
45,53,Proliferation,true,true,false
86,83,Proliferation,true,true,false
110,52,Proliferation,true,false,false
79,108,Growth_Arrest,false,false,false
72,80,Proliferation,true,true,true
66,67,Proliferation,true,true,false
44,75,Proliferation,true,true,true
67,104,Proliferation,true,true,false
90,38,Proliferation,true,true,false
90,90,Proliferation,true,true,false
90,104,Proliferation,true,false,false
79,93,Proliferation,true,true,false
113,76,Proliferation,true,false,false
83,69,Proliferation,true,true,false
82,34,Proliferation,true,false,false
72,105,Proliferation,true,true,false
94,65,Proliferation,true,true,true
104,67,Proliferation,true,false,true
100,100,Proliferation,true,false,false
110,98,Growth_Arrest,false,false,false
67,113,Growth_Arrest,false,false,false
113,70,Proliferation,true,true,false
57,39,Proliferation,true,true,false
101,101,Growth_Arrest,false,true,true
75,97,Proliferation,true,true,false
96,91,Proliferation,true,true,true
55,96,Proliferation,true,true,false
100,92,Growth_Arrest,false,true,false
51,57,Proliferation,true,false,false
60,114,Proliferation,true,true,true
94,107,Growth_Arrest,false,false,false
98,63,Proliferation,true,false,false
111,95,Growth_Arrest,false,false,true
76,37,Proliferation,true,true,false
47,93,Proliferation,true,false,true
51,73,Growth_Arrest,false,true,false
62,46,Proliferation,true,true,false
111,65,Proliferation,true,false,true
33,62,Proliferation,true,true,false
43,100,Proliferation,true,false,false
73,53,Proliferation,true,false,false
75,90,Proliferation,true,true,true
112,71,Proliferation,true,false,false
93,88,Proliferation,true,false,false
67,88,Proliferation,true,false,false
94,52,Proliferation,true,false,true
102,90,Growth_Arrest,false,false,false
89,69,Proliferation,true,true,true
60,87,Proliferation,true,false,false
73,96,Proliferation,true,false,false
56,51,Growth_Arrest,false,false,false
46,44,Proliferation,true,false,true
100,94,Proliferation,true,false,true
73,37,Proliferation,true,false,true
49,53,Proliferation,true,false,true
113,87,Growth_Arrest,false,true,false
82,57,Proliferation,true,true,true
106,90,Proliferation,true,false,false
108,83,Growth_Arrest,false,false,true
46,81,Proliferation,true,true,true
42,46,Proliferation,true,true,false
96,45,Growth_Arrest,false,false,false
59,40,Growth_Arrest,false,true,false
32,84,Growth_Arrest,false,true,false
71,74,Proliferation,true,false,false
70,79,Proliferation,true,false,true
57,37,Proliferation,true,false,false
115,64,Growth_Arrest,false,false,false
62,38,Proliferation,true,false,false
65,94,Growth_Arrest,false,false,false
64,60,Proliferation,true,false,false
101,53,Proliferation,true,true,true
111,72,Proliferation,true,false,true
83,61,Proliferation,true,false,false
76,54,Proliferation,true,false,false
92,96,Proliferation,true,true,false
67,46,Proliferation,true,true,true
87,74,Proliferation,true,true,true
41,76,Growth_Arrest,false,false,true
115,65,Proliferation,true,true,false
108,89,Proliferation,true,false,false
77,77,Proliferation,true,false,false
59,49,Proliferation,true,false,true
37,56,Proliferation,true,true,true
34,88,Proliferation,true,true,false
58,73,Proliferation,true,false,false
91,82,Growth_Arrest,false,false,false
78,74,Growth_Arrest,false,true,false
116,83,Proliferation,true,false,false
96,110,Growth_Arrest,false,true,true
109,71,Proliferation,true,true,true
70,80,Proliferation,true,false,true
108,85,Proliferation,true,false,false
114,61,Growth_Arrest,false,true,true
86,72,Proliferation,true,true,true
64,112,Proliferation,true,false,true
62,36,Proliferation,true,true,true
76,97,Proliferation,true,true,true
100,77,Proliferation,true,true,true
85,102,Proliferation,true,true,false
61,53,Proliferation,true,false,true
42,84,Growth_Arrest,false,true,false
60,51,Growth_Arrest,false,true,true
91,100,Proliferation,true,true,true
74,40,Proliferation,true,false,true
92,77,Growth_Arrest,false,true,true
34,75,Proliferation,true,false,true
37,67,Proliferation,true,true,false
70,58,Growth_Arrest,false,false,false
52,38,Growth_Arrest,false,true,false
89,53,Growth_Arrest,false,false,false
33,86,Growth_Arrest,false,false,true
74,87,Growth_Arrest,false,false,true
89,43,Proliferation,true,true,true
56,54,Growth_Arrest,false,true,false
41,59,Proliferation,true,false,false
68,86,Proliferation,true,false,true
99,84,Proliferation,true,true,false
62,111,Proliferation,true,false,false
57,95,Proliferation,true,false,false
49,42,Growth_Arrest,false,false,false
64,115,Growth_Arrest,false,false,true
38,51,Growth_Arrest,false,false,false
58,45,Proliferation,true,false,false
83,38,Proliferation,true,false,true
40,90,Proliferation,true,false,true
53,94,Proliferation,true,true,true
66,97,Proliferation,true,true,true
77,114,Growth_Arrest,false,false,true
94,49,Proliferation,true,false,false
91,102,Growth_Arrest,false,true,true
37,83,Growth_Arrest,false,false,false
59,75,Growth_Arrest,false,false,true
48,68,Proliferation,true,false,false
101,60,Proliferation,true,false,true
66,71,Proliferation,true,true,false
74,104,Proliferation,true,false,true
104,49,Proliferation,true,false,true
35,75,Proliferation,true,false,false
69,105,Proliferation,true,true,false
86,44,Proliferation,true,true,false
106,53,Proliferation,true,true,true
34,62,Growth_Arrest,false,false,false
35,82,Proliferation,true,true,true
58,102,Proliferation,true,false,false
48,55,Proliferation,true,false,true
98,69,Growth_Arrest,false,false,false
51,46,Proliferation,true,false,false
96,99,Growth_Arrest,false,true,true
77,35,Proliferation,true,true,false
67,65,Proliferation,true,false,false
102,78,Proliferation,true,true,true
102,71,Growth_Arrest,false,false,false
103,75,Proliferation,true,true,false
39,88,Proliferation,true,false,true
106,61,Proliferation,true,true,true
77,40,Growth_Arrest,false,true,false
79,110,Growth_Arrest,false,false,false
77,68,Proliferation,true,false,true
71,67,Growth_Arrest,false,true,true
73,51,Proliferation,true,false,true
96,49,Proliferation,true,false,false
93,59,Proliferation,true,false,false
50,86,Growth_Arrest,false,false,true
84,113,Proliferation,true,true,true
104,48,Proliferation,true,true,true
57,64,Growth_Arrest,false,true,true
84,76,Proliferation,true,true,true
100,107,Proliferation,true,false,true
63,89,Proliferation,true,false,true
84,111,Proliferation,true,false,true
47,91,Proliferation,true,true,true
72,113,Proliferation,true,false,false
32,74,Proliferation,true,false,false
81,48,Proliferation,true,true,false
59,110,Growth_Arrest,false,false,true
99,67,Proliferation,true,true,false
78,67,Proliferation,true,false,true
67,101,Growth_Arrest,false,true,true
31,76,Growth_Arrest,false,true,true
71,102,Growth_Arrest,false,true,false
103,76,Growth_Arrest,false,true,false
71,84,Growth_Arrest,false,false,false
62,100,Growth_Arrest,false,false,false
83,50,Growth_Arrest,false,true,false
100,65,Proliferation,true,false,true
65,41,Proliferation,true,true,false
58,83,Growth_Arrest,false,false,false
96,41,Growth_Arrest,false,true,true
48,81,Growth_Arrest,false,false,true
39,97,Growth_Arrest,false,false,false
87,92,Growth_Arrest,false,false,false
80,95,Proliferation,true,false,false
107,54,Growth_Arrest,false,false,false
109,100,Proliferation,true,false,true
73,61,Proliferation,true,false,false
61,55,Proliferation,true,true,true
57,87,Proliferation,true,true,false
81,114,Proliferation,true,false,false
88,74,Proliferation,true,false,true
81,53,Proliferation,true,false,true
47,97,Proliferation,true,false,false
49,107,Proliferation,true,false,false
51,81,Growth_Arrest,false,true,true
94,40,Proliferation,true,false,true
95,83,Growth_Arrest,false,true,true
115,85,Proliferation,true,false,true
89,106,Proliferation,true,false,false
72,63,Proliferation,true,true,false
66,38,Proliferation,true,false,false
104,51,Growth_Arrest,false,false,false
90,106,Proliferation,true,true,true
56,47,Proliferation,true,false,true
60,93,Growth_Arrest,false,true,true
51,97,Growth_Arrest,false,false,true
114,80,Proliferation,true,true,false
72,62,Growth_Arrest,false,false,true
57,61,Proliferation,true,true,false
52,62,Proliferation,true,true,false
69,53,Proliferation,true,false,true
87,112,Growth_Arrest,false,true,true
70,40,Proliferation,true,false,false
68,83,Proliferation,true,false,false
81,90,Proliferation,true,false,true
85,109,Proliferation,true,false,false
47,92,Growth_Arrest,false,true,true
86,82,Growth_Arrest,false,true,false
76,43,Growth_Arrest,false,false,false
112,70,Proliferation,true,true,false
96,65,Proliferation,true,false,true
74,101,Proliferation,true,true,true
51,50,Proliferation,true,false,true
90,71,Growth_Arrest,false,false,false
95,36,Proliferation,true,false,false
54,78,Proliferation,true,false,true
94,89,Proliferation,true,true,false
47,46,Growth_Arrest,false,true,true
95,88,Proliferation,true,true,true
66,93,Proliferation,true,true,false
69,59,Proliferation,true,true,true
57,74,Proliferation,true,true,true
102,56,Proliferation,true,false,true
104,69,Proliferation,true,false,false
84,88,Proliferation,true,false,false
55,90,Proliferation,true,true,false
70,90,Proliferation,true,true,true
78,65,Proliferation,true,true,false
108,86,Growth_Arrest,false,false,true
108,61,Growth_Arrest,false,false,true
88,64,Proliferation,true,true,false
64,85,Proliferation,true,false,true
91,95,Growth_Arrest,false,true,false
79,112,Proliferation,true,true,true
49,87,Proliferation,true,false,false
113,75,Growth_Arrest,false,true,false
85,115,Proliferation,true,false,true
91,41,Proliferation,true,false,false
44,84,Proliferation,true,false,false
104,79,Proliferation,true,false,true
73,43,Proliferation,true,true,false
97,63,Proliferation,true,false,false
41,93,Growth_Arrest,false,false,false
64,114,Growth_Arrest,false,false,false
76,88,Proliferation,true,false,true
76,89,Proliferation,true,false,false
59,62,Proliferation,true,false,true
72,51,Proliferation,true,false,true
57,36,Growth_Arrest,false,true,false
89,59,Growth_Arrest,false,false,true
35,78,Proliferation,true,true,true
109,73,Growth_Arrest,false,true,true
60,40,Proliferation,true,false,false
47,43,Proliferation,true,false,true
99,72,Growth_Arrest,false,false,true
83,54,Proliferation,true,true,true
58,35,Proliferation,true,false,true
74,48,Growth_Arrest,false,true,false
83,116,Proliferation,true,false,true
86,46,Proliferation,true,false,true
65,74,Growth_Arrest,false,true,true
42,101,Proliferation,true,false,false
33,74,Growth_Arrest,false,false,true
95,53,Growth_Arrest,false,true,true
34,66,Proliferation,true,true,false
39,59,Growth_Arrest,false,true,true
84,61,Proliferation,true,false,true
81,81,Growth_Arrest,false,true,false
55,86,Proliferation,true,true,true
95,47,Proliferation,true,true,true
64,35,Growth_Arrest,false,true,true
90,42,Proliferation,true,false,false
110,82,Proliferation,true,false,false
56,99,Proliferation,true,false,false
71,98,Growth_Arrest,false,false,false
92,101,Growth_Arrest,false,true,false
80,94,Proliferation,true,false,true
40,76,Proliferation,true,false,false
79,96,Proliferation,true,true,false
42,51,Growth_Arrest,false,false,false
64,89,Proliferation,true,true,false
57,47,Growth_Arrest,false,true,true
49,52,Proliferation,true,true,false
86,80,Proliferation,true,true,true
60,110,Proliferation,true,true,true
110,91,Proliferation,true,true,false
50,53,Proliferation,true,true,true
40,57,Proliferation,true,true,false
114,83,Proliferation,true,false,true
72,106,Proliferation,true,true,true
41,50,Growth_Arrest,false,false,true
52,111,Growth_Arrest,false,true,true
80,56,Growth_Arrest,false,false,true
63,62,Proliferation,true,true,true
109,95,Proliferation,true,true,false
94,66,Proliferation,true,true,true
75,38,Proliferation,true,true,true
102,67,Proliferation,true,true,true
89,79,Growth_Arrest,false,false,true
81,43,Growth_Arrest,false,true,false
97,42,Proliferation,true,true,true
44,74,Growth_Arrest,false,true,true
74,99,Proliferation,true,false,false
68,114,Proliferation,true,false,false
36,60,Proliferation,true,false,false
37,71,Proliferation,true,true,true
94,92,Proliferation,true,false,false
98,76,Growth_Arrest,false,true,true
38,81,Proliferation,true,false,false
110,55,Proliferation,true,false,false
97,108,Proliferation,true,true,true
36,56,Proliferation,true,true,true
81,45,Proliferation,true,false,true
68,84,Proliferation,true,false,false
98,47,Growth_Arrest,false,false,false
53,75,Proliferation,true,true,false
71,103,Growth_Arrest,false,false,true
56,108,Growth_Arrest,false,false,false
87,96,Proliferation,true,true,false
31,75,Proliferation,true,false,false
58,62,Growth_Arrest,false,false,false
80,64,Proliferation,true,true,true
109,65,Proliferation,true,true,false
74,35,Proliferation,true,false,true
78,61,Proliferation,true,false,false
56,83,Proliferation,true,false,false
94,72,Proliferation,true,true,true
57,90,Growth_Arrest,false,false,false
54,43,Growth_Arrest,false,false,false
44,85,Growth_Arrest,false,false,true
61,85,Proliferation,true,true,true
66,66,Proliferation,true,false,true
93,71,Growth_Arrest,false,false,true
40,58,Proliferation,true,true,false
104,44,Proliferation,true,false,true
108,56,Proliferation,true,false,false
44,70,Proliferation,true,false,false
72,84,Proliferation,true,false,true
67,106,Proliferation,true,true,false
71,80,Proliferation,true,false,false
108,96,Proliferation,true,false,true
38,63,Proliferation,true,false,false
104,46,Growth_Arrest,false,true,true
44,96,Proliferation,true,false,false
109,64,Proliferation,true,false,true
90,79,Proliferation,true,false,true
48,53,Proliferation,true,false,false
68,53,Proliferation,true,false,false
95,68,Proliferation,true,true,false
74,108,Growth_Arrest,false,false,true
96,104,Proliferation,true,true,false
74,56,Proliferation,true,false,false
103,78,Growth_Arrest,false,true,true
40,72,Proliferation,true,true,false
92,94,Growth_Arrest,false,false,false
62,68,Proliferation,true,false,true
34,84,Proliferation,true,true,false
61,107,Proliferation,true,false,false
93,103,Proliferation,true,true,true
61,50,Growth_Arrest,false,true,true
54,70,Proliferation,true,false,false
86,63,Proliferation,true,false,false
68,73,Growth_Arrest,false,true,true
116,71,Proliferation,true,false,true
80,115,Proliferation,true,false,false
88,115,Proliferation,true,false,false
38,75,Growth_Arrest,false,false,false
102,89,Growth_Arrest,false,false,false
51,75,Proliferation,true,false,true
81,68,Proliferation,true,false,true
92,98,Proliferation,true,false,false
75,70,Proliferation,true,true,false
87,71,Growth_Arrest,false,true,true
36,81,Proliferation,true,true,true
68,94,Growth_Arrest,false,false,false
71,87,Proliferation,true,false,true
74,77,Proliferation,true,true,false
61,75,Proliferation,true,true,true
56,36,Growth_Arrest,false,false,true
110,96,Proliferation,true,false,false
52,110,Proliferation,true,false,false
42,76,Proliferation,true,true,false
56,70,Growth_Arrest,false,false,true
111,96,Growth_Arrest,false,false,false
53,68,Growth_Arrest,false,true,true
44,45,Growth_Arrest,false,false,false
107,75,Proliferation,true,true,false
98,102,Growth_Arrest,false,false,false
65,82,Proliferation,true,true,false
55,65,Proliferation,true,false,false
67,38,Proliferation,true,true,true
76,83,Proliferation,true,false,true
89,103,Proliferation,true,false,false
60,104,Proliferation,true,false,false
49,103,Proliferation,true,false,false
98,91,Proliferation,true,true,false
80,68,Proliferation,true,true,true
116,62,Proliferation,true,true,false
107,58,Proliferation,true,true,false
89,104,Proliferation,true,false,false
68,77,Proliferation,true,false,false
84,57,Growth_Arrest,false,true,false
96,73,Proliferation,true,true,false
69,50,Proliferation,true,false,false
72,70,Proliferation,true,false,false
77,104,Growth_Arrest,false,false,false
60,102,Proliferation,true,true,false
60,65,Proliferation,true,false,true
86,87,Proliferation,true,true,true
116,78,Growth_Arrest,false,false,true
68,42,Growth_Arrest,false,true,false
78,91,Proliferation,true,false,false
101,81,Proliferation,true,true,true
86,105,Proliferation,true,true,false
63,81,Growth_Arrest,false,false,false
54,89,Proliferation,true,true,true
80,111,Proliferation,true,true,false
40,70,Proliferation,true,false,false
107,83,Proliferation,true,false,true
109,99,Proliferation,true,false,false
109,68,Growth_Arrest,false,false,false
84,71,Growth_Arrest,false,false,true
62,90,Proliferation,true,true,false
103,85,Growth_Arrest,false,true,true
88,89,Growth_Arrest,false,false,true
93,46,Proliferation,true,false,false
72,72,Proliferation,true,false,true
109,49,Proliferation,true,false,true
42,87,Proliferation,true,false,false
79,103,Proliferation,true,true,true
90,88,Proliferation,true,true,true
64,90,Growth_Arrest,false,true,false
92,97,Proliferation,true,false,true
99,104,Growth_Arrest,false,false,true
48,86,Proliferation,true,false,true
97,64,Proliferation,true,false,false
58,111,Proliferation,true,true,true
68,116,Growth_Arrest,false,true,false
38,61,Proliferation,true,false,true
38,66,Growth_Arrest,false,true,true
61,86,Proliferation,true,true,false
106,62,Proliferation,true,false,true
52,107,Proliferation,true,true,true
96,79,Proliferation,true,true,false
77,83,Proliferation,true,false,false
61,78,Proliferation,true,true,false
40,77,Proliferation,true,false,false
98,89,Proliferation,true,false,false
102,63,Proliferation,true,false,true
54,52,Growth_Arrest,false,true,true
97,85,Growth_Arrest,false,false,true
94,111,Growth_Arrest,false,false,false
75,85,Proliferation,true,false,true
83,42,Proliferation,true,true,false
79,77,Growth_Arrest,false,true,false
97,79,Growth_Arrest,false,false,false
106,78,Proliferation,true,true,false
104,60,Growth_Arrest,false,true,false
117,83,Growth_Arrest,false,false,false
48,90,Growth_Arrest,false,false,false
41,78,Proliferation,true,false,true
103,70,Proliferation,true,false,true
99,107,Growth_Arrest,false,false,false
97,66,Proliferation,true,false,true
113,54,Growth_Arrest,false,false,true
66,98,Proliferation,true,false,false
56,77,Growth_Arrest,false,false,true
101,67,Proliferation,true,true,true
51,64,Proliferation,true,false,true
113,71,Proliferation,true,true,false
52,86,Growth_Arrest,false,false,false
68,66,Growth_Arrest,false,true,false
54,84,Proliferation,true,true,false
72,116,Proliferation,true,true,false
56,44,Proliferation,true,false,true
96,51,Proliferation,true,false,true
74,118,Proliferation,true,true,true
92,47,Proliferation,true,true,true
79,44,Proliferation,true,false,false
53,72,Proliferation,true,true,false
116,86,Proliferation,true,false,true
111,74,Growth_Arrest,false,false,false
67,62,Proliferation,true,false,true
42,49,Growth_Arrest,false,true,false
61,84,Proliferation,true,false,true
114,88,Growth_Arrest,false,true,false
98,98,Proliferation,true,false,true
64,61,Growth_Arrest,false,true,false
92,59,Growth_Arrest,false,false,false
93,74,Proliferation,true,false,true
112,83,Proliferation,true,false,false
94,97,Proliferation,true,true,false
115,67,Growth_Arrest,false,false,true
81,83,Growth_Arrest,false,true,true
33,66,Proliferation,true,false,true
59,59,Proliferation,true,true,false
114,75,Growth_Arrest,false,false,true
92,41,Proliferation,true,true,true
110,89,Proliferation,true,true,false
106,71,Proliferation,true,true,true
74,111,Growth_Arrest,false,false,true
68,99,Proliferation,true,true,true
49,70,Proliferation,true,false,false
36,61,Proliferation,true,false,true
82,79,Proliferation,true,true,false
85,42,Proliferation,true,true,true
52,96,Proliferation,true,true,false
57,81,Growth_Arrest,false,false,false
93,112,Growth_Arrest,false,true,false
75,55,Proliferation,true,true,true
49,102,Proliferation,true,true,false
83,59,Growth_Arrest,false,false,false
69,114,Proliferation,true,false,true
83,37,Growth_Arrest,false,false,false
52,108,Proliferation,true,false,true
112,95,Proliferation,true,false,false
71,48,Proliferation,true,false,false
70,62,Proliferation,true,true,false
68,91,Growth_Arrest,false,false,false
47,58,Proliferation,true,true,true
91,98,Proliferation,true,true,false
51,44,Growth_Arrest,false,false,false
80,50,Proliferation,true,false,false
57,50,Growth_Arrest,false,true,false
46,90,Proliferation,true,false,true
50,98,Proliferation,true,false,false
74,79,Growth_Arrest,false,false,true
113,59,Proliferation,true,false,false
67,85,Growth_Arrest,false,false,false
98,85,Proliferation,true,false,false
71,96,Proliferation,true,true,false
71,73,Proliferation,true,false,false
86,38,Proliferation,true,true,true
54,62,Proliferation,true,false,false
93,64,Growth_Arrest,false,false,true
98,64,Proliferation,true,false,true
81,108,Growth_Arrest,false,false,true
109,101,Proliferation,true,false,true
69,82,Proliferation,true,true,true
73,85,Growth_Arrest,false,true,true
81,34,Proliferation,true,true,true
80,49,Proliferation,true,false,false
81,111,Proliferation,true,true,false
116,63,Growth_Arrest,false,false,true
75,81,Proliferation,true,false,true
48,40,Proliferation,true,true,true
95,50,Proliferation,true,false,true
104,77,Proliferation,true,false,true
100,40,Growth_Arrest,false,false,false
76,82,Proliferation,true,true,true
75,80,Proliferation,true,false,false
53,71,Proliferation,true,false,true
66,36,Proliferation,true,false,true
39,84,Proliferation,true,true,false
92,93,Proliferation,true,false,false
65,77,Proliferation,true,true,false
94,73,Proliferation,true,true,true
107,80,Growth_Arrest,false,true,false
60,111,Proliferation,true,true,true
86,81,Proliferation,true,false,false
97,43,Proliferation,true,false,true
112,86,Growth_Arrest,false,true,false
103,57,Growth_Arrest,false,true,true
116,79,Proliferation,true,true,true
83,51,Proliferation,true,true,true
55,80,Proliferation,true,true,false
109,97,Proliferation,true,false,false
36,67,Growth_Arrest,false,false,true
97,77,Proliferation,true,true,false
59,67,Proliferation,true,true,true
67,96,Proliferation,true,true,false
84,58,Proliferation,true,true,false
87,93,Proliferation,true,true,true
80,67,Growth_Arrest,false,true,true
75,51,Proliferation,true,true,true
90,52,Proliferation,true,false,false
95,57,Proliferation,true,false,true
92,79,Proliferation,true,false,true
76,109,Growth_Arrest,false,true,false
86,100,Proliferation,true,false,false
72,117,Proliferation,true,true,false
40,59,Growth_Arrest,false,true,false
85,103,Proliferation,true,true,false
92,99,Proliferation,true,false,false
57,112,Proliferation,true,true,false
102,96,Proliferation,true,true,true
87,111,Growth_Arrest,false,false,false
59,37,Growth_Arrest,false,true,false
94,108,Proliferation,true,false,false
82,85,Growth_Arrest,false,true,true
103,104,Proliferation,true,true,true
60,97,Proliferation,true,true,false
66,39,Proliferation,true,true,false
76,69,Proliferation,true,false,true
108,75,Proliferation,true,false,true
38,65,Proliferation,true,true,true
87,62,Growth_Arrest,false,false,false
100,105,Growth_Arrest,false,true,true
62,92,Growth_Arrest,false,false,false
71,92,Proliferation,true,true,true
55,64,Growth_Arrest,false,true,false
82,47,Growth_Arrest,false,false,false
115,75,Growth_Arrest,false,true,false
67,103,Proliferation,true,true,false
56,107,Proliferation,true,true,true
109,87,Growth_Arrest,false,false,false
67,59,Proliferation,true,false,false
74,44,Growth_Arrest,false,false,false
59,93,Proliferation,true,false,false
43,66,Proliferation,true,false,true
105,45,Growth_Arrest,false,true,false
76,79,Proliferation,true,true,true
35,72,Proliferation,true,false,true
42,90,Proliferation,true,false,false
91,88,Proliferation,true,false,false
62,88,Growth_Arrest,false,false,true
39,94,Proliferation,true,false,true
65,58,Growth_Arrest,false,true,true
61,64,Growth_Arrest,false,true,false
94,86,Growth_Arrest,false,true,true
46,94,Growth_Arrest,false,false,true
43,68,Proliferation,true,false,true
77,93,Growth_Arrest,false,true,false
39,77,Growth_Arrest,false,false,false
79,36,Proliferation,true,false,false
92,85,Growth_Arrest,false,false,false
72,77,Proliferation,true,true,false
78,105,Proliferation,true,true,false
97,93,Growth_Arrest,false,false,false
109,60,Proliferation,true,false,false
91,75,Proliferation,true,false,false
63,108,Proliferation,true,true,false
76,99,Proliferation,true,false,false
109,61,Growth_Arrest,false,false,true
44,50,Proliferation,true,true,false
91,113,Growth_Arrest,false,true,true
93,45,Proliferation,true,false,true
77,100,Growth_Arrest,false,true,true
86,65,Proliferation,true,true,false
73,50,Proliferation,true,false,false
51,110,Proliferation,true,false,false
112,94,Proliferation,true,true,true
99,52,Growth_Arrest,false,true,false
97,103,Proliferation,true,false,true
101,92,Proliferation,true,true,false
107,96,Proliferation,true,true,false
109,63,Proliferation,true,true,true
71,65,Proliferation,true,false,false
98,42,Proliferation,true,true,false
68,62,Proliferation,true,true,false
57,35,Proliferation,true,true,false
73,38,Proliferation,true,true,false
42,77,Proliferation,true,false,false
102,66,Proliferation,true,false,false
45,100,Growth_Arrest,false,true,false
54,105,Growth_Arrest,false,false,false
85,72,Proliferation,true,false,true
108,82,Proliferation,true,true,true
57,67,Proliferation,true,false,false
66,83,Growth_Arrest,false,true,false
113,72,Growth_Arrest,false,true,false
59,115,Proliferation,true,true,false
98,107,Proliferation,true,false,true
84,97,Proliferation,true,false,false
40,67,Growth_Arrest,false,true,false
73,97,Proliferation,true,false,false
60,88,Growth_Arrest,false,true,false
73,60,Proliferation,true,false,false
53,98,Proliferation,true,true,false
78,58,Growth_Arrest,false,false,false
61,95,Growth_Arrest,false,true,true
103,51,Proliferation,true,true,false
43,93,Proliferation,true,false,true
72,58,Proliferation,true,true,false
56,97,Proliferation,true,true,true
105,69,Proliferation,true,true,false
86,99,Proliferation,true,true,true
106,52,Proliferation,true,false,true
89,36,Growth_Arrest,false,true,true
90,81,Growth_Arrest,false,true,false
101,103,Proliferation,true,false,true
62,78,Proliferation,true,false,true
80,90,Proliferation,true,false,false
50,55,Proliferation,true,false,true
66,101,Growth_Arrest,false,false,true
113,74,Proliferation,true,true,true
45,106,Growth_Arrest,false,true,false
44,83,Proliferation,true,true,false
77,65,Proliferation,true,true,false
87,81,Proliferation,true,true,true
59,48,Growth_Arrest,false,true,false
68,46,Proliferation,true,false,true
59,38,Growth_Arrest,false,true,true
63,39,Proliferation,true,false,false
53,103,Proliferation,true,true,true
78,53,Growth_Arrest,false,false,true
82,102,Proliferation,true,true,true
57,114,Proliferation,true,false,true
61,44,Proliferation,true,true,false
62,72,Proliferation,true,true,true
103,74,Proliferation,true,true,true
61,70,Growth_Arrest,false,false,true
72,57,Proliferation,true,true,true
90,58,Growth_Arrest,false,true,false
99,97,Proliferation,true,true,true
101,43,Proliferation,true,false,false
75,32,Proliferation,true,true,true
38,71,Proliferation,true,false,true
85,105,Growth_Arrest,false,true,true
75,91,Proliferation,true,true,true
82,63,Proliferation,true,true,false
43,95,Proliferation,true,false,false
75,58,Proliferation,true,false,false
59,73,Proliferation,true,false,false
107,73,Proliferation,true,false,true
99,103,Proliferation,true,true,true
95,80,Growth_Arrest,false,false,false
103,98,Growth_Arrest,false,true,true
84,85,Growth_Arrest,false,false,false
61,56,Proliferation,true,false,true
44,62,Proliferation,true,false,true
51,86,Proliferation,true,false,true
84,54,Growth_Arrest,false,false,false
41,72,Proliferation,true,true,true
99,87,Proliferation,true,false,false
49,61,Growth_Arrest,false,false,false
80,116,Proliferation,true,false,false
68,105,Proliferation,true,true,true
67,109,Proliferation,true,true,true
78,48,Growth_Arrest,false,false,false
34,73,Growth_Arrest,false,true,true
53,74,Proliferation,true,false,true
59,105,Proliferation,true,true,true
99,85,Proliferation,true,true,false
104,75,Proliferation,true,false,true
50,64,Growth_Arrest,false,true,false
37,93,Growth_Arrest,false,false,false
43,52,Proliferation,true,true,true
52,88,Proliferation,true,true,false
82,74,Proliferation,true,true,true
85,63,Proliferation,true,false,false
94,51,Proliferation,true,false,true
70,105,Growth_Arrest,false,false,true
52,91,Proliferation,true,true,false
94,59,Growth_Arrest,false,true,true
106,88,Proliferation,true,false,false
92,57,Proliferation,true,true,true
110,97,Proliferation,true,false,true
71,85,Proliferation,true,false,false
69,47,Growth_Arrest,false,true,false
72,101,Proliferation,true,false,false
83,45,Proliferation,true,false,true
82,115,Proliferation,true,false,true
51,48,Proliferation,true,false,false
75,98,Growth_Arrest,false,true,true
97,65,Proliferation,true,true,true
95,96,Proliferation,true,true,false
78,37,Growth_Arrest,false,false,true
74,47,Proliferation,true,true,true
83,48,Proliferation,true,false,true
76,33,Proliferation,true,false,true
64,38,Proliferation,true,false,true
49,68,Proliferation,true,false,true
54,113,Proliferation,true,false,true
82,41,Growth_Arrest,false,true,false
49,60,Proliferation,true,true,false
103,77,Growth_Arrest,false,false,false
66,99,Growth_Arrest,false,false,true
62,67,Growth_Arrest,false,false,true
97,40,Growth_Arrest,false,true,true
96,38,Proliferation,true,true,false
70,116,Proliferation,true,false,false
95,64,Proliferation,true,true,true
65,107,Proliferation,true,true,false
90,47,Proliferation,true,false,true
87,88,Proliferation,true,true,false
55,88,Proliferation,true,true,true
89,88,Proliferation,true,true,false
78,101,Proliferation,true,true,true
68,101,Proliferation,true,true,true
94,91,Proliferation,true,false,true
91,59,Growth_Arrest,false,false,false
83,115,Growth_Arrest,false,true,true
92,88,Proliferation,true,true,false
43,85,Proliferation,true,true,true
91,42,Growth_Arrest,false,true,true
71,82,Growth_Arrest,false,false,true
82,52,Proliferation,true,true,true
55,42,Growth_Arrest,false,true,true
81,101,Proliferation,true,false,true
56,104,Proliferation,true,false,true
82,68,Proliferation,true,false,true
62,79,Proliferation,true,false,true
112,78,Growth_Arrest,false,true,false
84,90,Proliferation,true,true,true
105,63,Proliferation,true,false,true
46,78,Proliferation,true,false,true
104,84,Growth_Arrest,false,false,true
59,42,Proliferation,true,true,true
79,97,Proliferation,true,true,true
93,76,Growth_Arrest,false,false,true
43,89,Proliferation,true,true,true
98,87,Growth_Arrest,false,false,false
51,80,Growth_Arrest,false,true,false
96,40,Proliferation,true,true,false
96,70,Proliferation,true,false,true
104,97,Proliferation,true,true,true
79,109,Proliferation,true,true,true
88,85,Growth_Arrest,false,true,false
76,74,Proliferation,true,false,true
54,112,Proliferation,true,true,true
93,113,Proliferation,true,true,true
88,102,Proliferation,true,true,false
104,70,Growth_Arrest,false,false,true
108,102,Proliferation,true,true,true
72,73,Proliferation,true,true,false
108,90,Proliferation,true,true,false
64,44,Proliferation,true,true,true
69,39,Proliferation,true,true,true
100,49,Growth_Arrest,false,true,false
55,98,Proliferation,true,true,true
80,82,Growth_Arrest,false,false,true
71,43,Growth_Arrest,false,false,false
57,102,Proliferation,true,true,false
66,89,Growth_Arrest,false,true,true
94,61,Growth_Arrest,false,true,false
105,82,Growth_Arrest,false,false,true
63,109,Proliferation,true,false,true
77,79,Proliferation,true,false,false
54,108,Growth_Arrest,false,false,true
73,98,Proliferation,true,true,true
104,102,Growth_Arrest,false,false,true
47,107,Proliferation,true,true,true
36,75,Proliferation,true,true,true
62,112,Growth_Arrest,false,true,true
101,100,Proliferation,true,true,false
40,87,Growth_Arrest,false,false,true
77,78,Proliferation,true,true,true
79,48,Growth_Arrest,false,false,true
65,63,Proliferation,true,true,true
50,42,Growth_Arrest,false,false,false
86,58,Proliferation,true,true,true
47,100,Proliferation,true,true,false
93,62,Proliferation,true,true,false
89,97,Proliferation,true,false,true
66,105,Proliferation,true,true,true
92,64,Proliferation,true,false,false
100,75,Proliferation,true,true,false
59,63,Proliferation,true,false,false
76,117,Proliferation,true,false,false
57,79,Proliferation,true,false,false
62,116,Proliferation,true,false,true
66,91,Growth_Arrest,false,true,false
47,54,Growth_Arrest,false,true,false
56,90,Proliferation,true,false,true
83,77,Proliferation,true,false,true
104,99,Proliferation,true,true,false
96,90,Proliferation,true,true,false
104,81,Proliferation,true,true,false
75,44,Proliferation,true,false,true
75,63,Growth_Arrest,false,false,true
61,99,Proliferation,true,true,false
87,94,Proliferation,true,true,false
110,70,Proliferation,true,false,true
77,69,Proliferation,true,true,false
72,90,Proliferation,true,false,false
58,101,Proliferation,true,true,false
83,43,Proliferation,true,true,false
87,36,Growth_Arrest,false,true,false
74,116,Proliferation,true,false,true
42,100,Growth_Arrest,false,false,false
103,107,Proliferation,true,false,false
74,110,Proliferation,true,false,false
43,91,Growth_Arrest,false,false,true
37,80,Proliferation,true,true,false
66,53,Proliferation,true,false,true
95,49,Growth_Arrest,false,false,true
56,111,Proliferation,true,true,false
76,91,Proliferation,true,true,true
60,113,Proliferation,true,true,true
85,40,Growth_Arrest,false,false,true
56,86,Growth_Arrest,false,false,true
87,90,Proliferation,true,true,false
89,62,Proliferation,true,true,true
108,55,Proliferation,true,false,true
104,92,Proliferation,true,true,true
107,59,Proliferation,true,true,false
66,45,Proliferation,true,false,false
57,57,Proliferation,true,false,false
46,73,Proliferation,true,true,false
90,103,Growth_Arrest,false,false,true
69,81,Proliferation,true,false,true
72,48,Proliferation,true,true,false
64,73,Proliferation,true,true,true
117,67,Proliferation,true,true,false
61,59,Proliferation,true,true,false
90,49,Proliferation,true,false,false
57,38,Proliferation,true,true,false
79,67,Proliferation,true,false,true
35,91,Proliferation,true,false,false
75,53,Proliferation,true,true,true
50,65,Proliferation,true,false,true
45,76,Proliferation,true,true,false
85,79,Proliferation,true,false,false
48,79,Growth_Arrest,false,false,false
75,82,Proliferation,true,true,true
96,43,Growth_Arrest,false,true,false
65,53,Proliferation,true,true,true
91,77,Proliferation,true,false,true
61,38,Growth_Arrest,false,false,true
42,74,Proliferation,true,false,true
75,72,Proliferation,true,true,false
90,76,Proliferation,true,true,true
105,101,Proliferation,true,false,false
41,57,Proliferation,true,true,false
81,109,Proliferation,true,true,true
67,111,Proliferation,true,false,true
40,50,Proliferation,true,true,false
59,79,Growth_Arrest,false,true,true
77,38,Proliferation,true,true,true
107,65,Proliferation,true,false,false
89,95,Proliferation,true,true,false
67,74,Growth_Arrest,false,false,false
68,54,Proliferation,true,false,true
83,108,Proliferation,true,true,true
39,79,Proliferation,true,false,false
66,107,Growth_Arrest,false,false,false
84,84,Growth_Arrest,false,false,true
91,64,Proliferation,true,false,true
62,55,Growth_Arrest,false,false,false
38,85,Proliferation,true,false,false
95,86,Proliferation,true,false,false
106,66,Growth_Arrest,false,false,true
74,88,Proliferation,true,true,true
110,85,Proliferation,true,true,true
61,66,Growth_Arrest,false,true,true
51,49,Proliferation,true,true,true
96,82,Proliferation,true,true,false
89,108,Proliferation,true,true,false
47,64,Proliferation,true,false,true
69,35,Proliferation,true,false,false
79,78,Proliferation,true,false,false
74,89,Proliferation,true,true,true
107,87,Growth_Arrest,false,false,true
72,81,Growth_Arrest,false,false,true
61,58,Growth_Arrest,false,true,true
34,68,Growth_Arrest,false,true,true
60,58,Proliferation,true,false,true
69,56,Proliferation,true,true,true
99,47,Proliferation,true,true,true
92,35,Proliferation,true,false,true
76,94,Proliferation,true,true,false
40,79,Proliferation,true,true,true
66,115,Growth_Arrest,false,false,true
90,82,Growth_Arrest,false,true,false
57,100,Proliferation,true,false,false
79,113,Growth_Arrest,false,true,false
53,102,Growth_Arrest,false,false,false
37,61,Growth_Arrest,false,true,false
102,41,Proliferation,true,true,true
88,80,Proliferation,true,true,true
114,66,Proliferation,true,true,false
69,74,Proliferation,true,false,true
64,34,Growth_Arrest,false,false,true
82,55,Growth_Arrest,false,false,false
80,37,Growth_Arrest,false,true,false
89,114,Proliferation,true,false,false
80,80,Proliferation,true,true,false
108,87,Proliferation,true,true,false
64,91,Proliferation,true,true,true
105,92,Growth_Arrest,false,false,false
69,92,Proliferation,true,false,false
60,57,Growth_Arrest,false,true,true
80,81,Proliferation,true,true,true
79,33,Proliferation,true,false,true
69,33,Growth_Arrest,false,true,false
91,70,Proliferation,true,true,true
36,79,Proliferation,true,false,false
39,66,Growth_Arrest,false,false,true
62,65,Proliferation,true,false,true
73,34,Proliferation,true,false,true
101,105,Proliferation,true,false,false
85,49,Growth_Arrest,false,false,true
38,72,Growth_Arrest,false,false,false
90,37,Growth_Arrest,false,true,false
42,80,Proliferation,true,true,true
76,42,Proliferation,true,false,true
82,93,Proliferation,true,false,false
48,60,Proliferation,true,false,true
69,101,Growth_Arrest,false,true,false
84,42,Proliferation,true,false,false
82,70,Proliferation,true,false,true
61,111,Proliferation,true,false,false
46,64,Proliferation,true,false,true
61,67,Growth_Arrest,false,true,true
104,59,Proliferation,true,true,false
53,76,Growth_Arrest,false,true,true
49,66,Proliferation,true,true,false
77,62,Proliferation,true,false,false
90,45,Growth_Arrest,false,false,false
38,96,Proliferation,true,true,false
54,75,Proliferation,true,false,false
111,92,Proliferation,true,true,true
69,84,Growth_Arrest,false,true,true
92,69,Proliferation,true,false,true
104,58,Proliferation,true,false,false
83,53,Proliferation,true,true,true
38,58,Growth_Arrest,false,false,false
70,35,Proliferation,true,false,false
53,37,Proliferation,true,false,true
85,65,Proliferation,true,true,true
42,55,Proliferation,true,true,false
63,75,Growth_Arrest,false,true,false
42,72,Proliferation,true,false,false
47,70,Growth_Arrest,false,true,false
41,97,Proliferation,true,false,false
93,54,Proliferation,true,false,true
50,105,Growth_Arrest,false,true,false
83,98,Proliferation,true,false,false
49,71,Proliferation,true,true,false
96,76,Proliferation,true,true,true
96,47,Proliferation,true,true,false
79,100,Proliferation,true,false,true
112,73,Proliferation,true,true,false
114,87,Proliferation,true,true,true
50,78,Growth_Arrest,false,true,true
103,43,Proliferation,true,false,true
85,78,Proliferation,true,false,false
37,90,Growth_Arrest,false,false,true
76,36,Growth_Arrest,false,true,false
48,74,Growth_Arrest,false,false,false
38,56,Proliferation,true,true,false
109,52,Growth_Arrest,false,true,true
40,55,Proliferation,true,false,true
86,55,Proliferation,true,true,false
32,77,Proliferation,true,false,true
65,70,Growth_Arrest,false,true,false
69,107,Proliferation,true,true,true
78,87,Proliferation,true,false,true
50,103,Growth_Arrest,false,true,true
58,58,Proliferation,true,false,true
117,79,Proliferation,true,true,true
58,103,Proliferation,true,true,false
93,72,Growth_Arrest,false,false,false
62,34,Proliferation,true,true,true
71,101,Growth_Arrest,false,false,true
66,88,Growth_Arrest,false,true,false
99,63,Proliferation,true,true,false
65,73,Growth_Arrest,false,false,true
104,65,Growth_Arrest,false,false,false
61,113,Growth_Arrest,false,true,false
67,91,Growth_Arrest,false,false,true
47,108,Proliferation,true,true,true
36,55,Proliferation,true,true,true
95,71,Proliferation,true,false,false
99,96,Proliferation,true,true,false
73,102,Proliferation,true,false,true
59,112,Proliferation,true,true,true
59,55,Proliferation,true,true,false
66,110,Growth_Arrest,false,true,false
50,41,Proliferation,true,true,true
90,74,Growth_Arrest,false,true,false
51,38,Growth_Arrest,false,true,false
102,80,Proliferation,true,false,false
69,95,Growth_Arrest,false,true,true
48,102,Proliferation,true,false,true
97,98,Proliferation,true,false,false
103,102,Proliferation,true,false,false
50,70,Proliferation,true,true,true
58,92,Growth_Arrest,false,false,false
57,72,Proliferation,true,false,false
46,50,Proliferation,true,true,true
69,103,Proliferation,true,false,true
55,93,Growth_Arrest,false,false,false
81,107,Proliferation,true,true,false
84,95,Proliferation,true,false,true
102,82,Growth_Arrest,false,false,true
48,48,Growth_Arrest,false,true,false
65,111,Proliferation,true,true,false
100,81,Proliferation,true,true,true
115,81,Proliferation,true,false,true
78,39,Proliferation,true,false,false
46,42,Proliferation,true,true,false
45,99,Proliferation,true,true,true
59,108,Proliferation,true,false,false
46,86,Proliferation,true,true,true
71,97,Growth_Arrest,false,true,false
51,85,Growth_Arrest,false,true,true
74,92,Growth_Arrest,false,false,true
97,72,Proliferation,true,false,true
74,82,Proliferation,true,false,true
73,116,Proliferation,true,true,false
41,62,Proliferation,true,false,true
69,78,Growth_Arrest,false,true,false
47,76,Proliferation,true,false,false
89,38,Proliferation,true,true,true
112,59,Proliferation,true,true,false
103,56,Proliferation,true,false,true
89,40,Proliferation,true,false,false
57,58,Proliferation,true,true,true
84,63,Proliferation,true,false,false
57,59,Proliferation,true,false,false
74,95,Growth_Arrest,false,true,true
57,69,Proliferation,true,true,true
63,114,Proliferation,true,true,false
118,72,Growth_Arrest,false,true,true
87,57,Growth_Arrest,false,false,false
84,74,Proliferation,true,false,true
77,71,Proliferation,true,false,false
87,33,Proliferation,true,true,true
41,80,Growth_Arrest,false,false,true
92,80,Proliferation,true,false,true
51,77,Proliferation,true,true,false
64,100,Proliferation,true,true,false
105,75,Growth_Arrest,false,false,true
63,116,Proliferation,true,true,false
79,35,Growth_Arrest,false,true,false
110,61,Growth_Arrest,false,false,false
48,43,Proliferation,true,true,false
77,111,Proliferation,true,false,false
84,89,Proliferation,true,false,false
67,36,Proliferation,true,true,false
106,67,Proliferation,true,true,false
76,39,Proliferation,true,true,true
50,46,Proliferation,true,true,true
68,85,Proliferation,true,true,false
63,78,Proliferation,true,false,true
66,109,Growth_Arrest,false,true,false
67,42,Growth_Arrest,false,true,false
70,42,Growth_Arrest,false,false,false
76,87,Proliferation,true,true,false
74,74,Proliferation,true,false,false
61,77,Proliferation,true,true,true
109,91,Growth_Arrest,false,true,false
36,70,Growth_Arrest,false,false,false
43,60,Growth_Arrest,false,false,false
74,117,Proliferation,true,true,false
59,109,Proliferation,true,false,false
87,109,Proliferation,true,false,false
54,92,Proliferation,true,true,false
42,54,Proliferation,true,false,false
73,36,Proliferation,true,false,true
106,100,Growth_Arrest,false,false,false
72,99,Growth_Arrest,false,false,true
69,37,Growth_Arrest,false,false,true
64,65,Proliferation,true,true,false
95,98,Proliferation,true,false,false
71,58,Growth_Arrest,false,false,true
51,65,Growth_Arrest,false,true,true
78,80,Proliferation,true,true,true
79,99,Growth_Arrest,false,false,false
60,45,Proliferation,true,false,true
96,68,Proliferation,true,true,true
58,71,Proliferation,true,true,true
99,81,Growth_Arrest,false,true,false
81,88,Growth_Arrest,false,true,true
87,89,Proliferation,true,false,false
95,40,Growth_Arrest,false,false,false
84,117,Proliferation,true,false,false
94,69,Proliferation,true,false,false
85,69,Growth_Arrest,false,false,false
109,92,Proliferation,true,true,true
50,101,Proliferation,true,false,true
77,61,Proliferation,true,false,true
41,102,Growth_Arrest,false,false,false
68,104,Proliferation,true,false,false
38,97,Proliferation,true,true,true
104,88,Proliferation,true,false,true
91,63,Proliferation,true,true,false
116,87,Growth_Arrest,false,false,true
79,42,Proliferation,true,true,false
74,34,Growth_Arrest,false,true,true
67,82,Proliferation,true,true,true
85,67,Proliferation,true,false,true
43,64,Proliferation,true,true,true
66,34,Proliferation,true,true,false
85,94,Growth_Arrest,false,true,true
96,66,Growth_Arrest,false,true,false
58,94,Proliferation,true,true,true
67,99,Growth_Arrest,false,false,false
62,43,Growth_Arrest,false,true,true
76,113,Proliferation,true,true,false
58,104,Proliferation,true,false,false
55,58,Growth_Arrest,false,false,false
51,60,Proliferation,true,true,false
53,77,Proliferation,true,true,true
113,82,Proliferation,true,true,false
87,95,Growth_Arrest,false,true,true
106,58,Proliferation,true,true,false
65,96,Growth_Arrest,false,false,true
44,90,Proliferation,true,false,true
98,109,Growth_Arrest,false,false,false
99,90,Proliferation,true,true,true
109,88,Proliferation,true,true,false
54,82,Proliferation,true,false,true
41,74,Proliferation,true,false,true
40,56,Growth_Arrest,false,true,true
59,60,Proliferation,true,true,false
76,101,Growth_Arrest,false,true,false
67,93,Growth_Arrest,false,true,true
88,71,Proliferation,true,true,false
65,50,Proliferation,true,false,false
71,39,Growth_Arrest,false,true,true
56,43,Proliferation,true,true,true
80,112,Proliferation,true,false,true
64,83,Proliferation,true,true,true
43,73,Proliferation,true,true,false
46,83,Proliferation,true,true,false
56,78,Growth_Arrest,false,true,false
43,103,Growth_Arrest,false,false,false
77,112,Growth_Arrest,false,false,true
116,74,Proliferation,true,false,false
49,106,Proliferation,true,true,false
76,67,Growth_Arrest,false,true,true
64,50,Growth_Arrest,false,true,true
79,80,Growth_Arrest,false,true,false
78,86,Proliferation,true,true,true
101,84,Growth_Arrest,false,false,false
65,100,Proliferation,true,true,false
79,58,Proliferation,true,true,true
84,60,Proliferation,true,true,true
60,42,Growth_Arrest,false,true,false
108,57,Growth_Arrest,false,false,false
70,89,Proliferation,true,true,false
55,63,Proliferation,true,false,true
43,76,Growth_Arrest,false,true,false
53,60,Growth_Arrest,false,true,true
107,48,Growth_Arrest,false,true,false
60,67,Proliferation,true,true,true
80,83,Growth_Arrest,false,false,false
52,102,Proliferation,true,false,true
60,54,Proliferation,true,false,true
107,55,Growth_Arrest,false,true,true
89,56,Proliferation,true,false,false
65,71,Growth_Arrest,false,false,false
56,79,Proliferation,true,true,true
65,76,Growth_Arrest,false,false,false
37,72,Proliferation,true,true,false
46,63,Proliferation,true,true,true
58,89,Growth_Arrest,false,true,true
95,46,Growth_Arrest,false,false,false
39,86,Proliferation,true,false,false
49,95,Growth_Arrest,false,false,false
78,56,Proliferation,true,true,false
75,69,Proliferation,true,false,true
84,41,Proliferation,true,true,true
53,40,Proliferation,true,false,true
66,76,Proliferation,true,false,false
111,54,Proliferation,true,true,false
81,32,Proliferation,true,false,true
72,110,Growth_Arrest,false,true,true
88,47,Proliferation,true,false,true
69,48,Growth_Arrest,false,false,true
60,55,Proliferation,true,false,false
56,67,Growth_Arrest,false,true,true
60,35,Proliferation,true,true,false
53,99,Proliferation,true,false,false
60,71,Proliferation,true,false,true
86,97,Proliferation,true,false,false
91,89,Proliferation,true,true,true
67,98,Proliferation,true,true,true
95,102,Growth_Arrest,false,false,false
117,76,Proliferation,true,false,true
46,48,Proliferation,true,false,true
64,106,Growth_Arrest,false,true,false
49,63,Proliferation,true,false,false
65,104,Growth_Arrest,false,false,false
82,38,Proliferation,true,true,true
36,62,Proliferation,true,false,false
72,66,Proliferation,true,true,true
70,36,Growth_Arrest,false,false,false
92,104,Growth_Arrest,false,true,false
94,85,Proliferation,true,true,true
44,91,Proliferation,true,false,false
72,40,Proliferation,true,true,true
67,94,Proliferation,true,false,false
94,74,Growth_Arrest,false,false,false
33,82,Growth_Arrest,false,false,true
52,89,Proliferation,true,false,false
90,87,Growth_Arrest,false,true,false
108,99,Proliferation,true,true,true
90,44,Proliferation,true,true,true
44,65,Proliferation,true,true,false
92,111,Proliferation,true,true,false
87,61,Growth_Arrest,false,false,false
77,52,Proliferation,true,true,false
61,93,Proliferation,true,false,false
55,37,Proliferation,true,false,false
106,94,Proliferation,true,true,false
80,99,Growth_Arrest,false,true,true
69,116,Growth_Arrest,false,false,true
55,50,Growth_Arrest,false,true,true
97,48,Proliferation,true,true,true
71,76,Growth_Arrest,false,true,false
40,53,Growth_Arrest,false,false,true
105,104,Proliferation,true,true,true
36,59,Proliferation,true,true,false
46,53,Proliferation,true,false,false
63,92,Proliferation,true,true,false
61,112,Proliferation,true,true,true
48,105,Proliferation,true,true,false
90,115,Growth_Arrest,false,false,true
42,93,Proliferation,true,true,true
93,84,Proliferation,true,true,true
79,88,Proliferation,true,false,true
78,98,Proliferation,true,false,false
79,84,Proliferation,true,true,false
111,53,Proliferation,true,false,true
111,84,Growth_Arrest,false,false,true
41,96,Growth_Arrest,false,true,true
46,71,Growth_Arrest,false,true,false
107,71,Growth_Arrest,false,true,false
84,108,Growth_Arrest,false,false,true
45,105,Proliferation,true,true,true
67,51,Growth_Arrest,false,true,false
95,97,Proliferation,true,false,false
45,59,Proliferation,true,false,false
75,61,Proliferation,true,false,true
68,47,Proliferation,true,true,true
69,34,Proliferation,true,true,true
85,61,Proliferation,true,true,true
62,101,Proliferation,true,true,true
79,111,Proliferation,true,true,true
45,102,Growth_Arrest,false,false,false
52,87,Proliferation,true,true,false
96,50,Growth_Arrest,false,true,true
89,110,Proliferation,true,false,true
76,116,Proliferation,true,false,true
106,70,Growth_Arrest,false,false,true
84,68,Proliferation,true,false,false
101,57,Proliferation,true,true,false
105,54,Proliferation,true,true,false
115,68,Proliferation,true,true,false
75,41,Proliferation,true,true,false
40,71,Proliferation,true,false,false
110,63,Proliferation,true,false,false
106,69,Proliferation,true,true,false
98,70,Proliferation,true,true,false
73,80,Proliferation,true,true,true
76,31,Proliferation,true,true,false
78,94,Proliferation,true,true,true
46,66,Proliferation,true,true,false
72,44,Growth_Arrest,false,false,false
78,81,Growth_Arrest,false,false,false
45,72,Proliferation,true,true,true
52,51,Proliferation,true,false,false
55,39,Proliferation,true,false,false
103,42,Proliferation,true,true,false
61,108,Growth_Arrest,false,true,true
82,33,Growth_Arrest,false,true,false
46,99,Growth_Arrest,false,false,true
107,52,Proliferation,true,false,false
74,46,Growth_Arrest,false,false,true
76,106,Growth_Arrest,false,false,true
54,65,Growth_Arrest,false,true,false
43,97,Proliferation,true,false,true
53,57,Proliferation,true,true,false
96,63,Proliferation,true,false,true
94,77,Proliferation,true,true,false
58,53,Proliferation,true,false,false
87,91,Proliferation,true,true,false
57,83,Proliferation,true,false,false
89,55,Proliferation,true,true,false
57,107,Proliferation,true,false,true
40,95,Growth_Arrest,false,false,true
87,53,Proliferation,true,false,true
109,96,Proliferation,true,true,false
88,54,Proliferation,true,true,false
73,71,Growth_Arrest,false,false,false
115,90,Growth_Arrest,false,false,true
51,55,Proliferation,true,false,false
37,86,Proliferation,true,true,true
47,66,Growth_Arrest,false,false,true
54,74,Growth_Arrest,false,true,true
88,73,Growth_Arrest,false,false,false
44,55,Proliferation,true,false,true
50,104,Proliferation,true,false,true
46,52,Growth_Arrest,false,true,false
47,65,Proliferation,true,true,true
73,83,Proliferation,true,true,false
87,54,Proliferation,true,true,false
60,78,Growth_Arrest,false,true,true
86,51,Proliferation,true,true,false
112,76,Proliferation,true,false,false
100,68,Proliferation,true,false,true
49,49,Proliferation,true,true,true
86,75,Proliferation,true,false,false
56,81,Proliferation,true,false,true
36,74,Proliferation,true,true,false
100,57,Growth_Arrest,false,false,true
42,98,Proliferation,true,true,true
40,92,Proliferation,true,true,false
52,74,Proliferation,true,true,true
101,86,Growth_Arrest,false,false,false
66,49,Proliferation,true,false,false
32,76,Proliferation,true,true,false
115,78,Proliferation,true,false,false
33,78,Proliferation,true,true,true
88,95,Growth_Arrest,false,true,true
89,115,Proliferation,true,false,false
116,70,Proliferation,true,false,false
89,48,Proliferation,true,true,false
41,92,Proliferation,true,false,true
104,101,Proliferation,true,true,false
74,43,Proliferation,true,true,true
93,107,Proliferation,true,false,false
48,75,Proliferation,true,false,true
74,57,Proliferation,true,false,false
105,51,Proliferation,true,true,false
40,78,Proliferation,true,true,false
98,103,Growth_Arrest,false,true,true
59,57,Proliferation,true,true,false
46,77,Growth_Arrest,false,false,true
57,45,Proliferation,true,false,true
33,64,Growth_Arrest,false,true,false
84,83,Growth_Arrest,false,false,false
78,59,Proliferation,true,false,false
65,89,Proliferation,true,true,true
103,81,Proliferation,true,true,true
75,75,Proliferation,true,true,true
83,39,Proliferation,true,true,true
31,77,Growth_Arrest,false,false,false
93,69,Proliferation,true,true,false
104,54,Proliferation,true,false,false
80,109,Proliferation,true,false,false
52,94,Proliferation,true,true,true
53,109,Growth_Arrest,false,false,false
74,102,Growth_Arrest,false,true,true
88,110,Proliferation,true,true,false
110,80,Proliferation,true,true,false
49,43,Proliferation,true,false,true
100,91,Proliferation,true,false,false
71,81,Proliferation,true,true,true
45,97,Growth_Arrest,false,false,false
57,89,Proliferation,true,true,true
95,76,Proliferation,true,false,true
62,56,Proliferation,true,false,true
48,45,Growth_Arrest,false,true,false
108,65,Proliferation,true,false,false
84,78,Growth_Arrest,false,true,false
64,43,Proliferation,true,false,false
101,91,Proliferation,true,true,false
82,49,Proliferation,true,false,true
84,91,Growth_Arrest,false,true,true
81,93,Proliferation,true,true,true
76,40,Growth_Arrest,false,true,true
73,39,Proliferation,true,true,true
92,68,Proliferation,true,true,true
46,102,Proliferation,true,false,true
112,87,Proliferation,true,true,true
62,60,Proliferation,true,false,false
106,92,Proliferation,true,true,false
52,75,Proliferation,true,true,true
89,102,Growth_Arrest,false,true,false
39,76,Proliferation,true,false,false
67,41,Growth_Arrest,false,true,false
60,56,Proliferation,true,true,false
110,56,Proliferation,true,true,false
100,70,Proliferation,true,false,false
69,113,Growth_Arrest,false,true,false
87,40,Proliferation,true,false,true
97,59,Growth_Arrest,false,true,true
60,79,Proliferation,true,true,true
71,50,Proliferation,true,false,false
89,63,Growth_Arrest,false,false,false
72,109,Proliferation,true,false,true
96,107,Proliferation,true,true,false
69,63,Growth_Arrest,false,true,true
47,88,Proliferation,true,false,true
61,40,Proliferation,true,false,true
91,56,Proliferation,true,true,false
51,56,Proliferation,true,false,true
85,87,Proliferation,true,true,false
93,91,Growth_Arrest,false,true,false
58,48,Growth_Arrest,false,true,true
86,68,Proliferation,true,false,true
40,89,Proliferation,true,true,true
72,35,Proliferation,true,false,false
105,79,Growth_Arrest,false,true,false
81,33,Proliferation,true,true,true
75,40,Proliferation,true,true,false
103,101,Growth_Arrest,false,false,false
94,99,Growth_Arrest,false,true,false
76,41,Proliferation,true,false,false
77,55,Proliferation,true,false,false
85,110,Growth_Arrest,false,false,false
83,106,Proliferation,true,false,true
58,37,Growth_Arrest,false,false,false
49,84,Growth_Arrest,false,false,false
78,60,Proliferation,true,false,false
96,54,Proliferation,true,true,false
58,88,Growth_Arrest,false,true,false
106,83,Growth_Arrest,false,true,false
60,62,Growth_Arrest,false,false,true
89,44,Proliferation,true,false,true
96,67,Proliferation,true,false,false
63,59,Proliferation,true,false,true
43,86,Proliferation,true,false,false
93,35,Growth_Arrest,false,false,false
109,93,Growth_Arrest,false,true,true
112,62,Proliferation,true,true,true
48,97,Proliferation,true,true,true
31,73,Proliferation,true,false,true
86,41,Proliferation,true,false,false
55,55,Proliferation,true,true,true
35,70,Growth_Arrest,false,true,false
101,78,Growth_Arrest,false,false,true
70,71,Proliferation,true,false,false
64,39,Proliferation,true,false,true
93,53,Proliferation,true,false,true
62,63,Proliferation,true,false,true
75,74,Growth_Arrest,false,false,false
64,53,Growth_Arrest,false,false,true
43,49,Proliferation,true,false,true
96,105,Growth_Arrest,false,false,false
103,66,Growth_Arrest,false,true,true
71,106,Growth_Arrest,false,true,false
81,105,Proliferation,true,false,true
110,64,Proliferation,true,true,true
72,86,Growth_Arrest,false,true,true
102,106,Growth_Arrest,false,true,false
99,73,Proliferation,true,false,true
55,92,Proliferation,true,false,true
59,34,Growth_Arrest,false,false,true
68,37,Growth_Arrest,false,false,false
68,48,Proliferation,true,true,true
91,99,Proliferation,true,true,true
117,73,Growth_Arrest,false,true,false
63,61,Proliferation,true,false,false
96,72,Proliferation,true,false,true
77,103,Proliferation,true,false,true
76,76,Growth_Arrest,false,true,false
98,43,Proliferation,true,false,false
83,111,Proliferation,true,false,false
66,80,Proliferation,true,true,true
76,114,Proliferation,true,false,false
67,48,Proliferation,true,false,true
55,91,Proliferation,true,true,true
91,61,Proliferation,true,true,true
35,61,Proliferation,true,false,true
88,76,Growth_Arrest,false,false,true
33,72,Growth_Arrest,false,false,false
64,55,Proliferation,true,true,false
43,88,Proliferation,true,true,true
79,32,Proliferation,true,false,true
60,43,Proliferation,true,true,true
90,89,Proliferation,true,false,true
53,93,Proliferation,true,false,true
73,107,Proliferation,true,false,false
88,60,Proliferation,true,false,false
75,103,Proliferation,true,false,false
69,83,Proliferation,true,false,false
70,95,Growth_Arrest,false,false,true
60,91,Proliferation,true,false,false
48,62,Proliferation,true,true,false
113,67,Proliferation,true,true,false
55,73,Growth_Arrest,false,true,true
118,75,Proliferation,true,false,true
103,106,Proliferation,true,true,false
102,65,Growth_Arrest,false,true,true
114,69,Growth_Arrest,false,false,true
102,84,Proliferation,true,false,true
41,68,Proliferation,true,false,true
101,102,Proliferation,true,false,true
107,100,Proliferation,true,false,false
103,52,Proliferation,true,true,false
45,85,Proliferation,true,true,true
98,44,Proliferation,true,true,true
114,57,Proliferation,true,true,true
54,47,Growth_Arrest,false,true,false
101,97,Proliferation,true,false,true
40,83,Growth_Arrest,false,false,true
91,71,Proliferation,true,true,true
88,56,Proliferation,true,true,false
103,47,Proliferation,true,true,true
39,91,Growth_Arrest,false,false,true
75,64,Proliferation,true,true,false
83,34,Growth_Arrest,false,false,true
57,76,Proliferation,true,false,true
60,34,Proliferation,true,true,false
108,49,Growth_Arrest,false,true,false
80,79,Proliferation,true,true,false
64,67,Growth_Arrest,false,true,false
97,110,Proliferation,true,true,false
45,61,Proliferation,true,false,false
52,46,Proliferation,true,false,false
80,78,Growth_Arrest,false,false,false
103,53,Proliferation,true,false,false
108,101,Growth_Arrest,false,false,true
50,40,Growth_Arrest,false,false,true
88,68,Growth_Arrest,false,true,true
34,90,Proliferation,true,false,false
53,96,Growth_Arrest,false,true,true
104,104,Growth_Arrest,false,false,true
68,93,Growth_Arrest,false,false,true
116,61,Proliferation,true,true,false
108,70,Proliferation,true,false,false
83,114,Proliferation,true,false,true
85,81,Proliferation,true,true,false
58,95,Proliferation,true,false,true
95,77,Proliferation,true,false,false
95,39,Growth_Arrest,false,true,false
105,97,Proliferation,true,false,false
87,58,Proliferation,true,false,true
76,90,Proliferation,true,true,false
97,57,Proliferation,true,true,false
97,46,Growth_Arrest,false,true,false
80,62,Proliferation,true,true,true
101,77,Proliferation,true,false,true
88,105,Proliferation,true,true,true
94,81,Growth_Arrest,false,false,false
114,76,Growth_Arrest,false,false,false
48,52,Proliferation,true,true,false
38,84,Growth_Arrest,false,true,true
57,101,Proliferation,true,true,false
49,72,Growth_Arrest,false,true,true
90,101,Growth_Arrest,false,false,true
42,52,Proliferation,true,false,true
59,35,Growth_Arrest,false,true,false
97,44,Proliferation,true,true,false
64,77,Proliferation,true,false,true
59,69,Proliferation,true,true,true
84,93,Proliferation,true,false,false
76,51,Proliferation,true,false,false
79,34,Proliferation,true,false,true
85,39,Proliferation,true,true,false
34,79,Proliferation,true,false,false
56,75,Growth_Arrest,false,true,false
55,81,Proliferation,true,true,true
82,60,Growth_Arrest,false,true,false
63,48,Proliferation,true,false,true
80,53,Proliferation,true,true,false
64,93,Proliferation,true,false,false
41,60,Growth_Arrest,false,true,true
98,94,Proliferation,true,true,true
88,34,Proliferation,true,true,true
110,81,Proliferation,true,false,false
47,67,Proliferation,true,true,true
95,63,Growth_Arrest,false,true,true
34,69,Proliferation,true,false,false
65,43,Proliferation,true,false,false
107,97,Proliferation,true,true,false
99,55,Proliferation,true,false,false
114,63,Proliferation,true,false,false
77,116,Proliferation,true,false,true
68,71,Proliferation,true,false,true
86,104,Proliferation,true,false,false
90,70,Growth_Arrest,false,true,true
69,89,Proliferation,true,true,true
98,81,Growth_Arrest,false,false,false
104,56,Growth_Arrest,false,true,false
54,56,Proliferation,true,false,true
107,102,Growth_Arrest,false,false,false
99,71,Proliferation,true,false,true
85,68,Proliferation,true,false,false
65,112,Proliferation,true,true,false
81,44,Proliferation,true,true,true
92,112,Proliferation,true,true,true
44,105,Proliferation,true,true,false
77,87,Proliferation,true,true,true
38,67,Proliferation,true,false,true
52,44,Proliferation,true,false,false
87,39,Proliferation,true,false,false
86,71,Growth_Arrest,false,false,true
70,75,Proliferation,true,true,true
79,37,Proliferation,true,true,true
68,78,Proliferation,true,false,false
54,55,Growth_Arrest,false,true,false
63,98,Proliferation,true,true,true
100,58,Proliferation,true,false,true
96,60,Growth_Arrest,false,false,true
67,102,Growth_Arrest,false,true,true
58,39,Proliferation,true,false,false
44,54,Growth_Arrest,false,false,true
90,91,Proliferation,true,true,false
83,55,Proliferation,true,true,true
106,93,Proliferation,true,false,true
115,70,Proliferation,true,true,false
47,62,Growth_Arrest,false,true,false
63,96,Proliferation,true,false,false
79,70,Proliferation,true,true,false
110,50,Growth_Arrest,false,true,true
69,96,Growth_Arrest,false,true,true
90,100,Growth_Arrest,false,false,true
62,109,Proliferation,true,true,true
61,106,Growth_Arrest,false,false,true
47,44,Growth_Arrest,false,false,true
112,61,Proliferation,true,false,true
42,59,Proliferation,true,true,false
81,51,Growth_Arrest,false,false,true
111,60,Proliferation,true,false,true
111,87,Proliferation,true,false,false
99,102,Proliferation,true,true,false
94,88,Proliferation,true,false,false
78,75,Growth_Arrest,false,true,false
93,38,Growth_Arrest,false,true,true
91,50,Proliferation,true,false,false
64,110,Proliferation,true,true,true
65,64,Proliferation,true,false,false
35,93,Proliferation,true,true,false
91,67,Growth_Arrest,false,true,true
46,104,Proliferation,true,true,false
82,112,Proliferation,true,true,true
43,48,Proliferation,true,true,false
79,95,Proliferation,true,true,false
98,56,Growth_Arrest,false,true,true
97,61,Proliferation,true,false,false
33,80,Proliferation,true,true,false
111,76,Proliferation,true,false,false
56,50,Proliferation,true,false,false
89,75,Growth_Arrest,false,true,false
77,32,Growth_Arrest,false,true,true
59,71,Proliferation,true,true,false
54,45,Proliferation,true,true,true
64,56,Proliferation,true,false,true
77,73,Proliferation,true,true,false
70,69,Growth_Arrest,false,false,true
92,113,Growth_Arrest,false,true,true
104,106,Proliferation,true,false,true
92,70,Proliferation,true,false,true
69,38,Proliferation,true,false,true
80,65,Growth_Arrest,false,false,true
63,47,Growth_Arrest,false,true,false
48,69,Proliferation,true,false,true
111,78,Growth_Arrest,false,true,false
87,79,Growth_Arrest,false,true,false
61,83,Proliferation,true,true,false
60,59,Proliferation,true,false,true
77,92,Proliferation,true,true,true
40,85,Proliferation,true,false,true
100,85,Proliferation,true,true,true
102,93,Growth_Arrest,false,true,false
55,71,Proliferation,true,true,true
34,83,Growth_Arrest,false,false,false
83,56,Growth_Arrest,false,false,true
81,52,Proliferation,true,true,false
62,114,Proliferation,true,true,true
67,108,Proliferation,true,true,false
107,88,Proliferation,true,false,false
85,93,Growth_Arrest,false,true,true
97,87,Proliferation,true,false,false
62,52,Growth_Arrest,false,false,false
90,40,Growth_Arrest,false,true,false
103,45,Proliferation,true,false,false
99,69,Growth_Arrest,false,true,false
58,99,Growth_Arrest,false,true,true
77,101,Proliferation,true,true,false
36,94,Proliferation,true,false,false
96,93,Proliferation,true,false,false
45,77,Proliferation,true,true,false
46,80,Proliferation,true,true,true
49,93,Proliferation,true,true,true
59,36,Proliferation,true,false,true
63,70,Proliferation,true,true,true
67,115,Proliferation,true,false,true
65,117,Growth_Arrest,false,false,false
55,77,Proliferation,true,false,false
49,94,Proliferation,true,false,true
58,65,Proliferation,true,true,false
89,67,Proliferation,true,false,true
104,93,Proliferation,true,false,false
39,53,Proliferation,true,false,true
55,48,Proliferation,true,false,true
83,74,Growth_Arrest,false,true,true
103,84,Growth_Arrest,false,true,false
103,89,Proliferation,true,true,false
87,82,Proliferation,true,false,false
54,83,Growth_Arrest,false,false,false
63,38,Proliferation,true,false,true
71,66,Growth_Arrest,false,false,true
92,58,Growth_Arrest,false,false,false
33,75,Proliferation,true,true,false
72,115,Proliferation,true,true,true
70,50,Proliferation,true,false,false
93,67,Proliferation,true,true,false
72,68,Proliferation,true,false,false
46,100,Proliferation,true,false,false
86,86,Proliferation,true,false,true
107,61,Growth_Arrest,false,true,true
89,39,Proliferation,true,false,false
78,45,Growth_Arrest,false,false,true
77,31,Proliferation,true,false,true
41,79,Proliferation,true,true,false
57,75,Growth_Arrest,false,false,true
70,49,Proliferation,true,true,true
86,114,Proliferation,true,true,true
108,98,Proliferation,true,true,false
108,94,Proliferation,true,true,false
44,79,Proliferation,true,false,false
81,79,Proliferation,true,false,true
43,71,Growth_Arrest,false,true,false
96,98,Proliferation,true,false,true
108,95,Proliferation,true,true,false
65,115,Proliferation,true,false,true
89,78,Proliferation,true,false,true
52,104,Proliferation,true,true,true
53,108,Proliferation,true,false,true
101,107,Proliferation,true,true,true
106,103,Proliferation,true,true,false
100,78,Growth_Arrest,false,false,true
64,81,Proliferation,true,false,false
112,64,Proliferation,true,false,false
46,43,Proliferation,true,false,false
70,41,Proliferation,true,true,true
79,63,Proliferation,true,true,false
97,91,Proliferation,true,true,true
75,68,Proliferation,true,false,false
85,75,Growth_Arrest,false,false,true
103,58,Growth_Arrest,false,false,false
79,54,Growth_Arrest,false,false,false
32,67,Proliferation,true,false,true
98,57,Proliferation,true,true,true
84,70,Proliferation,true,true,true
66,57,Proliferation,true,true,true
99,39,Proliferation,true,false,true
91,45,Proliferation,true,false,false
104,89,Growth_Arrest,false,true,false
117,80,Proliferation,true,true,false
80,104,Proliferation,true,false,false
79,38,Growth_Arrest,false,true,false
81,65,Proliferation,true,true,false
48,104,Proliferation,true,false,false
101,88,Proliferation,true,true,false
66,116,Proliferation,true,false,false
43,75,Proliferation,true,false,true
66,48,Growth_Arrest,false,false,true
80,43,Growth_Arrest,false,true,false
86,94,Growth_Arrest,false,true,false
85,90,Proliferation,true,true,true
97,58,Proliferation,true,true,true
96,44,Growth_Arrest,false,true,false
44,104,Proliferation,true,true,false
52,59,Proliferation,true,false,false
68,58,Proliferation,true,true,true
111,57,Proliferation,true,false,true
45,52,Proliferation,true,true,true
96,58,Growth_Arrest,false,true,true
60,85,Growth_Arrest,false,true,false
43,59,Growth_Arrest,false,false,false
96,108,Proliferation,true,false,false
51,95,Proliferation,true,true,false
60,73,Proliferation,true,false,false
104,45,Growth_Arrest,false,false,false
99,41,Proliferation,true,true,true
81,37,Growth_Arrest,false,true,false
95,109,Growth_Arrest,false,true,true
72,92,Proliferation,true,true,false
60,44,Growth_Arrest,false,true,true
49,39,Growth_Arrest,false,true,false
99,101,Growth_Arrest,false,false,true
61,68,Proliferation,true,true,false
97,41,Proliferation,true,true,true
107,77,Proliferation,true,false,false
73,33,Proliferation,true,false,false
40,51,Proliferation,true,false,false
96,46,Proliferation,true,false,false
41,69,Growth_Arrest,false,false,false
98,101,Proliferation,true,true,false
99,95,Proliferation,true,true,true
74,103,Proliferation,true,false,true
114,64,Proliferation,true,true,false
33,88,Proliferation,true,true,false
82,96,Proliferation,true,true,false
77,84,Growth_Arrest,false,false,true
60,103,Growth_Arrest,false,true,true
89,111,Proliferation,true,false,true
71,88,Growth_Arrest,false,false,false
102,64,Proliferation,true,false,true
87,50,Proliferation,true,true,false
100,96,Proliferation,true,true,false
99,57,Proliferation,true,true,false
58,97,Growth_Arrest,false,true,false
92,72,Proliferation,true,true,false
109,75,Growth_Arrest,false,false,true
41,53,Proliferation,true,true,false
104,61,Proliferation,true,true,true
107,53,Proliferation,true,true,true
48,44,Proliferation,true,true,false
46,76,Proliferation,true,true,false
75,113,Proliferation,true,true,false
65,106,Growth_Arrest,false,true,true
52,61,Growth_Arrest,false,false,false
102,70,Proliferation,true,true,true
91,78,Growth_Arrest,false,true,true
84,45,Proliferation,true,true,false
103,103,Growth_Arrest,false,false,false
89,60,Proliferation,true,false,true
60,81,Growth_Arrest,false,false,false
79,90,Proliferation,true,false,true
94,110,Proliferation,true,false,true
83,57,Growth_Arrest,false,true,true
91,94,Proliferation,true,false,false
69,73,Growth_Arrest,false,true,false
62,110,Growth_Arrest,false,false,true
49,81,Growth_Arrest,false,true,true
103,59,Proliferation,true,false,true
103,61,Growth_Arrest,false,true,false
41,58,Growth_Arrest,false,true,false
37,94,Growth_Arrest,false,true,true
40,99,Proliferation,true,false,true
94,87,Proliferation,true,false,true
71,114,Growth_Arrest,false,false,true
84,67,Proliferation,true,false,true
86,36,Growth_Arrest,false,false,false
91,103,Proliferation,true,true,true
82,83,Proliferation,true,true,true
60,99,Proliferation,true,true,false
32,80,Proliferation,true,true,false
50,109,Proliferation,true,true,true
96,64,Proliferation,true,false,false
55,36,Proliferation,true,false,true
62,42,Proliferation,true,true,false
63,107,Growth_Arrest,false,true,false
86,78,Proliferation,true,true,false
52,90,Proliferation,true,false,true
105,105,Growth_Arrest,false,true,true
115,89,Proliferation,true,true,true
86,47,Growth_Arrest,false,false,true
107,67,Proliferation,true,false,false
56,113,Proliferation,true,true,false
99,53,Growth_Arrest,false,false,false
64,71,Proliferation,true,false,true
87,48,Proliferation,true,false,true
49,74,Proliferation,true,false,false
88,94,Proliferation,true,false,true
89,70,Proliferation,true,true,false
45,98,Proliferation,true,true,true
66,92,Proliferation,true,true,false
48,46,Proliferation,true,true,true
107,78,Proliferation,true,true,true
52,97,Proliferation,true,false,false
52,70,Proliferation,true,true,true
36,86,Growth_Arrest,false,true,false
38,70,Proliferation,true,false,false
94,100,Proliferation,true,false,false
102,81,Proliferation,true,true,false
89,41,Proliferation,true,false,true
41,75,Proliferation,true,false,true
51,82,Proliferation,true,false,false
70,61,Proliferation,true,true,true
75,99,Proliferation,true,true,true
82,86,Proliferation,true,false,false
59,86,Proliferation,true,false,false
77,99,Proliferation,true,true,true
112,68,Proliferation,true,false,true
51,71,Growth_Arrest,false,false,false
52,52,Growth_Arrest,false,true,false
64,104,Proliferation,true,true,false
93,93,Proliferation,true,false,false
82,97,Growth_Arrest,false,false,false
65,108,Proliferation,true,false,true
46,51,Proliferation,true,false,false
79,56,Growth_Arrest,false,false,false
79,91,Proliferation,true,false,true
63,50,Proliferation,true,false,true
89,71,Proliferation,true,true,true
80,51,Proliferation,true,false,false
80,42,Growth_Arrest,false,true,true
39,57,Proliferation,true,false,true
89,94,Proliferation,true,true,true
73,113,Growth_Arrest,false,false,false
61,109,Proliferation,true,true,true
95,38,Growth_Arrest,false,false,false
71,70,Growth_Arrest,false,false,true
86,110,Proliferation,true,false,false
87,107,Growth_Arrest,false,true,true
46,74,Growth_Arrest,false,false,false
100,95,Proliferation,true,true,false
97,51,Growth_Arrest,false,false,true
90,98,Growth_Arrest,false,true,true
69,46,Growth_Arrest,false,true,true
58,84,Proliferation,true,true,true
87,85,Growth_Arrest,false,true,true
59,47,Proliferation,true,true,true
84,66,Proliferation,true,true,true
81,100,Proliferation,true,false,false
89,113,Proliferation,true,false,false
52,68,Proliferation,true,true,false
95,104,Proliferation,true,false,true
76,55,Proliferation,true,true,true
100,74,Proliferation,true,true,true
57,99,Growth_Arrest,false,true,false
63,53,Growth_Arrest,false,false,true
108,66,Proliferation,true,true,true
73,56,Proliferation,true,false,true
92,44,Proliferation,true,true,true
107,85,Growth_Arrest,false,false,false
40,81,Growth_Arrest,false,false,true
111,67,Proliferation,true,false,false
49,55,Growth_Arrest,false,true,true
103,87,Proliferation,true,false,false
74,67,Growth_Arrest,false,false,false
43,78,Proliferation,true,false,false
44,99,Growth_Arrest,false,true,true
75,106,Proliferation,true,true,true
102,91,Proliferation,true,false,true
41,48,Proliferation,true,false,false
71,44,Proliferation,true,true,true
37,63,Proliferation,true,true,false
48,56,Growth_Arrest,false,true,true
102,50,Growth_Arrest,false,true,true
87,67,Proliferation,true,false,false
93,110,Growth_Arrest,false,false,true
50,66,Proliferation,true,false,true
82,69,Proliferation,true,false,true
104,73,Growth_Arrest,false,true,true
107,99,Proliferation,true,true,false
72,100,Proliferation,true,false,false
93,109,Growth_Arrest,false,true,false
56,88,Proliferation,true,false,false
106,50,Proliferation,true,true,false
52,58,Proliferation,true,false,false
43,84,Proliferation,true,false,true
50,69,Growth_Arrest,false,false,true
96,80,Growth_Arrest,false,false,false
47,45,Growth_Arrest,false,true,true
82,99,Growth_Arrest,false,false,true
110,83,Proliferation,true,false,true
54,63,Growth_Arrest,false,false,true
88,61,Proliferation,true,false,false
55,69,Growth_Arrest,false,true,true
82,48,Proliferation,true,false,false
81,72,Growth_Arrest,false,true,true
75,57,Growth_Arrest,false,true,true
54,81,Proliferation,true,false,false
32,75,Growth_Arrest,false,false,true
62,39,Growth_Arrest,false,false,false
103,83,Growth_Arrest,false,false,false
54,77,Growth_Arrest,false,true,true
37,85,Growth_Arrest,false,false,false
110,66,Growth_Arrest,false,false,true
54,54,Proliferation,true,true,true
85,116,Growth_Arrest,false,true,true
115,63,Growth_Arrest,false,true,false
93,66,Growth_Arrest,false,false,false
80,46,Proliferation,true,false,true
73,115,Proliferation,true,false,false
62,33,Growth_Arrest,false,false,true
39,78,Proliferation,true,false,false
61,57,Proliferation,true,true,false
82,56,Proliferation,true,true,true
92,78,Proliferation,true,false,false
67,112,Proliferation,true,true,true
70,117,Proliferation,true,false,false
92,66,Growth_Arrest,false,true,true
55,38,Proliferation,true,false,true
112,69,Proliferation,true,false,false
88,104,Proliferation,true,false,true
98,60,Proliferation,true,true,false
72,114,Proliferation,true,false,false
41,95,Growth_Arrest,false,true,true
104,55,Proliferation,true,false,false
94,38,Growth_Arrest,false,false,false
49,54,Growth_Arrest,false,false,true
52,95,Growth_Arrest,false,false,false
61,87,Proliferation,true,true,true
95,66,Proliferation,true,false,true
39,51,Growth_Arrest,false,true,true
76,59,Proliferation,true,true,true
45,64,Growth_Arrest,false,false,true
57,62,Proliferation,true,false,false
80,100,Proliferation,true,false,true
42,58,Growth_Arrest,false,true,false
75,37,Proliferation,true,false,false
41,55,Growth_Arrest,false,false,true
32,71,Proliferation,true,true,true
83,113,Proliferation,true,false,false
98,50,Growth_Arrest,false,true,false
85,101,Growth_Arrest,false,true,true
64,105,Proliferation,true,false,true
91,38,Proliferation,true,false,true
92,87,Growth_Arrest,false,true,false
82,65,Proliferation,true,false,true
111,98,Proliferation,true,true,true
107,60,Growth_Arrest,false,true,false
108,64,Proliferation,true,false,false
48,98,Proliferation,true,false,false
106,91,Growth_Arrest,false,false,false
71,110,Growth_Arrest,false,true,true
71,49,Proliferation,true,false,false
54,38,Proliferation,true,false,true
44,71,Proliferation,true,true,false
39,49,Proliferation,true,true,true
52,84,Growth_Arrest,false,false,false
108,52,Growth_Arrest,false,false,true
107,103,Proliferation,true,true,true
62,75,Proliferation,true,false,true
99,65,Proliferation,true,true,true
69,51,Proliferation,true,true,false
88,46,Proliferation,true,false,true
54,60,Proliferation,true,true,true
106,65,Proliferation,true,false,true
112,72,Proliferation,true,false,true
92,67,Growth_Arrest,false,true,false
88,114,Proliferation,true,true,false
91,79,Growth_Arrest,false,true,true
64,33,Growth_Arrest,false,true,false
64,80,Proliferation,true,true,false
97,92,Growth_Arrest,false,false,false
114,79,Growth_Arrest,false,true,false
117,74,Growth_Arrest,false,false,false
55,70,Growth_Arrest,false,false,true
96,111,Proliferation,true,false,false
102,54,Growth_Arrest,false,false,true
77,97,Growth_Arrest,false,true,true
107,50,Growth_Arrest,false,true,false
50,68,Proliferation,true,false,false
46,59,Growth_Arrest,false,false,true
114,72,Proliferation,true,false,true
66,54,Proliferation,true,false,true
94,47,Proliferation,true,true,true
58,43,Proliferation,true,false,true
75,50,Growth_Arrest,false,true,false
115,80,Growth_Arrest,false,false,false
96,92,Proliferation,true,true,false
109,48,Growth_Arrest,false,false,false
66,86,Growth_Arrest,false,false,false
58,91,Growth_Arrest,false,true,false
82,73,Proliferation,true,true,true
78,73,Proliferation,true,false,false
48,51,Growth_Arrest,false,false,false
58,42,Proliferation,true,false,true
71,78,Proliferation,true,true,true
71,117,Proliferation,true,false,true
83,73,Growth_Arrest,false,true,true
97,78,Growth_Arrest,false,false,true
96,102,Growth_Arrest,false,true,true
41,98,Proliferation,true,true,false
58,36,Proliferation,true,false,false
88,49,Proliferation,true,true,false
39,55,Growth_Arrest,false,true,false
71,52,Proliferation,true,true,true
89,109,Proliferation,true,false,true
101,63,Proliferation,true,false,true
101,65,Proliferation,true,true,false
59,107,Proliferation,true,false,true
93,75,Proliferation,true,true,true
44,46,Proliferation,true,false,false
74,80,Proliferation,true,false,false
84,49,Proliferation,true,true,false
84,79,Proliferation,true,true,false
70,67,Growth_Arrest,false,true,true
101,72,Growth_Arrest,false,false,true
71,47,Proliferation,true,true,false
37,81,Proliferation,true,true,false
62,40,Growth_Arrest,false,true,true
102,75,Growth_Arrest,false,false,true
44,66,Growth_Arrest,false,false,false
66,41,Proliferation,true,false,true
94,68,Proliferation,true,true,true
61,34,Proliferation,true,false,false
71,34,Proliferation,true,true,false
85,44,Proliferation,true,true,false
76,61,Growth_Arrest,false,true,true
97,45,Growth_Arrest,false,true,true
67,54,Proliferation,true,true,true
47,95,Growth_Arrest,false,true,true
62,44,Proliferation,true,false,true
89,37,Proliferation,true,false,false
115,69,Proliferation,true,true,true
99,79,Growth_Arrest,false,false,false
52,64,Growth_Arrest,false,false,false
90,73,Proliferation,true,false,true
82,72,Growth_Arrest,false,true,false
82,58,Growth_Arrest,false,true,false
77,57,Proliferation,true,false,true
83,100,Proliferation,true,false,true
80,113,Proliferation,true,false,true
81,41,Proliferation,true,false,true
61,79,Growth_Arrest,false,true,false
82,84,Proliferation,true,false,false
113,89,Growth_Arrest,false,false,false
54,93,Growth_Arrest,false,false,false
82,78,Proliferation,true,true,false
96,69,Proliferation,true,false,false
85,43,Growth_Arrest,false,false,false
55,40,Proliferation,true,false,false
99,94,Proliferation,true,false,false
81,67,Proliferation,true,true,true
73,52,Proliferation,true,false,false
47,85,Growth_Arrest,false,true,false
74,73,Proliferation,true,false,false
104,57,Proliferation,true,false,false
72,76,Proliferation,true,true,true
95,43,Proliferation,true,false,false
51,107,Proliferation,true,true,true
57,66,Proliferation,true,false,true
45,51,Proliferation,true,false,false
112,91,Proliferation,true,false,false
40,60,Proliferation,true,true,true
82,36,Growth_Arrest,false,true,false
70,94,Growth_Arrest,false,true,true
98,41,Proliferation,true,true,true
66,74,Proliferation,true,false,true
88,50,Growth_Arrest,false,false,false
39,69,Growth_Arrest,false,true,false
82,39,Proliferation,true,false,false
70,104,Proliferation,true,false,false
97,74,Proliferation,true,true,false
64,99,Growth_Arrest,false,true,true
106,98,Proliferation,true,false,true
40,98,Proliferation,true,true,false
102,74,Proliferation,true,false,false
68,76,Proliferation,true,false,true
72,61,Growth_Arrest,false,true,true
75,102,Proliferation,true,false,true
97,82,Proliferation,true,true,true
91,68,Growth_Arrest,false,false,true
47,86,Proliferation,true,true,true
34,65,Proliferation,true,false,true
48,96,Growth_Arrest,false,true,true
111,94,Proliferation,true,true,true
102,42,Proliferation,true,false,false
81,58,Proliferation,true,true,true
85,73,Proliferation,true,true,true
62,103,Proliferation,true,true,true
96,55,Proliferation,true,true,false
73,93,Growth_Arrest,false,true,false
76,77,Proliferation,true,true,true
67,105,Growth_Arrest,false,true,true
62,61,Proliferation,true,false,true
98,77,Proliferation,true,true,true
47,77,Proliferation,true,true,true
105,64,Growth_Arrest,false,false,true
107,79,Proliferation,true,false,false
82,44,Proliferation,true,true,false
68,96,Proliferation,true,true,true
44,103,Proliferation,true,false,false
71,93,Proliferation,true,false,true
50,43,Proliferation,true,false,false
56,61,Proliferation,true,true,false
42,62,Growth_Arrest,false,false,true
54,110,Growth_Arrest,false,true,false
48,47,Growth_Arrest,false,true,true
42,73,Proliferation,true,false,true
83,58,Proliferation,true,false,false
49,75,Proliferation,true,false,false
98,68,Growth_Arrest,false,true,true
38,82,Proliferation,true,true,true
36,80,Growth_Arrest,false,true,false
90,61,Growth_Arrest,false,true,false
70,83,Proliferation,true,false,false
62,95,Growth_Arrest,false,true,true
74,91,Proliferation,true,true,false
83,84,Proliferation,true,false,true
65,79,Proliferation,true,true,false
72,87,Proliferation,true,true,true
35,58,Proliferation,true,true,true
95,58,Growth_Arrest,false,false,false
103,55,Growth_Arrest,false,false,true
94,64,Growth_Arrest,false,false,true
81,115,Proliferation,true,true,false
107,70,Proliferation,true,false,false
45,50,Growth_Arrest,false,false,false
53,92,Growth_Arrest,false,true,true
115,74,Proliferation,true,true,false
76,65,Proliferation,true,false,true
47,47,Proliferation,true,true,false
67,64,Proliferation,true,true,true
108,58,Growth_Arrest,false,false,false
43,47,Growth_Arrest,false,true,false
98,78,Proliferation,true,true,false
37,73,Proliferation,true,false,true
63,113,Proliferation,true,true,true
65,36,Proliferation,true,false,false
58,74,Proliferation,true,true,true
101,108,Proliferation,true,false,false
76,72,Proliferation,true,true,false
57,63,Growth_Arrest,false,false,true
115,79,Proliferation,true,true,false
57,94,Growth_Arrest,false,false,true
58,57,Proliferation,true,true,true
71,89,Proliferation,true,true,false
39,96,Growth_Arrest,false,true,true
54,101,Proliferation,true,false,false
57,65,Proliferation,true,false,true
83,85,Proliferation,true,true,false
70,60,Proliferation,true,true,false
41,61,Proliferation,true,false,true
107,56,Proliferation,true,false,true
113,88,Growth_Arrest,false,false,false
105,99,Growth_Arrest,false,true,false
104,83,Growth_Arrest,false,false,false
74,71,Proliferation,true,false,false
87,86,Proliferation,true,false,false
95,111,Proliferation,true,false,true
52,72,Proliferation,true,true,true
106,86,Growth_Arrest,false,false,false
85,77,Growth_Arrest,false,false,true
68,80,Proliferation,true,false,false
35,90,Growth_Arrest,false,false,true
101,44,Growth_Arrest,false,false,false
59,98,Proliferation,true,false,false
66,108,Proliferation,true,true,false
98,104,Proliferation,true,false,true
88,83,Proliferation,true,false,true
45,66,Growth_Arrest,false,false,true
75,87,Proliferation,true,true,true
111,61,Proliferation,true,true,false
42,66,Growth_Arrest,false,false,false
51,79,Growth_Arrest,false,false,false
111,93,Proliferation,true,true,false
94,102,Growth_Arrest,false,true,true
96,86,Proliferation,true,true,true
116,75,Proliferation,true,true,false
39,93,Proliferation,true,false,false
70,115,Growth_Arrest,false,false,true
65,80,Growth_Arrest,false,false,false
58,40,Proliferation,true,false,false
63,84,Proliferation,true,false,false
83,89,Growth_Arrest,false,true,false
88,112,Proliferation,true,true,true
76,84,Proliferation,true,false,true
49,108,Proliferation,true,false,false
78,57,Proliferation,true,false,true
95,106,Proliferation,true,false,true
48,82,Proliferation,true,false,true
112,65,Proliferation,true,true,true
94,101,Proliferation,true,true,false
98,111,Proliferation,true,false,true
58,93,Growth_Arrest,false,true,false
62,58,Proliferation,true,false,false
79,81,Proliferation,true,false,true
77,64,Proliferation,true,false,false
89,99,Proliferation,true,true,false
100,60,Proliferation,true,true,false
80,55,Proliferation,true,true,false
53,44,Proliferation,true,false,true
88,82,Growth_Arrest,false,true,false
67,86,Growth_Arrest,false,true,false
96,106,Growth_Arrest,false,true,true
85,62,Growth_Arrest,false,true,true
73,73,Proliferation,true,false,true
47,71,Proliferation,true,true,false
111,55,Growth_Arrest,false,false,false
54,48,Proliferation,true,true,false
113,66,Proliferation,true,false,false
74,85,Growth_Arrest,false,false,true
106,99,Proliferation,true,true,true
36,69,Growth_Arrest,false,false,true
41,54,Proliferation,true,true,true
64,86,Growth_Arrest,false,false,false
77,53,Proliferation,true,true,false
90,60,Growth_Arrest,false,false,false
88,59,Growth_Arrest,false,true,false
39,67,Proliferation,true,false,false
50,75,Proliferation,true,false,false
80,40,Proliferation,true,true,true
43,55,Proliferation,true,false,false
58,86,Proliferation,true,true,false
52,71,Proliferation,true,false,true
83,60,Growth_Arrest,false,true,false
62,115,Growth_Arrest,false,false,false
105,96,Growth_Arrest,false,true,true
93,44,Proliferation,true,true,false
84,106,Proliferation,true,true,true
50,106,Proliferation,true,true,false
76,48,Proliferation,true,false,false
68,36,Proliferation,true,true,false
75,45,Growth_Arrest,false,false,true
49,82,Proliferation,true,false,false
90,110,Proliferation,true,false,true
79,85,Proliferation,true,false,false
97,111,Proliferation,true,false,false
74,105,Proliferation,true,true,true
82,110,Proliferation,true,true,false
107,64,Growth_Arrest,false,true,true
39,65,Proliferation,true,false,false
47,81,Proliferation,true,false,true
114,74,Proliferation,true,true,false
86,79,Proliferation,true,true,false
76,34,Growth_Arrest,false,true,true
36,57,Growth_Arrest,false,true,false
67,68,Proliferation,true,true,true
66,81,Proliferation,true,false,true
65,39,Proliferation,true,true,false
94,37,Proliferation,true,false,true
61,74,Growth_Arrest,false,true,false
74,37,Growth_Arrest,false,true,false
90,59,Growth_Arrest,false,false,false
73,117,Proliferation,true,true,false
83,91,Proliferation,true,false,false
108,92,Proliferation,true,true,true
53,39,Proliferation,true,true,false
58,107,Proliferation,true,true,true
54,51,Growth_Arrest,false,true,false
31,71,Proliferation,true,false,false
58,82,Proliferation,true,true,true
108,81,Proliferation,true,false,false
62,97,Proliferation,true,true,false
83,90,Proliferation,true,true,false
64,41,Proliferation,true,true,true
73,103,Growth_Arrest,false,true,false
99,110,Proliferation,true,true,true
72,37,Proliferation,true,false,true
53,78,Growth_Arrest,false,true,false
92,95,Proliferation,true,true,false
106,56,Proliferation,true,true,true
79,83,Proliferation,true,false,false
87,83,Proliferation,true,false,true
34,85,Proliferation,true,false,true
116,67,Proliferation,true,true,true
86,62,Proliferation,true,true,false
47,90,Growth_Arrest,false,true,false
45,54,Growth_Arrest,false,true,true
74,83,Proliferation,true,true,false
55,82,Growth_Arrest,false,false,false
113,91,Growth_Arrest,false,false,true
54,109,Growth_Arrest,false,false,false
65,114,Proliferation,true,false,false
112,67,Proliferation,true,true,true
68,60,Growth_Arrest,false,true,false
77,82,Proliferation,true,true,true
49,40,Growth_Arrest,false,false,false
81,63,Proliferation,true,true,false
95,42,Proliferation,true,true,true
77,80,Proliferation,true,false,true
92,73,Proliferation,true,false,false
63,88,Proliferation,true,true,false
84,86,Growth_Arrest,false,false,true
87,75,Growth_Arrest,false,false,false
43,102,Proliferation,true,true,true
37,68,Proliferation,true,false,false
64,113,Proliferation,true,true,true
37,74,Proliferation,true,true,false
96,59,Proliferation,true,false,true
88,69,Growth_Arrest,false,true,false
111,70,Growth_Arrest,false,true,true
104,50,Growth_Arrest,false,true,false
44,48,Growth_Arrest,false,false,false
34,82,Proliferation,true,true,true
110,71,Proliferation,true,false,true
59,51,Growth_Arrest,false,true,true
59,111,Growth_Arrest,false,false,true
102,43,Proliferation,true,false,true
102,94,Proliferation,true,false,false
80,72,Proliferation,true,false,false
75,83,Growth_Arrest,false,false,true
85,57,Proliferation,true,true,false
82,95,Proliferation,true,true,false
88,92,Proliferation,true,true,true
105,71,Proliferation,true,false,false
105,80,Growth_Arrest,false,true,true
85,91,Proliferation,true,false,false
48,80,Proliferation,true,true,true
87,73,Proliferation,true,true,false
43,81,Growth_Arrest,false,true,false
39,72,Growth_Arrest,false,false,false
87,52,Proliferation,true,false,true
100,89,Proliferation,true,true,false
83,76,Proliferation,true,true,true
78,47,Proliferation,true,false,false
98,97,Growth_Arrest,false,false,true
88,52,Proliferation,true,false,true
55,104,Proliferation,true,true,true
78,95,Proliferation,true,false,true
88,108,Growth_Arrest,false,false,false
81,75,Proliferation,true,false,true
99,40,Proliferation,true,false,true
110,75,Growth_Arrest,false,false,true
92,106,Proliferation,true,true,false
98,75,Growth_Arrest,false,true,false
80,47,Proliferation,true,true,true
49,80,Proliferation,true,false,true
68,64,Proliferation,true,false,false
51,94,Proliferation,true,true,true
82,77,Proliferation,true,false,true
45,94,Growth_Arrest,false,true,true
67,47,Proliferation,true,false,false
55,107,Proliferation,true,false,false
43,67,Growth_Arrest,false,false,true
81,92,Growth_Arrest,false,false,true
66,33,Proliferation,true,true,true
66,111,Proliferation,true,false,true
41,83,Proliferation,true,true,false
60,60,Growth_Arrest,false,true,true
54,91,Proliferation,true,false,true
95,99,Proliferation,true,true,false
65,93,Growth_Arrest,false,false,true
70,102,Proliferation,true,true,false
88,106,Growth_Arrest,false,false,false
72,88,Proliferation,true,true,true
94,48,Proliferation,true,false,true
43,57,Proliferation,true,true,false
66,60,Proliferation,true,false,true
79,40,Proliferation,true,true,true
95,67,Proliferation,true,true,false
50,93,Proliferation,true,true,true
50,74,Growth_Arrest,false,false,true
44,81,Growth_Arrest,false,true,true
85,66,Growth_Arrest,false,true,true
54,80,Growth_Arrest,false,true,false
80,96,Proliferation,true,false,false
79,46,Proliferation,true,false,true
87,72,Proliferation,true,false,false
50,82,Growth_Arrest,false,false,false
99,42,Proliferation,true,true,false
59,106,Growth_Arrest,false,false,false
88,96,Proliferation,true,false,true
78,44,Growth_Arrest,false,false,true
78,33,Growth_Arrest,false,false,true
80,86,Proliferation,true,false,true
56,58,Proliferation,true,false,true
53,56,Proliferation,true,false,false
77,43,Proliferation,true,true,false
94,57,Proliferation,true,true,false
107,63,Proliferation,true,false,false
110,99,Growth_Arrest,false,false,true
58,98,Proliferation,true,true,false
99,76,Proliferation,true,false,true
98,52,Growth_Arrest,false,true,false
86,59,Proliferation,true,false,false
53,110,Proliferation,true,true,false
64,102,Proliferation,true,true,false
86,116,Growth_Arrest,false,true,true
60,100,Growth_Arrest,false,true,true
91,73,Proliferation,true,false,true
107,69,Growth_Arrest,false,false,true
46,45,Proliferation,true,true,false
46,106,Proliferation,true,false,false
92,108,Growth_Arrest,false,false,false
105,103,Growth_Arrest,false,false,true
85,112,Proliferation,true,true,false
103,68,Proliferation,true,true,false
77,102,Proliferation,true,false,false
39,92,Proliferation,true,true,false
101,98,Proliferation,true,false,false
98,82,Growth_Arrest,false,true,true
62,70,Growth_Arrest,false,true,false
83,40,Growth_Arrest,false,true,false
61,42,Proliferation,true,false,false
58,110,Proliferation,true,false,false
38,55,Proliferation,true,true,true
97,80,Growth_Arrest,false,false,false
94,60,Growth_Arrest,false,false,false
98,51,Proliferation,true,false,true
42,82,Proliferation,true,false,false
77,105,Growth_Arrest,false,true,true
54,42,Proliferation,true,false,false
46,89,Proliferation,true,true,false
79,94,Proliferation,true,false,true
82,101,Proliferation,true,true,false
77,63,Growth_Arrest,false,true,true
66,95,Proliferation,true,false,true
71,61,Proliferation,true,true,false
101,94,Proliferation,true,false,true
50,89,Growth_Arrest,false,true,true
76,53,Proliferation,true,true,false
109,57,Proliferation,true,false,false
82,45,Proliferation,true,true,true
32,65,Proliferation,true,false,false
79,72,Proliferation,true,true,true
64,101,Proliferation,true,false,true
100,64,Proliferation,true,false,true
58,112,Proliferation,true,true,true
56,73,Proliferation,true,true,false
65,67,Growth_Arrest,false,false,true
100,98,Proliferation,true,true,true
85,76,Proliferation,true,false,false
100,67,Proliferation,true,true,true
93,106,Proliferation,true,true,true
54,41,Proliferation,true,true,true
110,69,Growth_Arrest,false,true,false
103,92,Proliferation,true,false,true
77,44,Proliferation,true,false,false
77,115,Growth_Arrest,false,true,false
75,73,Proliferation,true,false,false
113,73,Growth_Arrest,false,true,true
33,73,Growth_Arrest,false,true,true
63,60,Proliferation,true,false,true
68,110,Proliferation,true,true,false
96,75,Proliferation,true,false,false
61,76,Proliferation,true,false,true
99,109,Proliferation,true,false,false
57,52,Proliferation,true,true,true
49,91,Proliferation,true,false,false
69,41,Proliferation,true,true,false
100,73,Proliferation,true,false,true
69,110,Growth_Arrest,false,false,true
83,102,Growth_Arrest,false,false,false
95,55,Growth_Arrest,false,false,true
79,39,Proliferation,true,true,true
77,59,Proliferation,true,true,true
88,72,Proliferation,true,false,false
114,85,Proliferation,true,true,true
68,106,Proliferation,true,false,false
75,104,Proliferation,true,true,true
79,114,Proliferation,true,false,false
111,68,Growth_Arrest,false,true,true
87,35,Growth_Arrest,false,false,false
87,113,Proliferation,true,false,false
72,108,Growth_Arrest,false,true,true
65,61,Growth_Arrest,false,false,false
60,64,Proliferation,true,true,true
103,105,Growth_Arrest,false,true,true
44,80,Proliferation,true,true,true
110,67,Growth_Arrest,false,false,false
52,76,Proliferation,true,true,true
45,71,Growth_Arrest,false,true,true
82,105,Proliferation,true,false,true
52,103,Proliferation,true,false,false
53,70,Proliferation,true,false,true
37,95,Growth_Arrest,false,false,false
63,85,Proliferation,true,false,true
93,111,Proliferation,true,true,true
81,39,Proliferation,true,false,true
77,45,Proliferation,true,false,true
99,105,Proliferation,true,false,true
87,37,Growth_Arrest,false,false,true
86,61,Growth_Arrest,false,false,false
91,46,Growth_Arrest,false,false,true
78,118,Proliferation,true,false,false
42,56,Proliferation,true,false,true
101,40,Proliferation,true,false,true
64,69,Proliferation,true,true,false
44,51,Growth_Arrest,false,false,false
50,44,Proliferation,true,false,true
74,90,Growth_Arrest,false,true,false
77,94,Proliferation,true,true,true
65,92,Proliferation,true,false,true
61,52,Proliferation,true,true,false
65,85,Proliferation,true,true,true
105,57,Proliferation,true,true,false
102,47,Proliferation,true,true,true
83,94,Proliferation,true,true,false
96,85,Growth_Arrest,false,false,true
109,62,Growth_Arrest,false,false,false
50,47,Proliferation,true,false,false
75,109,Proliferation,true,true,true
31,74,Proliferation,true,false,true
46,72,Growth_Arrest,false,false,true
49,69,Proliferation,true,true,false
35,76,Proliferation,true,true,true
78,72,Proliferation,true,true,true
55,110,Proliferation,true,true,true
67,83,Proliferation,true,true,true
90,67,Proliferation,true,true,false
82,53,Proliferation,true,true,true
87,78,Growth_Arrest,false,false,false
54,64,Growth_Arrest,false,false,true
97,105,Growth_Arrest,false,false,false
107,62,Proliferation,true,false,true
46,65,Proliferation,true,true,false
63,67,Proliferation,true,false,false
61,89,Proliferation,true,false,true
96,71,Proliferation,true,true,true
83,78,Growth_Arrest,false,true,false
101,75,Proliferation,true,true,true
55,109,Proliferation,true,false,true
78,51,Growth_Arrest,false,true,false
97,94,Growth_Arrest,false,true,true
49,56,Proliferation,true,false,true
62,74,Proliferation,true,false,false
91,35,Proliferation,true,false,true
70,39,Proliferation,true,false,false
44,76,Proliferation,true,false,true
72,89,Proliferation,true,true,false
88,91,Proliferation,true,false,false
64,51,Growth_Arrest,false,false,true
63,72,Proliferation,true,false,false
38,86,Growth_Arrest,false,true,true
93,52,Proliferation,true,true,false
80,54,Proliferation,true,false,true
61,73,Proliferation,true,false,true
74,31,Proliferation,true,false,true
69,102,Growth_Arrest,false,false,true
63,42,Proliferation,true,true,false
83,33,Proliferation,true,true,true
37,55,Proliferation,true,true,false
80,84,Proliferation,true,true,true
56,55,Proliferation,true,true,true
77,54,Proliferation,true,false,false
65,86,Proliferation,true,false,true
79,104,Growth_Arrest,false,true,true
32,79,Growth_Arrest,false,true,true
52,40,Growth_Arrest,false,true,false
62,93,Proliferation,true,true,false
82,114,Proliferation,true,false,false
86,102,Growth_Arrest,false,true,false
108,76,Proliferation,true,false,false
89,91,Proliferation,true,true,true
34,80,Proliferation,true,true,false
43,50,Proliferation,true,true,true
87,108,Growth_Arrest,false,true,true
39,54,Proliferation,true,true,true
51,83,Proliferation,true,false,true
85,104,Growth_Arrest,false,true,false
61,72,Growth_Arrest,false,false,false
76,110,Proliferation,true,true,false
73,49,Proliferation,true,true,false
106,89,Proliferation,true,true,false
42,48,Proliferation,true,false,true
72,45,Proliferation,true,true,false
89,100,Proliferation,true,true,false
74,39,Proliferation,true,true,true
92,45,Proliferation,true,true,true
59,97,Proliferation,true,true,false
84,110,Proliferation,true,false,false
37,75,Proliferation,true,true,true
104,96,Proliferation,true,true,false
97,96,Growth_Arrest,false,false,false
88,58,Proliferation,true,false,true
64,42,Proliferation,true,false,false
88,53,Growth_Arrest,false,true,true
68,40,Growth_Arrest,false,true,false
50,56,Growth_Arrest,false,true,true
109,74,Proliferation,true,false,false
85,108,Growth_Arrest,false,false,true
59,76,Growth_Arrest,false,false,false
79,107,Growth_Arrest,false,true,false
75,76,Growth_Arrest,false,false,true
78,116,Proliferation,true,false,false
94,67,Proliferation,true,true,false
73,63,Growth_Arrest,false,false,true
105,60,Growth_Arrest,false,false,false
50,77,Proliferation,true,true,true
93,36,Proliferation,true,true,false
102,107,Proliferation,true,false,false
92,39,Proliferation,true,false,true
91,55,Proliferation,true,true,true
64,116,Proliferation,true,false,false
78,55,Proliferation,true,true,false
40,101,Proliferation,true,false,true
88,75,Proliferation,true,true,true
71,116,Proliferation,true,false,true
89,34,Proliferation,true,true,false
101,69,Proliferation,true,true,true
44,77,Proliferation,true,true,false
55,94,Growth_Arrest,false,true,false
93,99,Proliferation,true,true,false
61,48,Proliferation,true,true,false
32,78,Proliferation,true,false,true
110,90,Proliferation,true,false,false
73,77,Growth_Arrest,false,true,true
90,66,Proliferation,true,true,true
79,92,Proliferation,true,true,false
64,103,Proliferation,true,true,true
101,80,Proliferation,true,true,true
51,90,Proliferation,true,false,true
51,70,Proliferation,true,true,false
91,36,Proliferation,true,true,false
36,84,Proliferation,true,false,true
101,68,Proliferation,true,false,true
79,76,Proliferation,true,true,false
88,70,Proliferation,true,true,false
76,52,Proliferation,true,true,true
49,86,Proliferation,true,true,false
92,83,Proliferation,true,false,false
87,106,Proliferation,true,true,false
99,92,Growth_Arrest,false,true,true
98,86,Proliferation,true,false,true
64,84,Growth_Arrest,false,true,true
44,60,Growth_Arrest,false,false,false
67,57,Proliferation,true,true,false
109,59,Proliferation,true,true,false
84,47,Proliferation,true,false,false
68,49,Proliferation,true,false,false
34,59,Proliferation,true,true,false
114,73,Proliferation,true,false,true
48,87,Growth_Arrest,false,false,false
57,105,Proliferation,true,false,false
98,99,Growth_Arrest,false,true,false
43,101,Proliferation,true,true,true
75,96,Proliferation,true,true,true
54,50,Proliferation,true,true,false
65,110,Proliferation,true,true,false
55,102,Growth_Arrest,false,false,false
93,101,Growth_Arrest,false,false,true
91,101,Proliferation,true,false,true
90,84,Proliferation,true,true,true
66,117,Proliferation,true,false,false
95,54,Proliferation,true,true,false
71,99,Proliferation,true,false,true
103,72,Growth_Arrest,false,true,true
67,32,Growth_Arrest,false,false,false
73,69,Growth_Arrest,false,true,false
83,103,Proliferation,true,false,false
75,111,Proliferation,true,false,false
85,88,Growth_Arrest,false,true,false
102,60,Proliferation,true,true,false
90,102,Proliferation,true,false,true
83,88,Growth_Arrest,false,false,true
109,50,Growth_Arrest,false,true,true
95,95,Proliferation,true,true,false
108,67,Proliferation,true,true,true
111,91,Proliferation,true,false,false
88,37,Growth_Arrest,false,false,false
71,113,Proliferation,true,true,false
111,51,Proliferation,true,false,false
50,54,Growth_Arrest,false,false,true
64,92,Proliferation,true,false,true
47,57,Proliferation,true,true,true
90,85,Proliferation,true,true,false
59,68,Proliferation,true,false,true
61,101,Proliferation,true,true,true
92,43,Growth_Arrest,false,false,true
68,98,Proliferation,true,true,false
58,54,Proliferation,true,false,true
52,85,Growth_Arrest,false,true,false
98,55,Growth_Arrest,false,true,false
83,66,Proliferation,true,true,false
50,80,Proliferation,true,true,true
77,56,Proliferation,true,true,false
59,103,Proliferation,true,true,true
68,72,Proliferation,true,true,true
35,63,Proliferation,true,true,true
114,60,Proliferation,true,false,true
67,73,Growth_Arrest,false,true,false
61,54,Proliferation,true,false,true
44,102,Proliferation,true,true,false
71,59,Proliferation,true,true,false
109,81,Proliferation,true,true,true
112,93,Proliferation,true,true,true
60,61,Proliferation,true,true,false
45,79,Proliferation,true,false,false
104,87,Proliferation,true,false,false
101,54,Proliferation,true,false,false
70,76,Proliferation,true,false,true
113,80,Proliferation,true,true,false
74,32,Growth_Arrest,false,false,false
38,79,Proliferation,true,false,true
47,50,Growth_Arrest,false,false,true
97,106,Proliferation,true,false,false
79,89,Proliferation,true,true,true
92,110,Proliferation,true,false,false
47,79,Proliferation,true,false,true
65,103,Proliferation,true,false,false
65,68,Proliferation,true,true,true
79,52,Proliferation,true,true,false
44,73,Proliferation,true,true,false
79,50,Proliferation,true,true,true
95,52,Proliferation,true,false,true
94,78,Growth_Arrest,false,false,false
79,59,Proliferation,true,true,false
75,116,Proliferation,true,false,true
54,39,Proliferation,true,true,true
77,90,Growth_Arrest,false,true,true
105,53,Proliferation,true,true,false
51,67,Growth_Arrest,false,true,false
64,37,Proliferation,true,false,true
51,66,Growth_Arrest,false,false,false
35,62,Proliferation,true,false,false
58,49,Proliferation,true,false,false
74,97,Proliferation,true,false,false
56,102,Growth_Arrest,false,true,false
45,83,Proliferation,true,true,true
53,42,Growth_Arrest,false,true,false
74,113,Growth_Arrest,false,true,false
70,34,Growth_Arrest,false,false,false
91,107,Proliferation,true,false,true
98,49,Proliferation,true,true,true
87,84,Proliferation,true,false,true
106,97,Growth_Arrest,false,true,false
61,45,Growth_Arrest,false,true,false
68,115,Growth_Arrest,false,true,true
53,104,Growth_Arrest,false,false,false
55,113,Proliferation,true,true,false
83,109,Proliferation,true,true,true
96,100,Proliferation,true,false,true
85,85,Growth_Arrest,false,true,false
47,87,Proliferation,true,true,true
86,113,Growth_Arrest,false,false,true
57,68,Proliferation,true,true,true
78,113,Proliferation,true,true,false
84,82,Proliferation,true,false,false
48,54,Growth_Arrest,false,true,false
99,99,Proliferation,true,false,false
82,80,Proliferation,true,true,true
57,106,Growth_Arrest,false,true,true
71,60,Proliferation,true,false,false
73,100,Proliferation,true,true,true
76,93,Proliferation,true,true,false
48,107,Proliferation,true,false,false
106,95,Growth_Arrest,false,true,true
110,65,Proliferation,true,true,false
66,63,Growth_Arrest,false,false,true
101,52,Proliferation,true,true,true
61,49,Proliferation,true,true,true
60,69,Proliferation,true,false,false
99,88,Proliferation,true,true,true
40,97,Proliferation,true,true,true
53,88,Proliferation,true,false,true
80,63,Proliferation,true,true,false
98,67,Proliferation,true,true,false
52,78,Growth_Arrest,false,false,false
88,78,Proliferation,true,false,false
78,90,Growth_Arrest,false,true,false
53,43,Proliferation,true,false,true
101,55,Growth_Arrest,false,false,true
72,39,Proliferation,true,true,true
76,80,Proliferation,true,false,false
109,55,Proliferation,true,true,true
69,60,Proliferation,true,true,true
69,109,Growth_Arrest,false,true,true
93,95,Proliferation,true,false,false
106,81,Proliferation,true,false,false
65,91,Proliferation,true,true,false
83,101,Growth_Arrest,false,true,true
72,93,Growth_Arrest,false,false,false
79,64,Proliferation,true,true,true
42,79,Proliferation,true,false,false
66,64,Proliferation,true,true,true
42,94,Proliferation,true,false,true
107,57,Proliferation,true,true,false
83,81,Proliferation,true,false,false
70,45,Proliferation,true,false,false
105,58,Proliferation,true,false,false
36,90,Growth_Arrest,false,true,true
111,77,Proliferation,true,false,true
102,73,Proliferation,true,false,true
80,93,Growth_Arrest,false,true,true
88,93,Growth_Arrest,false,false,true
100,44,Proliferation,true,false,false
50,72,Proliferation,true,true,false
107,98,Proliferation,true,true,true
80,52,Proliferation,true,false,false
58,47,Growth_Arrest,false,false,false
50,50,Growth_Arrest,false,false,false
65,102,Proliferation,true,true,false
70,54,Proliferation,true,true,true
102,49,Proliferation,true,false,false
105,70,Growth_Arrest,false,false,false
74,114,Proliferation,true,false,true
90,83,Growth_Arrest,false,true,false
102,83,Growth_Arrest,false,true,false
81,78,Growth_Arrest,false,false,true
115,83,Growth_Arrest,false,true,true
51,91,Growth_Arrest,false,false,true
93,49,Proliferation,true,false,true
43,99,Proliferation,true,false,false
35,83,Growth_Arrest,false,true,false
75,114,Growth_Arrest,false,false,true
53,85,Proliferation,true,true,false
84,101,Growth_Arrest,false,false,true
70,47,Proliferation,true,true,true
61,43,Growth_Arrest,false,true,false
69,71,Proliferation,true,false,true
61,37,Proliferation,true,true,true
107,47,Growth_Arrest,false,true,true
35,60,Proliferation,true,true,true
60,41,Growth_Arrest,false,false,true
58,72,Growth_Arrest,false,false,true
110,73,Proliferation,true,false,true
46,98,Growth_Arrest,false,false,false
71,37,Proliferation,true,false,false
46,105,Growth_Arrest,false,false,false
76,115,Proliferation,true,false,true
47,102,Growth_Arrest,false,true,false
66,35,Growth_Arrest,false,false,false
59,104,Proliferation,true,false,false
85,35,Proliferation,true,true,false
53,112,Proliferation,true,true,false
75,84,Proliferation,true,false,true
61,39,Proliferation,true,true,true
49,101,Growth_Arrest,false,true,false
80,36,Growth_Arrest,false,false,true
64,97,Proliferation,true,true,true
67,70,Proliferation,true,false,false
37,87,Proliferation,true,true,true
51,105,Proliferation,true,true,false
46,56,Growth_Arrest,false,true,false
95,112,Proliferation,true,false,true
107,91,Proliferation,true,true,false
53,59,Growth_Arrest,false,false,true
112,63,Proliferation,true,false,false
38,83,Proliferation,true,false,false
78,54,Proliferation,true,false,true
88,81,Growth_Arrest,false,false,true
58,81,Proliferation,true,false,true
96,87,Proliferation,true,true,true
117,77,Growth_Arrest,false,false,false
92,36,Growth_Arrest,false,false,true
76,112,Growth_Arrest,false,false,false
91,114,Proliferation,true,false,true
92,63,Proliferation,true,false,true
60,37,Proliferation,true,false,false
80,66,Proliferation,true,false,true
101,70,Proliferation,true,false,false
90,62,Growth_Arrest,false,false,false
84,72,Growth_Arrest,false,true,false
91,83,Growth_Arrest,false,true,false
88,103,Proliferation,true,false,false
54,72,Proliferation,true,true,true
98,45,Proliferation,true,false,false
33,63,Proliferation,true,false,false
91,40,Proliferation,true,false,false
53,51,Proliferation,true,true,false
108,79,Growth_Arrest,false,false,false
51,42,Proliferation,true,false,false
47,96,Proliferation,true,true,false
74,86,Proliferation,true,true,true
98,61,Growth_Arrest,false,true,false
67,50,Growth_Arrest,false,true,false
98,38,Proliferation,true,false,false
65,47,Proliferation,true,false,false
97,47,Proliferation,true,true,true
59,65,Proliferation,true,false,true
115,66,Proliferation,true,true,false
67,45,Growth_Arrest,false,false,false
93,58,Proliferation,true,true,false
73,32,Proliferation,true,false,true
86,43,Proliferation,true,false,false
77,50,Growth_Arrest,false,false,false
78,88,Growth_Arrest,false,false,false
77,34,Proliferation,true,true,false
87,77,Proliferation,true,false,false
43,69,Proliferation,true,false,false
69,61,Growth_Arrest,false,true,true
57,60,Proliferation,true,true,false
84,103,Growth_Arrest,false,false,true
96,95,Proliferation,true,true,false
97,52,Proliferation,true,false,false
48,63,Proliferation,true,true,false
49,58,Proliferation,true,false,false
100,51,Proliferation,true,false,false
57,54,Proliferation,true,true,true
89,98,Proliferation,true,true,false
60,47,Proliferation,true,false,true
75,48,Proliferation,true,true,true
69,100,Proliferation,true,true,false
73,101,Proliferation,true,false,false
51,39,Growth_Arrest,false,true,true
81,106,Proliferation,true,true,false
62,91,Proliferation,true,true,true
93,41,Growth_Arrest,false,false,false
117,69,Proliferation,true,true,true
49,105,Growth_Arrest,false,true,false
96,37,Proliferation,true,true,true
84,94,Growth_Arrest,false,false,true
43,54,Proliferation,true,false,false
67,75,Proliferation,true,true,false
42,71,Proliferation,true,false,false
97,84,Proliferation,true,false,true
94,50,Proliferation,true,true,true
89,101,Proliferation,true,false,false
45,84,Growth_Arrest,false,true,true
54,37,Proliferation,true,true,false
81,46,Proliferation,true,true,false
53,82,Proliferation,true,true,true
112,80,Proliferation,true,false,false
90,69,Proliferation,true,false,false
68,38,Proliferation,true,false,false
88,33,Growth_Arrest,false,true,true
70,73,Growth_Arrest,false,false,false
69,64,Proliferation,true,true,true
64,47,Growth_Arrest,false,true,false
41,73,Growth_Arrest,false,false,true
94,56,Proliferation,true,false,true
62,71,Growth_Arrest,false,true,true
65,60,Proliferation,true,true,true
60,36,Proliferation,true,true,false
90,92,Proliferation,true,true,false
108,69,Proliferation,true,false,true
63,111,Proliferation,true,true,false
59,114,Proliferation,true,true,true
95,78,Growth_Arrest,false,false,true
107,101,Proliferation,true,true,true
100,90,Proliferation,true,true,true
55,112,Proliferation,true,false,true
57,56,Proliferation,true,false,false
81,36,Growth_Arrest,false,true,false
117,82,Growth_Arrest,false,false,true
94,46,Proliferation,true,true,false
63,51,Proliferation,true,false,false
66,100,Proliferation,true,false,true
47,59,Proliferation,true,false,false
36,73,Growth_Arrest,false,false,false
90,72,Proliferation,true,false,false
75,105,Growth_Arrest,false,false,false
64,75,Growth_Arrest,false,false,false
113,85,Proliferation,true,false,false
105,91,Growth_Arrest,false,true,true
96,109,Proliferation,true,true,true
83,63,Proliferation,true,false,true
75,56,Growth_Arrest,false,true,false
113,78,Growth_Arrest,false,false,true
65,42,Proliferation,true,true,true
68,44,Growth_Arrest,false,true,true
97,102,Growth_Arrest,false,false,false
90,97,Growth_Arrest,false,false,true
90,77,Proliferation,true,true,true
71,56,Proliferation,true,false,false
88,79,Proliferation,true,true,false
66,59,Growth_Arrest,false,true,false
46,93,Proliferation,true,false,false
45,73,Proliferation,true,true,true
89,65,Proliferation,true,false,false
73,111,Proliferation,true,true,false
88,97,Proliferation,true,true,false
54,96,Proliferation,true,true,true
64,72,Growth_Arrest,false,false,false
93,37,Growth_Arrest,false,true,false
46,69,Proliferation,true,true,true
96,94,Growth_Arrest,false,true,false
107,90,Proliferation,true,false,false
67,44,Proliferation,true,false,true
50,91,Proliferation,true,true,false
94,93,Proliferation,true,true,false
48,85,Proliferation,true,false,false
98,39,Proliferation,true,true,false
76,75,Growth_Arrest,false,false,true
108,84,Proliferation,true,true,true
67,63,Proliferation,true,true,true
76,85,Growth_Arrest,false,false,false
113,65,Proliferation,true,false,false
78,52,Growth_Arrest,false,true,true
76,70,Growth_Arrest,false,false,true
44,53,Growth_Arrest,false,true,false
55,60,Growth_Arrest,false,false,true
89,72,Proliferation,true,false,true
111,69,Proliferation,true,false,false
55,87,Proliferation,true,false,true
49,97,Proliferation,true,true,true
97,83,Growth_Arrest,false,false,true
58,64,Proliferation,true,true,false
95,113,Growth_Arrest,false,true,true
82,76,Proliferation,true,false,false
86,85,Proliferation,true,true,false
52,105,Proliferation,true,true,false
77,95,Proliferation,true,true,true
88,101,Proliferation,true,false,true
65,69,Proliferation,true,true,true
77,74,Growth_Arrest,false,false,false
88,67,Proliferation,true,true,true
89,89,Proliferation,true,false,true
100,47,Proliferation,true,false,true
67,40,Proliferation,true,false,true
70,84,Proliferation,true,false,false
73,86,Growth_Arrest,false,false,true
97,67,Proliferation,true,false,true
77,47,Proliferation,true,true,false
90,112,Proliferation,true,false,true
38,91,Growth_Arrest,false,true,true
56,96,Proliferation,true,true,false
69,98,Proliferation,true,false,true
91,80,Growth_Arrest,false,true,true
92,61,Growth_Arrest,false,true,false
53,83,Proliferation,true,true,true
86,112,Proliferation,true,false,false
60,84,Growth_Arrest,false,false,true
69,112,Proliferation,true,true,true
91,97,Growth_Arrest,false,true,false
71,64,Proliferation,true,true,true
35,59,Proliferation,true,true,true
86,76,Proliferation,true,true,false
41,52,Growth_Arrest,false,false,false
72,83,Growth_Arrest,false,true,true
105,89,Proliferation,true,true,false
102,51,Proliferation,true,false,false
40,96,Proliferation,true,true,true
41,91,Growth_Arrest,false,false,true
108,59,Proliferation,true,true,false
33,70,Proliferation,true,false,false
79,55,Growth_Arrest,false,false,true
74,49,Proliferation,true,false,false
77,51,Proliferation,true,false,false
94,45,Proliferation,true,false,false
47,53,Proliferation,true,false,false
53,61,Growth_Arrest,false,true,false
94,96,Proliferation,true,false,false
54,106,Growth_Arrest,false,false,true
50,60,Proliferation,true,false,false
57,88,Proliferation,true,false,true
78,92,Proliferation,true,true,true
83,47,Proliferation,true,true,true
51,104,Proliferation,true,false,true
84,43,Proliferation,true,true,true
85,70,Proliferation,true,false,false
78,107,Growth_Arrest,false,false,false
85,84,Proliferation,true,false,true
102,68,Growth_Arrest,false,false,true
98,92,Growth_Arrest,false,true,true
98,62,Proliferation,true,false,false
104,64,Growth_Arrest,false,false,false
81,85,Proliferation,true,true,true
65,35,Proliferation,true,false,false
61,63,Proliferation,true,true,false
82,37,Proliferation,true,true,true
106,79,Growth_Arrest,false,false,true
58,38,Proliferation,true,false,false
66,62,Growth_Arrest,false,true,false
115,86,Growth_Arrest,false,true,false
54,98,Proliferation,true,false,true
66,56,Growth_Arrest,false,true,true
118,76,Proliferation,true,true,true
46,84,Proliferation,true,true,false
109,76,Growth_Arrest,false,true,false
48,101,Growth_Arrest,false,true,false
51,74,Proliferation,true,false,false
69,91,Proliferation,true,true,true
53,54,Proliferation,true,true,false
62,37,Proliferation,true,false,true
101,106,Growth_Arrest,false,true,false
94,80,Proliferation,true,true,true
51,41,Proliferation,true,true,false
44,49,Growth_Arrest,false,true,true
64,108,Proliferation,true,true,true
76,100,Proliferation,true,true,false
96,88,Growth_Arrest,false,true,false
99,83,Growth_Arrest,false,false,true
95,82,Proliferation,true,true,false
102,44,Growth_Arrest,false,true,false
53,101,Growth_Arrest,false,true,true
63,76,Proliferation,true,true,true
81,61,Proliferation,true,false,true
113,77,Growth_Arrest,false,false,true
91,93,Proliferation,true,true,false
89,57,Growth_Arrest,false,true,false
100,52,Proliferation,true,false,true
72,85,Proliferation,true,false,false
86,45,Proliferation,true,true,true
107,76,Proliferation,true,false,true
74,81,Proliferation,true,false,true
66,47,Growth_Arrest,false,false,true
77,106,Growth_Arrest,false,true,false
70,88,Proliferation,true,false,true
61,115,Growth_Arrest,false,true,false
97,60,Proliferation,true,false,true
52,80,Proliferation,true,false,false
73,82,Growth_Arrest,false,false,true
72,67,Proliferation,true,false,false
45,62,Proliferation,true,false,false
90,53,Proliferation,true,false,true
59,87,Proliferation,true,false,false
65,97,Proliferation,true,false,false
93,78,Proliferation,true,true,true
38,60,Proliferation,true,true,false
53,105,Growth_Arrest,false,false,false
114,81,Growth_Arrest,false,true,true
43,70,Proliferation,true,true,false
46,107,Proliferation,true,true,false
78,103,Proliferation,true,false,false
59,99,Growth_Arrest,false,false,false
84,77,Proliferation,true,true,true
53,100,Growth_Arrest,false,false,true
70,33,Growth_Arrest,false,true,false
50,79,Growth_Arrest,false,false,false
62,57,Growth_Arrest,false,false,false
85,100,Growth_Arrest,false,true,true
110,84,Growth_Arrest,false,false,true
104,100,Growth_Arrest,false,true,false
33,79,Growth_Arrest,false,false,false
89,87,Proliferation,true,false,true
64,40,Proliferation,true,false,true
55,111,Growth_Arrest,false,true,false
70,91,Proliferation,true,true,false
70,63,Growth_Arrest,false,true,true
99,58,Growth_Arrest,false,false,true
41,94,Proliferation,true,true,true
64,68,Growth_Arrest,false,true,false
87,65,Proliferation,true,false,true
100,101,Proliferation,true,true,true
72,69,Proliferation,true,true,false
60,50,Growth_Arrest,false,true,false
62,47,Growth_Arrest,false,false,true
86,33,Proliferation,true,true,false
101,79,Proliferation,true,false,false
80,35,Growth_Arrest,false,true,false
99,93,Proliferation,true,false,false
79,115,Growth_Arrest,false,false,true
85,47,Proliferation,true,false,false
102,86,Growth_Arrest,false,true,false
94,58,Proliferation,true,false,true
42,61,Proliferation,true,true,true
63,41,Growth_Arrest,false,false,false
43,80,Growth_Arrest,false,true,false
59,39,Growth_Arrest,false,true,true
89,42,Growth_Arrest,false,false,true
48,64,Proliferation,true,false,false
80,59,Proliferation,true,false,false
58,87,Proliferation,true,false,false
54,102,Proliferation,true,true,true
86,109,Growth_Arrest,false,true,false
51,88,Proliferation,true,true,true
73,106,Growth_Arrest,false,true,false
95,48,Proliferation,true,false,true
48,73,Proliferation,true,true,true
64,88,Proliferation,true,false,true
49,48,Proliferation,true,true,true
34,61,Proliferation,true,true,false
42,53,Proliferation,true,true,false
42,50,Proliferation,true,true,false
44,97,Growth_Arrest,false,false,true
50,73,Proliferation,true,true,true
61,60,Proliferation,true,true,false
86,74,Proliferation,true,true,false
64,52,Growth_Arrest,false,true,false
78,62,Proliferation,true,false,true
72,65,Proliferation,true,false,true
94,36,Proliferation,true,true,true
81,86,Growth_Arrest,false,false,true
53,106,Proliferation,true,true,true
56,84,Proliferation,true,false,true
85,74,Proliferation,true,true,false
53,53,Proliferation,true,false,false
44,68,Proliferation,true,true,false
62,89,Proliferation,true,false,false
57,46,Growth_Arrest,false,true,true
36,88,Growth_Arrest,false,false,false
39,90,Proliferation,true,true,true
106,75,Proliferation,true,false,true
87,104,Growth_Arrest,false,false,false
82,111,Growth_Arrest,false,false,true
58,66,Growth_Arrest,false,false,false
90,107,Proliferation,true,false,true
50,87,Proliferation,true,true,true
36,89,Growth_Arrest,false,true,false
54,85,Growth_Arrest,false,false,true
72,42,Proliferation,true,true,false
54,44,Proliferation,true,false,true
53,69,Growth_Arrest,false,true,true
67,37,Proliferation,true,false,true
47,52,Growth_Arrest,false,false,true
77,109,Proliferation,true,false,true
52,53,Proliferation,true,false,true
74,78,Proliferation,true,false,true
79,66,Proliferation,true,true,false
87,41,Growth_Arrest,false,true,false
73,104,Proliferation,true,true,false
66,43,Proliferation,true,false,false
103,86,Growth_Arrest,false,true,false
55,45,Proliferation,true,true,true
63,74,Growth_Arrest,false,false,true
63,65,Proliferation,true,true,false
45,80,Proliferation,true,false,false
42,63,Proliferation,true,true,false
109,89,Proliferation,true,true,true
82,92,Proliferation,true,false,true
107,92,Proliferation,true,false,false
110,76,Proliferation,true,true,true
93,68,Proliferation,true,true,true
85,60,Proliferation,true,false,true
46,92,Growth_Arrest,false,true,true
73,41,Proliferation,true,false,false
42,86,Proliferation,true,false,false
58,109,Proliferation,true,true,false
62,54,Growth_Arrest,false,false,true
110,77,Growth_Arrest,false,true,false
41,88,Growth_Arrest,false,true,false
81,35,Growth_Arrest,false,false,true
89,46,Proliferation,true,false,true
107,66,Growth_Arrest,false,false,false
106,101,Growth_Arrest,false,false,true
63,87,Growth_Arrest,false,false,true
49,65,Proliferation,true,false,false
51,59,Proliferation,true,false,true
88,111,Proliferation,true,true,true
103,46,Proliferation,true,false,true
92,65,Growth_Arrest,false,false,false
67,84,Proliferation,true,false,true
72,64,Proliferation,true,false,true
61,62,Growth_Arrest,false,false,false
85,59,Growth_Arrest,false,true,false
60,66,Proliferation,true,true,false
99,44,Proliferation,true,false,false
41,64,Proliferation,true,true,true
56,74,Proliferation,true,true,false
72,55,Growth_Arrest,false,false,true
54,107,Proliferation,true,true,true
89,47,Proliferation,true,false,true
73,81,Proliferation,true,false,false
66,50,Proliferation,true,true,true
82,104,Growth_Arrest,false,false,false
71,72,Proliferation,true,false,false
68,45,Growth_Arrest,false,true,false
100,93,Growth_Arrest,false,true,false
92,100,Growth_Arrest,false,false,true
41,84,Growth_Arrest,false,false,false
39,58,Proliferation,true,false,false
58,96,Proliferation,true,true,true
61,51,Proliferation,true,true,true
106,45,Proliferation,true,false,false
91,104,Proliferation,true,false,false
90,65,Proliferation,true,false,true
59,102,Growth_Arrest,false,false,false
83,36,Proliferation,true,true,false
90,105,Proliferation,true,false,true
91,108,Proliferation,true,false,true
48,84,Proliferation,true,true,true
81,62,Proliferation,true,true,false
67,110,Proliferation,true,true,false
82,82,Proliferation,true,true,true
52,56,Growth_Arrest,false,false,true
52,67,Proliferation,true,true,true
58,59,Proliferation,true,true,false
73,64,Proliferation,true,true,false
62,105,Proliferation,true,true,true
45,69,Proliferation,true,true,true
63,82,Proliferation,true,false,true
116,68,Proliferation,true,false,false
63,105,Proliferation,true,true,false
66,61,Growth_Arrest,false,false,true
39,50,Proliferation,true,true,true
37,77,Proliferation,true,false,true
87,103,Proliferation,true,true,true
48,61,Proliferation,true,true,false
86,60,Proliferation,true,false,true
79,105,Proliferation,true,true,false
56,40,Growth_Arrest,false,false,true
99,100,Proliferation,true,false,true
76,102,Proliferation,true,false,false
97,109,Proliferation,true,true,false
64,107,Growth_Arrest,false,false,true
85,48,Growth_Arrest,false,true,false
58,60,Growth_Arrest,false,true,false
89,64,Growth_Arrest,false,true,false
77,41,Proliferation,true,false,false
90,95,Proliferation,true,false,false
92,75,Proliferation,true,false,false
55,62,Proliferation,true,true,true
68,75,Growth_Arrest,false,false,false
69,99,Growth_Arrest,false,true,false
106,84,Proliferation,true,true,true
105,94,Proliferation,true,false,false
52,60,Proliferation,true,true,false
91,54,Proliferation,true,true,true
95,103,Proliferation,true,true,false
72,50,Proliferation,true,true,false
85,95,Growth_Arrest,false,true,false
49,100,Growth_Arrest,false,true,false
59,113,Proliferation,true,false,false
78,34,Growth_Arrest,false,true,true
57,85,Growth_Arrest,false,true,true
77,66,Growth_Arrest,false,false,false
74,75,Proliferation,true,true,true
74,68,Proliferation,true,false,true
40,48,Growth_Arrest,false,true,false
47,84,Growth_Arrest,false,true,true
66,77,Growth_Arrest,false,true,false
69,117,Proliferation,true,true,true
69,45,Growth_Arrest,false,false,true
61,36,Growth_Arrest,false,false,true
33,68,Proliferation,true,true,true
114,68,Growth_Arrest,false,true,true
49,98,Growth_Arrest,false,false,false
106,74,Proliferation,true,true,false
86,98,Proliferation,true,false,true
68,56,Growth_Arrest,false,false,true
103,97,Growth_Arrest,false,true,false
59,66,Proliferation,true,true,false
109,58,Proliferation,true,false,false
112,81,Proliferation,true,false,true
64,45,Proliferation,true,false,false
60,98,Growth_Arrest,false,false,true
79,116,Proliferation,true,true,false
54,36,Growth_Arrest,false,true,true
50,48,Proliferation,true,false,true
72,38,Proliferation,true,true,true
80,69,Growth_Arrest,false,true,true
63,33,Proliferation,true,false,false
64,74,Growth_Arrest,false,false,false
95,93,Proliferation,true,false,false
76,38,Growth_Arrest,false,true,true
103,64,Proliferation,true,true,true
73,48,Proliferation,true,true,false
110,79,Proliferation,true,false,false
90,35,Proliferation,true,true,true
100,79,Proliferation,true,false,true
60,82,Growth_Arrest,false,true,true
72,52,Proliferation,true,false,false
46,91,Growth_Arrest,false,false,false
69,70,Proliferation,true,true,false
37,64,Growth_Arrest,false,false,false
33,81,Proliferation,true,false,false
70,77,Growth_Arrest,false,true,false
96,77,Growth_Arrest,false,false,true
46,70,Proliferation,true,true,true
111,63,Proliferation,true,true,false
45,68,Growth_Arrest,false,false,true
53,55,Proliferation,true,false,false
72,49,Growth_Arrest,false,true,true
75,65,Growth_Arrest,false,false,true
116,82,Proliferation,true,false,true
74,38,Proliferation,true,true,false
67,58,Proliferation,true,true,true
78,117,Growth_Arrest,false,true,true
79,69,Growth_Arrest,false,true,false
41,81,Proliferation,true,false,true
64,78,Growth_Arrest,false,true,true
62,53,Proliferation,true,false,true
85,86,Proliferation,true,true,true
52,101,Proliferation,true,false,false
70,101,Proliferation,true,false,false
75,36,Proliferation,true,true,true
97,89,Growth_Arrest,false,false,true
88,88,Growth_Arrest,false,true,true
78,108,Proliferation,true,false,false
73,110,Proliferation,true,true,false
35,86,Proliferation,true,false,false
47,101,Proliferation,true,false,true
73,72,Growth_Arrest,false,false,false
93,51,Proliferation,true,false,true
55,84,Growth_Arrest,false,true,true
42,97,Proliferation,true,false,false
45,43,Proliferation,true,false,true
79,45,Proliferation,true,true,false
73,74,Proliferation,true,false,false
105,65,Proliferation,true,false,false
41,51,Proliferation,true,true,true
109,90,Proliferation,true,true,false
102,88,Growth_Arrest,false,true,false
101,48,Proliferation,true,true,true
69,88,Proliferation,true,true,true
68,68,Proliferation,true,true,true
55,43,Proliferation,true,false,false
114,58,Proliferation,true,true,false
108,78,Growth_Arrest,false,false,false
84,62,Growth_Arrest,false,false,false
103,100,Growth_Arrest,false,false,true
93,57,Growth_Arrest,false,true,false
78,31,Proliferation,true,true,false
69,55,Proliferation,true,true,false
113,63,Proliferation,true,true,false
72,102,Growth_Arrest,false,true,false
69,86,Proliferation,true,true,false
67,78,Proliferation,true,true,true
60,52,Proliferation,true,true,true
95,92,Growth_Arrest,false,false,true
40,65,Proliferation,true,false,true
38,54,Growth_Arrest,false,false,true
45,82,Proliferation,true,true,true
68,34,Growth_Arrest,false,true,true
90,50,Proliferation,true,false,true
102,77,Growth_Arrest,false,false,false
43,90,Growth_Arrest,false,false,false
110,57,Proliferation,true,false,false
44,82,Growth_Arrest,false,false,true
55,46,Growth_Arrest,false,false,true
109,85,Proliferation,true,false,false
52,41,Proliferation,true,false,false
106,48,Proliferation,true,true,false
53,111,Growth_Arrest,false,false,false
99,48,Proliferation,true,true,false
50,67,Growth_Arrest,false,true,false
51,51,Growth_Arrest,false,false,true
55,68,Proliferation,true,true,false
90,109,Proliferation,true,false,true
58,85,Growth_Arrest,false,false,false
33,87,Proliferation,true,false,true
83,87,Proliferation,true,true,false
65,109,Growth_Arrest,false,true,true
74,42,Proliferation,true,false,false
110,59,Proliferation,true,false,false
50,92,Proliferation,true,false,true
75,49,Growth_Arrest,false,false,false
112,58,Proliferation,true,false,true
89,76,Growth_Arrest,false,false,false
84,50,Proliferation,true,true,true
80,39,Proliferation,true,true,true
74,72,Growth_Arrest,false,true,false
47,98,Growth_Arrest,false,true,false
65,59,Proliferation,true,true,false
80,33,Growth_Arrest,false,false,true
83,79,Proliferation,true,false,true
100,88,Growth_Arrest,false,false,true
79,51,Growth_Arrest,false,false,false
64,79,Growth_Arrest,false,true,false
58,76,Growth_Arrest,false,true,true
44,61,Proliferation,true,true,false
78,99,Proliferation,true,false,true
47,48,Proliferation,true,true,true
67,116,Proliferation,true,false,true
36,95,Proliferation,true,true,false
42,67,Growth_Arrest,false,false,true
82,43,Proliferation,true,false,false
65,88,Proliferation,true,false,false
79,53,Proliferation,true,true,true
62,82,Proliferation,true,true,true
48,94,Proliferation,true,false,false
54,58,Growth_Arrest,false,true,true
60,95,Proliferation,true,false,true
62,48,Growth_Arrest,false,true,false
95,45,Proliferation,true,true,false
84,34,Proliferation,true,true,false
95,65,Proliferation,true,true,true
102,59,Proliferation,true,false,true
72,34,Growth_Arrest,false,true,false
66,84,Proliferation,true,true,false
106,82,Growth_Arrest,false,false,true
44,58,Proliferation,true,false,true
105,47,Proliferation,true,true,false
42,83,Growth_Arrest,false,true,true
40,86,Proliferation,true,true,true
31,72,Proliferation,true,false,true
103,91,Growth_Arrest,false,false,false
53,38,Proliferation,true,false,false
38,77,Growth_Arrest,false,false,true
81,40,Proliferation,true,true,true
61,35,Growth_Arrest,false,false,false
46,75,Growth_Arrest,false,false,true
45,63,Growth_Arrest,false,true,true
85,113,Proliferation,true,true,true
69,80,Proliferation,true,false,false
75,92,Proliferation,true,true,false
101,45,Proliferation,true,true,true
48,59,Growth_Arrest,false,true,true
83,41,Growth_Arrest,false,true,true
64,36,Growth_Arrest,false,false,false
90,46,Proliferation,true,true,true
81,104,Proliferation,true,true,true
62,99,Proliferation,true,true,false
74,64,Growth_Arrest,false,true,true
37,91,Proliferation,true,true,true
107,95,Proliferation,true,true,false
43,58,Growth_Arrest,false,true,false
96,48,Proliferation,true,true,false
71,32,Growth_Arrest,false,false,true
78,84,Proliferation,true,true,true
97,50,Proliferation,true,false,true
90,36,Proliferation,true,false,false
52,69,Proliferation,true,true,false
99,62,Proliferation,true,false,false
93,102,Proliferation,true,true,false
84,69,Proliferation,true,true,true
106,77,Growth_Arrest,false,true,true
49,47,Proliferation,true,false,false
105,93,Proliferation,true,false,true
75,34,Growth_Arrest,false,false,false
70,92,Proliferation,true,true,false
60,72,Proliferation,true,true,false
106,76,Growth_Arrest,false,false,false
92,107,Growth_Arrest,false,false,false
100,50,Growth_Arrest,false,true,true
86,40,Growth_Arrest,false,false,false
106,46,Proliferation,true,false,true
78,43,Proliferation,true,true,false
53,86,Growth_Arrest,false,false,true
75,112,Growth_Arrest,false,false,true
61,65,Growth_Arrest,false,true,true
106,80,Proliferation,true,true,true
69,68,Proliferation,true,false,false
66,114,Proliferation,true,true,false
85,38,Proliferation,true,true,false
88,38,Proliferation,true,false,true
78,40,Growth_Arrest,false,true,false
43,45,Proliferation,true,false,true
81,76,Growth_Arrest,false,false,false
51,68,Proliferation,true,true,false
108,91,Proliferation,true,false,true
77,117,Proliferation,true,true,false
109,69,Proliferation,true,true,true
111,66,Proliferation,true,false,true
59,81,Proliferation,true,false,false
98,48,Proliferation,true,false,false
42,78,Proliferation,true,true,true
58,67,Proliferation,true,true,true
78,114,Proliferation,true,false,false
49,77,Growth_Arrest,false,false,true
57,71,Growth_Arrest,false,true,false
63,37,Proliferation,true,true,false
70,64,Growth_Arrest,false,false,false
42,70,Proliferation,true,false,false
74,94,Proliferation,true,true,true
114,91,Proliferation,true,true,true
89,51,Growth_Arrest,false,false,false
59,77,Proliferation,true,true,true
84,81,Growth_Arrest,false,false,false
105,88,Growth_Arrest,false,true,false
45,93,Growth_Arrest,false,false,false
102,55,Proliferation,true,false,false
75,54,Proliferation,true,false,true
101,49,Proliferation,true,true,true
97,71,Growth_Arrest,false,true,true
90,114,Proliferation,true,true,true
79,43,Proliferation,true,true,true
72,59,Growth_Arrest,false,true,true
57,80,Growth_Arrest,false,false,false
57,78,Proliferation,true,true,false
75,115,Growth_Arrest,false,true,false
104,90,Growth_Arrest,false,false,false
92,76,Proliferation,true,false,true
47,68,Growth_Arrest,false,true,false
95,81,Proliferation,true,false,false
68,74,Growth_Arrest,false,true,false
85,89,Proliferation,true,true,false
51,99,Proliferation,true,true,true
51,100,Proliferation,true,false,false
39,68,Proliferation,true,false,true
111,83,Proliferation,true,true,false
101,51,Growth_Arrest,false,true,true
73,112,Growth_Arrest,false,true,false
53,58,Proliferation,true,true,true
66,103,Proliferation,true,false,true
95,61,Growth_Arrest,false,false,true
55,99,Growth_Arrest,false,false,false
97,39,Growth_Arrest,false,true,false
113,58,Proliferation,true,true,false
67,56,Proliferation,true,false,false
112,90,Proliferation,true,false,true
50,51,Proliferation,true,true,true
113,68,Proliferation,true,true,false
102,85,Growth_Arrest,false,false,true
58,113,Proliferation,true,true,true
101,90,Proliferation,true,true,true
88,98,Growth_Arrest,false,true,true
42,75,Proliferation,true,true,false
86,77,Growth_Arrest,false,true,false
60,90,Proliferation,true,true,false
40,100,Proliferation,true,true,true
86,93,Growth_Arrest,false,true,true
100,48,Proliferation,true,false,true
40,66,Proliferation,true,true,false
83,107,Growth_Arrest,false,false,false
44,92,Proliferation,true,true,false
74,107,Proliferation,true,false,false
76,92,Growth_Arrest,false,true,false
60,68,Proliferation,true,false,false
75,89,Growth_Arrest,false,false,false
33,76,Proliferation,true,false,true
102,52,Proliferation,true,true,true
48,95,Growth_Arrest,false,false,true
69,77,Growth_Arrest,false,false,false
87,99,Growth_Arrest,false,false,false
36,63,Proliferation,true,true,true
33,61,Proliferation,true,true,true
86,111,Proliferation,true,true,true
35,67,Proliferation,true,true,true
33,85,Proliferation,true,false,true
41,101,Proliferation,true,false,true
91,109,Proliferation,true,false,true
87,98,Proliferation,true,false,true
80,91,Proliferation,true,true,false
70,37,Proliferation,true,false,true
95,51,Proliferation,true,true,true
46,95,Proliferation,true,true,true
111,71,Proliferation,true,true,true
48,100,Proliferation,true,true,true
74,115,Proliferation,true,true,false
100,97,Proliferation,true,true,false
41,70,Growth_Arrest,false,true,false
39,82,Proliferation,true,true,false
59,80,Proliferation,true,false,true
93,108,Growth_Arrest,false,false,true
73,46,Growth_Arrest,false,true,true
34,78,Proliferation,true,true,true
41,87,Growth_Arrest,false,true,true
94,75,Proliferation,true,true,true
114,70,Growth_Arrest,false,true,false
60,74,Growth_Arrest,false,false,true
91,106,Proliferation,true,true,false
85,83,Proliferation,true,false,false
93,87,Proliferation,true,false,false
55,105,Proliferation,true,false,false
100,71,Growth_Arrest,false,false,true
67,79,Proliferation,true,true,false
83,65,Proliferation,true,true,true
71,108,Proliferation,true,true,false
106,87,Proliferation,true,true,true
87,45,Proliferation,true,false,false
90,96,Proliferation,true,false,true
92,62,Growth_Arrest,false,true,false
61,100,Growth_Arrest,false,true,true
101,50,Proliferation,true,false,false
106,59,Proliferation,true,true,true
81,82,Proliferation,true,true,false
45,65,Proliferation,true,false,false
94,54,Proliferation,true,false,true
45,48,Growth_Arrest,false,false,false
54,111,Proliferation,true,false,true
80,61,Growth_Arrest,false,true,false
49,109,Proliferation,true,false,true
45,74,Proliferation,true,false,false
56,39,Growth_Arrest,false,true,true
96,56,Proliferation,true,false,true
66,42,Proliferation,true,true,false
86,49,Proliferation,true,false,false
44,52,Proliferation,true,true,false
110,54,Proliferation,true,true,false
70,103,Proliferation,true,true,false
100,66,Growth_Arrest,false,true,false
83,83,Proliferation,true,true,true
74,55,Proliferation,true,true,true
81,47,Proliferation,true,true,false
37,54,Proliferation,true,false,true
49,46,Growth_Arrest,false,true,false
50,96,Proliferation,true,true,true
73,55,Proliferation,true,false,true
75,94,Proliferation,true,false,true
85,52,Proliferation,true,true,true
65,83,Proliferation,true,false,true
91,57,Proliferation,true,false,true
68,95,Proliferation,true,true,false
59,83,Proliferation,true,true,true
82,109,Proliferation,true,true,true
90,63,Proliferation,true,true,false
99,77,Proliferation,true,false,true
63,86,Proliferation,true,false,false
115,72,Proliferation,true,false,true
56,72,Growth_Arrest,false,false,true
113,94,Growth_Arrest,false,true,false
98,40,Proliferation,true,true,false
39,70,Growth_Arrest,false,true,false
66,104,Growth_Arrest,false,false,true
100,83,Proliferation,true,false,false
117,70,Proliferation,true,false,true
56,93,Proliferation,true,true,true
90,56,Proliferation,true,true,true
87,80,Growth_Arrest,false,false,false
105,98,Proliferation,true,false,true
58,41,Proliferation,true,true,false
108,93,Proliferation,true,false,true
105,48,Growth_Arrest,false,false,false
59,88,Proliferation,true,false,true
75,60,Proliferation,true,true,true
101,95,Proliferation,true,true,false
70,114,Growth_Arrest,false,true,false
48,57,Growth_Arrest,false,true,false
73,114,Proliferation,true,true,true
35,84,Proliferation,true,true,true
43,72,Proliferation,true,true,true
82,51,Proliferation,true,true,true
81,60,Proliferation,true,true,true
46,96,Proliferation,true,true,true
113,61,Growth_Arrest,false,false,true
103,63,Proliferation,true,true,false
76,71,Proliferation,true,false,false
86,69,Proliferation,true,true,true
65,32,Proliferation,true,true,false
71,54,Proliferation,true,false,true
35,57,Proliferation,true,true,true
53,84,Proliferation,true,false,true
90,99,Growth_Arrest,false,true,false
102,69,Growth_Arrest,false,true,true
96,96,Growth_Arrest,false,false,true
68,65,Growth_Arrest,false,true,true
101,42,Proliferation,true,false,true
80,98,Growth_Arrest,false,true,true
84,104,Proliferation,true,false,true
94,70,Proliferation,true,true,true
79,62,Proliferation,true,false,false
38,57,Proliferation,true,true,true
82,116,Proliferation,true,true,false
102,103,Proliferation,true,false,true
72,78,Proliferation,true,false,true
46,97,Proliferation,true,false,true
65,62,Proliferation,true,true,false
110,74,Growth_Arrest,false,false,true
92,51,Proliferation,true,false,false
118,74,Proliferation,true,false,false
77,108,Growth_Arrest,false,true,true
95,41,Proliferation,true,true,false
102,92,Growth_Arrest,false,true,true
77,85,Proliferation,true,true,false
68,41,Proliferation,true,true,true
87,47,Proliferation,true,false,false
85,106,Growth_Arrest,false,false,true
77,39,Proliferation,true,false,false
88,48,Growth_Arrest,false,true,false
52,45,Growth_Arrest,false,false,true
104,105,Proliferation,true,false,false
87,59,Growth_Arrest,false,true,true
89,66,Growth_Arrest,false,true,false
93,56,Growth_Arrest,false,false,true
68,82,Proliferation,true,false,false
88,87,Proliferation,true,false,false
96,112,Proliferation,true,true,false
63,73,Proliferation,true,true,true
83,80,Proliferation,true,false,false
73,31,Growth_Arrest,false,true,true
77,89,Proliferation,true,true,false
69,115,Proliferation,true,true,true
95,105,Growth_Arrest,false,false,true
60,38,Proliferation,true,false,true
93,104,Proliferation,true,true,false
89,54,Proliferation,true,false,true
70,85,Growth_Arrest,false,false,false
46,60,Proliferation,true,true,true
76,32,Proliferation,true,false,true
72,107,Growth_Arrest,false,false,false
47,74,Growth_Arrest,false,false,true
60,112,Proliferation,true,false,true
82,94,Proliferation,true,false,true
74,106,Proliferation,true,false,false
57,41,Proliferation,true,true,false
105,52,Proliferation,true,true,false
67,117,Growth_Arrest,false,false,true
74,50,Proliferation,true,true,true
56,101,Proliferation,true,true,true
89,50,Proliferation,true,true,true
70,74,Proliferation,true,true,false
70,112,Proliferation,true,true,true
48,89,Growth_Arrest,false,false,false
112,85,Proliferation,true,false,true
40,74,Proliferation,true,true,false
58,79,Growth_Arrest,false,false,true
65,49,Proliferation,true,true,false
93,97,Proliferation,true,false,true
70,32,Proliferation,true,true,true
87,49,Growth_Arrest,false,true,false
80,34,Proliferation,true,true,true
92,102,Proliferation,true,true,true
89,52,Proliferation,true,true,false
41,47,Growth_Arrest,false,false,false
38,74,Proliferation,true,true,false
105,83,Proliferation,true,false,false
66,58,Proliferation,true,true,true
72,53,Growth_Arrest,false,true,true
72,46,Proliferation,true,false,false
115,61,Proliferation,true,true,false
112,88,Proliferation,true,true,false
40,73,Proliferation,true,false,true
65,87,Growth_Arrest,false,true,true
70,53,Growth_Arrest,false,true,true
59,56,Growth_Arrest,false,true,true
48,106,Proliferation,true,true,true
78,63,Proliferation,true,true,false
48,88,Growth_Arrest,false,false,true
108,77,Growth_Arrest,false,false,true
56,87,Proliferation,true,true,false
100,61,Growth_Arrest,false,true,true
82,50,Growth_Arrest,false,true,false
66,87,Proliferation,true,false,true
102,46,Proliferation,true,false,false
72,71,Proliferation,true,false,false
90,111,Proliferation,true,true,false
84,105,Proliferation,true,true,false
111,52,Proliferation,true,true,true
102,57,Proliferation,true,false,false
44,98,Proliferation,true,false,true
55,83,Proliferation,true,true,false
54,40,Growth_Arrest,false,true,false
97,68,Proliferation,true,false,false
106,96,Proliferation,true,false,true
77,46,Proliferation,true,false,true
98,95,Growth_Arrest,false,false,true
98,58,Proliferation,true,true,true
99,106,Proliferation,true,true,false
75,33,Proliferation,true,false,false
97,53,Proliferation,true,true,true
72,43,Proliferation,true,true,true
69,52,Growth_Arrest,false,false,false
102,72,Proliferation,true,true,false
73,40,Proliferation,true,true,false
36,82,Proliferation,true,true,false
86,42,Growth_Arrest,false,true,true
41,65,Proliferation,true,true,false
44,67,Growth_Arrest,false,true,false
102,108,Proliferation,true,false,false
88,43,Proliferation,true,false,true
41,85,Proliferation,true,false,true
63,104,Proliferation,true,true,false
70,51,Growth_Arrest,false,true,false
90,57,Growth_Arrest,false,false,false
51,103,Proliferation,true,false,false
73,118,Growth_Arrest,false,true,false
48,58,Growth_Arrest,false,false,true
71,55,Growth_Arrest,false,true,false
71,57,Proliferation,true,true,true
63,46,Growth_Arrest,false,true,true
83,93,Proliferation,true,true,true
68,112,Proliferation,true,false,false
70,113,Growth_Arrest,false,true,true
44,93,Proliferation,true,false,false
87,46,Growth_Arrest,false,false,true
94,42,Proliferation,true,false,false
57,55,Proliferation,true,false,true
39,81,Proliferation,true,true,true
102,45,Proliferation,true,false,false
51,92,Growth_Arrest,false,false,true
59,72,Growth_Arrest,false,true,false
69,106,Proliferation,true,true,true
79,65,Growth_Arrest,false,true,true
101,109,Proliferation,true,true,false
93,60,Proliferation,true,false,false
67,81,Growth_Arrest,false,true,false
80,70,Proliferation,true,true,false
97,73,Growth_Arrest,false,true,false
112,60,Proliferation,true,false,true
62,41,Growth_Arrest,false,false,false
74,33,Growth_Arrest,false,false,false
84,56,Proliferation,true,true,true
66,90,Growth_Arrest,false,false,true
43,92,Growth_Arrest,false,true,false
50,59,Proliferation,true,true,false
71,36,Proliferation,true,false,true
111,97,Proliferation,true,true,false
48,50,Proliferation,true,false,false
74,69,Growth_Arrest,false,false,true
74,109,Proliferation,true,true,true
115,76,Growth_Arrest,false,false,true
90,55,Proliferation,true,true,true
89,35,Proliferation,true,true,false
78,82,Growth_Arrest,false,true,false
50,81,Growth_Arrest,false,false,false
106,68,Growth_Arrest,false,false,false
92,42,Proliferation,true,true,false
96,74,Growth_Arrest,false,false,true
69,62,Proliferation,true,false,true
80,89,Proliferation,true,false,true
44,47,Proliferation,true,false,true
92,114,Growth_Arrest,false,false,true
89,82,Proliferation,true,true,false
47,55,Growth_Arrest,false,true,true
35,88,Proliferation,true,true,false
59,52,Growth_Arrest,false,true,true
51,102,Growth_Arrest,false,false,true
78,38,Proliferation,true,true,true
83,105,Growth_Arrest,false,false,true
40,94,Growth_Arrest,false,true,true
107,89,Growth_Arrest,false,true,true
68,61,Proliferation,true,true,true
92,60,Proliferation,true,true,true
70,46,Growth_Arrest,false,true,false
54,90,Growth_Arrest,false,true,false
79,87,Proliferation,true,false,true
53,49,Growth_Arrest,false,true,true
71,68,Proliferation,true,false,false
70,48,Growth_Arrest,false,false,true
89,45,Proliferation,true,true,true
88,77,Growth_Arrest,false,false,true
50,88,Proliferation,true,false,false
105,84,Proliferation,true,false,true
105,86,Growth_Arrest,false,false,true
59,58,Proliferation,true,true,false
56,48,Proliferation,true,true,true
52,100,Proliferation,true,true,false
69,44,Proliferation,true,true,false
78,50,Growth_Arrest,false,false,false
81,71,Proliferation,true,true,true
41,77,Proliferation,true,true,true
112,57,Proliferation,true,true,true
115,77,Proliferation,true,false,false
60,94,Growth_Arrest,false,true,true
71,77,Growth_Arrest,false,true,true
67,92,Proliferation,true,true,true
97,76,Proliferation,true,true,false
66,112,Proliferation,true,false,false
56,46,Growth_Arrest,false,false,false
57,97,Proliferation,true,false,false
85,114,Proliferation,true,true,true
51,69,Growth_Arrest,false,false,true
74,112,Growth_Arrest,false,false,false
80,88,Proliferation,true,true,true
84,107,Proliferation,true,false,false
66,72,Growth_Arrest,false,true,false
61,71,Proliferation,true,false,false
69,43,Proliferation,true,false,false
64,87,Growth_Arrest,false,true,false
66,51,Growth_Arrest,false,true,false
103,88,Proliferation,true,true,true
42,57,Growth_Arrest,false,true,false
32,81,Growth_Arrest,false,true,true
83,44,Growth_Arrest,false,false,false
94,98,Growth_Arrest,false,false,true
82,108,Proliferation,true,true,false
36,91,Proliferation,true,true,false
31,78,Proliferation,true,true,true
63,110,Proliferation,true,false,false
50,62,Growth_Arrest,false,false,true
86,73,Growth_Arrest,false,false,true
108,73,Proliferation,true,true,false
65,37,Proliferation,true,true,true
65,78,Growth_Arrest,false,false,true
76,98,Proliferation,true,true,false
41,63,Proliferation,true,true,true
92,52,Proliferation,true,false,true
63,71,Proliferation,true,false,false
86,108,Growth_Arrest,false,true,false
86,66,Growth_Arrest,false,false,true
68,92,Proliferation,true,false,false
117,78,Proliferation,true,false,false
71,95,Growth_Arrest,false,false,false
116,77,Proliferation,true,false,false
37,70,Growth_Arrest,false,true,false
70,57,Proliferation,true,true,true
36,65,Proliferation,true,false,false
86,101,Growth_Arrest,false,true,false
53,48,Growth_Arrest,false,false,false
40,64,Proliferation,true,true,true
84,73,Proliferation,true,true,false
112,79,Proliferation,true,true,false
52,82,Growth_Arrest,false,true,false
70,43,Proliferation,true,true,false
49,90,Proliferation,true,true,true
72,118,Growth_Arrest,false,true,true
94,76,Proliferation,true,true,false
44,88,Proliferation,true,true,true
112,74,Growth_Arrest,false,false,true
78,70,Proliferation,true,true,false
69,72,Growth_Arrest,false,false,false
82,107,Proliferation,true,true,false
72,32,Growth_Arrest,false,true,false
38,64,Proliferation,true,false,true
67,60,Growth_Arrest,false,true,false
55,44,Growth_Arrest,false,true,false
106,51,Growth_Arrest,false,false,true
113,90,Growth_Arrest,false,true,false
106,55,Proliferation,true,true,false
111,80,Proliferation,true,true,false
90,80,Growth_Arrest,false,true,false
40,93,Proliferation,true,true,false
45,90,Growth_Arrest,false,true,true
115,73,Growth_Arrest,false,true,false
46,67,Proliferation,true,true,false
75,108,Proliferation,true,true,false
85,64,Proliferation,true,true,true
78,71,Proliferation,true,false,false
81,57,Proliferation,true,false,false
111,86,Proliferation,true,false,true
94,44,Growth_Arrest,false,true,true
103,79,Growth_Arrest,false,false,false
67,89,Growth_Arrest,false,true,false
73,108,Growth_Arrest,false,true,false
100,63,Growth_Arrest,false,false,true
71,86,Proliferation,true,true,true
61,69,Growth_Arrest,false,true,true
37,62,Proliferation,true,false,true
71,33,Proliferation,true,true,false
111,90,Growth_Arrest,false,false,false
56,38,Proliferation,true,true,true
104,80,Growth_Arrest,false,true,false
46,61,Proliferation,true,true,false
116,64,Proliferation,true,false,true
47,78,Proliferation,true,false,true
84,116,Proliferation,true,false,true
39,85,Growth_Arrest,false,true,false
81,84,Proliferation,true,false,true
32,82,Proliferation,true,true,true
46,49,Proliferation,true,false,false
42,47,Proliferation,true,true,false
93,63,Proliferation,true,false,false
52,65,Proliferation,true,false,false
88,55,Proliferation,true,true,false
54,79,Proliferation,true,false,true
108,71,Proliferation,true,true,false
67,80,Growth_Arrest,false,true,true
42,68,Growth_Arrest,false,false,true
64,46,Proliferation,true,true,true
36,72,Proliferation,true,false,false
58,50,Proliferation,true,false,false
91,72,Proliferation,true,true,true
45,56,Proliferation,true,false,false
91,105,Growth_Arrest,false,false,false
104,95,Proliferation,true,false,false
58,105,Growth_Arrest,false,false,false
40,61,Proliferation,true,false,false
110,62,Growth_Arrest,false,true,false
92,74,Proliferation,true,true,true
41,82,Proliferation,true,false,false
87,70,Proliferation,true,false,true
91,53,Proliferation,true,false,true
43,53,Proliferation,true,true,false
73,75,Proliferation,true,false,false
110,94,Proliferation,true,false,true
91,92,Growth_Arrest,false,true,true
70,96,Proliferation,true,false,true
75,46,Proliferation,true,true,true
99,66,Proliferation,true,true,true
71,94,Proliferation,true,true,true
104,52,Proliferation,true,true,false
34,89,Proliferation,true,true,true
63,77,Proliferation,true,true,false
78,41,Proliferation,true,true,false
65,65,Proliferation,true,true,false
113,93,Proliferation,true,false,false
78,89,Growth_Arrest,false,true,false
100,106,Proliferation,true,false,false
84,32,Proliferation,true,false,false
85,92,Proliferation,true,false,true
64,58,Proliferation,true,true,true
52,99,Proliferation,true,true,false
45,67,Growth_Arrest,false,true,false
87,102,Proliferation,true,true,false
32,73,Proliferation,true,false,false
66,73,Proliferation,true,true,false
62,85,Proliferation,true,false,true
108,100,Growth_Arrest,false,true,false
75,43,Proliferation,true,false,false
36,58,Growth_Arrest,false,true,true
80,114,Growth_Arrest,false,false,false
40,84,Proliferation,true,false,false
64,63,Growth_Arrest,false,true,true
54,68,Growth_Arrest,false,false,false
81,50,Proliferation,true,true,false
69,85,Proliferation,true,false,true
53,79,Proliferation,true,true,true
60,76,Growth_Arrest,false,true,false
73,78,Proliferation,true,false,false
72,82,Proliferation,true,true,true
66,106,Growth_Arrest,false,true,false
79,102,Proliferation,true,false,false
90,86,Proliferation,true,false,true
63,103,Proliferation,true,false,true
59,89,Proliferation,true,false,true
55,108,Growth_Arrest,false,true,true
69,111,Proliferation,true,true,true
110,92,Proliferation,true,false,true
96,53,Growth_Arrest,false,true,true
94,103,Proliferation,true,false,true
86,96,Proliferation,true,true,false
111,89,Proliferation,true,true,true
81,74,Growth_Arrest,false,false,true
92,38,Proliferation,true,false,false
60,46,Growth_Arrest,false,false,false
72,47,Proliferation,true,false,false
105,95,Proliferation,true,true,true
65,72,Proliferation,true,true,false
101,93,Proliferation,true,true,true
76,81,Proliferation,true,false,false
63,54,Proliferation,true,false,true
48,91,Proliferation,true,true,true
56,53,Proliferation,true,false,true
38,52,Proliferation,true,true,true
75,100,Growth_Arrest,false,true,true
75,71,Proliferation,true,false,false
89,96,Proliferation,true,true,true
62,108,Proliferation,true,true,false
38,92,Proliferation,true,false,false
89,107,Growth_Arrest,false,false,false
48,70,Proliferation,true,true,true
81,112,Proliferation,true,true,true
38,90,Proliferation,true,false,false
94,79,Growth_Arrest,false,false,true
98,74,Growth_Arrest,false,true,false
84,59,Proliferation,true,true,false
77,42,Proliferation,true,false,true
83,52,Proliferation,true,true,false
100,56,Proliferation,true,false,false
57,110,Proliferation,true,false,false
73,59,Growth_Arrest,false,true,true
39,52,Growth_Arrest,false,false,true
110,95,Growth_Arrest,false,true,true
77,37,Growth_Arrest,false,false,true
103,95,Proliferation,true,true,true
78,78,Proliferation,true,false,false
85,46,Growth_Arrest,false,true,false
46,88,Proliferation,true,false,false
81,70,Growth_Arrest,false,false,false
71,45,Growth_Arrest,false,false,false
71,63,Proliferation,true,false,true
77,49,Growth_Arrest,false,true,true
70,44,Proliferation,true,true,true
38,94,Proliferation,true,true,true
87,97,Proliferation,true,false,true
65,116,Proliferation,true,false,false
55,49,Proliferation,true,true,true
50,52,Growth_Arrest,false,true,true
95,44,Proliferation,true,false,false
52,98,Growth_Arrest,false,true,false
57,70,Proliferation,true,false,true
90,51,Growth_Arrest,false,false,true
41,100,Proliferation,true,true,false
61,47,Growth_Arrest,false,false,true
48,77,Proliferation,true,false,true
43,98,Growth_Arrest,false,true,false
79,47,Proliferation,true,false,false
48,49,Growth_Arrest,false,false,false
106,104,Growth_Arrest,false,true,true
63,102,Proliferation,true,true,true
83,64,Proliferation,true,false,false
67,87,Proliferation,true,true,false
38,89,Proliferation,true,false,true
64,59,Proliferation,true,false,true
93,114,Proliferation,true,true,true
92,50,Proliferation,true,true,true
66,113,Proliferation,true,true,false
82,32,Proliferation,true,false,false
84,65,Proliferation,true,false,true
86,90,Proliferation,true,false,false
56,69,Proliferation,true,true,true
77,67,Growth_Arrest,false,true,true
66,94,Proliferation,true,true,false
98,105,Growth_Arrest,false,true,true
101,41,Proliferation,true,false,true
37,66,Proliferation,true,true,true
87,64,Growth_Arrest,false,false,true
72,36,Proliferation,true,true,true
56,82,Proliferation,true,true,true
63,58,Proliferation,true,true,false
56,95,Proliferation,true,true,false
108,63,Proliferation,true,true,false
32,72,Proliferation,true,true,false
67,66,Proliferation,true,true,false
65,75,Proliferation,true,true,false
95,56,Proliferation,true,true,false
58,108,Proliferation,true,false,false
117,65,Growth_Arrest,false,true,true
56,112,Growth_Arrest,false,false,false
59,46,Growth_Arrest,false,true,false
56,35,Proliferation,true,false,true
49,79,Proliferation,true,true,false
93,86,Proliferation,true,true,true
39,100,Proliferation,true,true,true
39,74,Growth_Arrest,false,true,false
93,92,Proliferation,true,true,false
84,33,Proliferation,true,false,false
63,55,Growth_Arrest,false,false,false
85,53,Proliferation,true,false,true
80,41,Growth_Arrest,false,false,true
72,79,Growth_Arrest,false,false,false
84,92,Proliferation,true,false,false
71,107,Growth_Arrest,false,true,true
60,92,Proliferation,true,true,true
76,103,Proliferation,true,true,false
38,69,Proliferation,true,true,false
55,106,Proliferation,true,false,true
59,50,Proliferation,true,false,true
84,35,Proliferation,true,true,false
89,90,Proliferation,true,false,false
73,67,Growth_Arrest,false,true,false
63,91,Growth_Arrest,false,false,true
72,112,Proliferation,true,false,true
101,64,Proliferation,true,false,true
114,90,Proliferation,true,true,true
79,98,Growth_Arrest,false,true,false
34,70,Growth_Arrest,false,false,false
82,113,Proliferation,true,false,false
36,77,Proliferation,true,false,true
93,73,Proliferation,true,false,false
114,56,Proliferation,true,true,false
55,66,Proliferation,true,false,false
40,49,Proliferation,true,false,false
88,35,Proliferation,true,false,true
51,93,Growth_Arrest,false,false,true
105,61,Proliferation,true,true,true
50,110,Proliferation,true,false,true
66,69,Growth_Arrest,false,true,false
37,88,Proliferation,true,false,false
112,66,Proliferation,true,false,false
74,59,Proliferation,true,false,true
62,64,Proliferation,true,false,true
65,38,Growth_Arrest,false,false,true
49,44,Growth_Arrest,false,false,false
53,95,Proliferation,true,true,true
81,49,Proliferation,true,false,true
75,67,Growth_Arrest,false,true,true
106,102,Proliferation,true,true,true
57,86,Proliferation,true,false,true
35,85,Growth_Arrest,false,false,false
65,81,Proliferation,true,true,false
81,96,Proliferation,true,false,true
51,54,Proliferation,true,false,false
55,101,Proliferation,true,false,true
38,76,Proliferation,true,true,true
81,80,Growth_Arrest,false,false,true
74,60,Proliferation,true,false,true
40,88,Proliferation,true,false,true
37,84,Proliferation,true,true,true
86,54,Proliferation,true,false,false
104,72,Growth_Arrest,false,true,true
109,83,Growth_Arrest,false,true,true
73,95,Proliferation,true,true,false
39,60,Growth_Arrest,false,true,true
66,55,Growth_Arrest,false,true,false
68,109,Growth_Arrest,false,true,false
77,60,Proliferation,true,true,true
97,99,Proliferation,true,true,false
112,75,Proliferation,true,false,false
70,87,Proliferation,true,false,false
66,46,Proliferation,true,true,false
61,96,Proliferation,true,false,true
115,88,Growth_Arrest,false,true,false
66,52,Growth_Arrest,false,true,false
75,39,Proliferation,true,true,true
47,103,Proliferation,true,false,false
54,53,Proliferation,true,true,true
104,68,Proliferation,true,false,false
96,81,Growth_Arrest,false,true,false
98,59,Proliferation,true,true,false
54,73,Growth_Arrest,false,true,true
82,42,Proliferation,true,true,true
73,87,Proliferation,true,false,false
95,75,Proliferation,true,true,false
56,91,Proliferation,true,true,true
70,55,Growth_Arrest,false,true,true
80,57,Proliferation,true,false,true
70,65,Proliferation,true,false,false
95,91,Proliferation,true,false,true
70,59,Growth_Arrest,false,false,true
90,113,Growth_Arrest,false,false,true
76,68,Proliferation,true,false,false
73,94,Proliferation,true,true,true
51,45,Proliferation,true,false,true
65,98,Growth_Arrest,false,true,false
68,35,Growth_Arrest,false,true,false
84,100,Proliferation,true,false,true
81,97,Proliferation,true,true,true
36,93,Proliferation,true,true,false
47,42,Proliferation,true,true,false
32,69,Growth_Arrest,false,true,false
36,54,Proliferation,true,true,true
64,70,Growth_Arrest,false,true,true
95,37,Proliferation,true,false,false
89,80,Growth_Arrest,false,false,true
71,69,Proliferation,true,true,false
63,79,Proliferation,true,false,true
73,84,Growth_Arrest,false,true,false
34,67,Proliferation,true,true,false
52,42,Growth_Arrest,false,true,true
59,64,Growth_Arrest,false,false,false
83,71,Growth_Arrest,false,true,false
90,43,Proliferation,true,false,true
91,58,Proliferation,true,true,false
100,84,Proliferation,true,true,false
50,95,Proliferation,true,true,true
61,82,Growth_Arrest,false,true,true
94,41,Proliferation,true,false,false
72,103,Proliferation,true,true,false
99,51,Proliferation,true,true,false
82,88,Proliferation,true,false,false
50,97,Proliferation,true,true,false
91,85,Proliferation,true,true,true
54,66,Growth_Arrest,false,true,true
50,61,Proliferation,true,false,false
74,63,Proliferation,true,true,false
67,33,Growth_Arrest,false,true,false
85,54,Proliferation,true,false,true
61,98,Proliferation,true,false,false
39,56,Proliferation,true,true,false
111,64,Growth_Arrest,false,false,false
70,93,Proliferation,true,true,true
34,74,Proliferation,true,true,false
77,76,Proliferation,true,true,false
112,77,Proliferation,true,false,true
74,62,Proliferation,true,false,true
79,49,Proliferation,true,true,true
77,81,Growth_Arrest,false,true,false
116,65,Proliferation,true,false,false
43,56,Proliferation,true,false,false
65,95,Growth_Arrest,false,true,true
44,44,Proliferation,true,false,true
56,98,Proliferation,true,true,true
110,93,Proliferation,true,true,false
73,89,Proliferation,true,false,true
96,39,Growth_Arrest,false,false,false
44,57,Growth_Arrest,false,true,true
53,67,Proliferation,true,false,true
102,62,Proliferation,true,true,true
41,66,Proliferation,true,false,true
62,59,Growth_Arrest,false,false,false
76,108,Growth_Arrest,false,false,true
69,58,Proliferation,true,true,true
113,55,Growth_Arrest,false,false,true
85,55,Growth_Arrest,false,false,true
49,89,Proliferation,true,true,true
68,51,Proliferation,true,true,false
105,68,Proliferation,true,false,false
38,73,Growth_Arrest,false,true,false
56,76,Proliferation,true,true,false
74,41,Proliferation,true,false,true
43,63,Growth_Arrest,false,false,false
70,99,Proliferation,true,false,true
53,41,Growth_Arrest,false,false,false
65,56,Growth_Arrest,false,true,false
57,77,Proliferation,true,true,true
72,60,Growth_Arrest,false,true,true
44,89,Proliferation,true,true,true
108,88,Proliferation,true,true,false
68,63,Proliferation,true,true,false
50,71,Proliferation,true,true,false
83,32,Growth_Arrest,false,true,true
78,79,Growth_Arrest,false,true,true
55,52,Proliferation,true,false,true
61,91,Proliferation,true,false,true
48,67,Growth_Arrest,false,true,true
46,68,Proliferation,true,false,false
104,91,Proliferation,true,false,true
77,58,Proliferation,true,true,true
117,84,Proliferation,true,true,true
61,80,Proliferation,true,false,true
70,70,Growth_Arrest,false,false,true
59,61,Proliferation,true,false,false
99,68,Proliferation,true,false,true
60,105,Proliferation,true,true,true
99,59,Proliferation,true,true,true
84,36,Growth_Arrest,false,true,true
117,66,Proliferation,true,true,false
56,57,Proliferation,true,false,false
108,62,Proliferation,true,false,false
73,109,Growth_Arrest,false,true,false
91,43,Proliferation,true,false,true
105,73,Growth_Arrest,false,true,false
84,37,Growth_Arrest,false,true,true
104,47,Proliferation,true,false,false
81,38,Proliferation,true,true,true
99,43,Proliferation,true,false,true
83,97,Proliferation,true,true,true
81,87,Proliferation,true,true,true
98,73,Proliferation,true,false,false
94,90,Proliferation,true,true,false
109,94,Proliferation,true,true,true
42,103,Proliferation,true,false,true
51,111,Growth_Arrest,false,true,false
104,63,Proliferation,true,true,false
87,34,Proliferation,true,true,true
101,59,Growth_Arrest,false,false,true
46,62,Proliferation,true,true,true
48,109,Growth_Arrest,false,true,true
115,71,Proliferation,true,true,true
67,34,Growth_Arrest,false,false,true
94,95,Proliferation,true,true,true
56,45,Proliferation,true,false,true
43,61,Growth_Arrest,false,true,true
55,59,Proliferation,true,true,false
111,58,Proliferation,true,true,true
57,49,Proliferation,true,false,true
61,61,Growth_Arrest,false,false,true
57,103,Proliferation,true,true,true
35,56,Growth_Arrest,false,true,true
81,110,Growth_Arrest,false,false,true
90,48,Growth_Arrest,false,false,false
37,53,Proliferation,true,true,false
47,56,Growth_Arrest,false,false,false
50,57,Growth_Arrest,false,false,true
51,62,Proliferation,true,false,false
67,55,Proliferation,true,true,false
54,49,Growth_Arrest,false,true,true
68,55,Growth_Arrest,false,false,true
63,94,Proliferation,true,true,true
89,83,Growth_Arrest,false,false,false
60,107,Proliferation,true,false,true
105,85,Growth_Arrest,false,false,true
62,102,Proliferation,true,true,false
116,73,Growth_Arrest,false,false,true
39,98,Proliferation,true,true,false
51,108,Growth_Arrest,false,true,true
112,55,Growth_Arrest,false,true,false
37,79,Proliferation,true,true,true
77,36,Proliferation,true,false,true
89,86,Growth_Arrest,false,true,false
82,35,Proliferation,true,false,false
85,34,Proliferation,true,false,false
102,104,Proliferation,true,true,false
34,77,Proliferation,true,false,false
47,69,Proliferation,true,false,true
42,95,Proliferation,true,false,true
63,112,Proliferation,true,true,false
38,88,Growth_Arrest,false,true,true
65,101,Growth_Arrest,false,true,true
100,86,Proliferation,true,true,false
47,51,Growth_Arrest,false,false,false
74,76,Proliferation,true,true,false
108,97,Proliferation,true,false,true
99,56,Proliferation,true,true,false
108,53,Proliferation,true,true,false
70,107,Proliferation,true,false,false
36,83,Proliferation,true,false,false
71,91,Growth_Arrest,false,false,false
97,75,Growth_Arrest,false,false,false
91,49,Growth_Arrest,false,false,false
65,99,Growth_Arrest,false,false,false
78,36,Proliferation,true,true,true
108,50,Growth_Arrest,false,false,true
76,95,Growth_Arrest,false,false,false
99,80,Growth_Arrest,false,true,true
45,81,Proliferation,true,false,true
105,50,Proliferation,true,false,true
46,87,Proliferation,true,false,false
76,63,Growth_Arrest,false,true,true
86,89,Proliferation,true,false,false
82,40,Growth_Arrest,false,true,true
32,66,Growth_Arrest,false,false,true
42,69,Proliferation,true,false,true
39,89,Proliferation,true,true,true
100,82,Growth_Arrest,false,false,false
48,65,Proliferation,true,true,false
48,99,Proliferation,true,false,true
50,58,Proliferation,true,false,true
65,54,Proliferation,true,false,false
77,113,Growth_Arrest,false,false,false
103,60,Proliferation,true,true,false
47,75,Proliferation,true,false,true
68,69,Proliferation,true,true,false
63,57,Growth_Arrest,false,true,true
57,42,Growth_Arrest,false,true,true
78,77,Proliferation,true,false,true
49,92,Proliferation,true,false,false
75,110,Growth_Arrest,false,false,false
56,92,Proliferation,true,true,true
80,106,Growth_Arrest,false,false,false
52,43,Proliferation,true,false,true
80,108,Proliferation,true,true,true
110,53,Growth_Arrest,false,false,true
80,103,Proliferation,true,false,true
109,67,Proliferation,true,true,true
100,72,Proliferation,true,true,false
87,110,Growth_Arrest,false,false,true
81,66,Growth_Arrest,false,true,false
51,72,Growth_Arrest,false,true,false
66,68,Proliferation,true,true,true
70,78,Proliferation,true,false,false
71,112,Growth_Arrest,false,true,false
47,83,Growth_Arrest,false,false,true
68,81,Proliferation,true,false,false
80,105,Growth_Arrest,false,true,true
46,101,Proliferation,true,false,false
78,100,Proliferation,true,false,true
91,44,Proliferation,true,false,false
90,94,Proliferation,true,false,false
75,52,Proliferation,true,true,true
68,89,Proliferation,true,false,false
39,71,Growth_Arrest,false,false,true
80,75,Proliferation,true,false,false
97,62,Proliferation,true,false,false
63,101,Proliferation,true,true,true
49,88,Growth_Arrest,false,false,false
71,41,Growth_Arrest,false,true,false
77,98,Proliferation,true,true,true
98,65,Proliferation,true,false,false
73,92,Growth_Arrest,false,true,false
68,88,Proliferation,true,false,false
39,95,Growth_Arrest,false,false,true
62,51,Proliferation,true,false,true
71,83,Growth_Arrest,false,true,true
47,73,Proliferation,true,true,true
88,109,Proliferation,true,false,false
55,47,Growth_Arrest,false,false,false
103,48,Growth_Arrest,false,true,false
95,85,Growth_Arrest,false,false,false
102,102,Proliferation,true,false,true
89,77,Growth_Arrest,false,true,false
36,92,Proliferation,true,true,true
112,56,Proliferation,true,false,false
59,70,Proliferation,true,true,false
89,84,Proliferation,true,true,false
84,53,Proliferation,true,true,false
47,41,Growth_Arrest,false,true,false
55,89,Proliferation,true,true,false
93,65,Growth_Arrest,false,false,false
68,100,Proliferation,true,false,false
94,113,Proliferation,true,false,true
45,55,Proliferation,true,true,false
35,71,Growth_Arrest,false,false,false
73,47,Proliferation,true,true,true
76,64,Proliferation,true,true,false
88,41,Proliferation,true,false,false
71,62,Growth_Arrest,false,true,false
39,75,Proliferation,true,false,true
63,63,Proliferation,true,true,true
86,50,Proliferation,true,false,true
88,40,Proliferation,true,false,true
47,82,Proliferation,true,true,true
64,96,Growth_Arrest,false,false,true
46,58,Growth_Arrest,false,false,false
113,81,Growth_Arrest,false,false,false
82,89,Growth_Arrest,false,true,false
51,89,Growth_Arrest,false,true,false
111,56,Proliferation,true,false,true
89,112,Growth_Arrest,false,true,true
75,118,Growth_Arrest,false,true,true
44,64,Proliferation,true,true,false
91,47,Growth_Arrest,false,false,true
53,50,Proliferation,true,false,true
94,43,Growth_Arrest,false,true,true
83,99,Proliferation,true,false,false
98,79,Proliferation,true,false,false
72,104,Growth_Arrest,false,false,true
43,62,Growth_Arrest,false,false,true
83,70,Proliferation,true,false,true
53,66,Proliferation,true,false,true
54,46,Proliferation,true,true,true
88,42,Proliferation,true,false,true
52,55,Proliferation,true,false,true
80,44,Growth_Arrest,false,false,false
109,51,Growth_Arrest,false,false,false
104,71,Proliferation,true,true,true
107,84,Growth_Arrest,false,false,true
74,100,Growth_Arrest,false,true,true
65,51,Growth_Arrest,false,true,true
36,66,Proliferation,true,true,false
49,50,Proliferation,true,false,false
50,76,Proliferation,true,true,false
69,49,Growth_Arrest,false,false,false
87,43,Proliferation,true,false,false
73,105,Proliferation,true,true,true
76,104,Proliferation,true,false,false
51,76,Proliferation,true,true,true
107,68,Proliferation,true,false,true
48,42,Growth_Arrest,false,false,true
98,80,Proliferation,true,true,true
60,63,Growth_Arrest,false,true,false
82,103,Growth_Arrest,false,true,true
78,96,Proliferation,true,false,true
51,40,Growth_Arrest,false,false,true
64,57,Growth_Arrest,false,true,false
109,53,Proliferation,true,false,false
77,96,Proliferation,true,false,false
66,79,Growth_Arrest,false,true,true
39,73,Proliferation,true,true,false
75,77,Proliferation,true,true,true
45,95,Proliferation,true,true,true
60,77,Proliferation,true,false,true
95,100,Proliferation,true,true,false
43,51,Proliferation,true,false,true
102,58,Growth_Arrest,false,true,true
72,94,Proliferation,true,true,true
91,84,Proliferation,true,false,true
89,49,Proliferation,true,false,false
99,75,Proliferation,true,false,true
102,100,Proliferation,true,false,true
63,115,Growth_Arrest,false,false,false
107,49,Proliferation,true,false,false
57,48,Proliferation,true,false,false
62,45,Proliferation,true,false,false
40,52,Proliferation,true,false,true
75,93,Proliferation,true,false,true
58,51,Proliferation,true,false,false
33,69,Proliferation,true,false,false
53,64,Proliferation,true,true,true
101,58,Proliferation,true,true,false
67,90,Proliferation,true,false,true
73,45,Proliferation,true,false,true
71,79,Growth_Arrest,false,false,true
65,66,Growth_Arrest,false,false,false
45,88,Proliferation,true,true,false
56,65,Growth_Arrest,false,false,true
75,31,Proliferation,true,false,true
91,52,Proliferation,true,false,false
84,52,Proliferation,true,true,false
47,63,Growth_Arrest,false,false,true
91,39,Growth_Arrest,false,true,false
52,50,Growth_Arrest,false,false,false
99,82,Proliferation,true,true,false
88,100,Growth_Arrest,false,true,false
87,69,Proliferation,true,false,true
56,106,Proliferation,true,true,false
79,79,Proliferation,true,true,false
106,47,Proliferation,true,true,false
95,108,Proliferation,true,true,true
93,50,Proliferation,true,true,true
116,76,Proliferation,true,true,false
84,102,Proliferation,true,false,false
55,57,Growth_Arrest,false,true,true
43,87,Proliferation,true,true,true
93,48,Proliferation,true,false,false
74,45,Growth_Arrest,false,true,true
62,77,Growth_Arrest,false,true,true
118,77,Proliferation,true,false,true
53,87,Growth_Arrest,false,false,false
69,94,Proliferation,true,false,false
50,49,Growth_Arrest,false,true,true
111,79,Proliferation,true,true,false
99,89,Proliferation,true,false,false
56,49,Proliferation,true,true,true
101,83,Growth_Arrest,false,true,true
86,70,Proliferation,true,false,false
100,69,Proliferation,true,true,false
67,100,Proliferation,true,false,false
59,74,Proliferation,true,false,true
102,98,Proliferation,true,false,false
76,73,Proliferation,true,false,false
101,46,Growth_Arrest,false,false,true
46,79,Proliferation,true,true,true
69,97,Growth_Arrest,false,true,false
63,49,Proliferation,true,false,false
95,73,Proliferation,true,false,false
62,96,Proliferation,true,false,true
100,103,Proliferation,true,false,false
100,99,Growth_Arrest,false,false,false
65,34,Proliferation,true,false,false
55,51,Proliferation,true,true,false
93,100,Growth_Arrest,false,false,true
66,102,Proliferation,true,true,true
91,65,Proliferation,true,false,false
53,90,Proliferation,true,true,true
92,46,Growth_Arrest,false,false,false
94,71,Proliferation,true,false,false
108,60,Proliferation,true,true,false
67,69,Growth_Arrest,false,true,true
82,61,Proliferation,true,false,true
89,68,Growth_Arrest,false,false,false
101,56,Proliferation,true,false,true
57,108,Proliferation,true,false,false
68,102,Growth_Arrest,false,true,true
100,54,Growth_Arrest,false,false,false
50,85,Proliferation,true,false,false
34,60,Proliferation,true,false,false
67,107,Growth_Arrest,false,false,false
52,79,Proliferation,true,false,true
73,88,Proliferation,true,false,false
56,103,Growth_Arrest,false,false,true
102,97,Proliferation,true,true,false
91,87,Proliferation,true,true,false
48,71,Proliferation,true,true,false
79,82,Proliferation,true,false,false
44,100,Proliferation,true,false,false
71,105,Proliferation,true,false,true
60,89,Proliferation,true,false,true
85,82,Proliferation,true,true,true
63,93,Proliferation,true,true,false
92,81,Growth_Arrest,false,false,true
45,78,Growth_Arrest,false,true,false
49,99,Proliferation,true,false,false
64,54,Proliferation,true,true,true
63,45,Growth_Arrest,false,true,true
84,55,Proliferation,true,true,true
67,97,Proliferation,true,false,true
93,42,Proliferation,true,false,false
44,56,Proliferation,true,false,true
85,80,Proliferation,true,false,true
57,51,Proliferation,true,false,false
60,86,Growth_Arrest,false,true,true
35,66,Proliferation,true,false,false
71,118,Proliferation,true,true,false
95,110,Proliferation,true,false,false
56,59,Growth_Arrest,false,true,false
87,63,Growth_Arrest,false,true,false
84,98,Proliferation,true,true,false
76,66,Growth_Arrest,false,true,false
78,32,Proliferation,true,false,true
70,56,Proliferation,true,true,true
60,108,Growth_Arrest,false,false,true
98,54,Proliferation,true,false,false
41,71,Proliferation,true,false,false
83,35,Proliferation,true,false,true
54,88,Growth_Arrest,false,false,true
72,74,Growth_Arrest,false,false,true
82,106,Growth_Arrest,false,false,false
73,66,Proliferation,true,false,false
113,95,Growth_Arrest,false,true,true
91,51,Proliferation,true,true,true
86,106,Growth_Arrest,false,false,false
79,41,Proliferation,true,false,false
84,114,Growth_Arrest,false,false,true
52,77,Proliferation,true,false,false
60,80,Growth_Arrest,false,true,false
84,64,Proliferation,true,true,true
48,83,Proliferation,true,true,true
59,53,Proliferation,true,false,false
80,92,Growth_Arrest,false,false,true
102,53,Growth_Arrest,false,true,true
79,68,Growth_Arrest,false,true,false
56,94,Proliferation,true,false,true
83,104,Growth_Arrest,false,false,false
66,96,Growth_Arrest,false,false,true
94,94,Proliferation,true,false,true
93,81,Growth_Arrest,false,true,true
85,51,Growth_Arrest,false,false,true
109,56,Proliferation,true,false,true
85,37,Proliferation,true,true,true
78,49,Proliferation,true,true,false
64,62,Proliferation,true,true,false
81,54,Proliferation,true,true,false
76,86,Proliferation,true,true,true
96,89,Proliferation,true,false,false
108,74,Proliferation,true,true,false
85,97,Proliferation,true,true,true
34,81,Proliferation,true,true,false
100,53,Growth_Arrest,false,false,true
39,87,Proliferation,true,false,false
44,69,Proliferation,true,false,false
64,98,Proliferation,true,false,true
99,74,Proliferation,true,true,true
97,107,Growth_Arrest,false,true,false
60,39,Growth_Arrest,false,false,true
61,105,Growth_Arrest,false,true,true
84,46,Proliferation,true,true,true
76,45,Proliferation,true,true,true
93,94,Proliferation,true,true,true
73,68,Proliferation,true,true,false
92,71,Proliferation,true,true,true
55,97,Growth_Arrest,false,false,false
105,44,Proliferation,true,true,false
80,60,Proliferation,true,false,true
37,92,Growth_Arrest,false,true,true
80,110,Proliferation,true,true,false
57,91,Growth_Arrest,false,true,true
93,43,Growth_Arrest,false,false,true
101,99,Proliferation,true,false,false
87,66,Growth_Arrest,false,true,true
38,62,Growth_Arrest,false,false,false
89,73,Proliferation,true,false,true
58,75,Proliferation,true,false,true
70,109,Proliferation,true,true,true
68,90,Proliferation,true,true,false
111,75,Proliferation,true,true,false
81,113,Proliferation,true,true,true
96,103,Proliferation,true,true,false
110,60,Proliferation,true,false,true
51,106,Growth_Arrest,false,false,false
104,86,Proliferation,true,false,false
59,91,Growth_Arrest,false,false,false
45,86,Growth_Arrest,false,true,false
78,115,Proliferation,true,true,true
50,102,Proliferation,true,true,true
99,98,Proliferation,true,false,true
46,82,Growth_Arrest,false,true,true
102,61,Proliferation,true,true,true
78,106,Proliferation,true,false,false
73,79,Growth_Arrest,false,false,false
97,100,Growth_Arrest,false,true,false
53,73,Proliferation,true,true,true
102,101,Growth_Arrest,false,true,true
103,71,Proliferation,true,true,true
118,78,Growth_Arrest,false,false,false
56,41,Proliferation,true,true,true
74,96,Proliferation,true,true,false
103,80,Proliferation,true,true,false
52,49,Growth_Arrest,false,true,false
65,44,Proliferation,true,true,true
35,89,Proliferation,true,true,true
105,102,Growth_Arrest,false,true,true
93,55,Proliferation,true,true,false
99,49,Proliferation,true,false,false
102,105,Growth_Arrest,false,false,false
77,110,Proliferation,true,true,false
115,59,Proliferation,true,true,false
110,58,Growth_Arrest,false,true,false
65,90,Growth_Arrest,false,false,false
77,118,Growth_Arrest,false,true,false
69,90,Growth_Arrest,false,false,true
62,98,Proliferation,true,false,false
43,65,Proliferation,true,false,true
83,67,Proliferation,true,true,true
65,46,Growth_Arrest,false,true,false
71,71,Proliferation,true,false,false
40,91,Proliferation,true,true,false
51,87,Growth_Arrest,false,true,false
63,34,Growth_Arrest,false,true,false
100,102,Proliferation,true,true,false
68,113,Proliferation,true,true,false
44,63,Proliferation,true,true,true
41,90,Growth_Arrest,false,false,false
98,96,Proliferation,true,false,true
44,72,Proliferation,true,true,true
73,90,Growth_Arrest,false,false,true
60,83,Proliferation,true,true,false
87,42,Proliferation,true,false,false
56,42,Proliferation,true,false,false
104,82,Growth_Arrest,false,true,false
84,109,Proliferation,true,true,true
88,44,Growth_Arrest,false,false,true
36,78,Proliferation,true,false,true
88,51,Proliferation,true,false,false
108,54,Growth_Arrest,false,true,true
64,109,Proliferation,true,false,false
59,41,Proliferation,true,true,true
116,88,Growth_Arrest,false,false,false
97,56,Proliferation,true,true,true
76,47,Proliferation,true,true,true
50,84,Proliferation,true,false,false
105,100,Growth_Arrest,false,false,false
53,63,Growth_Arrest,false,true,false
83,49,Proliferation,true,true,true
104,98,Proliferation,true,false,false
88,86,Proliferation,true,false,false
77,72,Growth_Arrest,false,false,false
117,68,Proliferation,true,true,false
81,98,Proliferation,true,false,true
112,84,Proliferation,true,false,true
40,80,Proliferation,true,false,false
34,87,Growth_Arrest,false,false,false
107,82,Proliferation,true,true,false
38,87,Growth_Arrest,false,true,true
35,74,Growth_Arrest,false,false,true
56,85,Proliferation,true,false,true
68,108,Proliferation,true,true,false
97,104,Proliferation,true,false,true
104,78,Proliferation,true,false,false
62,84,Proliferation,true,true,true
35,79,Proliferation,true,false,true
84,51,Growth_Arrest,false,false,true
73,70,Growth_Arrest,false,true,false
53,81,Proliferation,true,true,false
63,99,Proliferation,true,true,true
86,107,Growth_Arrest,false,true,true
68,97,Growth_Arrest,false,true,true
66,85,Proliferation,true,false,false
117,71,Growth_Arrest,false,false,false
66,78,Proliferation,true,true,true
71,38,Growth_Arrest,false,false,true
40,68,Growth_Arrest,false,false,true
98,66,Proliferation,true,false,false
54,86,Proliferation,true,true,false
103,99,Growth_Arrest,false,true,false
75,47,Growth_Arrest,false,false,false
95,101,Growth_Arrest,false,true,true
87,38,Proliferation,true,true,false
52,54,Growth_Arrest,false,true,true
86,84,Proliferation,true,false,false
32,70,Growth_Arrest,false,false,true
71,31,Proliferation,true,false,true
58,106,Growth_Arrest,false,false,true
95,79,Proliferation,true,true,true
64,94,Proliferation,true,false,true
74,84,Proliferation,true,true,false
93,79,Proliferation,true,false,false
57,44,Proliferation,true,true,false
93,61,Growth_Arrest,false,true,true
99,45,Proliferation,true,false,false
105,78,Growth_Arrest,false,true,true
84,48,Proliferation,true,false,true
57,53,Growth_Arrest,false,true,true
76,35,Growth_Arrest,false,false,false
63,69,Proliferation,true,false,false
49,51,Proliferation,true,false,false
56,60,Proliferation,true,false,false
114,89,Growth_Arrest,false,false,false
42,91,Proliferation,true,false,true
101,87,Proliferation,true,false,true
93,80,Proliferation,true,false,true
91,111,Proliferation,true,true,false
89,81,Proliferation,true,true,true
98,84,Proliferation,true,true,true
70,100,Proliferation,true,true,true
67,49,Proliferation,true,true,true
75,86,Growth_Arrest,false,false,true
92,56,Proliferation,true,true,true
92,89,Growth_Arrest,false,false,false
116,81,Growth_Arrest,false,false,false
56,114,Proliferation,true,true,false
67,114,Proliferation,true,false,false
45,47,Proliferation,true,true,false
55,54,Growth_Arrest,false,true,false
62,81,Proliferation,true,false,false
112,53,Proliferation,true,true,true
103,54,Growth_Arrest,false,false,false
96,57,Proliferation,true,false,false
109,77,Proliferation,true,true,true
69,93,Proliferation,true,false,true
73,99,Proliferation,true,true,false
97,69,Growth_Arrest,false,true,false
37,69,Growth_Arrest,false,true,true
53,89,Proliferation,true,false,true
41,56,Growth_Arrest,false,false,true
105,87,Proliferation,true,false,true
60,48,Proliferation,true,false,true
105,76,Proliferation,true,true,true
103,90,Proliferation,true,false,true
111,59,Proliferation,true,false,false
78,110,Proliferation,true,true,true
92,103,Proliferation,true,true,true
61,46,Proliferation,true,true,true
95,87,Proliferation,true,false,true
79,61,Growth_Arrest,false,true,true
49,73,Proliferation,true,true,true
70,86,Proliferation,true,true,false
51,98,Proliferation,true,true,false
63,64,Growth_Arrest,false,false,true
45,104,Proliferation,true,false,false
77,48,Proliferation,true,true,false
97,70,Proliferation,true,false,false
46,55,Proliferation,true,false,true
41,99,Growth_Arrest,false,true,false
74,36,Proliferation,true,false,true
76,44,Proliferation,true,false,false
87,115,Proliferation,true,true,true
71,104,Proliferation,true,false,true
49,83,Proliferation,true,false,false
85,58,Growth_Arrest,false,true,false
99,46,Proliferation,true,false,false
83,92,Proliferation,true,false,true
41,86,Proliferation,true,false,true
100,62,Proliferation,true,true,true
63,36,Proliferation,true,true,true
101,61,Proliferation,true,false,true
77,91,Proliferation,true,true,true
60,115,Proliferation,true,false,true
85,99,Proliferation,true,false,false
59,101,Growth_Arrest,false,false,true
91,66,Proliferation,true,false,false
83,86,Proliferation,true,false,false
61,103,Proliferation,true,false,false
82,66,Proliferation,true,true,false
92,48,Proliferation,true,true,false
74,54,Proliferation,true,true,false
82,64,Proliferation,true,true,false
50,83,Proliferation,true,false,false
62,76,Growth_Arrest,false,false,false
33,71,Proliferation,true,false,true
92,54,Growth_Arrest,false,true,true
65,52,Proliferation,true,true,true
65,33,Growth_Arrest,false,false,false
90,108,Proliferation,true,true,false
78,97,Proliferation,true,true,false
56,89,Growth_Arrest,false,true,true
53,65,Proliferation,true,true,true
62,113,Proliferation,true,false,false
56,64,Proliferation,true,false,true
94,63,Growth_Arrest,false,false,true
41,49,Proliferation,true,true,false
77,70,Proliferation,true,false,false
103,96,Growth_Arrest,false,true,false
96,101,Proliferation,true,true,true
70,52,Growth_Arrest,false,false,false
84,99,Proliferation,true,true,false
105,46,Proliferation,true,true,false
95,94,Proliferation,true,true,true
59,92,Proliferation,true,false,false
100,42,Growth_Arrest,false,true,false
101,76,Proliferation,true,false,false
97,86,Proliferation,true,true,true
50,39,Proliferation,true,true,true
84,80,Growth_Arrest,false,false,false
39,83,Proliferation,true,false,true
96,84,Proliferation,true,true,false
79,57,Proliferation,true,false,false
72,98,Proliferation,true,false,true
40,82,Growth_Arrest,false,true,true
106,54,Proliferation,true,true,true
73,62,Proliferation,true,false,false
73,57,Growth_Arrest,false,true,false
71,35,Proliferation,true,true,true
65,105,Proliferation,true,false,true
48,66,Proliferation,true,false,false
63,106,Proliferation,true,false,false
86,91,Growth_Arrest,false,true,true
88,107,Proliferation,true,false,true
86,53,Growth_Arrest,false,false,false
51,109,Growth_Arrest,false,false,true
62,69,Growth_Arrest,false,false,true
62,73,Proliferation,true,false,false
37,65,Growth_Arrest,false,false,true
62,104,Proliferation,true,false,false
108,47,Proliferation,true,true,false
74,98,Proliferation,true,true,true
79,74,Growth_Arrest,false,false,true
91,90,Growth_Arrest,false,true,false
95,70,Proliferation,true,true,false
82,71,Proliferation,true,true,true
92,109,Proliferation,true,false,false
86,57,Proliferation,true,false,false
92,91,Proliferation,true,true,false
103,82,Proliferation,true,false,true
49,76,Proliferation,true,true,true
99,108,Proliferation,true,true,false
41,67,Proliferation,true,false,false
78,102,Proliferation,true,false,true
50,90,Growth_Arrest,false,true,true
58,68,Growth_Arrest,false,false,true
59,43,Proliferation,true,false,false
39,99,Proliferation,true,false,false
35,77,Proliferation,true,true,true
79,75,Proliferation,true,false,false
57,111,Proliferation,true,false,true
75,62,Proliferation,true,false,true
98,108,Proliferation,true,true,true
78,64,Proliferation,true,false,true
68,39,Growth_Arrest,false,false,true
86,48,Proliferation,true,true,false
114,67,Proliferation,true,false,true
94,104,Proliferation,true,true,true
91,62,Growth_Arrest,false,false,true
107,86,Proliferation,true,false,true
45,46,Proliferation,true,true,false
52,92,Proliferation,true,false,true
101,82,Growth_Arrest,false,true,true
64,95,Growth_Arrest,false,true,true
46,46,Growth_Arrest,false,true,false
114,82,Proliferation,true,true,true
54,95,Proliferation,true,false,false
58,46,Proliferation,true,false,true
75,95,Proliferation,true,false,true
111,81,Proliferation,true,false,true
72,33,Growth_Arrest,false,true,true
86,52,Growth_Arrest,false,false,true
115,60,Growth_Arrest,false,true,false
104,74,Proliferation,true,true,false
69,42,Growth_Arrest,false,false,false
71,90,Growth_Arrest,false,true,true
72,56,Growth_Arrest,false,false,false
47,60,Proliferation,true,false,true
78,42,Proliferation,true,false,true
44,78,Proliferation,true,false,true
33,83,Proliferation,true,false,false
114,86,Proliferation,true,false,true
81,89,Proliferation,true,false,false
116,84,Growth_Arrest,false,true,true
36,68,Growth_Arrest,false,true,false
56,63,Proliferation,true,false,false
105,55,Proliferation,true,false,true
80,73,Proliferation,true,true,false
99,60,Growth_Arrest,false,false,false
78,109,Growth_Arrest,false,false,true
42,99,Growth_Arrest,false,false,false
69,67,Proliferation,true,false,false
59,44,Proliferation,true,true,true
93,90,Proliferation,true,false,false
81,99,Proliferation,true,false,false
103,65,Proliferation,true,false,false
70,98,Growth_Arrest,false,false,true
83,95,Proliferation,true,false,true
54,69,Growth_Arrest,false,false,true
58,69,Proliferation,true,true,true
87,55,Proliferation,true,true,false
42,85,Proliferation,true,true,false
45,96,Growth_Arrest,false,true,true
72,96,Proliferation,true,false,false
61,116,Proliferation,true,false,true
76,105,Growth_Arrest,false,false,false
60,53,Proliferation,true,true,true
81,64,Growth_Arrest,false,false,false
43,77,Proliferation,true,true,false
87,60,Proliferation,true,true,true
92,90,Proliferation,true,true,true
68,87,Proliferation,true,false,false
35,69,Proliferation,true,false,false
113,83,Proliferation,true,false,false
49,78,Growth_Arrest,false,true,false
67,77,Growth_Arrest,false,false,true
59,84,Growth_Arrest,false,false,false
52,66,Growth_Arrest,false,false,false
59,78,Proliferation,true,false,true
110,78,Proliferation,true,true,true
74,93,Proliferation,true,true,true
109,84,Proliferation,true,true,false
62,87,Proliferation,true,true,true
57,98,Proliferation,true,false,true
54,99,Proliferation,true,false,true
97,55,Proliferation,true,true,false
58,70,Proliferation,true,true,true
84,87,Growth_Arrest,false,true,false
67,61,Growth_Arrest,false,false,false
57,113,Proliferation,true,true,false
55,78,Proliferation,true,false,false
43,74,Proliferation,true,false,false
67,72,Proliferation,true,false,true
109,54,Growth_Arrest,false,true,true
62,80,Proliferation,true,false,true
52,109,Proliferation,true,true,false
101,47,Proliferation,true,false,false
58,52,Growth_Arrest,false,true,false
97,95,Proliferation,true,true,true
86,64,Growth_Arrest,false,true,false
43,82,Growth_Arrest,false,false,false
85,50,Proliferation,true,true,false
105,67,Proliferation,true,false,false
114,62,Growth_Arrest,false,true,true
35,68,Proliferation,true,true,false
40,75,Proliferation,true,false,true
70,111,Proliferation,true,true,false
111,82,Growth_Arrest,false,false,false
63,66,Growth_Arrest,false,false,true
71,109,Growth_Arrest,false,true,false
92,82,Proliferation,true,true,false
98,46,Growth_Arrest,false,false,true
93,98,Proliferation,true,true,true
85,41,Proliferation,true,true,false
99,86,Proliferation,true,true,false
56,109,Growth_Arrest,false,true,false
95,72,Proliferation,true,false,false
70,106,Growth_Arrest,false,true,true
36,87,Proliferation,true,false,true
103,44,Proliferation,true,false,false
80,76,Growth_Arrest,false,true,true
111,88,Growth_Arrest,false,true,false
110,88,Proliferation,true,true,true
67,52,Proliferation,true,false,false
81,59,Proliferation,true,true,false
72,41,Growth_Arrest,false,false,true
46,103,Proliferation,true,false,true
45,44,Proliferation,true,true,false
70,66,Proliferation,true,true,false
95,84,Proliferation,true,true,true
39,62,Proliferation,true,false,true
100,41,Proliferation,true,false,true
87,87,Growth_Arrest,false,true,false
110,72,Proliferation,true,true,false
104,103,Proliferation,true,true,false
74,61,Proliferation,true,false,false
109,86,Proliferation,true,false,false
63,43,Proliferation,true,false,false
32,83,Growth_Arrest,false,true,true
47,49,Proliferation,true,true,true
33,77,Proliferation,true,true,true
88,65,Growth_Arrest,false,false,true
77,86,Growth_Arrest,false,true,false
80,45,Proliferation,true,false,true
79,101,Proliferation,true,false,true
81,117,Growth_Arrest,false,true,false
49,59,Proliferation,true,true,true
114,65,Proliferation,true,false,true
84,75,Proliferation,true,false,false
53,45,Proliferation,true,true,false
68,59,Growth_Arrest,false,false,false
45,60,Proliferation,true,true,true
62,49,Proliferation,true,false,false
88,62,Growth_Arrest,false,false,false
37,82,Proliferation,true,true,false
90,64,Proliferation,true,true,true
84,115,Proliferation,true,false,true
87,100,Growth_Arrest,false,true,true
70,82,Proliferation,true,false,false
76,56,Growth_Arrest,false,false,false
45,87,Growth_Arrest,false,true,true
65,55,Growth_Arrest,false,false,false
40,63,Growth_Arrest,false,false,true
61,97,Growth_Arrest,false,false,false
80,107,Proliferation,true,false,false
113,69,Growth_Arrest,false,false,false
88,63,Proliferation,true,false,false
53,80,Proliferation,true,true,true
43,83,Growth_Arrest,false,true,false
83,112,Proliferation,true,true,true
47,99,Proliferation,true,true,false
96,52,Growth_Arrest,false,true,false
85,56,Proliferation,true,true,true
36,76,Proliferation,true,true,false
70,110,Proliferation,true,false,true
42,88,Proliferation,true,true,false
90,54,Growth_Arrest,false,true,false
82,91,Proliferation,true,true,false
82,87,Proliferation,true,false,false
66,37,Proliferation,true,false,true
70,81,Growth_Arrest,false,true,true
81,55,Proliferation,true,true,false
42,96,Proliferation,true,true,true
90,78,Growth_Arrest,false,false,true
48,78,Proliferation,true,true,true
45,49,Growth_Arrest,false,true,false
69,75,Growth_Arrest,false,false,true
93,40,Proliferation,true,true,false
114,93,Proliferation,true,true,true
52,73,Growth_Arrest,false,false,true
94,109,Proliferation,true,true,true
43,104,Proliferation,true,false,false
55,74,Growth_Arrest,false,false,true
101,89,Proliferation,true,false,false
43,96,Proliferation,true,true,false
99,78,Proliferation,true,false,true
82,75,Proliferation,true,true,true
91,86,Growth_Arrest,false,true,false
76,60,Growth_Arrest,false,false,true
61,41,Proliferation,true,false,true
56,62,Proliferation,true,true,true
62,94,Proliferation,true,false,true
38,98,Proliferation,true,false,false
78,85,Proliferation,true,false,false
103,94,Proliferation,true,false,true
35,80,Proliferation,true,false,true
81,95,Growth_Arrest,false,true,false
57,109,Proliferation,true,false,false
97,38,Proliferation,true,true,false
71,100,Proliferation,true,false,false
100,45,Proliferation,true,true,false
106,49,Proliferation,true,true,true
50,63,Proliferation,true,true,false
64,64,Proliferation,true,false,true
45,101,Proliferation,true,true,false
75,35,Growth_Arrest,false,true,false
112,96,Proliferation,true,true,false
50,99,Growth_Arrest,false,false,false
69,54,Proliferation,true,true,true
105,56,Proliferation,true,true,true
40,69,Growth_Arrest,false,false,true
88,99,Proliferation,true,true,true
99,91,Proliferation,true,true,true
83,62,Growth_Arrest,false,true,false
79,73,Growth_Arrest,false,true,false
89,74,Proliferation,true,true,false
102,95,Proliferation,true,false,true
62,62,Proliferation,true,false,false
47,104,Proliferation,true,true,false
82,59,Proliferation,true,true,false
53,62,Proliferation,true,true,false
67,43,Growth_Arrest,false,false,false
105,81,Proliferation,true,false,true
64,66,Proliferation,true,false,true
78,35,Proliferation,true,false,true
80,87,Growth_Arrest,false,false,true
49,41,Proliferation,true,true,true
44,94,Proliferation,true,true,false
58,55,Growth_Arrest,false,true,true
54,97,Growth_Arrest,false,false,true
113,86,Proliferation,true,true,true
50,45,Proliferation,true,true,true
94,82,Proliferation,true,true,false
93,39,Proliferation,true,false,false
75,42,Proliferation,true,false,false
97,49,Growth_Arrest,false,false,true
40,54,Growth_Arrest,false,true,false
95,90,Proliferation,true,true,true
110,51,Proliferation,true,true,true
61,33,Proliferation,true,true,false
52,93,Proliferation,true,false,false
67,95,Proliferation,true,false,true
81,42,Proliferation,true,true,false
74,52,Growth_Arrest,false,false,false
73,65,Growth_Arrest,false,true,false
58,56,Growth_Arrest,false,false,false
80,38,Growth_Arrest,false,false,false
98,72,Growth_Arrest,false,true,false
92,40,Proliferation,true,false,true
43,94,Growth_Arrest,false,true,true
65,40,Growth_Arrest,false,true,false
74,58,Growth_Arrest,false,false,true
39,64,Growth_Arrest,false,true,true
38,78,Proliferation,true,true,false
77,75,Proliferation,true,true,true
67,76,Growth_Arrest,false,false,true
87,56,Proliferation,true,true,false
66,75,Proliferation,true,true,true
105,77,Proliferation,true,false,true
108,72,Proliferation,true,false,false
68,50,Proliferation,true,true,true
54,71,Proliferation,true,true,true
35,65,Growth_Arrest,false,false,false
105,90,Proliferation,true,false,false
113,84,Proliferation,true,false,true
75,107,Growth_Arrest,false,false,true
35,64,Proliferation,true,false,false
51,63,Growth_Arrest,false,false,true
106,85,Proliferation,true,false,true
44,95,Proliferation,true,false,true
112,82,Proliferation,true,false,false
72,97,Proliferation,true,true,true
91,60,Proliferation,true,false,true
80,102,Growth_Arrest,false,true,false
65,113,Proliferation,true,false,true
44,86,Growth_Arrest,false,true,false
33,65,Proliferation,true,false,false
47,106,Growth_Arrest,false,true,false
43,79,Proliferation,true,true,true
83,68,Proliferation,true,true,false
113,60,Proliferation,true,true,false
98,83,Proliferation,true,true,true
100,87,Proliferation,true,false,false
82,46,Proliferation,true,false,true
101,62,Proliferation,true,true,false
107,51,Growth_Arrest,false,true,false
75,101,Proliferation,true,false,true
82,100,Proliferation,true,false,true
91,48,Growth_Arrest,false,false,false
87,44,Growth_Arrest,false,false,true
43,46,Growth_Arrest,false,true,true
71,111,Proliferation,true,false,false
76,111,Growth_Arrest,false,false,false
74,66,Proliferation,true,true,false
71,115,Proliferation,true,true,false
