# cell_size_um=20.0, domain_size_um=1500.0, description="Spheroid pattern with 4000 cells"
x,y,phenotype,gene_Proliferation,gene_glycoATP,gene_mitoATP
23,31,Growth_Arrest,false,true,true
6,52,Growth_Arrest,false,false,true
66,34,Proliferation,true,true,true
51,30,Growth_Arrest,false,true,true
40,21,Proliferation,true,true,true
50,16,Proliferation,true,true,false
44,40,Proliferation,true,false,true
72,38,Growth_Arrest,false,true,true
32,34,Proliferation,true,false,true
19,65,Growth_Arrest,false,true,false
10,19,Growth_Arrest,false,false,true
68,52,Growth_Arrest,false,false,true
64,32,Proliferation,true,true,true
21,41,Growth_Arrest,false,true,true
27,68,Proliferation,true,true,true
10,18,Growth_Arrest,false,false,false
44,54,Proliferation,true,true,true
24,6,Proliferation,true,true,false
67,35,Proliferation,true,true,true
50,6,Proliferation,true,false,true
41,51,Proliferation,true,false,true
47,44,Growth_Arrest,false,false,true
20,26,Proliferation,true,true,true
37,21,Proliferation,true,true,false
11,49,Proliferation,true,false,false
30,61,Proliferation,true,true,false
36,24,Growth_Arrest,false,false,true
46,39,Proliferation,true,true,false
18,47,Proliferation,true,false,false
6,31,Proliferation,true,true,false
61,43,Growth_Arrest,false,true,false
45,10,Proliferation,true,false,true
48,28,Proliferation,true,true,true
17,60,Proliferation,true,true,true
8,26,Proliferation,true,true,false
30,52,Proliferation,true,true,false
57,15,Proliferation,true,false,true
66,46,Proliferation,true,true,false
32,9,Proliferation,true,false,false
49,8,Growth_Arrest,false,false,true
42,60,Growth_Arrest,false,false,true
2,43,Proliferation,true,false,false
38,50,Growth_Arrest,false,true,false
53,53,Proliferation,true,true,false
16,12,Proliferation,true,true,false
12,16,Proliferation,true,true,true
35,67,Proliferation,true,false,false
28,51,Growth_Arrest,false,true,false
54,35,Proliferation,true,true,false
18,45,Proliferation,true,true,true
31,37,Proliferation,true,true,false
68,40,Growth_Arrest,false,true,false
52,16,Proliferation,true,false,false
50,18,Proliferation,true,false,false
70,42,Proliferation,true,false,false
42,29,Proliferation,true,false,true
63,47,Proliferation,true,true,false
30,62,Proliferation,true,false,true
69,23,Growth_Arrest,false,false,false
24,13,Growth_Arrest,false,true,false
45,16,Proliferation,true,true,true
31,13,Proliferation,true,false,false
15,48,Growth_Arrest,false,false,false
50,22,Growth_Arrest,false,false,true
58,40,Proliferation,true,true,true
23,33,Proliferation,true,false,true
54,13,Proliferation,true,true,false
29,62,Growth_Arrest,false,false,false
46,22,Proliferation,true,false,true
23,39,Proliferation,true,false,true
21,9,Proliferation,true,true,true
13,11,Proliferation,true,false,false
68,41,Growth_Arrest,false,true,true
70,24,Growth_Arrest,false,false,false
26,65,Proliferation,true,true,false
36,7,Growth_Arrest,false,false,true
50,28,Growth_Arrest,false,true,true
35,24,Proliferation,true,true,false
27,22,Proliferation,true,true,false
65,30,Growth_Arrest,false,false,true
18,61,Proliferation,true,true,false
30,30,Growth_Arrest,false,false,true
52,24,Proliferation,true,false,true
50,34,Growth_Arrest,false,true,false
46,65,Growth_Arrest,false,true,false
33,45,Proliferation,true,false,true
9,26,Proliferation,true,true,true
33,47,Growth_Arrest,false,false,true
23,61,Growth_Arrest,false,true,true
49,24,Growth_Arrest,false,false,false
52,66,Proliferation,true,true,false
62,32,Proliferation,true,false,false
58,12,Proliferation,true,true,false
50,24,Growth_Arrest,false,false,false
69,42,Proliferation,true,false,true
43,58,Proliferation,true,false,false
59,9,Proliferation,true,true,true
34,32,Proliferation,true,false,true
34,11,Proliferation,true,false,true
31,28,Proliferation,true,true,false
60,51,Growth_Arrest,false,false,false
58,17,Growth_Arrest,false,true,true
60,28,Growth_Arrest,false,false,false
59,46,Growth_Arrest,false,false,true
47,36,Proliferation,true,true,true
63,26,Growth_Arrest,false,false,true
45,50,Proliferation,true,true,false
6,28,Proliferation,true,false,false
34,33,Growth_Arrest,false,false,true
31,46,Growth_Arrest,false,true,true
37,6,Growth_Arrest,false,true,true
31,64,Proliferation,true,true,true
44,17,Proliferation,true,true,true
17,30,Proliferation,true,false,false
40,3,Proliferation,true,false,false
67,52,Proliferation,true,false,true
16,61,Proliferation,true,false,true
58,42,Growth_Arrest,false,true,true
45,71,Proliferation,true,false,false
38,29,Proliferation,true,true,false
71,47,Proliferation,true,false,true
40,36,Proliferation,true,true,false
37,55,Growth_Arrest,false,false,true
7,36,Growth_Arrest,false,false,true
65,57,Growth_Arrest,false,true,false
46,63,Proliferation,true,false,true
44,67,Proliferation,true,false,true
56,67,Proliferation,true,true,false
49,15,Proliferation,true,false,true
43,63,Proliferation,true,false,true
20,28,Proliferation,true,true,true
14,32,Proliferation,true,false,false
24,49,Proliferation,true,true,false
60,52,Proliferation,true,false,true
29,35,Proliferation,true,true,true
35,27,Proliferation,true,false,true
13,46,Proliferation,true,false,false
52,49,Growth_Arrest,false,false,false
29,58,Proliferation,true,true,true
13,35,Proliferation,true,true,true
13,23,Proliferation,true,false,false
44,4,Proliferation,true,false,false
59,52,Proliferation,true,true,false
13,56,Proliferation,true,true,false
40,40,Growth_Arrest,false,true,true
67,46,Proliferation,true,false,true
47,71,Proliferation,true,true,false
18,32,Proliferation,true,false,false
42,40,Proliferation,true,true,false
11,28,Growth_Arrest,false,false,true
54,60,Proliferation,true,true,false
68,26,Proliferation,true,true,false
17,53,Proliferation,true,true,false
66,18,Proliferation,true,false,false
18,24,Proliferation,true,false,false
7,56,Proliferation,true,false,false
45,70,Proliferation,true,true,true
12,32,Proliferation,true,false,false
35,60,Growth_Arrest,false,true,true
13,22,Proliferation,true,true,true
46,57,Growth_Arrest,false,true,true
21,36,Proliferation,true,true,false
43,32,Proliferation,true,true,true
60,45,Proliferation,true,false,false
18,65,Proliferation,true,false,true
42,35,Proliferation,true,true,true
38,70,Proliferation,true,true,false
46,69,Growth_Arrest,false,true,false
69,32,Proliferation,true,true,true
17,59,Proliferation,true,false,false
53,65,Proliferation,true,false,false
24,55,Proliferation,true,true,true
33,38,Growth_Arrest,false,true,true
48,59,Growth_Arrest,false,false,true
54,32,Proliferation,true,true,true
29,27,Proliferation,true,true,true
4,32,Proliferation,true,true,true
67,33,Proliferation,true,false,true
41,64,Proliferation,true,false,true
57,25,Proliferation,true,false,false
69,38,Proliferation,true,true,false
11,40,Proliferation,true,true,true
34,69,Proliferation,true,false,true
63,55,Proliferation,true,false,true
26,14,Proliferation,true,false,true
58,27,Proliferation,true,true,true
46,49,Proliferation,true,false,false
27,16,Growth_Arrest,false,false,true
22,55,Proliferation,true,true,false
48,5,Proliferation,true,false,false
43,8,Proliferation,true,true,false
46,8,Growth_Arrest,false,true,false
47,37,Proliferation,true,true,true
58,64,Growth_Arrest,false,true,false
24,46,Proliferation,true,true,false
42,43,Proliferation,true,false,true
54,46,Proliferation,true,false,false
47,19,Growth_Arrest,false,true,false
47,21,Proliferation,true,true,false
18,50,Proliferation,true,true,true
7,26,Proliferation,true,true,true
7,23,Proliferation,true,true,true
38,63,Proliferation,true,false,false
34,30,Growth_Arrest,false,false,false
38,36,Proliferation,true,false,true
2,37,Proliferation,true,false,false
5,50,Proliferation,true,false,false
12,28,Growth_Arrest,false,false,true
31,27,Proliferation,true,true,false
34,45,Proliferation,true,true,false
55,38,Proliferation,true,true,true
24,35,Growth_Arrest,false,true,true
50,46,Growth_Arrest,false,true,true
26,22,Proliferation,true,true,false
60,41,Proliferation,true,true,true
31,38,Proliferation,true,false,true
25,16,Growth_Arrest,false,true,false
53,36,Growth_Arrest,false,true,true
62,23,Growth_Arrest,false,false,false
2,33,Proliferation,true,true,true
34,18,Proliferation,true,false,false
22,35,Proliferation,true,false,false
63,34,Proliferation,true,false,true
65,54,Proliferation,true,false,true
48,37,Proliferation,true,true,false
64,21,Growth_Arrest,false,false,true
34,25,Growth_Arrest,false,true,false
23,64,Growth_Arrest,false,false,true
36,59,Proliferation,true,true,true
66,33,Growth_Arrest,false,true,false
17,29,Growth_Arrest,false,false,false
57,14,Growth_Arrest,false,true,true
54,26,Proliferation,true,true,true
29,45,Proliferation,true,true,true
15,28,Proliferation,true,true,false
7,53,Proliferation,true,false,true
8,54,Proliferation,true,true,false
62,47,Growth_Arrest,false,false,false
47,20,Proliferation,true,false,false
46,34,Proliferation,true,false,false
42,15,Growth_Arrest,false,true,true
10,55,Proliferation,true,false,true
25,59,Proliferation,true,true,true
38,24,Proliferation,true,false,false
10,29,Growth_Arrest,false,false,true
19,44,Proliferation,true,false,true
29,17,Proliferation,true,false,false
61,27,Proliferation,true,false,false
49,50,Growth_Arrest,false,true,true
58,41,Proliferation,true,true,true
56,14,Proliferation,true,true,false
41,63,Proliferation,true,true,false
53,21,Growth_Arrest,false,false,false
14,22,Proliferation,true,true,false
69,41,Proliferation,true,true,true
18,8,Proliferation,true,false,false
31,68,Proliferation,true,false,false
50,55,Proliferation,true,true,false
2,35,Proliferation,true,false,true
12,39,Growth_Arrest,false,false,true
57,29,Proliferation,true,false,true
65,46,Proliferation,true,true,true
35,59,Proliferation,true,true,true
57,53,Growth_Arrest,false,true,true
47,38,Proliferation,true,true,true
44,19,Proliferation,true,true,true
70,29,Proliferation,true,true,false
37,8,Proliferation,true,true,false
46,30,Proliferation,true,true,true
67,54,Proliferation,true,true,false
59,29,Proliferation,true,false,true
6,39,Growth_Arrest,false,true,false
20,40,Proliferation,true,true,false
42,31,Proliferation,true,true,true
51,17,Growth_Arrest,false,true,true
18,59,Proliferation,true,false,false
63,16,Proliferation,true,true,true
61,44,Proliferation,true,false,false
14,47,Proliferation,true,false,false
30,12,Proliferation,true,true,false
13,58,Proliferation,true,true,false
39,9,Proliferation,true,true,false
20,46,Proliferation,true,true,true
69,34,Proliferation,true,false,false
57,40,Proliferation,true,false,false
34,15,Proliferation,true,false,false
47,25,Growth_Arrest,false,false,true
22,13,Growth_Arrest,false,true,false
68,21,Proliferation,true,false,true
48,12,Growth_Arrest,false,false,false
39,31,Proliferation,true,false,true
65,45,Proliferation,true,true,false
46,52,Growth_Arrest,false,true,true
46,40,Growth_Arrest,false,false,false
28,71,Proliferation,true,false,false
55,64,Growth_Arrest,false,false,true
30,7,Proliferation,true,true,false
45,3,Growth_Arrest,false,false,false
18,36,Growth_Arrest,false,false,true
42,14,Proliferation,true,true,false
34,47,Proliferation,true,true,false
48,31,Proliferation,true,false,false
50,15,Proliferation,true,true,false
41,54,Proliferation,true,true,true
64,50,Proliferation,true,true,false
30,53,Proliferation,true,true,true
50,58,Proliferation,true,false,true
54,50,Growth_Arrest,false,false,false
36,20,Proliferation,true,false,false
14,21,Growth_Arrest,false,false,false
31,23,Proliferation,true,false,true
57,65,Growth_Arrest,false,false,true
62,20,Proliferation,true,false,false
18,33,Proliferation,true,true,false
45,25,Proliferation,true,false,false
42,52,Proliferation,true,false,false
33,4,Proliferation,true,false,false
14,10,Growth_Arrest,false,false,false
21,32,Growth_Arrest,false,false,true
38,71,Proliferation,true,true,true
54,59,Proliferation,true,false,true
40,29,Proliferation,true,false,true
66,40,Proliferation,true,true,true
32,13,Proliferation,true,false,false
69,50,Proliferation,true,false,false
28,7,Proliferation,true,true,false
33,32,Growth_Arrest,false,true,false
70,39,Proliferation,true,true,true
26,54,Growth_Arrest,false,false,true
22,52,Growth_Arrest,false,true,true
52,31,Proliferation,true,true,true
44,52,Proliferation,true,true,false
7,38,Proliferation,true,false,false
29,50,Proliferation,true,false,false
35,48,Growth_Arrest,false,false,false
32,44,Growth_Arrest,false,false,false
45,44,Proliferation,true,true,true
61,50,Proliferation,true,true,false
9,59,Proliferation,true,true,true
52,58,Proliferation,true,true,false
66,54,Growth_Arrest,false,false,true
60,64,Growth_Arrest,false,false,false
34,48,Proliferation,true,true,false
23,59,Growth_Arrest,false,false,true
32,33,Proliferation,true,false,false
54,14,Growth_Arrest,false,false,false
42,8,Proliferation,true,false,true
35,10,Proliferation,true,true,true
28,9,Proliferation,true,true,true
67,53,Growth_Arrest,false,false,false
55,36,Proliferation,true,false,true
31,21,Proliferation,true,false,true
40,10,Proliferation,true,true,false
61,39,Proliferation,true,false,false
29,5,Growth_Arrest,false,false,true
5,35,Proliferation,true,false,false
17,28,Proliferation,true,true,false
39,42,Proliferation,true,false,true
36,11,Growth_Arrest,false,true,true
18,31,Proliferation,true,false,false
30,66,Proliferation,true,true,false
50,12,Proliferation,true,false,true
56,33,Proliferation,true,false,true
51,69,Growth_Arrest,false,false,false
46,64,Proliferation,true,false,true
41,66,Proliferation,true,true,true
31,63,Proliferation,true,true,true
6,32,Growth_Arrest,false,true,true
68,50,Proliferation,true,false,true
46,70,Proliferation,true,true,true
26,61,Growth_Arrest,false,false,true
61,33,Growth_Arrest,false,false,false
7,49,Proliferation,true,false,true
24,56,Proliferation,true,false,true
57,43,Growth_Arrest,false,true,false
39,40,Proliferation,true,true,false
34,60,Proliferation,true,false,false
54,36,Proliferation,true,false,true
25,57,Proliferation,true,true,true
60,42,Proliferation,true,true,false
26,46,Growth_Arrest,false,false,false
34,66,Proliferation,true,true,true
26,67,Growth_Arrest,false,true,true
55,18,Proliferation,true,false,true
30,36,Growth_Arrest,false,false,true
14,27,Growth_Arrest,false,false,false
50,19,Proliferation,true,false,true
12,23,Proliferation,true,false,false
57,42,Proliferation,true,false,false
32,71,Growth_Arrest,false,false,false
28,66,Growth_Arrest,false,false,true
45,22,Proliferation,true,false,false
53,40,Proliferation,true,false,false
36,35,Proliferation,true,false,false
37,28,Growth_Arrest,false,true,true
28,48,Proliferation,true,false,false
59,25,Growth_Arrest,false,true,true
16,22,Proliferation,true,false,true
44,68,Growth_Arrest,false,false,true
65,52,Growth_Arrest,false,true,false
36,4,Growth_Arrest,false,false,false
44,60,Proliferation,true,false,false
23,34,Proliferation,true,false,false
38,14,Proliferation,true,true,true
20,38,Proliferation,true,false,true
67,56,Proliferation,true,false,true
19,66,Growth_Arrest,false,false,true
69,35,Proliferation,true,true,true
57,32,Proliferation,true,false,false
33,18,Growth_Arrest,false,true,false
7,43,Proliferation,true,false,true
43,7,Growth_Arrest,false,false,true
35,52,Proliferation,true,true,false
46,43,Growth_Arrest,false,false,true
58,22,Growth_Arrest,false,false,true
18,34,Proliferation,true,false,false
72,37,Growth_Arrest,false,false,false
62,52,Proliferation,true,true,true
35,36,Proliferation,true,false,false
52,9,Growth_Arrest,false,true,true
14,23,Proliferation,true,true,true
42,66,Growth_Arrest,false,false,false
42,20,Growth_Arrest,false,false,true
6,41,Proliferation,true,true,false
52,69,Proliferation,true,true,true
42,62,Proliferation,true,false,false
65,25,Proliferation,true,true,true
57,46,Growth_Arrest,false,true,true
39,36,Growth_Arrest,false,false,true
22,27,Growth_Arrest,false,false,true
12,12,Proliferation,true,true,true
59,51,Proliferation,true,false,true
10,16,Proliferation,true,true,true
62,14,Proliferation,true,true,false
57,55,Proliferation,true,false,true
28,24,Growth_Arrest,false,true,false
70,25,Proliferation,true,true,false
22,66,Proliferation,true,true,true
48,18,Proliferation,true,false,false
52,15,Growth_Arrest,false,true,true
57,12,Growth_Arrest,false,false,true
70,27,Growth_Arrest,false,false,true
18,13,Proliferation,true,false,true
17,32,Proliferation,true,true,false
23,44,Proliferation,true,true,false
61,38,Proliferation,true,true,false
9,46,Proliferation,true,false,true
67,32,Proliferation,true,true,false
58,37,Growth_Arrest,false,true,false
29,49,Proliferation,true,true,false
4,36,Growth_Arrest,false,false,true
24,50,Proliferation,true,false,true
31,72,Proliferation,true,false,true
51,64,Proliferation,true,false,false
69,27,Growth_Arrest,false,true,false
13,26,Proliferation,true,true,false
50,31,Proliferation,true,true,true
42,7,Growth_Arrest,false,true,false
61,52,Proliferation,true,true,false
41,30,Proliferation,true,false,true
66,47,Proliferation,true,true,false
37,60,Proliferation,true,true,true
48,63,Proliferation,true,true,true
36,41,Proliferation,true,false,true
40,14,Proliferation,true,true,false
12,14,Proliferation,true,true,false
33,3,Proliferation,true,true,true
18,58,Growth_Arrest,false,false,false
25,46,Proliferation,true,false,false
6,20,Growth_Arrest,false,false,false
6,50,Growth_Arrest,false,true,false
22,58,Proliferation,true,false,false
14,53,Proliferation,true,false,true
58,30,Growth_Arrest,false,true,true
14,50,Proliferation,true,true,false
15,55,Proliferation,true,false,true
38,62,Growth_Arrest,false,true,false
50,42,Proliferation,true,true,true
41,19,Proliferation,true,false,false
27,71,Growth_Arrest,false,true,true
12,30,Growth_Arrest,false,false,false
23,66,Growth_Arrest,false,true,true
35,21,Proliferation,true,false,false
51,31,Proliferation,true,true,false
28,34,Proliferation,true,false,true
41,38,Growth_Arrest,false,true,false
15,17,Proliferation,true,false,true
51,25,Proliferation,true,true,true
32,22,Proliferation,true,false,true
50,67,Proliferation,true,true,true
59,37,Proliferation,true,false,false
6,35,Proliferation,true,false,true
31,58,Proliferation,true,true,true
60,24,Proliferation,true,false,true
16,48,Proliferation,true,false,false
5,22,Proliferation,true,true,true
61,13,Proliferation,true,true,true
72,30,Proliferation,true,false,true
59,39,Proliferation,true,true,false
37,57,Proliferation,true,true,false
59,48,Proliferation,true,true,true
67,18,Proliferation,true,false,false
30,59,Proliferation,true,false,false
11,36,Growth_Arrest,false,true,true
68,25,Growth_Arrest,false,true,true
13,38,Proliferation,true,true,true
47,48,Proliferation,true,true,true
59,62,Proliferation,true,false,false
14,30,Growth_Arrest,false,true,true
2,34,Proliferation,true,false,false
50,11,Proliferation,true,false,false
11,18,Proliferation,true,true,true
39,14,Growth_Arrest,false,false,true
39,5,Proliferation,true,false,false
27,56,Proliferation,true,false,false
29,24,Growth_Arrest,false,true,true
45,15,Proliferation,true,false,false
60,26,Proliferation,true,false,false
41,60,Proliferation,true,false,true
32,20,Proliferation,true,true,false
45,35,Growth_Arrest,false,true,true
6,43,Proliferation,true,true,false
48,27,Proliferation,true,false,false
63,36,Growth_Arrest,false,false,false
6,29,Growth_Arrest,false,true,false
16,21,Proliferation,true,false,false
50,38,Proliferation,true,false,false
37,35,Growth_Arrest,false,false,false
11,34,Proliferation,true,false,false
63,48,Proliferation,true,true,true
41,61,Growth_Arrest,false,true,false
70,40,Proliferation,true,true,false
44,12,Proliferation,true,true,true
52,61,Proliferation,true,false,true
8,49,Proliferation,true,false,true
20,14,Proliferation,true,true,true
43,6,Proliferation,true,false,true
21,50,Proliferation,true,false,true
41,71,Growth_Arrest,false,true,false
33,49,Proliferation,true,true,true
46,24,Proliferation,true,true,true
5,47,Proliferation,true,false,true
60,61,Growth_Arrest,false,true,false
28,63,Proliferation,true,true,true
32,29,Proliferation,true,false,true
36,38,Proliferation,true,true,true
15,18,Growth_Arrest,false,true,true
63,60,Proliferation,true,true,true
21,21,Proliferation,true,true,true
32,64,Proliferation,true,true,false
24,38,Proliferation,true,false,true
33,16,Growth_Arrest,false,true,true
38,45,Proliferation,true,true,false
44,15,Proliferation,true,true,false
23,62,Proliferation,true,true,false
67,21,Growth_Arrest,false,true,false
10,42,Proliferation,true,false,true
10,36,Proliferation,true,true,false
61,30,Proliferation,true,false,true
62,48,Proliferation,true,true,false
49,53,Proliferation,true,false,false
29,9,Proliferation,true,true,false
45,19,Proliferation,true,true,true
45,56,Proliferation,true,true,true
63,45,Growth_Arrest,false,true,false
41,33,Proliferation,true,true,true
11,21,Proliferation,true,true,false
60,22,Proliferation,true,true,false
34,63,Proliferation,true,true,false
2,36,Growth_Arrest,false,false,true
24,62,Proliferation,true,true,true
26,24,Proliferation,true,true,false
12,31,Proliferation,true,true,false
52,19,Growth_Arrest,false,false,false
7,25,Growth_Arrest,false,true,true
22,49,Proliferation,true,true,false
23,69,Growth_Arrest,false,false,false
37,41,Growth_Arrest,false,true,false
34,39,Proliferation,true,false,false
27,24,Proliferation,true,false,true
66,28,Growth_Arrest,false,true,false
37,24,Growth_Arrest,false,false,false
34,24,Growth_Arrest,false,true,false
44,59,Proliferation,true,true,true
45,37,Growth_Arrest,false,false,false
31,5,Proliferation,true,true,true
46,50,Proliferation,true,false,true
44,32,Proliferation,true,false,true
67,45,Proliferation,true,true,true
62,43,Proliferation,true,true,true
39,13,Proliferation,true,false,false
16,44,Growth_Arrest,false,false,false
13,44,Proliferation,true,false,true
48,41,Proliferation,true,false,true
55,59,Proliferation,true,false,false
9,36,Proliferation,true,true,false
31,15,Growth_Arrest,false,true,true
31,29,Proliferation,true,false,true
21,27,Proliferation,true,false,false
11,60,Growth_Arrest,false,false,true
41,35,Growth_Arrest,false,true,true
9,54,Growth_Arrest,false,true,true
33,53,Proliferation,true,true,true
28,11,Proliferation,true,true,false
20,25,Proliferation,true,true,false
50,33,Proliferation,true,true,true
36,72,Growth_Arrest,false,true,false
20,24,Growth_Arrest,false,false,false
36,13,Growth_Arrest,false,false,true
28,41,Growth_Arrest,false,false,false
10,17,Proliferation,true,false,true
34,31,Proliferation,true,false,true
21,62,Proliferation,true,true,false
59,45,Proliferation,true,true,false
16,31,Proliferation,true,false,true
41,26,Proliferation,true,false,true
46,46,Proliferation,true,true,true
20,30,Proliferation,true,true,false
45,46,Proliferation,true,true,false
43,68,Proliferation,true,true,true
10,38,Proliferation,true,true,false
20,10,Proliferation,true,false,true
14,58,Growth_Arrest,false,false,true
58,35,Proliferation,true,true,true
36,63,Growth_Arrest,false,false,true
55,11,Growth_Arrest,false,true,false
47,54,Proliferation,true,false,true
19,9,Proliferation,true,false,false
46,17,Growth_Arrest,false,true,false
15,60,Proliferation,true,false,false
65,38,Proliferation,true,true,true
40,33,Proliferation,true,true,false
62,54,Growth_Arrest,false,false,true
31,53,Proliferation,true,false,true
58,55,Proliferation,true,false,true
32,63,Growth_Arrest,false,false,true
48,15,Growth_Arrest,false,true,false
50,26,Proliferation,true,true,true
39,17,Proliferation,true,false,false
23,46,Proliferation,true,false,false
10,34,Proliferation,true,true,true
7,34,Proliferation,true,true,true
35,68,Proliferation,true,false,false
20,21,Proliferation,true,false,true
39,59,Proliferation,true,true,false
37,64,Proliferation,true,true,false
64,59,Proliferation,true,false,false
11,20,Proliferation,true,true,true
52,30,Growth_Arrest,false,false,true
13,47,Proliferation,true,true,true
13,36,Proliferation,true,true,false
57,38,Proliferation,true,true,true
17,26,Proliferation,true,true,false
6,27,Growth_Arrest,false,false,true
46,16,Proliferation,true,true,true
22,29,Growth_Arrest,false,true,true
45,41,Proliferation,true,false,false
21,45,Growth_Arrest,false,true,false
58,25,Proliferation,true,true,true
48,45,Growth_Arrest,false,true,false
49,31,Proliferation,true,true,true
16,63,Proliferation,true,true,true
8,36,Growth_Arrest,false,false,false
67,22,Proliferation,true,false,true
33,55,Proliferation,true,true,true
69,31,Growth_Arrest,false,true,false
44,53,Proliferation,true,false,false
68,54,Growth_Arrest,false,true,false
9,18,Proliferation,true,true,false
33,51,Proliferation,true,true,true
43,45,Growth_Arrest,false,true,true
45,53,Proliferation,true,false,false
13,15,Growth_Arrest,false,true,true
60,15,Proliferation,true,false,false
52,65,Proliferation,true,false,false
54,67,Growth_Arrest,false,false,false
25,18,Proliferation,true,false,true
38,57,Growth_Arrest,false,true,false
12,24,Growth_Arrest,false,false,false
24,54,Proliferation,true,true,false
30,49,Proliferation,true,false,false
2,44,Proliferation,true,true,false
44,14,Growth_Arrest,false,true,true
17,10,Proliferation,true,false,false
38,47,Proliferation,true,true,true
22,41,Proliferation,true,true,true
25,6,Proliferation,true,true,true
34,28,Proliferation,true,true,false
49,23,Proliferation,true,false,true
50,23,Proliferation,true,false,false
44,29,Proliferation,true,false,false
54,68,Growth_Arrest,false,true,true
64,26,Proliferation,true,true,true
30,9,Growth_Arrest,false,true,false
48,52,Growth_Arrest,false,false,false
62,21,Proliferation,true,true,true
14,55,Growth_Arrest,false,true,false
56,59,Proliferation,true,true,true
56,52,Growth_Arrest,false,true,true
40,24,Proliferation,true,true,true
3,47,Proliferation,true,true,true
58,56,Proliferation,true,true,true
53,59,Proliferation,true,false,true
10,52,Proliferation,true,false,false
15,23,Proliferation,true,false,false
52,64,Growth_Arrest,false,false,false
23,18,Growth_Arrest,false,true,true
34,3,Proliferation,true,false,true
24,10,Growth_Arrest,false,true,false
40,64,Proliferation,true,false,true
62,19,Proliferation,true,true,false
42,42,Growth_Arrest,false,true,false
43,60,Proliferation,true,false,false
62,18,Growth_Arrest,false,false,false
40,38,Proliferation,true,false,false
43,64,Growth_Arrest,false,true,false
24,8,Growth_Arrest,false,true,true
31,14,Growth_Arrest,false,false,false
32,62,Proliferation,true,true,true
54,40,Proliferation,true,false,false
49,30,Growth_Arrest,false,false,true
51,57,Proliferation,true,false,true
49,54,Proliferation,true,false,true
18,56,Proliferation,true,false,false
68,53,Growth_Arrest,false,true,false
17,56,Proliferation,true,false,false
27,67,Growth_Arrest,false,true,false
45,54,Proliferation,true,false,true
18,35,Proliferation,true,true,false
31,7,Proliferation,true,true,true
10,27,Proliferation,true,false,true
24,22,Proliferation,true,true,true
57,10,Growth_Arrest,false,false,false
38,2,Proliferation,true,true,false
36,12,Proliferation,true,false,true
29,15,Proliferation,true,false,true
12,13,Proliferation,true,true,false
63,38,Growth_Arrest,false,false,false
33,62,Proliferation,true,false,false
24,45,Proliferation,true,false,false
44,28,Growth_Arrest,false,true,false
41,42,Growth_Arrest,false,false,false
43,61,Proliferation,true,false,true
5,26,Growth_Arrest,false,false,false
49,57,Proliferation,true,true,true
28,8,Growth_Arrest,false,true,true
23,42,Proliferation,true,false,true
38,69,Proliferation,true,true,false
36,31,Proliferation,true,false,true
56,9,Growth_Arrest,false,true,true
47,64,Growth_Arrest,false,false,true
26,51,Proliferation,true,true,false
8,46,Growth_Arrest,false,true,false
49,34,Proliferation,true,true,true
41,53,Proliferation,true,true,false
13,63,Growth_Arrest,false,false,true
70,45,Growth_Arrest,false,true,false
23,57,Proliferation,true,false,false
6,22,Proliferation,true,true,false
61,36,Proliferation,true,true,false
43,41,Growth_Arrest,false,true,false
30,35,Growth_Arrest,false,false,false
17,20,Proliferation,true,true,false
11,27,Proliferation,true,true,false
66,45,Growth_Arrest,false,false,true
24,5,Proliferation,true,true,false
67,48,Growth_Arrest,false,false,true
31,34,Proliferation,true,true,true
72,40,Proliferation,true,false,true
46,28,Proliferation,true,false,true
68,47,Proliferation,true,false,false
5,25,Proliferation,true,false,false
19,63,Growth_Arrest,false,false,false
49,33,Growth_Arrest,false,false,true
32,30,Proliferation,true,false,false
54,49,Growth_Arrest,false,false,true
12,52,Proliferation,true,false,false
51,29,Growth_Arrest,false,false,true
43,46,Proliferation,true,true,true
42,6,Growth_Arrest,false,false,false
52,60,Growth_Arrest,false,false,true
59,14,Proliferation,true,false,false
27,27,Proliferation,true,false,true
23,48,Proliferation,true,false,false
58,61,Proliferation,true,false,true
24,39,Proliferation,true,true,false
39,47,Proliferation,true,true,false
31,4,Proliferation,true,true,false
42,54,Growth_Arrest,false,true,true
11,33,Proliferation,true,false,false
61,14,Growth_Arrest,false,false,true
31,18,Proliferation,true,true,false
60,56,Proliferation,true,false,true
15,19,Proliferation,true,false,false
20,43,Proliferation,true,false,false
23,20,Proliferation,true,false,true
24,26,Growth_Arrest,false,false,true
31,54,Proliferation,true,true,true
15,24,Growth_Arrest,false,false,false
40,66,Proliferation,true,true,true
65,59,Proliferation,true,true,true
66,42,Proliferation,true,false,true
45,49,Growth_Arrest,false,false,true
12,33,Proliferation,true,false,true
25,23,Growth_Arrest,false,true,true
29,13,Growth_Arrest,false,true,false
54,25,Proliferation,true,true,false
35,38,Growth_Arrest,false,true,false
5,23,Growth_Arrest,false,false,false
14,13,Growth_Arrest,false,false,false
60,33,Growth_Arrest,false,false,true
49,28,Proliferation,true,true,false
15,59,Growth_Arrest,false,true,true
9,25,Growth_Arrest,false,false,false
37,4,Proliferation,true,true,true
33,60,Growth_Arrest,false,true,false
47,34,Growth_Arrest,false,false,true
49,29,Proliferation,true,true,true
9,28,Proliferation,true,false,false
35,54,Proliferation,true,false,true
47,51,Proliferation,true,true,false
59,32,Proliferation,true,true,false
44,3,Proliferation,true,false,true
9,16,Growth_Arrest,false,false,true
35,16,Proliferation,true,false,true
10,24,Proliferation,true,false,true
64,17,Proliferation,true,false,false
69,46,Proliferation,true,true,false
5,43,Proliferation,true,true,false
14,25,Growth_Arrest,false,false,true
48,16,Growth_Arrest,false,false,true
43,11,Growth_Arrest,false,true,false
30,22,Proliferation,true,false,false
29,57,Proliferation,true,true,false
70,49,Proliferation,true,false,true
47,49,Proliferation,true,true,false
4,39,Proliferation,true,true,true
17,16,Proliferation,true,false,false
24,64,Proliferation,true,true,false
25,53,Proliferation,true,true,true
20,52,Proliferation,true,true,true
49,69,Growth_Arrest,false,false,false
50,61,Growth_Arrest,false,false,true
34,2,Growth_Arrest,false,false,false
43,38,Growth_Arrest,false,true,false
51,51,Proliferation,true,true,false
19,38,Proliferation,true,false,false
54,54,Proliferation,true,false,false
39,57,Growth_Arrest,false,false,false
19,30,Growth_Arrest,false,false,true
17,24,Growth_Arrest,false,false,false
18,54,Proliferation,true,true,true
40,12,Growth_Arrest,false,false,true
38,27,Proliferation,true,false,false
55,47,Proliferation,true,true,false
4,34,Proliferation,true,false,false
38,3,Proliferation,true,false,true
36,69,Proliferation,true,true,true
57,30,Growth_Arrest,false,false,false
47,29,Proliferation,true,false,true
57,44,Growth_Arrest,false,false,false
37,7,Proliferation,true,true,true
41,22,Proliferation,true,false,true
68,36,Growth_Arrest,false,false,true
66,27,Growth_Arrest,false,false,true
3,35,Growth_Arrest,false,true,true
56,7,Proliferation,true,true,false
64,27,Growth_Arrest,false,false,false
41,20,Growth_Arrest,false,false,true
12,37,Proliferation,true,true,false
57,17,Growth_Arrest,false,true,false
63,37,Growth_Arrest,false,true,false
36,10,Proliferation,true,false,false
20,66,Proliferation,true,true,true
51,59,Growth_Arrest,false,false,false
71,27,Proliferation,true,false,true
68,31,Growth_Arrest,false,true,false
62,50,Proliferation,true,true,false
17,49,Proliferation,true,true,true
59,47,Proliferation,true,false,false
26,31,Proliferation,true,true,false
42,9,Growth_Arrest,false,false,true
33,70,Proliferation,true,true,false
55,22,Growth_Arrest,false,false,false
14,61,Growth_Arrest,false,false,false
50,70,Proliferation,true,true,false
35,20,Growth_Arrest,false,false,false
61,17,Proliferation,true,false,true
16,16,Proliferation,true,true,false
17,13,Proliferation,true,false,false
35,50,Growth_Arrest,false,true,true
21,53,Proliferation,true,true,false
21,18,Proliferation,true,false,true
36,45,Proliferation,true,true,false
53,50,Growth_Arrest,false,true,false
35,70,Growth_Arrest,false,false,true
33,15,Proliferation,true,false,true
34,62,Proliferation,true,false,true
50,66,Growth_Arrest,false,false,false
42,55,Growth_Arrest,false,false,false
40,67,Proliferation,true,false,true
25,60,Growth_Arrest,false,true,true
36,32,Growth_Arrest,false,true,false
18,44,Growth_Arrest,false,true,false
59,10,Proliferation,true,false,false
23,50,Proliferation,true,false,false
24,47,Growth_Arrest,false,true,false
53,35,Proliferation,true,true,false
16,35,Proliferation,true,true,true
26,15,Proliferation,true,false,false
22,68,Proliferation,true,false,true
68,24,Proliferation,true,true,true
51,43,Proliferation,true,false,true
16,34,Proliferation,true,true,false
34,58,Proliferation,true,true,false
13,18,Growth_Arrest,false,false,false
58,19,Proliferation,true,true,true
47,39,Growth_Arrest,false,false,true
30,69,Growth_Arrest,false,true,false
27,10,Growth_Arrest,false,true,false
45,42,Proliferation,true,true,false
11,47,Growth_Arrest,false,false,false
22,32,Proliferation,true,false,true
16,20,Growth_Arrest,false,true,false
37,27,Growth_Arrest,false,false,true
55,7,Proliferation,true,true,false
53,54,Proliferation,true,true,true
63,25,Growth_Arrest,false,true,true
27,32,Growth_Arrest,false,true,true
50,56,Growth_Arrest,false,false,true
35,61,Proliferation,true,true,true
36,71,Proliferation,true,false,false
10,14,Proliferation,true,false,false
65,48,Proliferation,true,false,false
47,8,Proliferation,true,true,false
55,63,Proliferation,true,true,true
7,21,Proliferation,true,true,false
21,16,Proliferation,true,true,true
30,34,Proliferation,true,false,true
33,63,Proliferation,true,true,true
3,36,Proliferation,true,true,false
42,47,Growth_Arrest,false,false,true
58,51,Proliferation,true,true,true
49,16,Proliferation,true,false,true
25,26,Growth_Arrest,false,false,true
28,5,Proliferation,true,false,false
15,49,Proliferation,true,false,true
54,24,Proliferation,true,true,true
48,65,Proliferation,true,true,true
54,62,Growth_Arrest,false,true,false
61,26,Growth_Arrest,false,true,true
48,47,Growth_Arrest,false,false,false
22,36,Growth_Arrest,false,true,true
66,37,Proliferation,true,true,true
8,37,Growth_Arrest,false,false,false
26,42,Growth_Arrest,false,false,true
49,70,Proliferation,true,true,true
48,40,Proliferation,true,true,true
50,50,Proliferation,true,true,false
20,50,Proliferation,true,true,false
24,59,Proliferation,true,false,true
69,25,Proliferation,true,true,true
58,50,Growth_Arrest,false,false,false
39,11,Proliferation,true,false,false
19,67,Proliferation,true,false,true
26,26,Proliferation,true,true,true
59,61,Proliferation,true,true,false
44,6,Growth_Arrest,false,false,false
30,26,Proliferation,true,true,false
47,24,Proliferation,true,false,false
67,40,Proliferation,true,false,false
66,17,Growth_Arrest,false,false,false
10,31,Growth_Arrest,false,true,false
43,67,Growth_Arrest,false,false,false
34,55,Proliferation,true,true,true
10,25,Proliferation,true,true,false
23,53,Proliferation,true,false,false
65,20,Proliferation,true,false,false
56,47,Proliferation,true,false,false
68,27,Growth_Arrest,false,true,true
63,18,Proliferation,true,false,false
13,57,Proliferation,true,true,false
42,5,Proliferation,true,false,false
48,39,Proliferation,true,true,true
40,65,Proliferation,true,true,false
8,33,Proliferation,true,false,false
58,24,Growth_Arrest,false,false,true
32,46,Proliferation,true,true,false
10,50,Proliferation,true,true,false
46,25,Proliferation,true,true,true
20,9,Proliferation,true,true,false
12,19,Proliferation,true,false,true
35,46,Growth_Arrest,false,false,false
44,45,Proliferation,true,true,false
45,40,Proliferation,true,true,false
24,68,Growth_Arrest,false,false,false
29,12,Proliferation,true,true,false
48,19,Proliferation,true,true,false
23,35,Proliferation,true,true,true
21,13,Proliferation,true,true,false
44,56,Proliferation,true,false,true
67,25,Proliferation,true,false,true
58,59,Proliferation,true,true,false
13,41,Proliferation,true,true,false
46,59,Growth_Arrest,false,true,true
52,18,Proliferation,true,false,true
53,16,Proliferation,true,true,false
56,37,Proliferation,true,false,true
64,36,Proliferation,true,false,true
69,47,Proliferation,true,true,false
8,31,Proliferation,true,true,false
61,46,Proliferation,true,false,true
36,26,Proliferation,true,false,true
53,33,Growth_Arrest,false,false,true
23,26,Proliferation,true,true,true
9,20,Proliferation,true,false,true
21,29,Growth_Arrest,false,false,true
59,44,Proliferation,true,true,false
28,37,Proliferation,true,true,false
60,46,Proliferation,true,false,false
28,4,Proliferation,true,false,true
31,50,Growth_Arrest,false,false,true
43,13,Proliferation,true,false,false
43,57,Proliferation,true,true,false
46,15,Proliferation,true,false,true
35,22,Proliferation,true,false,true
17,47,Proliferation,true,false,true
48,51,Proliferation,true,false,true
11,54,Proliferation,true,true,true
43,14,Proliferation,true,true,false
19,31,Proliferation,true,true,true
23,15,Proliferation,true,true,false
64,60,Proliferation,true,false,false
5,31,Growth_Arrest,false,true,true
38,39,Proliferation,true,true,false
9,57,Proliferation,true,true,true
4,48,Proliferation,true,false,true
25,17,Proliferation,true,false,false
3,43,Proliferation,true,false,true
66,48,Proliferation,true,true,false
25,34,Growth_Arrest,false,false,true
49,32,Proliferation,true,true,false
38,59,Growth_Arrest,false,true,false
38,23,Proliferation,true,false,false
65,50,Proliferation,true,true,false
46,4,Proliferation,true,false,false
56,20,Proliferation,true,true,false
27,26,Proliferation,true,true,false
32,47,Proliferation,true,false,false
45,52,Proliferation,true,true,true
54,29,Proliferation,true,false,true
32,17,Proliferation,true,false,true
16,28,Proliferation,true,true,false
19,64,Proliferation,true,true,true
34,46,Proliferation,true,true,true
49,9,Proliferation,true,false,false
38,34,Growth_Arrest,false,false,true
48,38,Proliferation,true,false,false
68,43,Proliferation,true,false,false
39,66,Growth_Arrest,false,true,false
62,12,Proliferation,true,false,false
63,23,Proliferation,true,false,true
43,30,Proliferation,true,false,false
22,38,Growth_Arrest,false,false,false
55,32,Proliferation,true,true,false
17,54,Proliferation,true,true,true
43,62,Growth_Arrest,false,true,true
39,3,Growth_Arrest,false,false,true
3,32,Proliferation,true,true,true
45,5,Proliferation,true,true,true
17,14,Proliferation,true,false,true
40,7,Proliferation,true,true,false
6,26,Proliferation,true,false,true
5,46,Proliferation,true,false,false
20,55,Proliferation,true,false,false
66,32,Proliferation,true,false,false
17,42,Proliferation,true,false,true
18,62,Proliferation,true,true,false
23,51,Growth_Arrest,false,true,true
42,68,Proliferation,true,false,true
42,46,Proliferation,true,true,true
33,11,Proliferation,true,true,true
41,62,Proliferation,true,false,true
57,11,Growth_Arrest,false,false,false
3,41,Proliferation,true,true,false
43,10,Proliferation,true,true,false
59,19,Proliferation,true,true,true
59,16,Proliferation,true,true,true
49,19,Growth_Arrest,false,false,false
10,30,Proliferation,true,false,false
17,58,Proliferation,true,false,false
52,35,Growth_Arrest,false,false,true
7,48,Proliferation,true,false,false
40,48,Proliferation,true,true,true
8,23,Growth_Arrest,false,true,true
61,59,Growth_Arrest,false,true,false
29,22,Proliferation,true,false,true
24,14,Proliferation,true,false,false
43,51,Growth_Arrest,false,true,true
28,40,Proliferation,true,true,true
23,6,Proliferation,true,true,false
49,45,Proliferation,true,false,false
19,52,Proliferation,true,false,true
50,40,Proliferation,true,false,false
40,72,Proliferation,true,true,true
62,28,Growth_Arrest,false,false,false
8,22,Proliferation,true,false,true
24,4,Growth_Arrest,false,false,false
30,44,Proliferation,true,true,false
2,39,Growth_Arrest,false,true,false
56,61,Proliferation,true,false,false
56,60,Proliferation,true,false,false
23,28,Growth_Arrest,false,true,true
37,30,Growth_Arrest,false,false,true
70,46,Proliferation,true,true,false
68,28,Proliferation,true,false,true
19,53,Proliferation,true,true,false
38,5,Growth_Arrest,false,true,false
53,64,Proliferation,true,true,false
10,58,Proliferation,true,true,true
9,17,Growth_Arrest,false,true,true
64,25,Proliferation,true,true,false
46,35,Growth_Arrest,false,false,false
40,17,Growth_Arrest,false,false,true
52,34,Proliferation,true,true,true
31,40,Proliferation,true,true,true
15,62,Proliferation,true,true,false
55,39,Growth_Arrest,false,true,true
52,53,Proliferation,true,true,false
50,59,Proliferation,true,true,true
26,49,Growth_Arrest,false,true,false
33,12,Growth_Arrest,false,false,true
51,50,Proliferation,true,false,true
35,43,Growth_Arrest,false,false,true
50,45,Proliferation,true,true,false
37,2,Proliferation,true,true,false
30,51,Growth_Arrest,false,true,false
7,45,Proliferation,true,true,true
10,54,Growth_Arrest,false,true,true
2,32,Growth_Arrest,false,false,true
41,8,Proliferation,true,false,false
39,48,Proliferation,true,false,false
21,14,Proliferation,true,true,false
43,43,Proliferation,true,false,true
34,20,Growth_Arrest,false,false,true
67,42,Proliferation,true,false,true
50,8,Proliferation,true,true,false
8,28,Growth_Arrest,false,false,false
17,19,Growth_Arrest,false,false,true
22,33,Growth_Arrest,false,true,true
7,18,Proliferation,true,false,true
43,21,Proliferation,true,false,true
71,46,Proliferation,true,true,false
44,65,Proliferation,true,false,true
56,19,Proliferation,true,false,false
30,57,Growth_Arrest,false,true,true
14,59,Growth_Arrest,false,false,false
26,11,Growth_Arrest,false,false,true
32,21,Proliferation,true,true,false
20,17,Proliferation,true,true,false
22,51,Proliferation,true,false,false
66,56,Growth_Arrest,false,false,true
50,10,Growth_Arrest,false,false,false
17,43,Proliferation,true,true,true
53,62,Proliferation,true,true,false
43,39,Proliferation,true,true,false
25,61,Growth_Arrest,false,true,true
56,39,Proliferation,true,false,true
68,23,Proliferation,true,true,true
23,49,Growth_Arrest,false,false,false
32,10,Growth_Arrest,false,false,true
61,47,Proliferation,true,true,true
41,59,Proliferation,true,false,true
34,21,Proliferation,true,true,true
55,52,Proliferation,true,false,true
38,31,Proliferation,true,false,false
5,32,Proliferation,true,false,true
34,19,Proliferation,true,true,false
28,68,Growth_Arrest,false,true,true
46,9,Growth_Arrest,false,true,false
18,29,Growth_Arrest,false,false,true
34,67,Growth_Arrest,false,true,false
68,29,Proliferation,true,true,true
41,21,Proliferation,true,false,false
69,43,Proliferation,true,true,false
44,23,Proliferation,true,true,true
3,29,Proliferation,true,false,false
23,16,Growth_Arrest,false,true,false
67,30,Growth_Arrest,false,true,true
19,11,Proliferation,true,false,false
39,6,Proliferation,true,false,false
13,17,Growth_Arrest,false,true,true
34,17,Proliferation,true,false,true
55,48,Proliferation,true,false,true
55,58,Growth_Arrest,false,true,true
13,37,Proliferation,true,true,false
43,48,Growth_Arrest,false,true,true
16,32,Growth_Arrest,false,false,false
64,35,Proliferation,true,true,false
29,63,Growth_Arrest,false,false,true
62,31,Proliferation,true,false,false
57,51,Proliferation,true,true,true
15,12,Proliferation,true,false,false
37,63,Growth_Arrest,false,true,false
27,15,Growth_Arrest,false,false,false
63,22,Proliferation,true,true,false
50,25,Proliferation,true,false,true
14,60,Proliferation,true,true,false
38,49,Growth_Arrest,false,false,true
36,62,Growth_Arrest,false,true,true
53,29,Growth_Arrest,false,true,false
6,44,Growth_Arrest,false,false,true
52,62,Growth_Arrest,false,true,false
5,42,Proliferation,true,false,true
29,60,Proliferation,true,true,false
17,9,Proliferation,true,false,true
54,41,Proliferation,true,true,true
20,45,Proliferation,true,false,true
69,28,Proliferation,true,false,false
60,57,Proliferation,true,false,true
36,64,Growth_Arrest,false,true,false
60,63,Proliferation,true,false,true
36,25,Proliferation,true,false,false
33,2,Proliferation,true,false,true
70,28,Growth_Arrest,false,true,true
37,47,Proliferation,true,true,true
39,72,Proliferation,true,false,false
14,34,Proliferation,true,true,false
27,23,Proliferation,true,false,false
37,39,Proliferation,true,false,false
60,14,Proliferation,true,false,false
19,54,Growth_Arrest,false,false,true
59,18,Growth_Arrest,false,true,false
61,56,Proliferation,true,false,true
39,28,Growth_Arrest,false,true,false
69,45,Proliferation,true,true,false
53,45,Proliferation,true,true,false
64,49,Growth_Arrest,false,false,true
41,36,Proliferation,true,true,false
52,57,Proliferation,true,true,true
72,34,Proliferation,true,false,false
45,57,Proliferation,true,true,false
37,65,Proliferation,true,false,true
25,31,Proliferation,true,true,false
57,24,Proliferation,true,true,true
30,58,Growth_Arrest,false,false,true
62,59,Proliferation,true,false,true
9,31,Proliferation,true,false,false
60,11,Proliferation,true,true,false
9,15,Growth_Arrest,false,false,true
17,65,Proliferation,true,true,true
65,43,Proliferation,true,true,true
45,48,Proliferation,true,true,true
9,38,Proliferation,true,false,false
25,38,Proliferation,true,true,false
45,11,Proliferation,true,true,false
42,33,Proliferation,true,true,false
12,56,Growth_Arrest,false,true,true
31,45,Proliferation,true,false,true
55,20,Proliferation,true,false,true
44,36,Proliferation,true,false,false
47,57,Proliferation,true,false,true
54,55,Growth_Arrest,false,true,false
56,62,Growth_Arrest,false,false,true
44,39,Proliferation,true,false,false
36,30,Proliferation,true,false,false
57,16,Proliferation,true,true,false
22,47,Proliferation,true,false,false
30,72,Growth_Arrest,false,false,false
50,53,Proliferation,true,false,false
36,5,Growth_Arrest,false,false,false
27,55,Growth_Arrest,false,true,false
11,26,Proliferation,true,true,false
8,50,Proliferation,true,true,false
41,7,Growth_Arrest,false,false,true
30,8,Proliferation,true,false,false
71,35,Proliferation,true,true,true
20,56,Growth_Arrest,false,true,true
35,11,Proliferation,true,false,true
32,8,Proliferation,true,false,true
30,56,Proliferation,true,true,false
53,28,Proliferation,true,true,true
6,47,Proliferation,true,true,true
17,25,Growth_Arrest,false,false,true
31,70,Growth_Arrest,false,true,false
21,60,Proliferation,true,false,true
9,51,Proliferation,true,false,true
67,20,Proliferation,true,false,false
32,31,Growth_Arrest,false,true,false
63,42,Proliferation,true,true,false
27,34,Proliferation,true,false,false
26,50,Proliferation,true,false,false
66,50,Growth_Arrest,false,false,true
57,57,Growth_Arrest,false,true,false
46,5,Growth_Arrest,false,false,false
32,60,Proliferation,true,true,true
44,21,Proliferation,true,false,false
31,9,Growth_Arrest,false,true,true
48,9,Growth_Arrest,false,true,false
70,32,Proliferation,true,true,true
54,11,Proliferation,true,true,true
17,61,Proliferation,true,true,true
23,37,Proliferation,true,false,false
27,7,Proliferation,true,false,true
55,23,Growth_Arrest,false,false,true
59,13,Proliferation,true,false,true
28,13,Growth_Arrest,false,true,true
33,58,Proliferation,true,false,false
62,27,Proliferation,true,true,true
70,50,Proliferation,true,false,false
59,63,Proliferation,true,false,false
69,36,Growth_Arrest,false,false,false
40,43,Proliferation,true,true,true
28,32,Proliferation,true,false,true
23,68,Proliferation,true,false,false
15,56,Proliferation,true,false,false
10,60,Proliferation,true,true,true
17,12,Growth_Arrest,false,true,true
17,17,Proliferation,true,false,false
4,31,Proliferation,true,false,true
50,49,Proliferation,true,true,true
33,19,Proliferation,true,true,false
49,17,Proliferation,true,true,true
9,33,Proliferation,true,false,false
32,52,Proliferation,true,false,true
48,66,Proliferation,true,false,true
58,13,Proliferation,true,false,true
32,61,Growth_Arrest,false,false,true
45,8,Growth_Arrest,false,true,false
44,37,Proliferation,true,false,true
43,35,Growth_Arrest,false,false,true
35,28,Proliferation,true,false,false
6,25,Proliferation,true,false,false
32,51,Proliferation,true,false,false
5,24,Growth_Arrest,false,false,true
22,59,Proliferation,true,true,true
8,32,Proliferation,true,false,true
49,51,Proliferation,true,false,false
30,43,Growth_Arrest,false,false,false
6,53,Proliferation,true,true,true
59,64,Proliferation,true,true,false
25,65,Proliferation,true,false,true
13,31,Proliferation,true,true,true
30,25,Proliferation,true,true,true
52,23,Proliferation,true,false,false
51,28,Proliferation,true,false,false
19,59,Proliferation,true,false,false
36,48,Proliferation,true,false,false
52,22,Proliferation,true,true,true
12,26,Proliferation,true,true,false
19,29,Proliferation,true,true,true
54,9,Growth_Arrest,false,true,true
40,70,Proliferation,true,false,true
61,31,Proliferation,true,true,false
18,7,Growth_Arrest,false,true,false
36,52,Proliferation,true,false,true
23,60,Proliferation,true,false,true
56,50,Proliferation,true,false,false
45,13,Growth_Arrest,false,false,false
50,41,Growth_Arrest,false,false,false
27,31,Proliferation,true,true,false
56,44,Growth_Arrest,false,true,true
43,15,Proliferation,true,true,false
47,66,Proliferation,true,false,true
3,31,Growth_Arrest,false,false,false
42,22,Proliferation,true,false,false
41,72,Growth_Arrest,false,true,false
36,17,Growth_Arrest,false,true,true
41,55,Proliferation,true,false,false
67,43,Proliferation,true,true,true
33,44,Proliferation,true,false,true
62,56,Growth_Arrest,false,false,true
45,4,Proliferation,true,true,false
32,70,Proliferation,true,false,false
40,39,Proliferation,true,true,true
58,57,Growth_Arrest,false,true,true
51,54,Growth_Arrest,false,true,true
21,39,Growth_Arrest,false,true,true
62,45,Growth_Arrest,false,false,false
6,23,Proliferation,true,true,true
3,37,Proliferation,true,false,true
53,11,Proliferation,true,false,true
11,38,Proliferation,true,true,true
29,32,Proliferation,true,false,false
48,43,Proliferation,true,true,false
55,61,Proliferation,true,true,true
48,53,Proliferation,true,true,true
55,60,Growth_Arrest,false,false,true
25,48,Proliferation,true,true,true
62,24,Proliferation,true,false,false
10,21,Growth_Arrest,false,true,true
60,31,Proliferation,true,true,true
29,30,Proliferation,true,true,true
28,60,Growth_Arrest,false,false,true
21,24,Proliferation,true,false,true
25,42,Proliferation,true,false,true
22,60,Growth_Arrest,false,false,true
39,71,Proliferation,true,true,false
36,8,Proliferation,true,true,true
56,30,Proliferation,true,true,true
29,70,Proliferation,true,true,false
15,51,Proliferation,true,false,false
60,43,Proliferation,true,false,true
47,65,Proliferation,true,true,true
10,26,Proliferation,true,true,false
46,33,Proliferation,true,true,true
21,44,Proliferation,true,false,true
29,31,Growth_Arrest,false,true,false
54,23,Proliferation,true,false,true
55,54,Growth_Arrest,false,true,true
4,24,Growth_Arrest,false,false,true
32,39,Proliferation,true,false,false
33,35,Growth_Arrest,false,true,false
63,43,Growth_Arrest,false,false,false
61,11,Growth_Arrest,false,true,true
7,44,Proliferation,true,true,false
9,47,Growth_Arrest,false,true,false
42,11,Proliferation,true,false,true
44,35,Growth_Arrest,false,true,false
31,17,Proliferation,true,true,true
48,17,Growth_Arrest,false,true,true
53,39,Proliferation,true,false,true
26,20,Proliferation,true,true,true
24,40,Proliferation,true,false,true
29,28,Proliferation,true,false,true
59,33,Growth_Arrest,false,false,false
23,8,Growth_Arrest,false,false,true
34,9,Growth_Arrest,false,false,true
12,58,Growth_Arrest,false,false,true
30,70,Growth_Arrest,false,false,false
61,24,Proliferation,true,false,false
31,2,Growth_Arrest,false,false,true
14,36,Growth_Arrest,false,false,false
60,27,Proliferation,true,true,true
38,60,Proliferation,true,true,true
9,49,Growth_Arrest,false,true,false
44,16,Proliferation,true,true,true
8,24,Growth_Arrest,false,false,false
63,31,Proliferation,true,true,true
67,39,Proliferation,true,true,true
27,9,Growth_Arrest,false,false,true
15,41,Proliferation,true,true,true
20,34,Proliferation,true,true,false
11,45,Growth_Arrest,false,false,false
29,68,Proliferation,true,true,true
28,42,Proliferation,true,false,true
16,19,Proliferation,true,true,false
23,5,Proliferation,true,true,false
21,65,Proliferation,true,true,false
53,57,Proliferation,true,false,false
29,42,Proliferation,true,true,true
50,30,Proliferation,true,false,true
9,35,Proliferation,true,false,false
65,37,Proliferation,true,false,false
43,20,Proliferation,true,true,true
60,19,Proliferation,true,true,false
38,35,Proliferation,true,false,true
31,35,Growth_Arrest,false,false,true
32,65,Proliferation,true,false,true
67,44,Proliferation,true,false,false
31,49,Proliferation,true,false,true
24,51,Proliferation,true,false,false
26,4,Proliferation,true,true,true
37,3,Proliferation,true,false,true
34,44,Proliferation,true,true,false
4,35,Proliferation,true,false,false
34,56,Proliferation,true,true,false
9,23,Proliferation,true,false,true
50,54,Growth_Arrest,false,false,true
67,55,Growth_Arrest,false,true,false
23,54,Growth_Arrest,false,true,false
31,66,Proliferation,true,true,false
40,20,Growth_Arrest,false,true,true
40,8,Proliferation,true,false,true
24,27,Proliferation,true,false,false
20,65,Proliferation,true,false,true
36,54,Growth_Arrest,false,true,false
58,21,Proliferation,true,false,false
24,41,Growth_Arrest,false,false,true
12,36,Growth_Arrest,false,false,false
14,43,Proliferation,true,false,true
33,52,Proliferation,true,true,true
68,20,Growth_Arrest,false,true,true
13,32,Growth_Arrest,false,true,false
65,15,Growth_Arrest,false,false,false
39,19,Growth_Arrest,false,true,true
65,18,Proliferation,true,true,true
12,17,Proliferation,true,true,true
15,32,Proliferation,true,true,false
23,56,Proliferation,true,false,false
45,23,Proliferation,true,true,false
43,27,Proliferation,true,false,false
41,67,Proliferation,true,false,false
57,47,Proliferation,true,false,false
52,50,Proliferation,true,false,false
37,52,Proliferation,true,true,true
28,21,Growth_Arrest,false,false,true
39,63,Proliferation,true,false,false
15,52,Proliferation,true,false,false
66,31,Proliferation,true,true,false
30,10,Growth_Arrest,false,false,true
71,30,Proliferation,true,false,false
9,44,Proliferation,true,false,true
34,51,Proliferation,true,true,true
42,70,Proliferation,true,false,true
70,44,Proliferation,true,true,false
22,61,Proliferation,true,true,false
31,41,Proliferation,true,false,true
63,20,Proliferation,true,false,false
22,46,Proliferation,true,false,false
20,39,Proliferation,true,true,false
14,26,Growth_Arrest,false,false,true
55,15,Proliferation,true,true,true
25,44,Growth_Arrest,false,true,false
48,30,Growth_Arrest,false,false,true
36,58,Proliferation,true,true,false
59,30,Proliferation,true,false,true
57,39,Proliferation,true,true,false
20,16,Proliferation,true,false,true
66,43,Growth_Arrest,false,false,false
62,22,Growth_Arrest,false,false,true
30,40,Proliferation,true,true,true
30,6,Proliferation,true,false,true
12,53,Proliferation,true,true,true
65,53,Proliferation,true,false,false
33,17,Proliferation,true,false,false
52,39,Growth_Arrest,false,true,false
37,53,Growth_Arrest,false,false,false
26,58,Proliferation,true,false,true
31,20,Proliferation,true,false,false
16,10,Proliferation,true,false,true
64,41,Proliferation,true,false,true
11,35,Proliferation,true,true,false
56,42,Proliferation,true,false,true
45,27,Growth_Arrest,false,false,false
32,4,Growth_Arrest,false,true,false
26,38,Growth_Arrest,false,false,false
60,60,Proliferation,true,true,false
41,58,Growth_Arrest,false,false,true
26,5,Proliferation,true,false,false
46,54,Proliferation,true,true,true
28,45,Proliferation,true,false,true
34,41,Growth_Arrest,false,true,false
64,24,Growth_Arrest,false,false,false
28,67,Growth_Arrest,false,false,true
41,12,Proliferation,true,false,false
25,9,Growth_Arrest,false,false,false
26,18,Proliferation,true,true,true
40,49,Growth_Arrest,false,false,true
21,49,Growth_Arrest,false,false,false
25,5,Growth_Arrest,false,true,true
36,51,Growth_Arrest,false,false,true
48,35,Proliferation,true,false,true
68,37,Proliferation,true,true,false
65,32,Proliferation,true,false,true
64,23,Growth_Arrest,false,true,false
20,18,Proliferation,true,false,true
38,66,Proliferation,true,false,false
17,52,Proliferation,true,false,true
71,29,Proliferation,true,true,false
29,19,Growth_Arrest,false,false,true
57,13,Growth_Arrest,false,false,false
17,50,Proliferation,true,true,false
23,10,Proliferation,true,true,false
58,29,Growth_Arrest,false,false,false
43,71,Proliferation,true,false,false
53,52,Growth_Arrest,false,true,true
29,14,Proliferation,true,true,false
59,27,Proliferation,true,true,true
45,47,Growth_Arrest,false,true,true
36,16,Proliferation,true,true,false
18,39,Proliferation,true,true,true
58,44,Proliferation,true,true,false
34,54,Proliferation,true,true,false
16,39,Proliferation,true,true,true
13,13,Proliferation,true,false,true
70,33,Growth_Arrest,false,false,true
33,29,Proliferation,true,true,false
12,45,Growth_Arrest,false,false,true
33,20,Proliferation,true,true,false
23,9,Proliferation,true,true,false
37,69,Proliferation,true,false,false
13,60,Growth_Arrest,false,true,false
25,54,Growth_Arrest,false,true,false
12,62,Proliferation,true,false,false
27,40,Proliferation,true,false,false
38,64,Proliferation,true,false,true
51,10,Proliferation,true,false,false
47,15,Proliferation,true,true,true
35,23,Proliferation,true,true,false
42,10,Proliferation,true,true,true
31,3,Growth_Arrest,false,true,false
60,53,Proliferation,true,false,true
25,66,Growth_Arrest,false,false,true
41,24,Growth_Arrest,false,false,true
29,3,Proliferation,true,true,false
39,49,Proliferation,true,false,false
38,17,Proliferation,true,false,false
40,31,Proliferation,true,true,false
32,19,Growth_Arrest,false,true,true
34,23,Proliferation,true,true,true
22,10,Proliferation,true,true,false
63,39,Proliferation,true,true,false
36,9,Growth_Arrest,false,false,false
67,28,Proliferation,true,false,false
30,33,Proliferation,true,false,false
22,44,Proliferation,true,false,true
32,53,Growth_Arrest,false,true,false
45,63,Proliferation,true,true,false
50,35,Proliferation,true,true,false
50,62,Proliferation,true,false,true
63,29,Growth_Arrest,false,false,false
60,55,Proliferation,true,false,true
46,13,Proliferation,true,false,false
57,61,Proliferation,true,false,true
70,30,Proliferation,true,true,true
19,47,Proliferation,true,true,true
62,35,Growth_Arrest,false,false,true
51,9,Proliferation,true,false,true
9,29,Proliferation,true,false,false
35,33,Proliferation,true,false,true
37,9,Proliferation,true,true,true
9,21,Proliferation,true,false,false
28,49,Proliferation,true,false,true
11,17,Proliferation,true,true,false
56,48,Proliferation,true,false,false
48,46,Proliferation,true,false,false
12,60,Proliferation,true,true,false
55,55,Proliferation,true,false,false
10,41,Growth_Arrest,false,false,false
48,32,Proliferation,true,false,true
55,56,Proliferation,true,false,true
27,69,Proliferation,true,true,false
22,56,Proliferation,true,true,true
51,60,Proliferation,true,false,true
36,44,Proliferation,true,true,true
54,52,Proliferation,true,true,false
52,63,Proliferation,true,true,true
64,58,Proliferation,true,false,false
54,38,Proliferation,true,false,true
52,13,Growth_Arrest,false,false,false
34,72,Growth_Arrest,false,true,false
46,61,Proliferation,true,false,false
8,38,Growth_Arrest,false,true,true
47,59,Proliferation,true,false,false
61,58,Proliferation,true,true,true
27,20,Growth_Arrest,false,false,false
34,61,Growth_Arrest,false,true,false
7,19,Proliferation,true,false,true
18,10,Proliferation,true,false,false
16,58,Growth_Arrest,false,false,false
52,33,Growth_Arrest,false,true,false
39,67,Proliferation,true,false,true
59,36,Proliferation,true,true,false
37,56,Growth_Arrest,false,false,false
14,45,Proliferation,true,false,true
62,49,Growth_Arrest,false,false,false
20,48,Proliferation,true,false,false
39,21,Growth_Arrest,false,true,false
55,10,Proliferation,true,false,true
65,49,Proliferation,true,false,false
18,51,Proliferation,true,true,true
70,37,Growth_Arrest,false,false,false
34,43,Proliferation,true,false,true
26,64,Proliferation,true,true,true
53,30,Proliferation,true,true,false
15,53,Growth_Arrest,false,false,false
54,16,Growth_Arrest,false,true,true
33,23,Proliferation,true,true,true
10,45,Growth_Arrest,false,true,true
56,46,Growth_Arrest,false,true,false
57,66,Proliferation,true,true,true
15,11,Proliferation,true,true,true
48,26,Proliferation,true,true,false
43,31,Proliferation,true,true,true
63,54,Proliferation,true,false,false
23,65,Proliferation,true,true,false
16,45,Proliferation,true,true,true
46,48,Growth_Arrest,false,true,true
55,40,Proliferation,true,true,true
19,28,Proliferation,true,false,false
68,46,Growth_Arrest,false,false,false
54,58,Proliferation,true,true,true
38,15,Proliferation,true,true,false
53,7,Proliferation,true,false,true
28,36,Growth_Arrest,false,false,false
3,44,Proliferation,true,false,false
54,51,Growth_Arrest,false,false,false
20,35,Growth_Arrest,false,true,false
56,13,Proliferation,true,true,true
33,61,Proliferation,true,true,true
39,61,Proliferation,true,true,true
15,39,Proliferation,true,false,true
53,68,Proliferation,true,false,false
49,22,Growth_Arrest,false,false,true
28,20,Growth_Arrest,false,false,true
24,28,Proliferation,true,false,false
15,58,Growth_Arrest,false,true,true
24,12,Proliferation,true,true,false
15,27,Proliferation,true,true,true
32,37,Proliferation,true,true,true
38,53,Proliferation,true,false,true
50,5,Growth_Arrest,false,false,true
19,13,Proliferation,true,true,true
62,61,Growth_Arrest,false,true,true
16,23,Growth_Arrest,false,false,true
38,25,Proliferation,true,false,true
52,40,Proliferation,true,true,true
60,37,Proliferation,true,false,true
15,34,Proliferation,true,true,true
54,28,Growth_Arrest,false,true,true
27,49,Proliferation,true,true,true
15,30,Proliferation,true,true,true
22,64,Proliferation,true,false,false
16,9,Proliferation,true,false,false
24,30,Proliferation,true,false,false
44,10,Growth_Arrest,false,false,true
58,9,Proliferation,true,true,false
28,15,Proliferation,true,false,true
51,52,Proliferation,true,false,true
53,12,Proliferation,true,false,false
72,31,Growth_Arrest,false,false,false
43,33,Proliferation,true,false,true
36,34,Proliferation,true,true,false
45,69,Proliferation,true,true,true
41,41,Proliferation,true,false,false
69,48,Proliferation,true,true,false
35,72,Growth_Arrest,false,true,true
8,51,Proliferation,true,true,false
44,42,Proliferation,true,true,false
38,43,Proliferation,true,false,false
47,42,Growth_Arrest,false,false,false
11,41,Proliferation,true,false,true
58,26,Growth_Arrest,false,true,false
35,66,Proliferation,true,false,false
25,63,Proliferation,true,false,true
28,16,Proliferation,true,false,true
43,5,Proliferation,true,false,true
33,22,Proliferation,true,false,false
47,18,Growth_Arrest,false,true,true
24,69,Growth_Arrest,false,true,true
27,53,Proliferation,true,false,true
20,12,Proliferation,true,false,false
59,11,Proliferation,true,false,false
25,52,Proliferation,true,true,true
39,8,Proliferation,true,true,true
14,14,Growth_Arrest,false,false,true
9,56,Proliferation,true,true,true
25,56,Growth_Arrest,false,false,false
38,72,Growth_Arrest,false,true,false
56,10,Proliferation,true,true,false
62,41,Proliferation,true,true,false
37,17,Proliferation,true,false,false
33,31,Proliferation,true,false,false
26,27,Proliferation,true,true,true
31,24,Proliferation,true,true,false
62,55,Proliferation,true,true,true
46,3,Proliferation,true,true,false
57,52,Proliferation,true,false,true
45,36,Growth_Arrest,false,false,true
26,36,Proliferation,true,false,true
14,49,Proliferation,true,true,true
45,7,Proliferation,true,false,false
30,3,Proliferation,true,false,true
41,29,Proliferation,true,true,false
64,44,Proliferation,true,false,true
33,66,Growth_Arrest,false,true,true
47,22,Proliferation,true,true,true
37,13,Proliferation,true,false,false
13,59,Proliferation,true,false,false
39,45,Growth_Arrest,false,false,false
42,57,Proliferation,true,false,true
17,22,Growth_Arrest,false,false,false
20,29,Growth_Arrest,false,true,false
38,46,Proliferation,true,false,true
59,12,Growth_Arrest,false,false,false
46,68,Growth_Arrest,false,true,true
38,48,Proliferation,true,true,false
36,28,Proliferation,true,true,false
35,15,Proliferation,true,true,false
35,17,Proliferation,true,true,true
50,9,Proliferation,true,true,true
47,35,Growth_Arrest,false,false,false
41,39,Proliferation,true,false,false
38,44,Proliferation,true,false,true
20,11,Proliferation,true,true,false
5,52,Proliferation,true,true,true
34,7,Proliferation,true,true,false
30,21,Proliferation,true,true,true
40,55,Growth_Arrest,false,true,false
21,59,Proliferation,true,false,false
26,33,Proliferation,true,true,true
25,40,Growth_Arrest,false,true,true
34,57,Proliferation,true,true,true
17,27,Proliferation,true,false,true
8,56,Proliferation,true,true,true
44,66,Proliferation,true,false,false
50,20,Proliferation,true,false,false
31,39,Proliferation,true,false,false
66,24,Growth_Arrest,false,true,true
15,33,Growth_Arrest,false,false,true
64,46,Growth_Arrest,false,true,false
28,56,Proliferation,true,true,true
28,53,Proliferation,true,false,true
3,30,Proliferation,true,true,false
21,7,Proliferation,true,false,true
30,48,Growth_Arrest,false,false,true
50,44,Proliferation,true,false,true
42,63,Growth_Arrest,false,true,true
40,22,Proliferation,true,false,false
4,46,Growth_Arrest,false,false,false
23,43,Proliferation,true,true,false
30,39,Proliferation,true,false,true
54,44,Proliferation,true,false,true
56,16,Proliferation,true,true,false
71,34,Proliferation,true,false,true
36,53,Proliferation,true,true,false
57,50,Proliferation,true,false,false
51,20,Proliferation,true,false,false
40,5,Proliferation,true,true,false
7,29,Growth_Arrest,false,true,false
15,44,Proliferation,true,false,false
17,46,Proliferation,true,false,true
14,39,Growth_Arrest,false,false,true
26,37,Growth_Arrest,false,true,false
21,26,Growth_Arrest,false,true,false
34,8,Proliferation,true,false,false
33,6,Growth_Arrest,false,true,true
44,30,Growth_Arrest,false,false,true
19,25,Proliferation,true,true,false
63,13,Growth_Arrest,false,true,true
59,58,Proliferation,true,true,true
62,62,Growth_Arrest,false,true,true
16,46,Proliferation,true,false,false
30,29,Proliferation,true,false,false
51,18,Proliferation,true,true,false
43,53,Proliferation,true,false,true
19,51,Proliferation,true,false,true
42,28,Growth_Arrest,false,false,false
25,33,Proliferation,true,false,true
33,42,Proliferation,true,true,true
62,42,Proliferation,true,true,false
18,42,Growth_Arrest,false,true,true
50,43,Proliferation,true,true,false
37,50,Proliferation,true,false,true
44,63,Proliferation,true,false,true
28,64,Proliferation,true,false,true
61,21,Proliferation,true,false,false
51,62,Proliferation,true,true,true
60,49,Proliferation,true,false,false
26,70,Growth_Arrest,false,true,false
29,8,Growth_Arrest,false,false,true
16,25,Growth_Arrest,false,false,true
37,62,Proliferation,true,true,false
8,52,Proliferation,true,false,false
6,24,Proliferation,true,false,true
17,55,Proliferation,true,true,true
53,15,Proliferation,true,false,true
36,37,Proliferation,true,true,false
55,19,Proliferation,true,true,false
35,63,Proliferation,true,true,true
47,7,Proliferation,true,false,false
24,61,Proliferation,true,true,true
52,67,Growth_Arrest,false,true,true
12,35,Proliferation,true,false,false
47,5,Proliferation,true,true,false
40,13,Proliferation,true,true,false
22,8,Proliferation,true,true,true
42,36,Proliferation,true,true,true
32,32,Proliferation,true,false,false
3,40,Proliferation,true,false,true
24,17,Growth_Arrest,false,true,false
40,51,Growth_Arrest,false,true,false
58,54,Growth_Arrest,false,false,false
22,57,Proliferation,true,true,false
11,37,Proliferation,true,true,false
38,41,Proliferation,true,false,false
12,54,Proliferation,true,true,false
15,36,Proliferation,true,false,true
43,42,Proliferation,true,true,false
34,65,Growth_Arrest,false,false,false
47,17,Proliferation,true,false,false
28,18,Proliferation,true,true,false
51,5,Proliferation,true,false,true
44,24,Proliferation,true,true,true
9,55,Growth_Arrest,false,false,true
7,28,Growth_Arrest,false,true,false
27,25,Proliferation,true,true,true
53,48,Proliferation,true,false,false
47,56,Proliferation,true,true,true
33,14,Proliferation,true,true,false
40,35,Growth_Arrest,false,false,false
33,72,Proliferation,true,false,false
39,53,Growth_Arrest,false,true,false
17,15,Proliferation,true,false,false
62,26,Growth_Arrest,false,true,false
37,31,Proliferation,true,true,true
32,41,Proliferation,true,false,true
59,15,Proliferation,true,false,false
10,59,Proliferation,true,false,true
13,43,Proliferation,true,true,true
35,42,Proliferation,true,true,false
55,21,Growth_Arrest,false,false,false
22,34,Proliferation,true,true,true
63,24,Proliferation,true,true,true
32,35,Growth_Arrest,false,true,false
44,26,Growth_Arrest,false,true,true
53,9,Proliferation,true,true,false
13,42,Growth_Arrest,false,true,true
26,56,Proliferation,true,false,true
25,22,Proliferation,true,true,false
69,49,Proliferation,true,true,false
39,16,Proliferation,true,false,true
10,51,Proliferation,true,true,true
40,18,Proliferation,true,true,true
72,35,Proliferation,true,false,true
39,38,Proliferation,true,false,true
52,27,Growth_Arrest,false,false,false
15,21,Growth_Arrest,false,false,false
47,3,Proliferation,true,false,false
11,23,Proliferation,true,false,true
33,30,Growth_Arrest,false,true,false
26,43,Proliferation,true,true,true
19,42,Proliferation,true,false,false
55,25,Growth_Arrest,false,false,true
14,20,Proliferation,true,true,false
58,63,Proliferation,true,true,true
32,11,Proliferation,true,true,true
36,50,Proliferation,true,false,false
37,34,Growth_Arrest,false,true,false
64,14,Growth_Arrest,false,true,true
56,38,Proliferation,true,true,true
9,34,Proliferation,true,true,true
65,33,Proliferation,true,false,false
52,51,Proliferation,true,false,false
30,67,Growth_Arrest,false,true,true
44,44,Proliferation,true,false,false
12,20,Growth_Arrest,false,false,false
69,29,Proliferation,true,false,false
12,21,Proliferation,true,false,false
60,20,Proliferation,true,false,true
42,59,Proliferation,true,false,true
53,26,Proliferation,true,false,true
41,44,Proliferation,true,true,true
62,40,Proliferation,true,true,false
69,40,Growth_Arrest,false,false,true
44,62,Growth_Arrest,false,true,true
12,57,Proliferation,true,true,false
65,36,Growth_Arrest,false,false,true
39,15,Proliferation,true,true,false
29,55,Growth_Arrest,false,true,false
28,55,Proliferation,true,false,true
38,37,Growth_Arrest,false,true,true
61,18,Proliferation,true,false,false
18,64,Growth_Arrest,false,true,false
25,27,Proliferation,true,false,true
40,53,Proliferation,true,false,false
27,8,Proliferation,true,false,true
47,30,Proliferation,true,true,true
12,40,Proliferation,true,true,true
30,18,Growth_Arrest,false,true,false
7,32,Proliferation,true,true,false
57,28,Proliferation,true,true,true
43,29,Proliferation,true,true,false
56,54,Proliferation,true,false,true
26,60,Proliferation,true,true,false
21,67,Proliferation,true,false,false
37,12,Proliferation,true,false,false
47,13,Proliferation,true,false,true
53,20,Growth_Arrest,false,false,true
44,50,Growth_Arrest,false,true,true
57,41,Proliferation,true,true,false
28,50,Proliferation,true,true,true
26,17,Proliferation,true,true,false
53,42,Proliferation,true,true,false
50,4,Proliferation,true,false,false
29,69,Growth_Arrest,false,false,true
33,27,Growth_Arrest,false,false,false
39,24,Proliferation,true,false,true
25,4,Growth_Arrest,false,false,true
17,48,Growth_Arrest,false,false,false
24,36,Growth_Arrest,false,true,true
69,44,Proliferation,true,true,false
28,52,Growth_Arrest,false,true,false
61,60,Growth_Arrest,false,true,true
21,54,Proliferation,true,true,true
29,41,Growth_Arrest,false,true,true
23,11,Growth_Arrest,false,false,false
26,6,Proliferation,true,true,true
22,48,Proliferation,true,true,false
39,34,Growth_Arrest,false,false,true
30,42,Proliferation,true,true,false
48,25,Proliferation,true,false,false
30,28,Proliferation,true,false,true
8,42,Proliferation,true,true,true
16,33,Growth_Arrest,false,true,false
34,71,Growth_Arrest,false,true,true
56,23,Proliferation,true,true,true
38,52,Growth_Arrest,false,true,true
15,63,Proliferation,true,false,true
28,57,Growth_Arrest,false,true,false
9,58,Proliferation,true,false,true
21,61,Proliferation,true,true,false
25,32,Proliferation,true,true,true
46,36,Proliferation,true,false,true
63,61,Proliferation,true,false,false
54,7,Growth_Arrest,false,true,true
62,33,Proliferation,true,true,false
46,42,Proliferation,true,false,false
47,61,Proliferation,true,false,false
6,36,Proliferation,true,false,true
46,60,Growth_Arrest,false,false,true
48,62,Growth_Arrest,false,true,false
4,26,Proliferation,true,false,true
9,43,Proliferation,true,false,false
51,36,Proliferation,true,false,false
21,28,Proliferation,true,false,false
33,24,Proliferation,true,false,false
27,18,Proliferation,true,true,false
21,11,Proliferation,true,false,true
32,26,Proliferation,true,true,false
66,38,Proliferation,true,false,true
37,59,Proliferation,true,false,false
11,57,Proliferation,true,true,false
64,29,Growth_Arrest,false,false,true
10,20,Proliferation,true,true,true
35,51,Proliferation,true,false,true
20,23,Proliferation,true,false,true
53,41,Proliferation,true,false,false
27,17,Proliferation,true,false,true
39,60,Proliferation,true,false,false
16,47,Growth_Arrest,false,false,true
7,55,Proliferation,true,false,true
59,26,Proliferation,true,true,true
25,43,Proliferation,true,false,false
35,58,Growth_Arrest,false,false,true
14,37,Proliferation,true,false,false
27,50,Growth_Arrest,false,false,false
31,62,Growth_Arrest,false,false,false
63,32,Proliferation,true,false,true
29,29,Proliferation,true,true,true
64,18,Proliferation,true,true,true
34,53,Proliferation,true,false,false
61,51,Proliferation,true,true,true
33,46,Proliferation,true,false,false
15,10,Proliferation,true,false,false
49,26,Growth_Arrest,false,false,false
57,9,Proliferation,true,true,false
44,2,Proliferation,true,false,false
52,12,Proliferation,true,true,true
22,65,Growth_Arrest,false,true,true
51,33,Proliferation,true,false,false
39,39,Proliferation,true,false,false
14,31,Proliferation,true,false,false
41,46,Growth_Arrest,false,false,false
27,52,Growth_Arrest,false,true,false
62,17,Proliferation,true,false,false
17,41,Proliferation,true,false,false
40,25,Growth_Arrest,false,true,true
63,19,Proliferation,true,true,false
31,47,Proliferation,true,false,true
46,56,Proliferation,true,true,false
31,67,Proliferation,true,true,false
49,11,Proliferation,true,false,false
8,44,Growth_Arrest,false,false,false
38,67,Proliferation,true,true,false
57,59,Proliferation,true,true,true
21,31,Proliferation,true,false,true
57,48,Proliferation,true,true,true
29,61,Proliferation,true,true,true
54,10,Proliferation,true,true,false
2,31,Proliferation,true,false,true
54,57,Growth_Arrest,false,true,false
53,55,Proliferation,true,true,false
35,2,Proliferation,true,false,false
33,21,Proliferation,true,true,false
49,67,Proliferation,true,false,false
7,22,Proliferation,true,true,false
31,65,Proliferation,true,false,false
33,36,Growth_Arrest,false,true,false
31,56,Proliferation,true,false,true
10,48,Growth_Arrest,false,false,true
49,68,Proliferation,true,true,false
30,50,Proliferation,true,false,false
28,39,Proliferation,true,false,true
53,67,Growth_Arrest,false,false,true
58,39,Proliferation,true,false,true
61,63,Growth_Arrest,false,false,true
59,28,Proliferation,true,true,true
57,60,Proliferation,true,true,false
47,11,Proliferation,true,false,true
29,20,Growth_Arrest,false,true,true
49,43,Growth_Arrest,false,true,false
42,72,Proliferation,true,false,true
33,8,Proliferation,true,false,true
48,8,Proliferation,true,true,true
61,32,Proliferation,true,false,true
8,34,Growth_Arrest,false,false,false
48,22,Growth_Arrest,false,true,true
51,19,Proliferation,true,true,true
65,26,Proliferation,true,false,false
60,32,Proliferation,true,true,true
37,20,Growth_Arrest,false,false,false
18,21,Proliferation,true,true,true
14,63,Growth_Arrest,false,false,false
6,48,Proliferation,true,false,false
18,16,Growth_Arrest,false,false,false
10,39,Proliferation,true,false,true
27,51,Proliferation,true,true,true
67,47,Proliferation,true,false,true
54,34,Proliferation,true,true,true
24,21,Proliferation,true,true,false
52,17,Growth_Arrest,false,false,true
15,61,Growth_Arrest,false,true,false
37,51,Growth_Arrest,false,false,true
39,27,Proliferation,true,false,true
64,43,Proliferation,true,false,false
38,18,Proliferation,true,false,true
36,23,Growth_Arrest,false,false,true
17,51,Proliferation,true,true,true
25,35,Proliferation,true,true,false
41,6,Proliferation,true,false,false
28,65,Proliferation,true,true,false
25,15,Proliferation,true,false,false
14,11,Proliferation,true,true,false
30,2,Growth_Arrest,false,true,false
24,25,Proliferation,true,false,true
37,16,Proliferation,true,false,true
52,7,Proliferation,true,false,true
50,32,Proliferation,true,false,true
42,3,Proliferation,true,true,false
20,68,Proliferation,true,false,true
71,32,Growth_Arrest,false,true,true
19,37,Proliferation,true,false,false
29,6,Proliferation,true,true,false
21,20,Proliferation,true,true,true
39,37,Proliferation,true,false,false
63,51,Growth_Arrest,false,false,true
21,64,Proliferation,true,false,false
60,40,Proliferation,true,false,true
46,20,Growth_Arrest,false,true,false
36,33,Proliferation,true,false,false
31,22,Proliferation,true,false,false
18,12,Growth_Arrest,false,false,false
47,10,Growth_Arrest,false,true,false
9,42,Growth_Arrest,false,true,false
59,50,Growth_Arrest,false,true,true
15,14,Proliferation,true,true,false
47,43,Proliferation,true,false,true
44,41,Proliferation,true,false,true
55,62,Proliferation,true,true,true
36,57,Proliferation,true,false,true
40,11,Growth_Arrest,false,false,true
21,15,Proliferation,true,true,false
43,50,Proliferation,true,true,false
43,23,Proliferation,true,false,false
12,29,Proliferation,true,false,true
18,20,Proliferation,true,false,false
64,28,Growth_Arrest,false,true,true
27,63,Proliferation,true,true,true
33,65,Growth_Arrest,false,true,false
31,11,Proliferation,true,true,true
49,12,Proliferation,true,true,true
66,55,Growth_Arrest,false,true,false
29,11,Proliferation,true,false,false
38,68,Proliferation,true,true,false
54,47,Proliferation,true,false,true
27,33,Growth_Arrest,false,false,true
39,20,Growth_Arrest,false,true,false
65,39,Proliferation,true,false,false
47,58,Proliferation,true,false,false
12,25,Proliferation,true,false,false
14,17,Growth_Arrest,false,false,false
22,67,Proliferation,true,false,true
32,66,Proliferation,true,true,false
13,27,Proliferation,true,true,true
61,28,Proliferation,true,true,false
11,16,Proliferation,true,true,false
34,27,Growth_Arrest,false,false,false
47,33,Proliferation,true,false,true
25,70,Proliferation,true,false,false
57,23,Growth_Arrest,false,false,false
35,4,Growth_Arrest,false,true,false
24,16,Proliferation,true,true,true
55,8,Growth_Arrest,false,true,true
50,51,Proliferation,true,false,true
27,58,Proliferation,true,true,false
29,25,Proliferation,true,true,false
9,48,Proliferation,true,false,true
40,68,Proliferation,true,true,true
31,55,Growth_Arrest,false,false,false
39,22,Proliferation,true,false,true
25,55,Proliferation,true,true,true
4,29,Proliferation,true,false,true
21,19,Growth_Arrest,false,true,true
31,25,Proliferation,true,false,true
10,49,Proliferation,true,false,false
19,7,Proliferation,true,true,true
24,18,Proliferation,true,false,true
65,16,Proliferation,true,true,false
4,28,Growth_Arrest,false,true,true
38,56,Growth_Arrest,false,false,true
17,33,Proliferation,true,true,false
46,53,Proliferation,true,true,true
31,30,Proliferation,true,true,true
56,35,Proliferation,true,true,true
19,62,Proliferation,true,false,true
39,56,Proliferation,true,false,false
55,31,Proliferation,true,false,false
26,21,Proliferation,true,true,false
49,46,Growth_Arrest,false,false,false
65,34,Proliferation,true,true,true
28,10,Proliferation,true,false,true
15,16,Proliferation,true,true,true
43,44,Proliferation,true,false,false
29,4,Growth_Arrest,false,true,true
11,52,Proliferation,true,true,false
27,12,Growth_Arrest,false,false,true
56,28,Proliferation,true,true,true
29,64,Growth_Arrest,false,false,true
60,48,Growth_Arrest,false,false,false
30,31,Proliferation,true,false,true
17,11,Growth_Arrest,false,false,false
57,33,Proliferation,true,false,false
7,20,Proliferation,true,false,true
13,62,Proliferation,true,false,true
15,37,Proliferation,true,false,false
11,59,Growth_Arrest,false,true,false
10,33,Proliferation,true,true,true
23,17,Growth_Arrest,false,true,true
49,6,Growth_Arrest,false,false,true
16,54,Growth_Arrest,false,true,false
56,49,Proliferation,true,false,false
30,47,Proliferation,true,false,true
56,8,Proliferation,true,false,false
47,52,Growth_Arrest,false,false,true
46,44,Proliferation,true,true,true
26,29,Proliferation,true,true,true
42,16,Proliferation,true,false,true
24,7,Proliferation,true,true,true
42,48,Proliferation,true,false,true
5,36,Proliferation,true,false,true
37,44,Proliferation,true,true,true
49,52,Proliferation,true,true,false
54,33,Proliferation,true,true,false
29,54,Growth_Arrest,false,false,true
51,55,Proliferation,true,false,true
41,16,Growth_Arrest,false,false,false
54,18,Proliferation,true,true,true
35,65,Proliferation,true,false,false
52,56,Proliferation,true,true,false
29,23,Proliferation,true,true,false
58,32,Proliferation,true,false,true
6,33,Growth_Arrest,false,true,false
18,22,Proliferation,true,true,false
14,42,Proliferation,true,true,true
3,28,Growth_Arrest,false,false,false
11,32,Growth_Arrest,false,true,true
40,23,Growth_Arrest,false,true,true
70,38,Proliferation,true,false,false
56,21,Growth_Arrest,false,true,false
32,72,Proliferation,true,false,true
42,69,Growth_Arrest,false,true,true
29,26,Proliferation,true,false,true
60,21,Proliferation,true,false,true
46,27,Proliferation,true,true,false
64,19,Proliferation,true,true,false
43,25,Proliferation,true,true,true
65,31,Growth_Arrest,false,false,true
61,55,Proliferation,true,false,true
2,41,Proliferation,true,false,false
61,16,Proliferation,true,true,true
60,13,Growth_Arrest,false,true,false
41,34,Growth_Arrest,false,true,true
35,57,Proliferation,true,false,false
11,43,Growth_Arrest,false,false,true
44,33,Proliferation,true,true,true
18,41,Proliferation,true,true,true
8,19,Proliferation,true,true,true
58,60,Proliferation,true,false,false
58,15,Growth_Arrest,false,true,true
19,18,Proliferation,true,true,true
16,24,Growth_Arrest,false,false,true
60,29,Growth_Arrest,false,true,true
9,30,Growth_Arrest,false,true,false
15,38,Growth_Arrest,false,true,true
51,61,Proliferation,true,false,false
67,38,Proliferation,true,false,false
40,32,Proliferation,true,false,false
13,21,Proliferation,true,false,true
4,33,Proliferation,true,false,false
13,49,Proliferation,true,false,false
3,45,Growth_Arrest,false,false,false
5,34,Proliferation,true,true,true
38,7,Proliferation,true,true,false
45,30,Proliferation,true,true,true
17,39,Proliferation,true,false,false
28,62,Proliferation,true,false,true
63,28,Proliferation,true,true,true
32,42,Proliferation,true,true,false
19,48,Proliferation,true,true,false
34,50,Growth_Arrest,false,false,true
6,21,Growth_Arrest,false,false,false
25,68,Proliferation,true,true,true
37,23,Growth_Arrest,false,false,false
70,34,Proliferation,true,true,false
66,26,Growth_Arrest,false,true,true
23,30,Proliferation,true,true,false
30,45,Growth_Arrest,false,true,true
53,51,Proliferation,true,false,true
58,53,Proliferation,true,true,true
49,56,Proliferation,true,false,true
46,11,Proliferation,true,true,false
72,42,Growth_Arrest,false,false,false
54,43,Growth_Arrest,false,true,false
7,51,Growth_Arrest,false,true,false
53,10,Proliferation,true,false,true
52,54,Proliferation,true,true,false
37,33,Growth_Arrest,false,false,true
23,24,Proliferation,true,true,false
27,41,Growth_Arrest,false,false,true
27,47,Proliferation,true,true,true
16,50,Growth_Arrest,false,true,true
18,63,Growth_Arrest,false,true,false
34,37,Proliferation,true,false,false
72,41,Proliferation,true,true,false
5,28,Proliferation,true,true,true
9,39,Proliferation,true,false,true
31,51,Proliferation,true,false,false
35,12,Growth_Arrest,false,false,false
28,58,Proliferation,true,false,false
34,13,Proliferation,true,false,false
71,33,Proliferation,true,true,true
71,28,Proliferation,true,false,true
15,29,Proliferation,true,true,false
65,27,Proliferation,true,true,true
42,56,Growth_Arrest,false,true,false
26,12,Proliferation,true,false,true
5,51,Proliferation,true,true,true
23,21,Proliferation,true,false,true
16,14,Growth_Arrest,false,false,false
64,20,Growth_Arrest,false,false,true
21,34,Proliferation,true,false,false
57,18,Proliferation,true,false,false
58,52,Proliferation,true,true,true
22,20,Proliferation,true,false,true
21,68,Growth_Arrest,false,false,false
25,19,Growth_Arrest,false,false,false
15,54,Growth_Arrest,false,true,true
23,13,Proliferation,true,true,false
59,20,Growth_Arrest,false,true,true
22,50,Proliferation,true,false,false
17,64,Proliferation,true,true,false
48,50,Proliferation,true,false,true
8,41,Growth_Arrest,false,false,true
51,44,Proliferation,true,true,true
67,24,Proliferation,true,true,true
44,7,Growth_Arrest,false,false,true
34,64,Proliferation,true,false,false
48,67,Proliferation,true,true,true
35,49,Proliferation,true,false,true
7,54,Proliferation,true,true,true
43,36,Proliferation,true,false,true
12,38,Growth_Arrest,false,true,true
44,72,Proliferation,true,true,true
56,40,Proliferation,true,false,true
11,42,Growth_Arrest,false,false,false
55,16,Growth_Arrest,false,false,true
39,30,Proliferation,true,true,false
63,21,Growth_Arrest,false,true,true
26,68,Growth_Arrest,false,true,true
40,26,Proliferation,true,false,false
12,55,Proliferation,true,true,false
16,60,Proliferation,true,false,true
55,66,Growth_Arrest,false,false,true
42,13,Proliferation,true,false,false
30,11,Proliferation,true,true,false
55,17,Growth_Arrest,false,false,false
48,24,Proliferation,true,false,false
37,46,Proliferation,true,true,false
31,57,Growth_Arrest,false,true,false
5,33,Growth_Arrest,false,true,false
69,33,Proliferation,true,true,true
22,6,Proliferation,true,false,true
26,52,Proliferation,true,false,false
16,36,Proliferation,true,true,false
24,20,Proliferation,true,true,true
45,18,Proliferation,true,true,true
62,29,Growth_Arrest,false,false,true
57,20,Growth_Arrest,false,true,true
65,22,Proliferation,true,false,true
61,57,Proliferation,true,true,true
48,34,Growth_Arrest,false,true,true
58,34,Growth_Arrest,false,true,true
41,57,Proliferation,true,true,false
6,45,Proliferation,true,true,true
8,21,Proliferation,true,false,false
41,68,Proliferation,true,true,false
57,26,Proliferation,true,true,false
37,14,Proliferation,true,true,false
27,11,Proliferation,true,true,false
22,23,Growth_Arrest,false,true,false
60,10,Growth_Arrest,false,false,true
17,57,Growth_Arrest,false,true,false
67,23,Proliferation,true,false,true
23,22,Growth_Arrest,false,false,true
51,42,Proliferation,true,false,false
41,9,Proliferation,true,true,true
16,53,Growth_Arrest,false,true,true
11,58,Proliferation,true,false,false
12,22,Proliferation,true,false,true
44,55,Growth_Arrest,false,true,false
33,57,Proliferation,true,true,true
17,37,Growth_Arrest,false,false,false
67,19,Growth_Arrest,false,false,true
55,43,Growth_Arrest,false,true,false
43,55,Proliferation,true,true,false
20,63,Proliferation,true,false,true
4,44,Proliferation,true,false,true
32,15,Proliferation,true,true,false
54,37,Proliferation,true,true,false
32,28,Proliferation,true,false,true
63,59,Proliferation,true,true,true
40,61,Proliferation,true,false,false
47,12,Growth_Arrest,false,true,true
5,27,Proliferation,true,true,false
18,30,Proliferation,true,true,false
22,26,Growth_Arrest,false,true,false
22,18,Growth_Arrest,false,false,true
63,57,Proliferation,true,true,false
53,58,Growth_Arrest,false,false,false
29,59,Growth_Arrest,false,true,false
35,64,Growth_Arrest,false,false,true
12,27,Proliferation,true,false,true
25,67,Proliferation,true,true,true
43,22,Proliferation,true,false,false
4,38,Growth_Arrest,false,false,true
51,66,Growth_Arrest,false,true,false
27,28,Proliferation,true,true,true
56,11,Proliferation,true,false,true
36,21,Proliferation,true,false,false
39,52,Proliferation,true,false,false
25,49,Proliferation,true,false,false
63,56,Growth_Arrest,false,true,true
49,42,Proliferation,true,false,true
22,5,Growth_Arrest,false,false,true
10,35,Growth_Arrest,false,true,false
9,37,Growth_Arrest,false,true,true
60,38,Proliferation,true,true,true
24,43,Proliferation,true,true,true
36,56,Proliferation,true,false,false
4,30,Proliferation,true,false,false
59,22,Proliferation,true,true,true
30,5,Proliferation,true,true,true
25,14,Growth_Arrest,false,false,false
51,56,Proliferation,true,false,false
33,43,Proliferation,true,true,false
65,56,Proliferation,true,true,true
3,46,Proliferation,true,true,true
22,40,Growth_Arrest,false,true,true
56,31,Proliferation,true,false,false
4,25,Growth_Arrest,false,false,false
11,25,Growth_Arrest,false,true,false
29,67,Proliferation,true,true,false
33,40,Proliferation,true,true,false
56,36,Proliferation,true,true,true
33,26,Proliferation,true,true,true
58,20,Growth_Arrest,false,false,false
32,58,Proliferation,true,true,false
24,65,Proliferation,true,true,true
56,18,Growth_Arrest,false,false,true
48,11,Proliferation,true,false,false
5,40,Proliferation,true,true,true
65,29,Proliferation,true,false,false
14,38,Growth_Arrest,false,false,true
27,35,Proliferation,true,true,true
49,59,Proliferation,true,true,false
17,36,Growth_Arrest,false,true,false
47,16,Growth_Arrest,false,false,true
29,36,Proliferation,true,true,false
57,45,Proliferation,true,true,true
19,36,Proliferation,true,true,false
51,38,Growth_Arrest,false,true,false
14,57,Proliferation,true,true,false
20,51,Proliferation,true,false,true
12,34,Growth_Arrest,false,false,true
55,34,Growth_Arrest,false,false,true
69,22,Proliferation,true,true,true
12,43,Growth_Arrest,false,true,true
51,22,Proliferation,true,false,false
48,48,Growth_Arrest,false,true,true
34,52,Proliferation,true,true,false
20,54,Proliferation,true,true,true
51,53,Proliferation,true,true,true
37,58,Growth_Arrest,false,true,true
36,39,Growth_Arrest,false,true,false
39,7,Proliferation,true,false,true
70,31,Growth_Arrest,false,false,true
37,10,Proliferation,true,true,true
60,62,Growth_Arrest,false,false,false
42,30,Growth_Arrest,false,true,false
43,28,Proliferation,true,false,true
19,43,Proliferation,true,true,false
14,29,Proliferation,true,true,true
14,41,Proliferation,true,false,true
15,65,Proliferation,true,true,false
44,5,Growth_Arrest,false,false,false
31,10,Growth_Arrest,false,false,true
56,65,Proliferation,true,false,true
7,50,Proliferation,true,true,false
49,44,Proliferation,true,true,true
27,42,Proliferation,true,false,true
34,26,Growth_Arrest,false,true,false
48,7,Growth_Arrest,false,false,false
48,56,Growth_Arrest,false,true,false
68,51,Proliferation,true,true,true
40,71,Proliferation,true,false,true
20,19,Proliferation,true,false,true
47,60,Growth_Arrest,false,false,true
27,30,Growth_Arrest,false,true,true
27,45,Growth_Arrest,false,false,true
39,46,Growth_Arrest,false,true,false
34,12,Proliferation,true,false,true
6,49,Proliferation,true,true,false
26,53,Proliferation,true,false,false
49,27,Proliferation,true,false,false
53,14,Proliferation,true,true,false
25,37,Growth_Arrest,false,false,false
57,49,Proliferation,true,false,false
9,52,Proliferation,true,false,false
38,9,Proliferation,true,true,true
14,62,Proliferation,true,false,false
8,45,Proliferation,true,false,false
35,13,Proliferation,true,false,true
51,11,Proliferation,true,false,true
39,2,Proliferation,true,false,true
50,60,Growth_Arrest,false,false,true
17,38,Proliferation,true,false,false
57,8,Proliferation,true,true,false
18,17,Growth_Arrest,false,true,false
39,35,Proliferation,true,false,false
48,36,Growth_Arrest,false,true,true
54,21,Proliferation,true,false,true
65,21,Proliferation,true,false,true
39,10,Proliferation,true,true,false
41,27,Proliferation,true,false,true
45,33,Proliferation,true,false,false
16,62,Proliferation,true,true,true
40,46,Proliferation,true,true,true
51,21,Proliferation,true,false,true
50,68,Proliferation,true,false,true
36,19,Growth_Arrest,false,false,true
45,29,Proliferation,true,false,true
20,8,Growth_Arrest,false,false,true
49,38,Proliferation,true,false,true
16,37,Proliferation,true,false,false
48,10,Proliferation,true,true,true
34,6,Proliferation,true,false,false
30,17,Proliferation,true,false,true
52,29,Proliferation,true,true,false
25,7,Proliferation,true,false,false
28,26,Growth_Arrest,false,false,false
41,70,Proliferation,true,false,false
56,66,Proliferation,true,false,false
67,34,Growth_Arrest,false,true,true
53,63,Proliferation,true,false,false
14,15,Proliferation,true,true,false
59,60,Proliferation,true,false,true
27,70,Proliferation,true,false,true
16,43,Growth_Arrest,false,false,false
40,56,Proliferation,true,true,true
35,47,Proliferation,true,false,false
40,19,Growth_Arrest,false,false,false
61,22,Proliferation,true,false,true
29,51,Proliferation,true,false,true
19,45,Proliferation,true,false,false
41,49,Proliferation,true,false,false
16,29,Proliferation,true,true,true
19,46,Proliferation,true,false,false
37,37,Proliferation,true,false,true
25,8,Proliferation,true,true,false
11,31,Proliferation,true,true,false
62,36,Growth_Arrest,false,true,true
27,6,Growth_Arrest,false,false,false
44,61,Proliferation,true,true,false
56,15,Proliferation,true,false,false
19,27,Proliferation,true,false,false
11,46,Growth_Arrest,false,true,true
20,60,Growth_Arrest,false,false,true
49,47,Proliferation,true,true,false
22,12,Proliferation,true,false,false
20,44,Proliferation,true,false,false
25,36,Proliferation,true,true,false
40,58,Proliferation,true,false,false
39,25,Proliferation,true,false,false
42,45,Proliferation,true,true,false
5,30,Proliferation,true,false,false
23,67,Proliferation,true,true,true
33,39,Proliferation,true,false,false
25,12,Proliferation,true,false,false
23,36,Proliferation,true,true,false
27,60,Proliferation,true,true,false
53,13,Growth_Arrest,false,true,true
49,66,Growth_Arrest,false,false,true
48,20,Proliferation,true,true,true
19,33,Growth_Arrest,false,false,false
22,42,Proliferation,true,true,false
54,20,Proliferation,true,true,true
67,41,Growth_Arrest,false,true,true
37,22,Proliferation,true,false,false
54,15,Growth_Arrest,false,true,true
14,24,Growth_Arrest,false,true,true
42,37,Growth_Arrest,false,false,true
60,59,Proliferation,true,false,false
55,50,Proliferation,true,false,false
64,30,Proliferation,true,false,false
22,28,Proliferation,true,false,false
25,69,Growth_Arrest,false,false,false
35,5,Growth_Arrest,false,true,true
41,32,Growth_Arrest,false,true,true
46,41,Proliferation,true,false,false
11,24,Growth_Arrest,false,true,true
48,23,Growth_Arrest,false,true,false
31,32,Proliferation,true,true,false
64,38,Growth_Arrest,false,true,false
30,71,Proliferation,true,true,false
26,39,Proliferation,true,true,true
55,51,Growth_Arrest,false,true,false
29,18,Proliferation,true,false,true
51,7,Proliferation,true,false,true
28,12,Proliferation,true,false,true
27,64,Proliferation,true,false,false
17,18,Proliferation,true,true,true
4,49,Growth_Arrest,false,false,true
44,47,Growth_Arrest,false,true,true
11,15,Growth_Arrest,false,false,false
25,39,Proliferation,true,false,false
55,42,Proliferation,true,false,false
50,63,Proliferation,true,true,true
5,44,Proliferation,true,true,true
39,51,Growth_Arrest,false,false,false
10,23,Growth_Arrest,false,false,false
13,28,Proliferation,true,false,true
37,32,Proliferation,true,false,true
21,46,Growth_Arrest,false,false,true
16,65,Proliferation,true,false,false
57,22,Proliferation,true,true,false
10,28,Growth_Arrest,false,false,false
13,33,Proliferation,true,false,false
37,19,Proliferation,true,true,false
20,64,Proliferation,true,true,true
58,58,Proliferation,true,true,true
11,39,Growth_Arrest,false,false,true
43,65,Growth_Arrest,false,false,true
62,58,Growth_Arrest,false,false,false
55,24,Growth_Arrest,false,true,false
4,40,Proliferation,true,true,true
20,36,Proliferation,true,true,false
10,53,Growth_Arrest,false,false,false
52,14,Growth_Arrest,false,false,true
5,48,Proliferation,true,true,false
16,42,Proliferation,true,false,false
18,48,Proliferation,true,false,true
38,8,Growth_Arrest,false,true,true
37,67,Proliferation,true,true,false
33,13,Proliferation,true,true,true
52,48,Growth_Arrest,false,true,false
48,60,Proliferation,true,true,false
17,21,Proliferation,true,true,true
8,43,Growth_Arrest,false,false,true
24,66,Proliferation,true,false,true
45,51,Growth_Arrest,false,true,true
19,23,Growth_Arrest,false,false,false
30,68,Growth_Arrest,false,false,true
46,32,Proliferation,true,true,false
51,37,Proliferation,true,false,true
50,69,Growth_Arrest,false,true,false
31,44,Growth_Arrest,false,false,true
27,54,Proliferation,true,false,true
2,42,Proliferation,true,true,true
40,15,Proliferation,true,false,false
37,48,Proliferation,true,true,false
38,19,Proliferation,true,true,false
36,3,Proliferation,true,false,false
56,29,Proliferation,true,true,false
51,34,Growth_Arrest,false,false,false
57,21,Proliferation,true,true,true
32,14,Proliferation,true,false,false
42,24,Growth_Arrest,false,false,true
65,58,Growth_Arrest,false,false,false
51,12,Proliferation,true,false,false
47,27,Proliferation,true,false,true
40,30,Proliferation,true,false,false
28,22,Growth_Arrest,false,true,true
26,34,Proliferation,true,true,true
38,26,Proliferation,true,true,true
53,61,Proliferation,true,true,false
47,45,Proliferation,true,false,false
13,14,Proliferation,true,true,true
37,68,Growth_Arrest,false,true,false
6,37,Growth_Arrest,false,true,true
47,70,Proliferation,true,false,true
42,32,Proliferation,true,true,false
61,23,Proliferation,true,false,false
27,19,Proliferation,true,false,false
3,42,Proliferation,true,true,true
37,40,Proliferation,true,false,true
25,25,Growth_Arrest,false,false,false
64,45,Growth_Arrest,false,true,true
14,18,Proliferation,true,false,false
33,37,Proliferation,true,true,false
23,23,Proliferation,true,false,false
12,50,Proliferation,true,true,true
66,21,Proliferation,true,false,true
32,59,Proliferation,true,false,false
5,39,Proliferation,true,true,false
66,41,Proliferation,true,false,false
42,65,Proliferation,true,false,true
16,27,Growth_Arrest,false,false,false
19,61,Proliferation,true,true,true
28,35,Proliferation,true,false,true
22,69,Proliferation,true,false,true
47,62,Proliferation,true,true,false
6,42,Proliferation,true,false,true
64,31,Proliferation,true,false,true
10,37,Proliferation,true,true,false
43,18,Proliferation,true,false,true
59,21,Proliferation,true,false,false
13,20,Proliferation,true,true,true
46,62,Proliferation,true,false,false
59,17,Growth_Arrest,false,true,false
39,54,Proliferation,true,false,true
35,71,Proliferation,true,false,true
27,4,Proliferation,true,true,true
68,45,Proliferation,true,true,true
16,57,Proliferation,true,false,true
23,41,Proliferation,true,false,true
40,4,Proliferation,true,true,false
63,30,Proliferation,true,true,true
50,27,Growth_Arrest,false,false,false
64,16,Proliferation,true,false,false
41,15,Proliferation,true,false,false
64,55,Proliferation,true,false,false
32,2,Growth_Arrest,false,false,true
31,59,Proliferation,true,false,true
64,47,Proliferation,true,false,true
44,13,Proliferation,true,false,true
61,12,Proliferation,true,true,false
57,19,Proliferation,true,true,false
53,24,Proliferation,true,true,false
11,51,Proliferation,true,true,false
62,16,Proliferation,true,true,false
59,53,Proliferation,true,true,true
55,49,Proliferation,true,false,true
47,26,Growth_Arrest,false,true,false
71,45,Proliferation,true,true,true
6,34,Proliferation,true,true,false
44,71,Proliferation,true,true,false
53,17,Proliferation,true,true,true
32,49,Proliferation,true,false,true
58,23,Growth_Arrest,false,true,true
66,35,Proliferation,true,true,false
52,28,Proliferation,true,false,true
39,12,Proliferation,true,false,true
55,26,Growth_Arrest,false,false,false
21,48,Proliferation,true,false,true
23,12,Growth_Arrest,false,false,true
28,6,Growth_Arrest,false,false,false
21,51,Growth_Arrest,false,true,false
52,44,Proliferation,true,false,false
19,12,Growth_Arrest,false,true,true
43,56,Growth_Arrest,false,false,false
58,38,Growth_Arrest,false,false,true
60,34,Proliferation,true,true,true
63,40,Proliferation,true,false,false
57,34,Growth_Arrest,false,false,false
48,33,Proliferation,true,false,false
49,48,Growth_Arrest,false,false,true
21,40,Proliferation,true,true,false
55,29,Proliferation,true,false,false
49,7,Proliferation,true,true,false
69,52,Proliferation,true,true,true
50,29,Proliferation,true,false,false
39,65,Growth_Arrest,false,true,false
11,29,Growth_Arrest,false,true,false
38,28,Growth_Arrest,false,false,true
50,47,Proliferation,true,true,false
55,9,Proliferation,true,true,false
44,38,Growth_Arrest,false,true,false
62,46,Proliferation,true,false,true
22,53,Growth_Arrest,false,false,false
7,30,Proliferation,true,false,true
62,38,Proliferation,true,true,false
40,42,Growth_Arrest,false,false,true
58,47,Proliferation,true,false,true
67,29,Proliferation,true,true,false
32,45,Growth_Arrest,false,false,true
52,45,Proliferation,true,true,true
52,21,Proliferation,true,false,false
47,4,Proliferation,true,false,false
40,2,Growth_Arrest,false,true,true
43,17,Proliferation,true,false,false
2,30,Proliferation,true,true,true
15,64,Proliferation,true,false,true
69,39,Proliferation,true,false,false
8,48,Proliferation,true,false,false
67,37,Proliferation,true,false,true
18,26,Proliferation,true,true,true
45,67,Proliferation,true,true,false
24,53,Proliferation,true,true,true
41,17,Proliferation,true,true,false
15,22,Proliferation,true,false,true
15,31,Proliferation,true,true,false
30,65,Growth_Arrest,false,true,true
22,54,Proliferation,true,true,true
27,57,Growth_Arrest,false,false,true
33,71,Proliferation,true,true,false
67,49,Proliferation,true,true,false
26,25,Proliferation,true,true,false
45,26,Growth_Arrest,false,false,true
33,25,Growth_Arrest,false,true,true
21,66,Proliferation,true,false,false
41,40,Proliferation,true,false,true
46,21,Proliferation,true,false,true
26,30,Growth_Arrest,false,false,false
8,53,Growth_Arrest,false,true,false
27,59,Proliferation,true,true,false
45,31,Proliferation,true,false,false
51,23,Growth_Arrest,false,false,false
12,61,Proliferation,true,false,false
46,31,Growth_Arrest,false,true,false
54,6,Proliferation,true,false,true
61,35,Proliferation,true,true,false
45,64,Proliferation,true,true,true
70,35,Proliferation,true,true,false
37,29,Proliferation,true,false,false
41,50,Proliferation,true,true,true
12,44,Proliferation,true,true,true
28,38,Proliferation,true,false,true
65,19,Growth_Arrest,false,true,false
43,72,Growth_Arrest,false,true,false
15,43,Proliferation,true,false,true
36,18,Proliferation,true,false,true
35,8,Proliferation,true,true,true
53,8,Proliferation,true,false,true
54,27,Proliferation,true,true,false
42,41,Proliferation,true,true,false
20,42,Proliferation,true,true,true
25,50,Proliferation,true,false,false
9,45,Proliferation,true,true,true
53,47,Growth_Arrest,false,true,true
5,37,Proliferation,true,true,false
7,39,Proliferation,true,false,true
30,46,Growth_Arrest,false,false,false
52,37,Growth_Arrest,false,false,false
37,49,Proliferation,true,true,true
28,33,Proliferation,true,true,true
32,56,Proliferation,true,true,true
21,63,Growth_Arrest,false,true,false
49,5,Proliferation,true,true,false
26,40,Proliferation,true,false,false
34,49,Growth_Arrest,false,true,true
26,35,Proliferation,true,false,false
40,27,Proliferation,true,true,true
32,24,Proliferation,true,false,false
11,19,Proliferation,true,false,true
38,10,Proliferation,true,true,false
45,6,Growth_Arrest,false,false,true
29,71,Growth_Arrest,false,true,false
70,26,Proliferation,true,false,true
27,65,Proliferation,true,true,true
42,21,Proliferation,true,false,true
34,29,Proliferation,true,false,true
37,45,Growth_Arrest,false,false,false
46,26,Proliferation,true,false,true
19,60,Growth_Arrest,false,true,true
45,12,Proliferation,true,false,false
24,29,Growth_Arrest,false,true,false
29,46,Proliferation,true,true,false
26,63,Proliferation,true,false,true
57,36,Proliferation,true,true,false
72,32,Proliferation,true,true,false
39,70,Proliferation,true,false,false
52,10,Proliferation,true,true,false
12,51,Proliferation,true,true,false
55,12,Proliferation,true,true,true
12,41,Proliferation,true,true,false
34,42,Growth_Arrest,false,false,false
48,4,Growth_Arrest,false,true,false
32,23,Growth_Arrest,false,false,false
59,43,Proliferation,true,true,false
41,18,Growth_Arrest,false,false,false
57,54,Growth_Arrest,false,true,false
20,15,Proliferation,true,false,false
47,55,Proliferation,true,true,true
14,56,Growth_Arrest,false,false,false
27,61,Proliferation,true,true,true
49,61,Proliferation,true,false,true
61,49,Proliferation,true,true,true
26,16,Proliferation,true,true,false
42,19,Proliferation,true,true,false
18,37,Growth_Arrest,false,false,false
23,29,Proliferation,true,false,false
26,13,Proliferation,true,true,true
57,62,Proliferation,true,false,true
63,49,Proliferation,true,false,true
26,19,Proliferation,true,false,false
56,58,Proliferation,true,true,true
67,26,Growth_Arrest,false,true,true
17,40,Growth_Arrest,false,true,false
52,46,Proliferation,true,true,false
59,38,Proliferation,true,false,false
50,48,Growth_Arrest,false,false,true
66,22,Proliferation,true,true,true
18,9,Proliferation,true,true,false
59,49,Proliferation,true,false,true
62,57,Growth_Arrest,false,true,true
35,14,Growth_Arrest,false,false,false
41,23,Proliferation,true,false,false
49,63,Proliferation,true,true,false
8,57,Proliferation,true,false,false
53,49,Growth_Arrest,false,true,true
56,34,Growth_Arrest,false,true,false
28,14,Proliferation,true,false,true
33,64,Growth_Arrest,false,true,true
43,54,Proliferation,true,true,false
19,57,Proliferation,true,true,true
64,51,Proliferation,true,true,false
31,8,Proliferation,true,false,true
38,13,Proliferation,true,true,true
12,42,Growth_Arrest,false,true,true
68,42,Proliferation,true,true,false
72,33,Proliferation,true,false,false
22,19,Growth_Arrest,false,true,true
47,50,Proliferation,true,true,false
42,38,Proliferation,true,true,true
59,31,Proliferation,true,true,true
42,53,Proliferation,true,false,false
40,62,Growth_Arrest,false,false,true
25,30,Proliferation,true,false,true
20,41,Growth_Arrest,false,false,false
61,41,Proliferation,true,false,false
4,27,Proliferation,true,true,false
52,25,Proliferation,true,false,true
45,59,Proliferation,true,true,false
66,23,Growth_Arrest,false,false,false
39,26,Proliferation,true,false,false
17,66,Proliferation,true,false,false
66,39,Proliferation,true,false,true
62,34,Proliferation,true,false,true
35,40,Proliferation,true,true,false
57,63,Proliferation,true,false,true
60,58,Proliferation,true,true,false
24,48,Growth_Arrest,false,false,false
45,14,Growth_Arrest,false,false,true
48,61,Proliferation,true,false,true
23,40,Proliferation,true,false,false
52,32,Proliferation,true,true,false
43,24,Proliferation,true,false,true
38,38,Growth_Arrest,false,false,true
27,43,Growth_Arrest,false,false,true
22,21,Proliferation,true,true,true
54,45,Growth_Arrest,false,true,true
68,44,Growth_Arrest,false,false,true
24,42,Proliferation,true,false,true
51,46,Proliferation,true,false,true
34,70,Proliferation,true,false,true
53,56,Proliferation,true,true,true
40,59,Proliferation,true,false,false
19,50,Proliferation,true,false,false
42,64,Growth_Arrest,false,true,true
22,16,Proliferation,true,false,false
15,26,Proliferation,true,true,true
24,31,Proliferation,true,true,false
46,12,Growth_Arrest,false,true,true
4,42,Growth_Arrest,false,true,true
19,35,Proliferation,true,false,true
26,55,Proliferation,true,false,true
19,26,Proliferation,true,false,false
4,43,Growth_Arrest,false,false,true
19,8,Proliferation,true,false,false
31,31,Proliferation,true,false,false
28,17,Proliferation,true,true,true
41,31,Growth_Arrest,false,false,false
23,14,Proliferation,true,true,true
10,40,Growth_Arrest,false,true,true
45,45,Proliferation,true,true,false
18,60,Growth_Arrest,false,false,false
44,43,Proliferation,true,true,true
49,40,Proliferation,true,false,false
7,42,Proliferation,true,false,false
47,63,Growth_Arrest,false,false,true
57,35,Growth_Arrest,false,false,true
2,40,Growth_Arrest,false,false,false
29,52,Proliferation,true,false,false
41,3,Growth_Arrest,false,true,true
32,57,Proliferation,true,true,true
60,30,Proliferation,true,true,false
10,22,Proliferation,true,false,true
18,49,Proliferation,true,false,false
56,63,Growth_Arrest,false,false,false
13,54,Proliferation,true,false,true
37,70,Proliferation,true,true,false
54,53,Proliferation,true,true,false
63,33,Proliferation,true,true,true
36,55,Growth_Arrest,false,false,true
58,46,Proliferation,true,false,true
44,8,Proliferation,true,true,true
63,17,Proliferation,true,false,false
46,10,Proliferation,true,true,true
59,40,Proliferation,true,true,true
38,65,Proliferation,true,false,true
38,42,Growth_Arrest,false,false,false
45,43,Proliferation,true,true,true
65,42,Growth_Arrest,false,false,false
61,37,Proliferation,true,true,false
53,19,Growth_Arrest,false,true,false
58,62,Proliferation,true,false,true
16,13,Growth_Arrest,false,false,false
18,14,Growth_Arrest,false,false,true
48,64,Proliferation,true,true,true
68,33,Growth_Arrest,false,true,true
49,18,Proliferation,true,false,true
24,63,Growth_Arrest,false,false,false
48,69,Proliferation,true,false,false
61,20,Proliferation,true,false,true
7,52,Proliferation,true,true,false
36,43,Proliferation,true,false,true
71,39,Proliferation,true,false,false
21,25,Growth_Arrest,false,true,true
12,15,Proliferation,true,true,false
19,58,Proliferation,true,false,false
53,37,Proliferation,true,true,true
55,14,Proliferation,true,false,true
20,58,Proliferation,true,true,true
32,7,Proliferation,true,false,false
36,49,Proliferation,true,false,false
35,55,Growth_Arrest,false,false,true
13,19,Proliferation,true,false,true
51,35,Proliferation,true,false,true
39,29,Growth_Arrest,false,false,false
13,29,Proliferation,true,false,false
8,17,Growth_Arrest,false,true,true
7,31,Growth_Arrest,false,true,true
39,68,Proliferation,true,false,false
5,41,Growth_Arrest,false,false,true
48,57,Proliferation,true,true,true
18,15,Proliferation,true,true,false
20,31,Growth_Arrest,false,false,false
59,65,Proliferation,true,false,false
33,33,Proliferation,true,true,true
58,65,Proliferation,true,true,true
33,48,Proliferation,true,false,false
56,45,Proliferation,true,true,false
33,34,Growth_Arrest,false,false,true
17,63,Proliferation,true,false,false
19,32,Proliferation,true,true,false
58,11,Proliferation,true,true,false
15,45,Proliferation,true,false,true
13,52,Growth_Arrest,false,false,false
24,37,Growth_Arrest,false,true,true
53,23,Proliferation,true,false,true
64,42,Proliferation,true,true,false
9,40,Proliferation,true,false,false
62,39,Growth_Arrest,false,true,true
68,39,Growth_Arrest,false,false,false
41,69,Proliferation,true,false,false
13,16,Proliferation,true,true,true
51,26,Proliferation,true,true,false
14,48,Proliferation,true,false,true
13,40,Growth_Arrest,false,false,true
9,27,Proliferation,true,true,true
5,29,Proliferation,true,true,false
42,34,Proliferation,true,false,true
32,54,Proliferation,true,false,true
37,66,Growth_Arrest,false,true,true
35,25,Growth_Arrest,false,true,false
28,30,Proliferation,true,true,true
3,34,Proliferation,true,false,true
8,40,Proliferation,true,false,true
61,42,Proliferation,true,false,true
50,65,Proliferation,true,true,false
44,27,Growth_Arrest,false,false,true
13,51,Growth_Arrest,false,false,false
22,62,Proliferation,true,true,false
43,49,Proliferation,true,true,true
14,54,Proliferation,true,true,true
49,64,Proliferation,true,true,true
33,7,Proliferation,true,false,false
54,31,Proliferation,true,true,false
44,64,Proliferation,true,false,true
47,46,Proliferation,true,true,false
58,36,Growth_Arrest,false,false,true
11,50,Proliferation,true,false,true
49,36,Proliferation,true,false,false
67,31,Growth_Arrest,false,false,true
40,60,Proliferation,true,true,true
36,42,Proliferation,true,true,true
21,37,Proliferation,true,true,false
56,56,Growth_Arrest,false,false,false
58,31,Proliferation,true,true,true
67,27,Proliferation,true,false,false
56,22,Proliferation,true,true,false
23,32,Proliferation,true,true,true
13,45,Proliferation,true,false,false
29,48,Proliferation,true,true,true
36,36,Proliferation,true,false,false
56,55,Growth_Arrest,false,true,false
59,59,Proliferation,true,true,false
21,17,Proliferation,true,false,false
18,53,Proliferation,true,false,false
11,22,Proliferation,true,false,false
44,22,Proliferation,true,false,false
28,70,Proliferation,true,false,true
38,32,Growth_Arrest,false,true,true
36,47,Proliferation,true,false,true
54,8,Proliferation,true,true,false
30,23,Growth_Arrest,false,true,false
68,34,Growth_Arrest,false,false,false
43,37,Proliferation,true,true,true
4,45,Proliferation,true,false,false
47,68,Growth_Arrest,false,true,true
22,14,Proliferation,true,false,true
62,25,Proliferation,true,false,false
47,23,Proliferation,true,true,true
48,29,Proliferation,true,true,true
36,61,Proliferation,true,true,false
56,53,Proliferation,true,true,false
31,19,Growth_Arrest,false,true,true
8,29,Proliferation,true,true,false
46,29,Proliferation,true,false,true
4,47,Proliferation,true,true,true
7,37,Growth_Arrest,false,false,false
59,23,Proliferation,true,true,true
14,64,Proliferation,true,false,true
49,41,Proliferation,true,false,false
55,41,Proliferation,true,true,true
44,25,Proliferation,true,false,false
28,46,Proliferation,true,false,true
23,38,Proliferation,true,true,false
9,50,Growth_Arrest,false,false,false
31,43,Proliferation,true,true,false
46,67,Proliferation,true,false,false
42,2,Proliferation,true,false,true
22,24,Proliferation,true,false,true
27,66,Proliferation,true,false,true
30,20,Proliferation,true,true,true
40,6,Proliferation,true,true,false
41,52,Proliferation,true,true,false
62,53,Proliferation,true,false,false
30,15,Growth_Arrest,false,false,true
18,57,Proliferation,true,false,false
21,43,Proliferation,true,false,false
29,56,Growth_Arrest,false,false,true
62,51,Proliferation,true,false,true
38,61,Proliferation,true,false,false
32,12,Proliferation,true,false,true
41,37,Growth_Arrest,false,false,false
21,42,Proliferation,true,false,true
29,21,Proliferation,true,true,true
16,15,Proliferation,true,false,false
35,9,Proliferation,true,true,false
28,27,Proliferation,true,false,false
50,17,Proliferation,true,true,true
22,31,Proliferation,true,false,true
30,55,Proliferation,true,true,true
21,38,Proliferation,true,false,true
51,63,Proliferation,true,false,true
54,19,Proliferation,true,true,false
43,59,Proliferation,true,true,true
35,62,Proliferation,true,false,true
24,60,Proliferation,true,false,false
63,46,Growth_Arrest,false,false,true
58,49,Growth_Arrest,false,false,false
42,50,Proliferation,true,false,false
55,67,Proliferation,true,true,false
27,3,Proliferation,true,true,true
28,31,Growth_Arrest,false,true,true
63,35,Growth_Arrest,false,false,true
66,30,Growth_Arrest,false,true,false
3,39,Proliferation,true,false,false
25,45,Growth_Arrest,false,false,true
36,68,Proliferation,true,false,true
18,23,Proliferation,true,true,true
18,27,Growth_Arrest,false,true,true
52,6,Proliferation,true,true,false
30,13,Proliferation,true,false,false
9,32,Growth_Arrest,false,false,false
27,62,Growth_Arrest,false,false,true
29,7,Growth_Arrest,false,true,false
64,15,Proliferation,true,false,false
39,55,Growth_Arrest,false,false,false
19,41,Growth_Arrest,false,false,false
20,20,Proliferation,true,false,false
47,69,Growth_Arrest,false,false,true
20,49,Growth_Arrest,false,false,true
49,25,Proliferation,true,true,true
32,6,Proliferation,true,false,true
65,55,Proliferation,true,true,false
25,13,Proliferation,true,false,false
30,38,Proliferation,true,true,true
27,38,Proliferation,true,false,false
45,61,Proliferation,true,false,false
55,33,Growth_Arrest,false,false,true
15,9,Proliferation,true,true,false
68,35,Growth_Arrest,false,false,true
26,45,Proliferation,true,false,true
51,49,Growth_Arrest,false,true,true
24,67,Growth_Arrest,false,true,true
45,62,Proliferation,true,true,false
52,38,Proliferation,true,false,false
34,4,Proliferation,true,true,false
67,50,Growth_Arrest,false,false,false
41,48,Proliferation,true,true,false
35,34,Growth_Arrest,false,true,true
63,14,Proliferation,true,false,false
48,70,Growth_Arrest,false,true,false
27,14,Growth_Arrest,false,true,true
11,44,Proliferation,true,true,true
3,38,Proliferation,true,false,false
37,43,Proliferation,true,true,true
30,32,Proliferation,true,false,false
45,60,Growth_Arrest,false,true,true
27,5,Proliferation,true,false,true
23,45,Growth_Arrest,false,true,true
42,25,Growth_Arrest,false,true,false
8,25,Proliferation,true,true,false
32,27,Proliferation,true,true,false
44,51,Proliferation,true,true,true
38,20,Proliferation,true,true,true
33,69,Growth_Arrest,false,false,false
34,35,Growth_Arrest,false,false,false
11,55,Growth_Arrest,false,false,false
6,30,Growth_Arrest,false,false,false
35,35,Proliferation,true,true,false
51,67,Proliferation,true,true,false
52,5,Growth_Arrest,false,false,true
35,19,Proliferation,true,true,true
14,28,Proliferation,true,false,true
54,65,Proliferation,true,true,false
41,11,Proliferation,true,true,false
22,39,Proliferation,true,true,false
31,52,Growth_Arrest,false,true,true
31,33,Proliferation,true,true,true
33,28,Proliferation,true,false,false
10,56,Proliferation,true,false,true
63,52,Proliferation,true,true,false
23,63,Proliferation,true,false,true
56,57,Growth_Arrest,false,true,false
27,21,Proliferation,true,true,false
53,27,Proliferation,true,true,true
21,33,Proliferation,true,false,false
44,20,Growth_Arrest,false,false,false
59,42,Proliferation,true,false,false
36,29,Proliferation,true,true,true
46,37,Growth_Arrest,false,true,false
63,53,Proliferation,true,true,true
22,22,Proliferation,true,true,true
40,69,Proliferation,true,false,false
58,14,Proliferation,true,false,false
51,45,Proliferation,true,true,true
31,26,Proliferation,true,true,true
13,55,Proliferation,true,false,false
14,46,Proliferation,true,false,false
49,20,Proliferation,true,false,false
70,43,Proliferation,true,false,false
28,43,Proliferation,true,false,true
66,52,Growth_Arrest,false,false,false
42,71,Proliferation,true,true,true
32,43,Proliferation,true,false,false
20,62,Proliferation,true,false,true
39,44,Growth_Arrest,false,true,true
31,71,Growth_Arrest,false,false,false
69,24,Growth_Arrest,false,true,false
61,19,Growth_Arrest,false,false,false
27,46,Proliferation,true,false,false
13,24,Proliferation,true,true,true
54,30,Growth_Arrest,false,true,true
44,57,Proliferation,true,false,false
16,18,Proliferation,true,false,true
66,53,Proliferation,true,true,false
22,15,Proliferation,true,true,false
29,47,Growth_Arrest,false,false,false
66,51,Proliferation,true,true,true
65,40,Growth_Arrest,false,true,false
68,49,Proliferation,true,true,false
45,34,Proliferation,true,false,true
51,58,Growth_Arrest,false,true,false
45,65,Growth_Arrest,false,true,true
25,21,Proliferation,true,false,true
49,65,Growth_Arrest,false,true,false
27,39,Proliferation,true,true,false
20,32,Proliferation,true,true,false
25,11,Proliferation,true,true,false
53,22,Growth_Arrest,false,true,true
33,5,Growth_Arrest,false,false,true
47,32,Proliferation,true,false,false
41,56,Proliferation,true,false,true
39,32,Proliferation,true,true,false
54,17,Growth_Arrest,false,true,false
46,58,Growth_Arrest,false,false,true
41,14,Proliferation,true,false,true
67,36,Proliferation,true,false,true
55,45,Growth_Arrest,false,true,false
35,39,Proliferation,true,true,false
19,21,Proliferation,true,true,false
64,34,Proliferation,true,false,true
28,29,Growth_Arrest,false,true,false
19,49,Growth_Arrest,false,true,true
38,54,Proliferation,true,true,true
16,41,Proliferation,true,true,true
64,52,Growth_Arrest,false,false,true
51,41,Proliferation,true,true,true
8,27,Proliferation,true,true,false
14,51,Growth_Arrest,false,false,true
35,44,Proliferation,true,false,false
44,49,Proliferation,true,true,false
38,21,Proliferation,true,true,false
38,55,Proliferation,true,true,false
21,47,Proliferation,true,true,true
29,37,Growth_Arrest,false,false,true
63,41,Proliferation,true,true,true
38,33,Growth_Arrest,false,true,false
22,30,Proliferation,true,true,true
26,62,Growth_Arrest,false,false,false
11,14,Growth_Arrest,false,false,false
46,55,Growth_Arrest,false,true,false
30,4,Proliferation,true,false,true
37,72,Proliferation,true,true,false
16,11,Proliferation,true,false,true
34,10,Proliferation,true,false,true
42,58,Proliferation,true,false,false
52,26,Proliferation,true,true,false
61,54,Proliferation,true,true,false
54,61,Proliferation,true,false,true
21,55,Proliferation,true,false,true
24,32,Proliferation,true,true,true
7,46,Growth_Arrest,false,true,false
13,50,Growth_Arrest,false,false,false
53,46,Proliferation,true,true,true
26,44,Proliferation,true,true,true
45,68,Proliferation,true,true,false
21,57,Proliferation,true,false,true
63,50,Proliferation,true,true,true
48,58,Proliferation,true,true,false
26,69,Proliferation,true,false,false
44,48,Proliferation,true,true,false
55,37,Proliferation,true,true,true
42,49,Proliferation,true,false,false
21,52,Growth_Arrest,false,false,true
25,28,Proliferation,true,false,false
64,57,Proliferation,true,true,false
9,22,Proliferation,true,false,true
50,52,Growth_Arrest,false,false,true
71,41,Proliferation,true,false,true
68,22,Growth_Arrest,false,false,true
7,41,Growth_Arrest,false,false,false
50,64,Proliferation,true,true,true
15,13,Proliferation,true,true,false
35,32,Growth_Arrest,false,false,false
36,46,Proliferation,true,true,false
5,45,Proliferation,true,false,true
8,20,Proliferation,true,true,false
62,44,Growth_Arrest,false,false,false
15,20,Proliferation,true,true,false
39,33,Proliferation,true,true,true
66,57,Growth_Arrest,false,true,false
20,13,Proliferation,true,false,false
39,64,Proliferation,true,false,true
47,6,Growth_Arrest,false,true,true
63,15,Proliferation,true,false,true
28,3,Proliferation,true,true,true
56,17,Proliferation,true,true,true
45,21,Proliferation,true,true,true
22,9,Proliferation,true,false,true
43,70,Growth_Arrest,false,true,false
17,45,Proliferation,true,false,true
37,38,Proliferation,true,false,false
51,40,Proliferation,true,true,true
29,34,Growth_Arrest,false,false,false
50,7,Proliferation,true,false,true
38,6,Growth_Arrest,false,true,false
35,30,Proliferation,true,false,true
10,43,Proliferation,true,true,true
56,26,Growth_Arrest,false,true,true
46,23,Growth_Arrest,false,true,true
71,38,Proliferation,true,false,true
8,55,Proliferation,true,false,true
55,30,Proliferation,true,true,false
16,55,Proliferation,true,false,false
56,41,Proliferation,true,false,false
72,39,Proliferation,true,true,true
61,45,Growth_Arrest,false,false,true
17,44,Proliferation,true,true,true
29,33,Proliferation,true,false,true
51,48,Proliferation,true,false,true
16,17,Proliferation,true,true,true
57,37,Proliferation,true,true,false
14,44,Proliferation,true,false,false
41,5,Growth_Arrest,false,false,false
55,53,Proliferation,true,false,false
40,16,Proliferation,true,true,false
71,36,Proliferation,true,false,true
23,47,Proliferation,true,true,true
51,32,Growth_Arrest,false,true,true
25,41,Proliferation,true,false,false
47,31,Growth_Arrest,false,false,false
30,14,Growth_Arrest,false,false,true
59,35,Proliferation,true,true,false
43,9,Growth_Arrest,false,true,false
64,48,Proliferation,true,true,true
65,35,Growth_Arrest,false,false,true
19,19,Proliferation,true,false,true
32,38,Proliferation,true,false,false
44,11,Proliferation,true,false,true
41,25,Proliferation,true,true,true
60,25,Proliferation,true,false,false
56,51,Growth_Arrest,false,false,false
62,37,Proliferation,true,false,false
61,29,Proliferation,true,false,false
19,10,Proliferation,true,true,true
24,34,Growth_Arrest,false,false,false
20,22,Proliferation,true,true,true
48,68,Proliferation,true,false,true
28,69,Proliferation,true,true,true
52,41,Proliferation,true,false,true
12,46,Proliferation,true,true,false
35,45,Proliferation,true,true,false
34,16,Growth_Arrest,false,true,false
51,15,Proliferation,true,false,true
39,23,Proliferation,true,false,false
9,19,Proliferation,true,true,true
35,56,Proliferation,true,true,true
49,13,Proliferation,true,true,false
61,62,Proliferation,true,true,false
37,25,Growth_Arrest,false,true,false
46,14,Proliferation,true,true,false
25,58,Proliferation,true,false,true
17,31,Proliferation,true,true,true
48,55,Proliferation,true,true,false
8,47,Growth_Arrest,false,true,false
14,35,Proliferation,true,true,true
16,52,Proliferation,true,false,false
35,37,Growth_Arrest,false,false,true
49,39,Growth_Arrest,false,true,false
20,37,Proliferation,true,false,true
42,12,Proliferation,true,true,true
33,68,Growth_Arrest,false,false,true
42,17,Growth_Arrest,false,true,true
26,7,Growth_Arrest,false,false,false
12,48,Proliferation,true,true,true
34,34,Proliferation,true,false,false
44,34,Proliferation,true,true,false
42,26,Proliferation,true,true,false
20,61,Proliferation,true,false,false
55,46,Proliferation,true,true,true
68,30,Proliferation,true,true,false
65,28,Growth_Arrest,false,true,false
64,53,Proliferation,true,false,false
28,61,Growth_Arrest,false,true,true
49,21,Growth_Arrest,false,true,false
53,32,Proliferation,true,false,false
31,48,Proliferation,true,false,true
44,58,Growth_Arrest,false,true,true
49,58,Growth_Arrest,false,true,false
42,67,Proliferation,true,false,true
37,36,Growth_Arrest,false,true,true
66,44,Growth_Arrest,false,false,false
57,58,Growth_Arrest,false,false,false
17,8,Proliferation,true,true,true
32,18,Proliferation,true,false,false
11,13,Proliferation,true,true,true
6,46,Proliferation,true,false,false
42,4,Proliferation,true,true,false
52,43,Growth_Arrest,false,true,false
39,41,Growth_Arrest,false,true,false
33,59,Proliferation,true,true,true
36,60,Proliferation,true,true,false
17,35,Proliferation,true,false,true
69,26,Proliferation,true,false,true
34,22,Proliferation,true,true,false
46,66,Proliferation,true,false,true
23,19,Proliferation,true,true,true
47,53,Proliferation,true,true,false
71,31,Proliferation,true,false,false
71,44,Proliferation,true,true,false
66,20,Proliferation,true,false,true
53,34,Proliferation,true,true,true
42,39,Proliferation,true,false,false
51,24,Proliferation,true,false,true
71,42,Proliferation,true,true,false
32,36,Growth_Arrest,false,true,true
45,38,Proliferation,true,true,true
41,47,Proliferation,true,true,true
60,35,Growth_Arrest,false,true,false
37,5,Proliferation,true,true,false
13,25,Proliferation,true,true,true
14,33,Growth_Arrest,false,true,false
54,48,Proliferation,true,true,true
35,18,Growth_Arrest,false,true,true
52,59,Growth_Arrest,false,false,false
60,54,Growth_Arrest,false,false,false
48,6,Growth_Arrest,false,false,true
46,6,Proliferation,true,true,true
27,37,Proliferation,true,false,true
30,24,Growth_Arrest,false,false,true
38,40,Proliferation,true,false,true
36,22,Proliferation,true,true,false
21,6,Growth_Arrest,false,false,false
40,28,Growth_Arrest,false,false,true
21,12,Proliferation,true,true,false
55,35,Proliferation,true,false,false
44,18,Proliferation,true,true,true
25,51,Proliferation,true,false,true
46,51,Proliferation,true,false,true
13,39,Proliferation,true,false,true
38,11,Growth_Arrest,false,true,true
11,48,Proliferation,true,true,false
32,16,Proliferation,true,true,false
28,44,Proliferation,true,true,true
35,41,Proliferation,true,false,true
44,69,Proliferation,true,true,true
25,64,Proliferation,true,false,false
33,56,Proliferation,true,true,true
27,13,Proliferation,true,false,false
21,56,Proliferation,true,false,false
35,31,Proliferation,true,true,true
45,28,Proliferation,true,true,true
41,10,Proliferation,true,false,true
61,48,Proliferation,true,true,false
34,5,Growth_Arrest,false,false,false
37,71,Growth_Arrest,false,true,false
45,58,Proliferation,true,true,false
38,51,Proliferation,true,false,false
51,13,Proliferation,true,false,false
31,60,Proliferation,true,false,false
49,55,Growth_Arrest,false,true,true
38,30,Proliferation,true,false,false
61,61,Growth_Arrest,false,true,false
71,37,Growth_Arrest,false,true,true
50,14,Proliferation,true,false,false
15,47,Proliferation,true,true,true
28,19,Proliferation,true,false,false
32,48,Growth_Arrest,false,true,false
60,16,Proliferation,true,false,true
71,40,Proliferation,true,true,false
33,67,Proliferation,true,true,false
42,51,Growth_Arrest,false,true,false
9,41,Growth_Arrest,false,false,false
46,38,Growth_Arrest,false,false,true
39,62,Growth_Arrest,false,true,false
3,27,Growth_Arrest,false,true,true
30,27,Proliferation,true,false,false
47,14,Proliferation,true,false,true
25,29,Proliferation,true,true,true
13,34,Proliferation,true,true,true
27,48,Proliferation,true,true,true
24,33,Proliferation,true,true,true
54,56,Growth_Arrest,false,true,true
43,26,Proliferation,true,true,true
29,10,Growth_Arrest,false,false,true
33,10,Proliferation,true,true,true
28,23,Growth_Arrest,false,false,false
43,47,Growth_Arrest,false,false,false
67,51,Growth_Arrest,false,false,false
20,47,Growth_Arrest,false,true,true
59,54,Proliferation,true,false,false
26,66,Proliferation,true,true,false
25,24,Proliferation,true,false,false
47,41,Growth_Arrest,false,false,true
7,47,Growth_Arrest,false,true,true
71,43,Growth_Arrest,false,true,true
18,40,Growth_Arrest,false,false,true
36,66,Growth_Arrest,false,false,true
65,47,Proliferation,true,false,true
14,52,Proliferation,true,true,false
58,16,Proliferation,true,false,false
59,57,Proliferation,true,true,true
56,32,Proliferation,true,false,true
16,51,Proliferation,true,true,true
16,30,Proliferation,true,false,true
58,28,Proliferation,true,false,true
55,13,Proliferation,true,true,false
41,43,Proliferation,true,true,false
39,43,Proliferation,true,true,true
32,67,Growth_Arrest,false,true,false
29,53,Growth_Arrest,false,false,true
39,69,Proliferation,true,false,false
48,42,Proliferation,true,true,false
29,66,Proliferation,true,true,true
36,65,Proliferation,true,true,true
64,33,Proliferation,true,true,true
42,23,Proliferation,true,false,false
37,61,Proliferation,true,false,false
24,24,Proliferation,true,true,true
17,62,Proliferation,true,true,false
43,12,Proliferation,true,false,true
50,39,Proliferation,true,true,true
51,6,Proliferation,true,true,true
34,38,Proliferation,true,false,true
47,67,Growth_Arrest,false,true,false
10,46,Proliferation,true,false,false
65,23,Proliferation,true,false,true
61,53,Proliferation,true,false,false
50,36,Proliferation,true,false,false
36,27,Proliferation,true,true,false
24,15,Proliferation,true,true,false
56,12,Proliferation,true,false,true
43,40,Proliferation,true,true,false
39,18,Proliferation,true,true,false
8,35,Proliferation,true,false,false
21,22,Growth_Arrest,false,false,false
14,19,Proliferation,true,true,false
22,11,Proliferation,true,false,true
20,6,Proliferation,true,true,true
13,48,Proliferation,true,true,false
13,12,Growth_Arrest,false,true,true
59,34,Growth_Arrest,false,true,true
7,33,Growth_Arrest,false,true,true
60,17,Growth_Arrest,false,true,true
19,22,Growth_Arrest,false,false,false
25,62,Growth_Arrest,false,true,true
48,21,Growth_Arrest,false,false,false
51,14,Proliferation,true,true,true
27,44,Proliferation,true,true,true
54,66,Growth_Arrest,false,false,false
68,32,Proliferation,true,true,false
25,20,Proliferation,true,true,true
72,36,Growth_Arrest,false,true,false
58,45,Growth_Arrest,false,true,true
20,53,Proliferation,true,false,false
32,3,Proliferation,true,true,false
38,16,Growth_Arrest,false,true,true
39,58,Proliferation,true,true,false
19,34,Proliferation,true,false,true
44,46,Growth_Arrest,false,false,true
32,25,Proliferation,true,false,true
18,18,Proliferation,true,false,true
18,25,Growth_Arrest,false,false,true
51,16,Proliferation,true,true,false
22,37,Growth_Arrest,false,false,false
35,3,Proliferation,true,true,false
60,12,Proliferation,true,false,true
56,64,Proliferation,true,true,true
64,56,Proliferation,true,true,false
69,51,Growth_Arrest,false,true,false
40,45,Proliferation,true,false,false
34,14,Proliferation,true,true,false
31,6,Proliferation,true,false,false
30,19,Growth_Arrest,false,true,false
29,65,Growth_Arrest,false,false,true
36,15,Proliferation,true,false,true
66,36,Proliferation,true,true,true
20,7,Proliferation,true,false,true
46,71,Proliferation,true,false,true
65,17,Proliferation,true,false,false
26,47,Proliferation,true,true,true
55,27,Proliferation,true,false,true
40,9,Growth_Arrest,false,false,true
16,56,Growth_Arrest,false,false,false
37,11,Proliferation,true,false,true
18,67,Growth_Arrest,false,true,false
46,18,Proliferation,true,true,true
22,43,Proliferation,true,true,false
29,43,Proliferation,true,true,true
15,40,Growth_Arrest,false,false,false
45,66,Growth_Arrest,false,true,true
51,8,Proliferation,true,true,true
22,17,Growth_Arrest,false,false,false
12,18,Growth_Arrest,false,false,true
56,43,Proliferation,true,true,true
40,63,Proliferation,true,true,false
21,10,Growth_Arrest,false,false,true
72,43,Proliferation,true,true,true
36,67,Proliferation,true,true,false
40,47,Proliferation,true,true,false
35,69,Proliferation,true,false,false
54,42,Proliferation,true,false,true
24,9,Growth_Arrest,false,false,true
22,25,Growth_Arrest,false,true,false
31,12,Proliferation,true,true,false
24,52,Growth_Arrest,false,false,true
62,13,Growth_Arrest,false,false,false
70,48,Proliferation,true,true,true
26,41,Proliferation,true,false,true
4,41,Proliferation,true,false,true
24,23,Proliferation,true,true,false
61,40,Growth_Arrest,false,true,true
50,21,Proliferation,true,false,true
16,38,Proliferation,true,false,true
51,39,Growth_Arrest,false,false,false
13,53,Proliferation,true,false,true
23,52,Proliferation,true,false,true
70,36,Growth_Arrest,false,true,false
38,22,Proliferation,true,true,true
49,4,Growth_Arrest,false,true,false
28,59,Growth_Arrest,false,true,true
60,50,Proliferation,true,true,false
43,3,Growth_Arrest,false,false,false
24,70,Proliferation,true,true,true
6,38,Proliferation,true,true,true
29,44,Proliferation,true,true,false
57,56,Growth_Arrest,false,true,false
33,54,Proliferation,true,true,true
51,47,Growth_Arrest,false,false,false
40,41,Proliferation,true,true,true
55,65,Proliferation,true,false,false
30,60,Proliferation,true,true,false
4,37,Growth_Arrest,false,true,false
50,37,Proliferation,true,true,false
51,27,Growth_Arrest,false,false,false
34,36,Proliferation,true,false,true
40,57,Proliferation,true,true,false
65,41,Proliferation,true,true,false
30,37,Proliferation,true,true,false
27,36,Proliferation,true,true,false
40,37,Proliferation,true,true,true
34,59,Proliferation,true,true,false
22,45,Growth_Arrest,false,true,false
19,15,Proliferation,true,false,true
26,57,Proliferation,true,true,true
12,47,Proliferation,true,false,true
28,25,Growth_Arrest,false,false,true
30,63,Proliferation,true,true,true
18,19,Proliferation,true,true,true
34,68,Proliferation,true,false,false
44,9,Proliferation,true,false,false
18,55,Growth_Arrest,false,false,false
23,58,Growth_Arrest,false,true,true
37,18,Proliferation,true,true,false
65,44,Proliferation,true,true,true
57,31,Proliferation,true,false,true
58,48,Proliferation,true,false,false
26,23,Proliferation,true,false,false
21,30,Proliferation,true,true,true
45,20,Proliferation,true,false,false
32,55,Proliferation,true,true,false
65,24,Proliferation,true,true,true
6,40,Proliferation,true,false,false
63,27,Proliferation,true,true,true
58,10,Proliferation,true,false,false
29,39,Growth_Arrest,false,true,true
20,27,Proliferation,true,true,true
60,23,Proliferation,true,true,true
36,70,Proliferation,true,false,false
41,13,Proliferation,true,false,false
14,12,Growth_Arrest,false,true,false
20,59,Proliferation,true,true,false
43,66,Growth_Arrest,false,true,true
53,43,Growth_Arrest,false,true,false
49,62,Growth_Arrest,false,false,true
47,40,Proliferation,true,true,true
48,14,Proliferation,true,true,false
18,28,Growth_Arrest,false,true,true
33,50,Growth_Arrest,false,true,false
23,25,Proliferation,true,false,true
66,29,Proliferation,true,false,true
66,49,Growth_Arrest,false,false,false
8,18,Growth_Arrest,false,true,false
59,41,Growth_Arrest,false,true,false
70,47,Growth_Arrest,false,false,false
60,39,Growth_Arrest,false,true,false
45,9,Growth_Arrest,false,true,true
62,15,Proliferation,true,true,false
26,59,Growth_Arrest,false,false,true
18,38,Proliferation,true,true,false
32,50,Growth_Arrest,false,false,false
11,30,Proliferation,true,false,false
15,15,Proliferation,true,false,false
53,60,Proliferation,true,true,true
31,16,Proliferation,true,false,true
69,37,Proliferation,true,false,true
59,56,Proliferation,true,true,true
51,65,Proliferation,true,false,false
43,2,Growth_Arrest,false,false,true
26,48,Proliferation,true,true,false
11,56,Proliferation,true,false,true
41,28,Proliferation,true,true,true
40,34,Growth_Arrest,false,false,true
19,55,Proliferation,true,true,true
17,34,Proliferation,true,false,true
29,16,Proliferation,true,false,true
30,54,Proliferation,true,false,true
19,40,Proliferation,true,true,true
41,4,Proliferation,true,true,false
19,16,Growth_Arrest,false,true,true
18,52,Proliferation,true,false,true
55,57,Growth_Arrest,false,false,true
49,37,Proliferation,true,false,false
24,44,Growth_Arrest,false,true,false
52,36,Growth_Arrest,false,true,true
64,39,Proliferation,true,true,true
36,14,Proliferation,true,true,true
36,40,Proliferation,true,false,false
13,30,Proliferation,true,false,true
16,64,Proliferation,true,true,true
12,49,Growth_Arrest,false,true,true
18,11,Growth_Arrest,false,false,false
58,18,Proliferation,true,false,false
35,7,Growth_Arrest,false,false,true
15,35,Growth_Arrest,false,true,false
63,58,Proliferation,true,false,true
26,28,Proliferation,true,false,true
48,13,Growth_Arrest,false,true,false
43,34,Proliferation,true,false,true
46,45,Proliferation,true,false,true
23,55,Proliferation,true,true,false
44,70,Growth_Arrest,false,false,true
60,36,Growth_Arrest,false,false,true
53,66,Growth_Arrest,false,true,false
50,13,Growth_Arrest,false,false,false
15,25,Growth_Arrest,false,false,true
47,28,Proliferation,true,false,false
33,9,Proliferation,true,false,false
37,26,Growth_Arrest,false,true,false
38,12,Proliferation,true,false,false
64,40,Proliferation,true,true,true
45,39,Proliferation,true,true,false
61,15,Proliferation,true,false,false
19,24,Proliferation,true,false,true
57,27,Growth_Arrest,false,true,true
53,31,Proliferation,true,false,true
16,49,Proliferation,true,true,true
59,55,Growth_Arrest,false,true,true
53,25,Growth_Arrest,false,false,false
22,7,Proliferation,true,false,false
50,57,Growth_Arrest,false,false,false
29,38,Proliferation,true,false,true
49,35,Proliferation,true,true,false
39,4,Proliferation,true,true,true
37,42,Proliferation,true,false,false
54,39,Growth_Arrest,false,false,true
35,6,Growth_Arrest,false,true,false
70,41,Proliferation,true,false,false
43,19,Growth_Arrest,false,false,false
3,33,Growth_Arrest,false,false,false
35,26,Proliferation,true,false,true
21,35,Growth_Arrest,false,true,true
52,68,Proliferation,true,true,true
8,39,Proliferation,true,true,true
40,52,Proliferation,true,true,false
40,50,Proliferation,true,false,false
28,28,Proliferation,true,false,false
51,68,Growth_Arrest,false,true,true
20,67,Growth_Arrest,false,true,true
53,44,Growth_Arrest,false,true,false
23,27,Proliferation,true,true,true
29,40,Proliferation,true,false,true
30,64,Growth_Arrest,false,false,false
43,52,Proliferation,true,true,true
47,47,Proliferation,true,false,false
11,61,Proliferation,true,true,false
58,33,Proliferation,true,false,false
7,40,Proliferation,true,false,true
52,47,Proliferation,true,false,false
52,55,Proliferation,true,true,true
18,46,Proliferation,true,false,true
43,69,Growth_Arrest,false,false,true
26,9,Proliferation,true,false,false
5,38,Growth_Arrest,false,true,false
59,24,Proliferation,true,true,false
18,66,Proliferation,true,true,true
10,47,Growth_Arrest,false,true,true
22,63,Growth_Arrest,false,false,true
21,8,Proliferation,true,true,true
12,59,Proliferation,true,true,false
24,11,Proliferation,true,true,true
32,40,Growth_Arrest,false,true,false
60,47,Proliferation,true,true,false
42,18,Growth_Arrest,false,false,true
53,6,Proliferation,true,false,false
52,8,Growth_Arrest,false,true,true
24,58,Proliferation,true,false,true
6,54,Proliferation,true,false,true
24,19,Growth_Arrest,false,false,false
19,17,Proliferation,true,true,false
65,51,Growth_Arrest,false,true,false
62,60,Proliferation,true,false,false
23,7,Proliferation,true,true,false
35,29,Proliferation,true,false,false
52,11,Growth_Arrest,false,false,false
46,47,Proliferation,true,false,false
16,26,Growth_Arrest,false,false,false
56,24,Growth_Arrest,false,false,true
55,28,Growth_Arrest,false,false,false
32,69,Proliferation,true,true,false
13,61,Proliferation,true,true,true
47,9,Proliferation,true,true,false
26,32,Proliferation,true,true,true
52,42,Proliferation,true,false,true
40,54,Growth_Arrest,false,false,true
31,36,Proliferation,true,false,true
30,41,Growth_Arrest,false,true,true
35,53,Proliferation,true,false,false
61,34,Growth_Arrest,false,true,true
68,38,Proliferation,true,true,false
69,30,Proliferation,true,false,true
25,47,Growth_Arrest,false,true,true
49,49,Proliferation,true,true,false
25,10,Growth_Arrest,false,false,false
21,58,Proliferation,true,false,true
49,60,Proliferation,true,false,true
53,18,Proliferation,true,true,false
21,23,Growth_Arrest,false,false,true
17,23,Proliferation,true,false,false
38,58,Growth_Arrest,false,true,false
46,7,Growth_Arrest,false,true,true
45,32,Proliferation,true,true,true
56,27,Growth_Arrest,false,false,true
26,8,Proliferation,true,true,true
52,20,Proliferation,true,true,false
5,49,Proliferation,true,true,false
2,38,Proliferation,true,false,true
28,54,Growth_Arrest,false,true,false
16,59,Proliferation,true,false,false
39,50,Proliferation,true,true,true
20,57,Growth_Arrest,false,false,true
15,42,Proliferation,true,true,false
43,16,Proliferation,true,false,true
63,44,Growth_Arrest,false,false,false
9,24,Proliferation,true,false,false
56,25,Proliferation,true,true,false
38,4,Growth_Arrest,false,false,true
49,10,Proliferation,true,false,true
58,43,Growth_Arrest,false,false,true
15,57,Proliferation,true,true,false
10,44,Proliferation,true,true,false
42,44,Proliferation,true,true,false
62,30,Growth_Arrest,false,false,false
64,37,Proliferation,true,false,false
20,33,Proliferation,true,true,false
15,46,Proliferation,true,true,true
54,22,Proliferation,true,false,false
45,24,Proliferation,true,false,true
31,61,Growth_Arrest,false,false,false
60,44,Growth_Arrest,false,true,false
54,64,Proliferation,true,false,true
61,25,Proliferation,true,false,true
41,45,Proliferation,true,false,false
7,27,Growth_Arrest,false,false,true
7,24,Proliferation,true,false,true
14,40,Growth_Arrest,false,true,false
14,16,Proliferation,true,false,false
53,38,Proliferation,true,true,true
32,5,Growth_Arrest,false,false,false
36,2,Proliferation,true,true,false
10,15,Proliferation,true,true,false
19,14,Proliferation,true,true,true
42,27,Proliferation,true,true,false
54,63,Proliferation,true,true,true
68,48,Growth_Arrest,false,false,true
64,22,Growth_Arrest,false,true,false
24,57,Proliferation,true,false,true
9,53,Growth_Arrest,false,false,true
11,53,Growth_Arrest,false,true,true
32,68,Proliferation,true,false,false
60,18,Growth_Arrest,false,false,true
8,30,Proliferation,true,true,false
16,40,Growth_Arrest,false,false,true
44,31,Growth_Arrest,false,true,true
41,2,Growth_Arrest,false,true,false
30,16,Proliferation,true,false,false
6,51,Proliferation,true,true,false
42,61,Growth_Arrest,false,false,true
48,44,Growth_Arrest,false,false,false
66,25,Proliferation,true,false,false
46,19,Growth_Arrest,false,true,false
57,64,Growth_Arrest,false,false,false
40,44,Proliferation,true,true,false
45,55,Proliferation,true,true,false
45,17,Proliferation,true,true,false
37,54,Proliferation,true,true,false
27,29,Proliferation,true,true,false
28,47,Proliferation,true,false,false
54,12,Growth_Arrest,false,true,false
4,50,Growth_Arrest,false,true,false
33,41,Proliferation,true,false,false
34,40,Proliferation,true,true,false
37,15,Proliferation,true,true,false
52,52,Proliferation,true,true,false
15,50,Proliferation,true,true,true
19,56,Proliferation,true,false,false
19,20,Growth_Arrest,false,false,true
19,39,Proliferation,true,false,true
43,4,Growth_Arrest,false,true,false
41,65,Proliferation,true,false,true
31,42,Proliferation,true,true,false
66,19,Proliferation,true,true,false
26,10,Proliferation,true,false,true
31,69,Proliferation,true,true,true
49,14,Proliferation,true,false,true
36,6,Proliferation,true,false,false
55,44,Growth_Arrest,false,false,true
10,57,Proliferation,true,true,true
18,43,Proliferation,true,false,true
10,32,Growth_Arrest,false,false,true
64,54,Proliferation,true,true,true
7,35,Proliferation,true,true,true
48,54,Proliferation,true,false,true
48,49,Proliferation,true,true,true
