# cell_size_um=20.0, domain_size_um=1500.0, description="Spheroid pattern with 3000 cells"
x,y,phenotype,gene_Proliferation,gene_glycoATP,gene_mitoATP
49,54,Growth_Arrest,false,false,false
7,40,Proliferation,true,false,true
21,45,Proliferation,true,false,false
24,57,Proliferation,true,false,false
18,31,Proliferation,true,true,true
23,34,Growth_Arrest,false,false,false
29,14,Proliferation,true,true,false
34,32,Growth_Arrest,false,false,true
13,38,Proliferation,true,true,false
60,53,Proliferation,true,false,true
7,44,Proliferation,true,true,false
11,43,Proliferation,true,false,true
20,32,Growth_Arrest,false,false,false
37,13,Proliferation,true,true,false
63,36,Growth_Arrest,false,true,true
21,53,Proliferation,true,false,false
49,52,Growth_Arrest,false,true,false
63,32,Proliferation,true,true,true
47,30,Proliferation,true,false,false
33,36,Proliferation,true,false,false
32,15,Growth_Arrest,false,true,true
58,29,Growth_Arrest,false,false,true
46,17,Proliferation,true,false,true
64,24,Proliferation,true,true,true
39,47,Proliferation,true,true,true
24,53,Proliferation,true,false,false
28,44,Proliferation,true,false,true
56,35,Proliferation,true,false,false
30,50,Proliferation,true,false,false
46,19,Proliferation,true,true,false
35,53,Proliferation,true,false,true
42,21,Growth_Arrest,false,true,true
53,55,Proliferation,true,true,true
57,30,Growth_Arrest,false,false,true
54,58,Proliferation,true,false,false
48,56,Proliferation,true,false,true
15,42,Proliferation,true,false,false
43,33,Proliferation,true,false,true
61,42,Growth_Arrest,false,false,true
19,50,Proliferation,true,false,false
10,48,Proliferation,true,true,true
59,18,Proliferation,true,false,true
44,35,Proliferation,true,false,false
24,58,Growth_Arrest,false,true,true
19,31,Proliferation,true,false,false
12,49,Proliferation,true,false,false
31,7,Growth_Arrest,false,true,true
10,41,Proliferation,true,true,true
28,49,Proliferation,true,false,false
66,40,Growth_Arrest,false,true,false
24,22,Proliferation,true,true,true
45,28,Proliferation,true,true,true
35,61,Proliferation,true,true,false
24,42,Proliferation,true,true,false
37,60,Proliferation,true,false,true
53,34,Growth_Arrest,false,false,false
66,43,Proliferation,true,true,true
62,23,Proliferation,true,true,false
51,32,Growth_Arrest,false,false,true
14,27,Proliferation,true,false,true
51,53,Growth_Arrest,false,false,true
23,47,Proliferation,true,false,false
19,55,Proliferation,true,false,true
36,9,Proliferation,true,true,true
46,57,Proliferation,true,true,true
15,34,Proliferation,true,false,false
41,17,Growth_Arrest,false,true,true
32,23,Growth_Arrest,false,true,false
11,26,Growth_Arrest,false,false,false
22,12,Growth_Arrest,false,true,true
32,50,Proliferation,true,true,true
63,37,Proliferation,true,true,true
37,53,Proliferation,true,true,true
53,19,Proliferation,true,false,true
46,29,Proliferation,true,false,true
43,20,Proliferation,true,false,false
64,48,Growth_Arrest,false,true,false
61,25,Proliferation,true,true,true
38,19,Proliferation,true,true,true
55,23,Proliferation,true,true,false
33,52,Proliferation,true,false,false
49,9,Proliferation,true,true,true
24,50,Proliferation,true,false,true
45,32,Proliferation,true,true,false
18,39,Growth_Arrest,false,false,true
8,34,Proliferation,true,true,true
24,28,Growth_Arrest,false,true,false
30,21,Proliferation,true,false,true
52,50,Growth_Arrest,false,true,true
66,35,Growth_Arrest,false,true,true
15,17,Proliferation,true,true,true
16,59,Growth_Arrest,false,false,true
51,35,Proliferation,true,true,true
45,25,Proliferation,true,false,true
53,30,Proliferation,true,false,true
48,33,Proliferation,true,true,true
45,55,Growth_Arrest,false,false,false
23,46,Proliferation,true,false,true
54,24,Proliferation,true,true,false
26,25,Growth_Arrest,false,false,true
31,11,Growth_Arrest,false,false,false
66,47,Growth_Arrest,false,true,true
52,10,Growth_Arrest,false,false,true
14,32,Proliferation,true,false,false
24,64,Proliferation,true,true,true
38,48,Proliferation,true,true,false
38,53,Proliferation,true,true,false
36,26,Proliferation,true,true,true
41,56,Proliferation,true,false,false
39,35,Proliferation,true,false,false
50,55,Proliferation,true,true,true
42,67,Proliferation,true,false,false
33,22,Proliferation,true,true,true
30,33,Proliferation,true,false,false
35,22,Proliferation,true,true,false
60,48,Proliferation,true,true,false
11,30,Growth_Arrest,false,true,true
42,48,Growth_Arrest,false,true,false
29,56,Growth_Arrest,false,true,false
52,53,Proliferation,true,true,true
34,60,Proliferation,true,true,false
22,17,Proliferation,true,false,false
34,25,Proliferation,true,true,false
40,58,Proliferation,true,false,true
41,60,Growth_Arrest,false,false,false
47,60,Growth_Arrest,false,false,false
50,54,Growth_Arrest,false,false,false
16,24,Growth_Arrest,false,true,true
28,54,Proliferation,true,false,true
27,35,Proliferation,true,true,true
37,66,Proliferation,true,true,false
36,29,Proliferation,true,false,false
56,46,Proliferation,true,true,false
57,32,Proliferation,true,false,true
13,29,Growth_Arrest,false,true,true
9,27,Growth_Arrest,false,false,true
40,55,Proliferation,true,true,false
9,41,Proliferation,true,false,true
42,18,Growth_Arrest,false,false,false
46,49,Proliferation,true,false,false
34,36,Proliferation,true,false,true
9,44,Growth_Arrest,false,false,true
24,21,Proliferation,true,false,false
30,29,Growth_Arrest,false,false,true
33,15,Proliferation,true,true,false
44,66,Proliferation,true,true,true
53,31,Proliferation,true,false,true
43,46,Proliferation,true,true,false
56,21,Proliferation,true,true,true
40,23,Proliferation,true,true,false
20,52,Proliferation,true,false,false
51,21,Proliferation,true,true,true
34,35,Proliferation,true,false,false
62,40,Growth_Arrest,false,false,true
19,35,Growth_Arrest,false,false,true
16,52,Proliferation,true,false,true
30,16,Growth_Arrest,false,true,false
57,23,Proliferation,true,true,false
23,40,Proliferation,true,false,false
42,52,Growth_Arrest,false,false,true
38,38,Growth_Arrest,false,true,true
7,31,Proliferation,true,false,true
25,47,Proliferation,true,false,false
32,9,Proliferation,true,true,true
48,57,Proliferation,true,false,true
36,51,Proliferation,true,false,true
29,36,Proliferation,true,true,true
25,62,Proliferation,true,true,false
32,52,Growth_Arrest,false,false,false
33,13,Proliferation,true,true,false
17,46,Growth_Arrest,false,true,false
31,9,Proliferation,true,false,false
49,31,Proliferation,true,false,true
26,54,Proliferation,true,false,false
48,41,Proliferation,true,true,false
62,19,Proliferation,true,true,true
51,19,Proliferation,true,true,true
49,56,Proliferation,true,false,true
46,26,Growth_Arrest,false,false,true
36,57,Proliferation,true,false,false
14,22,Growth_Arrest,false,true,false
62,45,Proliferation,true,true,false
39,48,Proliferation,true,false,true
37,68,Proliferation,true,false,true
12,47,Growth_Arrest,false,true,true
63,22,Growth_Arrest,false,true,true
50,10,Proliferation,true,false,false
21,24,Proliferation,true,false,false
51,59,Proliferation,true,false,false
47,45,Proliferation,true,false,true
52,17,Growth_Arrest,false,true,false
51,26,Growth_Arrest,false,true,false
8,39,Proliferation,true,true,true
21,40,Proliferation,true,false,false
29,13,Proliferation,true,true,false
62,30,Growth_Arrest,false,true,true
44,18,Proliferation,true,false,true
13,23,Proliferation,true,true,true
53,35,Growth_Arrest,false,false,true
37,21,Proliferation,true,false,false
9,30,Proliferation,true,false,true
39,23,Proliferation,true,true,false
54,52,Proliferation,true,false,false
36,59,Growth_Arrest,false,false,false
53,21,Proliferation,true,false,true
40,59,Growth_Arrest,false,false,true
24,16,Proliferation,true,false,true
54,48,Growth_Arrest,false,false,true
30,13,Proliferation,true,false,true
19,43,Proliferation,true,false,true
43,9,Proliferation,true,false,false
33,48,Growth_Arrest,false,false,true
66,39,Proliferation,true,true,true
24,26,Growth_Arrest,false,true,false
63,45,Growth_Arrest,false,true,false
37,12,Proliferation,true,true,false
47,54,Growth_Arrest,false,false,false
33,60,Growth_Arrest,false,false,true
43,66,Proliferation,true,false,false
29,46,Proliferation,true,false,false
19,51,Proliferation,true,false,true
43,13,Proliferation,true,false,true
15,53,Growth_Arrest,false,true,true
28,39,Growth_Arrest,false,true,false
38,7,Proliferation,true,true,false
33,62,Proliferation,true,false,true
35,60,Proliferation,true,false,true
23,13,Proliferation,true,true,false
66,38,Growth_Arrest,false,false,false
44,41,Proliferation,true,false,false
43,60,Growth_Arrest,false,true,true
20,42,Growth_Arrest,false,false,true
37,65,Growth_Arrest,false,true,false
25,14,Growth_Arrest,false,true,false
32,24,Proliferation,true,false,true
17,29,Proliferation,true,false,false
39,30,Proliferation,true,true,false
47,42,Proliferation,true,true,true
22,30,Growth_Arrest,false,false,false
36,28,Proliferation,true,true,false
45,62,Proliferation,true,false,true
49,25,Proliferation,true,true,false
59,25,Proliferation,true,true,false
66,28,Proliferation,true,false,false
55,41,Proliferation,true,true,true
64,37,Proliferation,true,true,true
48,47,Growth_Arrest,false,false,true
53,58,Proliferation,true,true,false
40,7,Growth_Arrest,false,false,true
51,60,Proliferation,true,true,false
28,45,Growth_Arrest,false,false,false
27,56,Growth_Arrest,false,false,true
31,57,Growth_Arrest,false,false,false
64,28,Proliferation,true,true,true
41,28,Growth_Arrest,false,false,true
31,65,Growth_Arrest,false,true,true
14,53,Proliferation,true,false,true
66,30,Growth_Arrest,false,true,true
35,27,Proliferation,true,false,true
29,32,Proliferation,true,true,false
33,49,Proliferation,true,false,false
47,28,Proliferation,true,true,true
21,26,Proliferation,true,true,true
20,34,Proliferation,true,false,false
24,24,Proliferation,true,true,true
40,29,Growth_Arrest,false,true,true
58,56,Proliferation,true,false,false
15,38,Proliferation,true,false,true
62,44,Proliferation,true,true,true
40,54,Proliferation,true,true,true
34,20,Proliferation,true,true,false
37,63,Proliferation,true,true,false
35,8,Proliferation,true,true,true
46,40,Proliferation,true,false,false
64,40,Proliferation,true,true,false
14,40,Proliferation,true,false,false
66,46,Proliferation,true,false,false
57,59,Proliferation,true,false,false
23,38,Proliferation,true,false,false
43,28,Proliferation,true,true,true
19,22,Proliferation,true,false,false
28,35,Proliferation,true,true,true
54,29,Growth_Arrest,false,false,true
35,30,Proliferation,true,true,true
16,56,Proliferation,true,true,true
57,43,Proliferation,true,false,true
60,20,Growth_Arrest,false,false,true
32,45,Proliferation,true,true,false
66,45,Proliferation,true,true,true
16,46,Proliferation,true,false,false
63,51,Growth_Arrest,false,false,false
65,37,Proliferation,true,true,true
53,61,Growth_Arrest,false,true,false
33,27,Proliferation,true,true,true
56,45,Proliferation,true,true,false
55,28,Growth_Arrest,false,false,true
25,43,Growth_Arrest,false,true,false
22,21,Proliferation,true,true,true
61,49,Proliferation,true,false,true
45,53,Proliferation,true,false,true
24,65,Proliferation,true,true,false
19,24,Growth_Arrest,false,true,false
13,47,Proliferation,true,false,true
22,44,Proliferation,true,true,false
12,39,Growth_Arrest,false,false,false
47,51,Proliferation,true,false,false
44,33,Proliferation,true,true,true
33,20,Proliferation,true,false,false
60,41,Proliferation,true,true,true
35,23,Growth_Arrest,false,false,false
23,25,Growth_Arrest,false,true,true
58,27,Proliferation,true,true,false
59,48,Proliferation,true,false,false
42,55,Growth_Arrest,false,false,false
33,46,Growth_Arrest,false,false,false
7,38,Proliferation,true,true,false
29,50,Proliferation,true,false,false
43,24,Growth_Arrest,false,true,false
30,38,Growth_Arrest,false,true,false
18,14,Proliferation,true,true,false
36,14,Proliferation,true,false,false
36,30,Proliferation,true,false,false
28,60,Growth_Arrest,false,true,false
45,9,Proliferation,true,true,false
24,51,Proliferation,true,false,true
15,49,Growth_Arrest,false,false,false
46,15,Proliferation,true,true,true
37,17,Proliferation,true,true,false
30,60,Proliferation,true,true,false
26,42,Proliferation,true,false,true
46,41,Proliferation,true,false,true
47,39,Growth_Arrest,false,true,false
22,51,Proliferation,true,true,false
55,56,Proliferation,true,true,false
18,47,Proliferation,true,true,true
41,31,Growth_Arrest,false,false,true
27,51,Growth_Arrest,false,true,false
60,23,Proliferation,true,true,true
20,58,Growth_Arrest,false,true,true
12,21,Proliferation,true,false,false
22,62,Proliferation,true,false,true
63,46,Proliferation,true,false,true
14,34,Proliferation,true,false,false
57,58,Proliferation,true,false,true
59,24,Proliferation,true,false,true
36,41,Proliferation,true,true,true
20,12,Growth_Arrest,false,true,true
35,7,Proliferation,true,true,true
32,44,Growth_Arrest,false,true,true
59,40,Growth_Arrest,false,false,false
67,35,Proliferation,true,false,false
35,41,Growth_Arrest,false,false,true
45,63,Proliferation,true,true,true
29,41,Growth_Arrest,false,true,false
53,53,Growth_Arrest,false,true,true
9,26,Proliferation,true,true,true
67,37,Proliferation,true,true,true
57,39,Growth_Arrest,false,true,true
44,67,Proliferation,true,true,true
36,10,Proliferation,true,true,true
18,37,Proliferation,true,false,true
34,27,Proliferation,true,false,false
35,46,Proliferation,true,true,false
32,41,Proliferation,true,true,true
36,61,Proliferation,true,false,true
43,29,Growth_Arrest,false,true,true
29,18,Proliferation,true,true,true
32,38,Proliferation,true,false,false
17,36,Growth_Arrest,false,true,true
61,22,Proliferation,true,false,true
54,12,Growth_Arrest,false,false,true
51,45,Proliferation,true,true,false
45,43,Proliferation,true,false,true
59,28,Proliferation,true,false,false
9,33,Growth_Arrest,false,false,true
40,19,Growth_Arrest,false,true,true
38,50,Growth_Arrest,false,false,true
32,46,Proliferation,true,false,true
40,53,Growth_Arrest,false,false,false
63,43,Growth_Arrest,false,true,false
20,59,Proliferation,true,false,false
65,27,Proliferation,true,true,false
63,23,Proliferation,true,true,true
29,49,Proliferation,true,false,false
55,26,Growth_Arrest,false,false,false
9,43,Proliferation,true,false,true
24,31,Growth_Arrest,false,false,true
55,18,Growth_Arrest,false,true,false
55,22,Proliferation,true,true,true
13,46,Proliferation,true,true,false
34,61,Proliferation,true,true,true
10,47,Proliferation,true,true,false
18,45,Proliferation,true,true,false
29,30,Proliferation,true,false,true
38,16,Growth_Arrest,false,true,true
18,32,Proliferation,true,true,false
44,7,Proliferation,true,true,false
52,36,Growth_Arrest,false,false,false
14,19,Growth_Arrest,false,true,false
21,31,Proliferation,true,false,true
38,27,Proliferation,true,false,false
49,14,Proliferation,true,true,true
51,11,Growth_Arrest,false,false,false
25,35,Growth_Arrest,false,true,false
19,46,Proliferation,true,false,false
46,31,Proliferation,true,false,false
25,19,Proliferation,true,true,true
38,45,Proliferation,true,false,false
43,58,Growth_Arrest,false,false,true
31,44,Proliferation,true,false,false
60,33,Proliferation,true,false,false
52,51,Proliferation,true,false,true
10,45,Proliferation,true,false,false
20,25,Growth_Arrest,false,true,false
62,39,Growth_Arrest,false,true,false
43,45,Proliferation,true,false,true
42,11,Proliferation,true,true,false
50,64,Proliferation,true,false,false
24,34,Proliferation,true,true,false
46,16,Proliferation,true,true,false
37,55,Proliferation,true,true,false
48,11,Growth_Arrest,false,true,false
45,56,Proliferation,true,true,true
54,51,Proliferation,true,true,true
55,33,Proliferation,true,true,true
42,32,Proliferation,true,false,true
38,67,Proliferation,true,false,true
51,40,Proliferation,true,false,false
63,28,Proliferation,true,false,true
27,42,Growth_Arrest,false,false,false
34,45,Proliferation,true,true,false
16,57,Proliferation,true,false,true
45,61,Proliferation,true,true,true
59,51,Proliferation,true,true,true
19,40,Proliferation,true,false,false
42,60,Proliferation,true,false,true
66,42,Growth_Arrest,false,false,true
47,48,Proliferation,true,true,true
67,43,Growth_Arrest,false,false,true
35,13,Growth_Arrest,false,false,false
40,8,Proliferation,true,false,true
46,45,Proliferation,true,false,false
52,55,Growth_Arrest,false,true,false
49,18,Proliferation,true,true,true
36,45,Proliferation,true,false,false
45,26,Proliferation,true,false,true
14,46,Growth_Arrest,false,false,false
35,35,Proliferation,true,false,false
56,55,Growth_Arrest,false,true,false
47,46,Growth_Arrest,false,false,false
21,25,Proliferation,true,true,true
23,43,Growth_Arrest,false,false,true
34,11,Proliferation,true,true,false
17,42,Proliferation,true,true,true
49,24,Proliferation,true,true,true
37,16,Growth_Arrest,false,true,true
50,47,Growth_Arrest,false,true,false
44,12,Proliferation,true,false,true
26,11,Proliferation,true,true,false
60,45,Growth_Arrest,false,false,true
58,24,Proliferation,true,false,true
19,62,Proliferation,true,true,true
20,49,Growth_Arrest,false,true,true
15,20,Proliferation,true,true,false
45,52,Proliferation,true,true,false
31,8,Growth_Arrest,false,true,true
47,22,Proliferation,true,true,false
67,34,Proliferation,true,false,false
34,13,Growth_Arrest,false,true,false
35,59,Growth_Arrest,false,true,false
18,25,Proliferation,true,true,true
31,41,Proliferation,true,false,true
24,20,Growth_Arrest,false,false,true
31,19,Proliferation,true,true,false
43,34,Proliferation,true,true,true
21,39,Growth_Arrest,false,false,false
53,28,Proliferation,true,false,false
44,8,Proliferation,true,false,true
19,25,Growth_Arrest,false,true,false
64,41,Growth_Arrest,false,true,true
66,31,Proliferation,true,false,false
28,64,Proliferation,true,true,false
35,24,Growth_Arrest,false,false,false
43,26,Growth_Arrest,false,false,true
38,47,Proliferation,true,false,false
52,30,Proliferation,true,true,true
38,33,Growth_Arrest,false,false,true
8,35,Proliferation,true,true,false
21,42,Proliferation,true,true,false
12,23,Proliferation,true,false,false
14,48,Proliferation,true,true,false
31,21,Proliferation,true,false,true
15,36,Growth_Arrest,false,false,false
43,48,Proliferation,true,true,false
48,22,Proliferation,true,false,true
48,34,Proliferation,true,true,true
21,38,Proliferation,true,true,true
48,26,Proliferation,true,false,false
22,46,Proliferation,true,false,true
49,29,Proliferation,true,true,true
23,31,Proliferation,true,false,false
30,51,Growth_Arrest,false,true,false
38,25,Growth_Arrest,false,false,false
61,50,Growth_Arrest,false,true,false
47,24,Growth_Arrest,false,false,true
65,29,Proliferation,true,false,false
25,53,Proliferation,true,false,false
54,57,Proliferation,true,true,false
25,16,Growth_Arrest,false,false,false
39,59,Growth_Arrest,false,true,false
53,50,Growth_Arrest,false,true,false
57,31,Proliferation,true,true,true
53,51,Proliferation,true,true,false
50,43,Growth_Arrest,false,false,true
35,29,Proliferation,true,false,false
47,32,Growth_Arrest,false,true,false
30,55,Proliferation,true,true,false
39,55,Growth_Arrest,false,false,true
23,53,Growth_Arrest,false,true,true
39,34,Proliferation,true,false,false
32,11,Growth_Arrest,false,false,false
19,39,Proliferation,true,false,false
23,28,Proliferation,true,false,true
37,26,Proliferation,true,false,false
56,16,Growth_Arrest,false,true,false
15,50,Proliferation,true,true,false
37,62,Proliferation,true,true,false
58,51,Proliferation,true,false,false
50,13,Growth_Arrest,false,true,true
36,40,Proliferation,true,false,false
55,24,Proliferation,true,true,false
44,10,Growth_Arrest,false,true,false
37,28,Proliferation,true,false,false
9,48,Proliferation,true,false,false
42,50,Proliferation,true,false,true
14,50,Proliferation,true,true,false
59,54,Proliferation,true,false,true
14,29,Growth_Arrest,false,true,true
35,65,Proliferation,true,false,false
21,48,Growth_Arrest,false,true,false
9,36,Proliferation,true,false,false
36,63,Proliferation,true,false,false
59,23,Growth_Arrest,false,true,true
57,50,Proliferation,true,true,false
27,18,Growth_Arrest,false,true,false
27,46,Proliferation,true,true,true
26,16,Proliferation,true,true,false
51,25,Proliferation,true,true,true
26,36,Proliferation,true,false,false
34,43,Proliferation,true,true,false
35,47,Proliferation,true,false,true
19,16,Proliferation,true,true,true
17,14,Proliferation,true,false,true
51,51,Proliferation,true,true,false
46,44,Proliferation,true,false,true
49,41,Proliferation,true,false,true
57,37,Proliferation,true,false,false
43,57,Proliferation,true,true,false
49,23,Proliferation,true,true,false
14,49,Growth_Arrest,false,true,true
50,59,Proliferation,true,true,true
39,33,Proliferation,true,false,true
11,44,Growth_Arrest,false,false,false
50,22,Growth_Arrest,false,true,true
41,65,Proliferation,true,true,false
18,41,Proliferation,true,false,true
49,60,Growth_Arrest,false,false,false
47,53,Growth_Arrest,false,false,true
19,14,Proliferation,true,true,false
33,56,Growth_Arrest,false,true,false
25,28,Proliferation,true,false,false
22,59,Growth_Arrest,false,true,true
43,10,Proliferation,true,true,true
17,48,Proliferation,true,true,true
58,15,Proliferation,true,true,true
17,57,Growth_Arrest,false,true,true
25,61,Proliferation,true,true,false
31,51,Proliferation,true,true,false
42,35,Growth_Arrest,false,false,false
11,53,Proliferation,true,true,true
56,50,Proliferation,true,true,true
15,40,Proliferation,true,true,false
30,59,Growth_Arrest,false,true,true
26,52,Proliferation,true,false,true
55,50,Proliferation,true,true,true
26,20,Growth_Arrest,false,true,false
25,21,Growth_Arrest,false,true,true
51,24,Growth_Arrest,false,true,true
32,32,Growth_Arrest,false,true,true
37,15,Proliferation,true,true,true
33,7,Proliferation,true,false,false
62,22,Proliferation,true,false,true
49,49,Growth_Arrest,false,true,false
27,27,Proliferation,true,false,true
8,30,Proliferation,true,true,true
39,29,Proliferation,true,true,false
55,21,Proliferation,true,true,false
50,46,Growth_Arrest,false,true,true
46,11,Proliferation,true,true,true
57,57,Growth_Arrest,false,false,true
61,53,Proliferation,true,true,false
16,15,Growth_Arrest,false,false,true
11,34,Growth_Arrest,false,true,true
38,40,Proliferation,true,false,false
10,49,Proliferation,true,true,false
56,38,Growth_Arrest,false,true,false
55,52,Proliferation,true,false,true
30,47,Growth_Arrest,false,false,false
16,35,Proliferation,true,true,true
22,57,Growth_Arrest,false,false,true
48,45,Proliferation,true,true,false
31,61,Growth_Arrest,false,true,true
38,51,Proliferation,true,false,true
24,56,Proliferation,true,true,true
18,54,Proliferation,true,true,false
20,31,Growth_Arrest,false,false,true
27,49,Growth_Arrest,false,true,true
31,52,Proliferation,true,false,false
41,59,Growth_Arrest,false,false,true
47,59,Growth_Arrest,false,true,true
43,67,Proliferation,true,false,false
24,45,Proliferation,true,false,false
30,12,Growth_Arrest,false,false,true
53,44,Growth_Arrest,false,true,true
40,51,Proliferation,true,false,false
41,8,Growth_Arrest,false,false,true
20,16,Growth_Arrest,false,false,false
31,53,Proliferation,true,true,true
17,37,Proliferation,true,false,true
46,36,Proliferation,true,false,false
32,19,Proliferation,true,true,true
28,13,Growth_Arrest,false,true,false
57,29,Proliferation,true,false,true
46,66,Proliferation,true,true,false
40,18,Proliferation,true,false,true
20,18,Proliferation,true,true,false
51,54,Growth_Arrest,false,false,true
22,52,Growth_Arrest,false,false,true
53,22,Proliferation,true,false,false
20,30,Proliferation,true,true,true
59,55,Growth_Arrest,false,false,true
39,39,Growth_Arrest,false,true,true
45,57,Proliferation,true,false,true
16,30,Proliferation,true,true,true
53,49,Proliferation,true,false,false
52,58,Proliferation,true,true,false
43,21,Proliferation,true,false,true
51,16,Growth_Arrest,false,true,true
16,21,Growth_Arrest,false,false,true
59,53,Proliferation,true,true,true
52,62,Growth_Arrest,false,true,true
31,29,Proliferation,true,false,true
57,48,Proliferation,true,true,false
11,36,Proliferation,true,false,false
48,62,Proliferation,true,true,true
40,65,Proliferation,true,true,true
11,46,Growth_Arrest,false,false,false
9,46,Proliferation,true,false,false
12,38,Proliferation,true,false,true
58,48,Proliferation,true,false,false
12,50,Proliferation,true,false,true
21,36,Growth_Arrest,false,true,false
32,7,Proliferation,true,true,true
59,57,Proliferation,true,false,false
60,39,Proliferation,true,false,true
65,43,Proliferation,true,false,false
41,19,Proliferation,true,false,false
22,36,Proliferation,true,false,false
53,33,Proliferation,true,false,true
17,23,Proliferation,true,false,false
49,21,Growth_Arrest,false,false,true
36,62,Proliferation,true,false,false
34,21,Proliferation,true,false,true
39,24,Proliferation,true,false,true
43,47,Proliferation,true,false,true
29,63,Proliferation,true,true,false
13,22,Growth_Arrest,false,false,false
41,40,Proliferation,true,true,false
32,43,Proliferation,true,false,false
16,34,Proliferation,true,false,true
56,56,Proliferation,true,true,false
27,52,Proliferation,true,false,false
49,26,Proliferation,true,false,true
29,54,Proliferation,true,true,false
36,46,Proliferation,true,false,false
21,30,Growth_Arrest,false,true,true
35,18,Proliferation,true,true,false
11,50,Proliferation,true,false,true
21,58,Proliferation,true,true,false
45,17,Growth_Arrest,false,true,true
26,35,Proliferation,true,false,true
40,20,Proliferation,true,false,true
59,37,Proliferation,true,false,false
46,22,Proliferation,true,true,true
50,53,Proliferation,true,true,false
44,39,Growth_Arrest,false,false,false
53,20,Growth_Arrest,false,false,true
53,38,Growth_Arrest,false,true,true
38,15,Growth_Arrest,false,true,true
32,66,Proliferation,true,true,true
28,32,Growth_Arrest,false,true,false
14,18,Proliferation,true,false,false
30,7,Proliferation,true,false,true
62,37,Proliferation,true,true,true
11,21,Proliferation,true,true,true
17,19,Growth_Arrest,false,false,false
46,24,Proliferation,true,true,true
8,46,Proliferation,true,false,false
53,37,Proliferation,true,true,false
60,28,Proliferation,true,false,true
24,62,Proliferation,true,true,false
8,45,Growth_Arrest,false,true,true
12,43,Proliferation,true,false,false
64,47,Growth_Arrest,false,false,true
48,51,Proliferation,true,true,false
47,11,Proliferation,true,true,true
27,43,Proliferation,true,true,true
22,60,Proliferation,true,true,false
42,7,Proliferation,true,true,true
29,34,Proliferation,true,true,true
48,28,Growth_Arrest,false,false,false
10,25,Proliferation,true,false,false
23,21,Proliferation,true,false,false
24,36,Proliferation,true,false,false
49,43,Proliferation,true,true,true
40,67,Growth_Arrest,false,true,true
52,40,Proliferation,true,false,true
10,46,Proliferation,true,true,false
11,28,Proliferation,true,true,false
26,48,Proliferation,true,true,true
26,33,Proliferation,true,false,false
48,31,Growth_Arrest,false,false,false
33,28,Proliferation,true,true,false
56,37,Proliferation,true,false,true
16,23,Growth_Arrest,false,true,false
61,20,Growth_Arrest,false,true,false
58,59,Growth_Arrest,false,false,false
62,46,Proliferation,true,true,false
36,32,Proliferation,true,true,true
25,32,Growth_Arrest,false,true,false
14,30,Proliferation,true,false,false
38,56,Proliferation,true,true,false
36,11,Proliferation,true,false,true
27,65,Proliferation,true,true,false
34,15,Growth_Arrest,false,true,false
45,12,Proliferation,true,false,true
64,43,Proliferation,true,true,false
15,45,Proliferation,true,false,false
24,15,Proliferation,true,true,false
38,61,Growth_Arrest,false,false,false
45,14,Proliferation,true,true,false
56,58,Proliferation,true,true,true
34,9,Proliferation,true,true,false
44,49,Growth_Arrest,false,false,false
52,16,Proliferation,true,false,false
50,12,Growth_Arrest,false,false,true
16,43,Proliferation,true,true,false
62,48,Proliferation,true,false,true
33,58,Proliferation,true,true,true
61,21,Growth_Arrest,false,true,false
49,39,Proliferation,true,true,true
14,23,Proliferation,true,false,true
37,44,Proliferation,true,false,true
23,64,Proliferation,true,true,false
28,15,Proliferation,true,false,true
28,8,Growth_Arrest,false,false,true
20,40,Proliferation,true,false,true
23,16,Proliferation,true,false,false
14,57,Proliferation,true,false,true
53,62,Growth_Arrest,false,false,true
31,40,Proliferation,true,false,false
38,59,Proliferation,true,true,true
36,48,Growth_Arrest,false,false,true
24,63,Proliferation,true,false,true
35,26,Proliferation,true,false,true
39,46,Proliferation,true,true,false
63,26,Proliferation,true,true,true
44,36,Proliferation,true,true,true
46,48,Proliferation,true,false,true
61,45,Proliferation,true,true,true
58,46,Proliferation,true,false,true
20,17,Proliferation,true,true,true
64,32,Proliferation,true,true,true
51,47,Proliferation,true,false,false
36,43,Proliferation,true,false,true
29,64,Proliferation,true,false,false
13,26,Proliferation,true,true,true
14,21,Proliferation,true,true,false
66,27,Proliferation,true,true,false
30,26,Proliferation,true,true,false
25,37,Proliferation,true,false,false
30,23,Proliferation,true,true,false
13,54,Proliferation,true,false,false
44,29,Growth_Arrest,false,false,false
17,39,Growth_Arrest,false,true,true
37,8,Growth_Arrest,false,true,true
42,64,Proliferation,true,false,true
54,36,Growth_Arrest,false,false,true
26,61,Growth_Arrest,false,false,false
38,58,Proliferation,true,false,false
25,45,Growth_Arrest,false,true,true
13,43,Growth_Arrest,false,false,true
25,9,Proliferation,true,true,false
51,39,Growth_Arrest,false,true,true
11,49,Proliferation,true,true,false
39,20,Proliferation,true,true,false
17,56,Proliferation,true,true,false
21,59,Proliferation,true,false,true
45,34,Proliferation,true,false,true
14,24,Proliferation,true,false,false
45,54,Proliferation,true,true,true
14,26,Growth_Arrest,false,true,true
34,46,Proliferation,true,true,false
21,60,Proliferation,true,false,true
30,48,Proliferation,true,true,false
54,46,Proliferation,true,true,false
22,14,Proliferation,true,false,false
48,65,Proliferation,true,false,false
48,21,Growth_Arrest,false,false,true
42,53,Proliferation,true,false,true
50,42,Growth_Arrest,false,true,true
51,55,Proliferation,true,true,true
33,39,Growth_Arrest,false,true,false
39,27,Growth_Arrest,false,true,false
63,38,Proliferation,true,true,true
34,39,Growth_Arrest,false,false,true
50,9,Proliferation,true,false,false
44,53,Proliferation,true,false,true
28,28,Proliferation,true,false,false
49,37,Proliferation,true,false,false
65,39,Growth_Arrest,false,false,false
43,62,Growth_Arrest,false,true,true
16,29,Proliferation,true,false,false
8,41,Growth_Arrest,false,false,true
24,54,Proliferation,true,true,true
26,21,Growth_Arrest,false,true,false
42,15,Growth_Arrest,false,true,true
50,61,Proliferation,true,false,false
24,23,Growth_Arrest,false,false,true
43,16,Proliferation,true,true,false
19,41,Proliferation,true,false,false
32,60,Growth_Arrest,false,false,false
56,14,Proliferation,true,true,true
27,23,Proliferation,true,true,true
38,12,Proliferation,true,true,false
49,12,Proliferation,true,true,true
19,29,Proliferation,true,true,false
24,47,Proliferation,true,false,false
37,58,Proliferation,true,true,false
44,23,Proliferation,true,false,true
32,17,Proliferation,true,true,true
44,11,Proliferation,true,false,false
8,40,Growth_Arrest,false,false,true
29,19,Growth_Arrest,false,true,false
52,23,Proliferation,true,true,true
26,18,Growth_Arrest,false,false,true
57,51,Proliferation,true,true,true
31,50,Proliferation,true,true,false
63,50,Proliferation,true,false,false
58,34,Proliferation,true,true,true
61,31,Proliferation,true,true,false
19,44,Proliferation,true,true,true
58,40,Proliferation,true,true,true
48,60,Proliferation,true,true,true
45,22,Proliferation,true,false,false
29,27,Growth_Arrest,false,true,true
24,30,Proliferation,true,false,false
17,33,Proliferation,true,true,false
20,41,Proliferation,true,false,true
27,45,Proliferation,true,true,true
24,19,Proliferation,true,true,true
55,44,Proliferation,true,true,false
39,45,Proliferation,true,true,true
59,50,Growth_Arrest,false,true,true
33,9,Proliferation,true,false,false
24,59,Proliferation,true,true,false
9,40,Proliferation,true,true,true
20,35,Growth_Arrest,false,true,true
31,67,Proliferation,true,false,true
59,32,Growth_Arrest,false,false,true
40,28,Proliferation,true,false,true
26,34,Proliferation,true,true,false
13,53,Proliferation,true,true,true
17,15,Proliferation,true,true,false
23,26,Proliferation,true,true,true
14,45,Growth_Arrest,false,true,false
55,55,Proliferation,true,true,false
65,46,Proliferation,true,true,false
65,24,Growth_Arrest,false,true,false
31,66,Growth_Arrest,false,false,true
16,49,Growth_Arrest,false,false,true
24,40,Proliferation,true,true,false
51,17,Proliferation,true,true,false
29,26,Growth_Arrest,false,false,false
36,33,Growth_Arrest,false,false,true
50,63,Proliferation,true,true,false
44,60,Proliferation,true,false,false
50,45,Proliferation,true,false,false
38,31,Proliferation,true,true,false
21,19,Proliferation,true,true,true
38,29,Growth_Arrest,false,false,true
29,45,Growth_Arrest,false,true,true
58,33,Growth_Arrest,false,false,false
21,55,Proliferation,true,true,false
51,22,Proliferation,true,false,true
36,55,Proliferation,true,false,true
37,47,Growth_Arrest,false,false,true
28,48,Proliferation,true,true,true
48,49,Proliferation,true,false,true
52,26,Proliferation,true,true,false
27,66,Proliferation,true,false,true
52,13,Proliferation,true,false,true
38,52,Proliferation,true,false,false
39,31,Growth_Arrest,false,true,true
43,49,Growth_Arrest,false,true,false
49,48,Proliferation,true,false,false
52,42,Proliferation,true,true,false
42,13,Proliferation,true,false,true
51,14,Proliferation,true,true,false
60,40,Proliferation,true,true,true
46,60,Growth_Arrest,false,false,false
25,27,Growth_Arrest,false,true,true
47,26,Growth_Arrest,false,true,false
25,46,Growth_Arrest,false,false,false
54,55,Proliferation,true,true,false
65,40,Proliferation,true,false,true
33,21,Growth_Arrest,false,true,true
31,63,Proliferation,true,true,false
58,18,Proliferation,true,true,true
56,15,Growth_Arrest,false,true,false
46,39,Proliferation,true,false,true
28,65,Proliferation,true,true,true
45,35,Proliferation,true,true,false
53,13,Growth_Arrest,false,true,false
15,48,Proliferation,true,false,true
57,42,Proliferation,true,false,true
30,34,Growth_Arrest,false,false,false
34,42,Proliferation,true,true,true
55,47,Growth_Arrest,false,false,false
12,24,Growth_Arrest,false,true,true
28,33,Growth_Arrest,false,true,false
26,24,Growth_Arrest,false,true,true
17,22,Proliferation,true,true,false
53,23,Growth_Arrest,false,true,true
33,11,Proliferation,true,false,true
63,25,Proliferation,true,true,false
25,31,Proliferation,true,false,true
27,57,Proliferation,true,false,false
32,16,Proliferation,true,false,false
19,56,Proliferation,true,true,false
32,10,Growth_Arrest,false,false,false
23,36,Growth_Arrest,false,true,false
26,65,Proliferation,true,false,true
12,51,Proliferation,true,true,false
28,41,Proliferation,true,false,false
59,19,Proliferation,true,false,false
54,33,Growth_Arrest,false,true,false
38,32,Proliferation,true,false,false
8,29,Growth_Arrest,false,false,false
51,46,Proliferation,true,false,false
52,41,Proliferation,true,true,false
39,56,Proliferation,true,true,false
44,51,Proliferation,true,false,true
45,8,Proliferation,true,true,true
57,54,Proliferation,true,true,false
43,64,Proliferation,true,false,false
33,37,Proliferation,true,false,true
9,25,Proliferation,true,true,false
51,18,Growth_Arrest,false,true,false
21,35,Proliferation,true,false,true
40,42,Proliferation,true,true,false
20,46,Proliferation,true,true,false
37,36,Proliferation,true,true,false
28,53,Proliferation,true,false,true
62,33,Proliferation,true,true,false
65,50,Proliferation,true,false,false
14,28,Growth_Arrest,false,true,true
54,20,Growth_Arrest,false,true,false
51,49,Proliferation,true,false,true
46,42,Proliferation,true,false,false
46,62,Proliferation,true,false,false
40,46,Proliferation,true,false,false
33,59,Growth_Arrest,false,false,false
33,38,Growth_Arrest,false,true,true
37,27,Proliferation,true,false,false
23,35,Proliferation,true,true,false
29,59,Growth_Arrest,false,false,true
42,58,Growth_Arrest,false,false,false
10,27,Proliferation,true,false,false
17,30,Proliferation,true,true,false
43,53,Proliferation,true,true,true
25,39,Proliferation,true,false,true
53,59,Proliferation,true,true,false
16,20,Growth_Arrest,false,false,false
56,23,Proliferation,true,false,true
62,36,Growth_Arrest,false,true,false
14,20,Proliferation,true,false,true
15,35,Proliferation,true,true,false
22,64,Growth_Arrest,false,true,true
17,16,Proliferation,true,false,false
11,39,Growth_Arrest,false,true,true
18,20,Growth_Arrest,false,true,true
10,24,Proliferation,true,true,false
13,44,Proliferation,true,true,true
54,34,Proliferation,true,false,false
10,28,Proliferation,true,true,false
37,46,Growth_Arrest,false,true,true
38,26,Growth_Arrest,false,true,false
17,59,Growth_Arrest,false,true,false
49,28,Growth_Arrest,false,false,false
40,12,Proliferation,true,false,true
41,12,Proliferation,true,false,true
11,35,Growth_Arrest,false,false,false
27,13,Proliferation,true,true,false
50,20,Proliferation,true,false,false
38,14,Growth_Arrest,false,true,false
22,27,Proliferation,true,false,true
25,60,Proliferation,true,false,true
52,60,Proliferation,true,true,false
27,61,Growth_Arrest,false,false,true
28,17,Proliferation,true,true,true
38,30,Growth_Arrest,false,true,true
27,40,Proliferation,true,false,true
15,31,Growth_Arrest,false,true,true
30,49,Proliferation,true,false,false
15,56,Proliferation,true,false,false
23,57,Proliferation,true,true,false
27,14,Proliferation,true,false,true
40,11,Growth_Arrest,false,false,false
22,58,Proliferation,true,true,true
25,57,Growth_Arrest,false,true,true
8,36,Proliferation,true,false,false
35,54,Proliferation,true,false,false
58,36,Growth_Arrest,false,true,false
10,51,Proliferation,true,true,false
34,51,Proliferation,true,false,true
24,44,Proliferation,true,false,true
19,33,Growth_Arrest,false,true,true
55,35,Proliferation,true,false,true
58,55,Growth_Arrest,false,false,true
28,57,Growth_Arrest,false,true,false
57,45,Growth_Arrest,false,true,false
23,23,Proliferation,true,true,false
46,25,Growth_Arrest,false,true,false
21,54,Proliferation,true,true,true
45,10,Growth_Arrest,false,true,false
29,48,Proliferation,true,false,true
10,50,Proliferation,true,false,false
23,10,Growth_Arrest,false,false,true
24,48,Proliferation,true,true,true
12,27,Growth_Arrest,false,false,true
26,53,Growth_Arrest,false,true,true
31,43,Growth_Arrest,false,true,false
34,34,Proliferation,true,true,true
45,49,Growth_Arrest,false,false,false
45,47,Proliferation,true,true,false
62,31,Proliferation,true,false,true
51,29,Growth_Arrest,false,true,true
8,37,Proliferation,true,true,false
16,53,Growth_Arrest,false,false,false
31,46,Growth_Arrest,false,true,false
44,50,Proliferation,true,false,true
34,58,Proliferation,true,false,false
48,37,Growth_Arrest,false,false,true
13,36,Proliferation,true,true,true
18,17,Proliferation,true,true,false
17,43,Proliferation,true,false,true
49,38,Proliferation,true,true,true
51,44,Proliferation,true,false,true
47,56,Growth_Arrest,false,true,false
38,20,Proliferation,true,true,true
65,28,Growth_Arrest,false,true,true
29,58,Growth_Arrest,false,true,false
25,11,Proliferation,true,false,true
35,15,Proliferation,true,true,false
7,42,Growth_Arrest,false,true,false
32,25,Proliferation,true,true,false
42,12,Proliferation,true,false,false
18,61,Growth_Arrest,false,true,true
43,32,Growth_Arrest,false,false,true
18,59,Proliferation,true,false,false
28,66,Proliferation,true,false,false
25,49,Proliferation,true,false,true
45,13,Growth_Arrest,false,true,true
63,47,Proliferation,true,true,true
58,26,Proliferation,true,true,true
47,20,Proliferation,true,false,true
10,44,Proliferation,true,true,false
35,34,Proliferation,true,false,false
31,55,Proliferation,true,false,false
54,60,Proliferation,true,true,false
15,30,Proliferation,true,true,true
28,31,Growth_Arrest,false,true,false
65,33,Proliferation,true,false,false
50,58,Proliferation,true,true,false
34,56,Proliferation,true,true,false
33,40,Proliferation,true,true,true
22,50,Proliferation,true,true,false
25,55,Proliferation,true,true,true
33,26,Proliferation,true,false,true
21,43,Proliferation,true,false,true
29,21,Growth_Arrest,false,true,false
46,33,Proliferation,true,false,true
62,28,Growth_Arrest,false,false,false
44,65,Proliferation,true,false,false
50,36,Proliferation,true,true,false
62,20,Growth_Arrest,false,false,false
12,53,Proliferation,true,false,false
16,51,Proliferation,true,true,false
53,27,Proliferation,true,true,true
36,19,Growth_Arrest,false,true,true
28,30,Growth_Arrest,false,false,true
35,19,Proliferation,true,false,false
22,25,Growth_Arrest,false,false,false
24,38,Proliferation,true,true,true
53,56,Proliferation,true,true,false
63,24,Proliferation,true,false,true
28,47,Proliferation,true,true,true
34,55,Growth_Arrest,false,true,true
22,37,Proliferation,true,false,true
33,24,Proliferation,true,true,true
29,31,Proliferation,true,false,true
40,9,Proliferation,true,true,false
56,26,Proliferation,true,false,false
12,33,Growth_Arrest,false,false,false
29,10,Growth_Arrest,false,true,true
33,29,Proliferation,true,false,false
29,37,Proliferation,true,true,false
36,56,Growth_Arrest,false,true,false
29,20,Growth_Arrest,false,true,true
44,27,Growth_Arrest,false,false,true
60,55,Proliferation,true,true,false
64,29,Growth_Arrest,false,false,true
34,10,Proliferation,true,false,false
18,26,Proliferation,true,true,true
40,35,Proliferation,true,true,true
33,45,Proliferation,true,true,true
38,42,Growth_Arrest,false,false,true
58,23,Proliferation,true,false,false
39,18,Proliferation,true,false,true
51,12,Proliferation,true,true,false
59,46,Growth_Arrest,false,true,true
51,48,Proliferation,true,true,false
39,58,Proliferation,true,false,true
16,36,Proliferation,true,false,false
26,38,Growth_Arrest,false,true,true
14,33,Proliferation,true,true,true
45,50,Growth_Arrest,false,false,true
24,12,Proliferation,true,false,true
23,12,Growth_Arrest,false,true,false
12,37,Growth_Arrest,false,false,true
57,20,Growth_Arrest,false,false,false
15,33,Growth_Arrest,false,true,true
26,9,Growth_Arrest,false,false,false
54,45,Proliferation,true,true,true
62,32,Proliferation,true,false,false
50,33,Proliferation,true,false,true
63,42,Proliferation,true,true,true
48,48,Proliferation,true,false,false
22,49,Proliferation,true,false,true
64,25,Growth_Arrest,false,true,true
38,35,Proliferation,true,false,false
30,57,Proliferation,true,false,false
47,35,Growth_Arrest,false,false,false
35,14,Growth_Arrest,false,true,false
27,34,Proliferation,true,false,true
39,44,Proliferation,true,false,true
25,58,Growth_Arrest,false,true,false
21,33,Proliferation,true,true,true
39,62,Proliferation,true,true,false
43,25,Proliferation,true,false,false
46,14,Proliferation,true,true,true
42,25,Growth_Arrest,false,false,true
59,36,Proliferation,true,false,true
9,39,Proliferation,true,false,false
41,25,Proliferation,true,true,false
7,41,Proliferation,true,false,false
51,15,Growth_Arrest,false,true,false
7,32,Proliferation,true,true,true
28,14,Proliferation,true,false,false
65,47,Growth_Arrest,false,true,false
46,43,Proliferation,true,true,false
13,27,Proliferation,true,true,true
64,35,Growth_Arrest,false,true,true
37,35,Proliferation,true,false,true
42,51,Proliferation,true,true,false
9,38,Proliferation,true,true,false
40,66,Proliferation,true,false,true
47,47,Proliferation,true,false,false
29,16,Proliferation,true,true,false
42,8,Growth_Arrest,false,false,true
49,40,Proliferation,true,true,false
55,14,Proliferation,true,false,true
30,11,Growth_Arrest,false,false,true
35,10,Growth_Arrest,false,false,true
26,10,Proliferation,true,false,false
20,45,Proliferation,true,false,true
37,23,Proliferation,true,false,false
25,34,Proliferation,true,false,true
31,36,Proliferation,true,false,true
21,62,Proliferation,true,true,true
31,17,Proliferation,true,true,true
20,47,Proliferation,true,false,true
13,48,Proliferation,true,true,false
16,32,Proliferation,true,true,false
20,62,Growth_Arrest,false,false,true
60,38,Proliferation,true,false,true
9,35,Proliferation,true,false,true
31,58,Proliferation,true,true,false
61,18,Proliferation,true,false,true
32,51,Growth_Arrest,false,false,true
53,52,Proliferation,true,true,false
21,34,Proliferation,true,true,true
8,28,Growth_Arrest,false,false,true
46,50,Proliferation,true,false,false
39,50,Growth_Arrest,false,false,true
32,59,Growth_Arrest,false,true,false
20,56,Proliferation,true,false,false
49,55,Growth_Arrest,false,false,true
41,37,Proliferation,true,true,true
24,55,Proliferation,true,false,false
66,44,Proliferation,true,true,false
59,42,Growth_Arrest,false,true,true
12,52,Proliferation,true,true,true
39,36,Proliferation,true,true,true
56,36,Proliferation,true,false,true
60,31,Proliferation,true,true,true
44,24,Proliferation,true,true,true
54,56,Growth_Arrest,false,false,false
24,18,Proliferation,true,false,false
8,42,Proliferation,true,false,true
14,51,Growth_Arrest,false,true,true
8,44,Proliferation,true,true,false
38,41,Proliferation,true,false,false
15,44,Proliferation,true,false,true
20,21,Proliferation,true,true,true
19,32,Proliferation,true,false,true
53,25,Proliferation,true,true,true
36,15,Proliferation,true,false,true
8,32,Proliferation,true,true,false
34,38,Proliferation,true,false,true
37,6,Proliferation,true,true,true
18,27,Growth_Arrest,false,true,false
38,46,Proliferation,true,false,false
17,21,Proliferation,true,true,false
62,42,Proliferation,true,false,true
47,63,Proliferation,true,true,false
25,25,Growth_Arrest,false,false,true
25,50,Proliferation,true,false,true
35,42,Proliferation,true,false,true
44,19,Growth_Arrest,false,false,true
43,8,Proliferation,true,true,true
29,15,Proliferation,true,false,true
25,30,Growth_Arrest,false,false,false
42,44,Growth_Arrest,false,false,true
16,25,Proliferation,true,false,false
23,42,Growth_Arrest,false,true,true
11,22,Growth_Arrest,false,true,true
26,29,Growth_Arrest,false,false,false
47,14,Proliferation,true,false,true
27,29,Growth_Arrest,false,true,true
22,40,Proliferation,true,false,false
36,13,Proliferation,true,false,true
36,23,Growth_Arrest,false,true,true
40,34,Proliferation,true,true,false
29,40,Proliferation,true,false,false
56,39,Proliferation,true,true,false
35,38,Proliferation,true,false,false
63,29,Growth_Arrest,false,false,true
34,50,Growth_Arrest,false,false,false
46,51,Proliferation,true,false,true
23,62,Proliferation,true,false,false
55,38,Proliferation,true,true,false
51,10,Proliferation,true,false,false
26,14,Proliferation,true,false,false
60,18,Proliferation,true,false,true
34,53,Proliferation,true,true,false
21,41,Growth_Arrest,false,true,false
57,36,Proliferation,true,true,false
57,60,Growth_Arrest,false,false,false
10,40,Growth_Arrest,false,false,true
33,66,Growth_Arrest,false,true,true
60,34,Proliferation,true,false,true
10,52,Growth_Arrest,false,true,true
39,9,Proliferation,true,true,false
60,17,Proliferation,true,true,false
9,34,Proliferation,true,false,false
37,41,Proliferation,true,false,false
53,60,Proliferation,true,false,false
43,31,Proliferation,true,true,true
15,28,Proliferation,true,true,true
64,31,Proliferation,true,true,true
63,21,Proliferation,true,false,true
18,21,Proliferation,true,false,true
15,18,Proliferation,true,false,true
27,38,Growth_Arrest,false,true,false
28,51,Growth_Arrest,false,false,true
61,43,Proliferation,true,true,true
28,22,Growth_Arrest,false,false,true
31,27,Growth_Arrest,false,false,false
55,45,Proliferation,true,false,false
21,27,Proliferation,true,false,true
34,17,Proliferation,true,false,true
39,22,Growth_Arrest,false,true,false
44,32,Proliferation,true,true,false
27,8,Proliferation,true,true,false
18,33,Proliferation,true,false,true
33,32,Proliferation,true,false,false
14,31,Proliferation,true,true,true
53,18,Proliferation,true,true,true
54,49,Proliferation,true,false,true
61,54,Growth_Arrest,false,true,true
40,50,Proliferation,true,true,false
30,9,Proliferation,true,true,false
55,17,Proliferation,true,false,false
39,67,Proliferation,true,true,true
58,42,Proliferation,true,false,false
59,16,Growth_Arrest,false,false,true
62,52,Proliferation,true,false,true
7,39,Growth_Arrest,false,false,true
8,38,Proliferation,true,true,false
54,25,Proliferation,true,false,false
14,36,Proliferation,true,true,false
13,51,Proliferation,true,false,false
31,39,Proliferation,true,false,false
52,63,Growth_Arrest,false,false,true
64,44,Proliferation,true,false,true
35,44,Proliferation,true,true,true
47,17,Growth_Arrest,false,true,true
24,25,Growth_Arrest,false,false,false
41,36,Growth_Arrest,false,true,true
18,15,Proliferation,true,false,true
25,51,Proliferation,true,false,false
36,7,Proliferation,true,false,false
47,38,Proliferation,true,true,false
39,42,Proliferation,true,false,false
30,42,Proliferation,true,true,false
21,29,Proliferation,true,true,true
36,65,Proliferation,true,true,false
52,14,Proliferation,true,true,true
48,50,Proliferation,true,false,true
36,27,Proliferation,true,false,false
53,54,Proliferation,true,true,false
38,23,Proliferation,true,false,true
36,20,Proliferation,true,true,false
30,22,Growth_Arrest,false,false,false
18,28,Growth_Arrest,false,false,false
24,46,Proliferation,true,true,false
35,62,Proliferation,true,true,false
46,54,Proliferation,true,true,true
30,52,Growth_Arrest,false,true,true
31,28,Proliferation,true,true,false
59,35,Proliferation,true,true,true
19,59,Proliferation,true,false,false
62,29,Growth_Arrest,false,true,false
44,15,Proliferation,true,false,false
61,39,Proliferation,true,false,true
30,30,Proliferation,true,true,false
26,64,Proliferation,true,true,true
60,50,Proliferation,true,true,true
45,48,Proliferation,true,false,false
12,22,Proliferation,true,false,false
30,31,Growth_Arrest,false,true,false
14,35,Growth_Arrest,false,false,true
30,32,Proliferation,true,true,false
46,21,Growth_Arrest,false,false,true
31,49,Proliferation,true,true,true
50,28,Proliferation,true,false,false
50,19,Proliferation,true,true,true
17,60,Proliferation,true,true,false
31,14,Growth_Arrest,false,true,false
35,63,Proliferation,true,true,true
51,57,Proliferation,true,false,false
12,44,Growth_Arrest,false,false,false
30,35,Proliferation,true,true,false
41,64,Growth_Arrest,false,false,false
52,46,Growth_Arrest,false,false,false
51,13,Proliferation,true,true,true
23,54,Proliferation,true,true,true
57,25,Proliferation,true,true,false
12,35,Growth_Arrest,false,true,true
34,64,Proliferation,true,false,false
64,52,Growth_Arrest,false,true,false
35,40,Proliferation,true,true,true
17,35,Proliferation,true,false,true
32,18,Proliferation,true,true,false
36,39,Proliferation,true,false,false
20,13,Proliferation,true,true,false
54,53,Proliferation,true,true,true
45,64,Proliferation,true,false,false
25,29,Proliferation,true,false,true
22,47,Growth_Arrest,false,true,true
58,43,Proliferation,true,true,false
47,19,Proliferation,true,false,false
44,54,Proliferation,true,false,true
52,37,Growth_Arrest,false,false,true
21,12,Proliferation,true,true,true
39,19,Proliferation,true,true,false
47,10,Proliferation,true,false,false
61,40,Proliferation,true,false,false
50,11,Growth_Arrest,false,true,false
38,24,Proliferation,true,true,true
59,56,Proliferation,true,false,false
33,67,Growth_Arrest,false,false,true
39,15,Proliferation,true,false,false
50,65,Proliferation,true,false,true
59,20,Proliferation,true,false,true
46,30,Proliferation,true,true,true
17,54,Growth_Arrest,false,false,true
17,41,Proliferation,true,false,false
42,49,Proliferation,true,true,false
41,53,Proliferation,true,true,true
55,20,Proliferation,true,true,false
59,52,Proliferation,true,true,false
40,57,Proliferation,true,true,true
12,41,Proliferation,true,true,false
29,52,Proliferation,true,false,true
39,49,Proliferation,true,true,false
46,47,Proliferation,true,true,false
29,38,Proliferation,true,false,true
29,33,Proliferation,true,false,false
27,37,Growth_Arrest,false,false,false
14,37,Proliferation,true,false,false
36,67,Proliferation,true,false,true
49,10,Proliferation,true,false,false
12,26,Proliferation,true,false,true
19,26,Proliferation,true,true,true
55,59,Growth_Arrest,false,false,true
61,41,Proliferation,true,false,true
25,59,Proliferation,true,false,false
61,24,Proliferation,true,true,true
40,63,Growth_Arrest,false,false,false
34,44,Growth_Arrest,false,false,false
46,59,Proliferation,true,false,true
28,38,Growth_Arrest,false,false,true
14,39,Proliferation,true,false,true
26,43,Proliferation,true,true,false
47,13,Proliferation,true,true,false
67,40,Proliferation,true,false,false
36,17,Proliferation,true,false,false
67,39,Proliferation,true,true,true
51,61,Proliferation,true,true,false
20,28,Proliferation,true,true,true
28,42,Growth_Arrest,false,false,false
19,15,Proliferation,true,false,true
43,23,Growth_Arrest,false,true,false
20,54,Growth_Arrest,false,true,false
58,47,Growth_Arrest,false,true,false
61,26,Growth_Arrest,false,true,false
57,49,Proliferation,true,false,false
37,30,Growth_Arrest,false,false,false
40,21,Proliferation,true,true,false
27,21,Growth_Arrest,false,false,true
35,11,Proliferation,true,true,true
35,45,Growth_Arrest,false,false,false
34,31,Proliferation,true,false,false
53,24,Proliferation,true,true,false
38,28,Proliferation,true,true,true
67,31,Growth_Arrest,false,false,false
32,27,Proliferation,true,true,false
59,31,Growth_Arrest,false,false,true
44,34,Growth_Arrest,false,true,true
55,13,Proliferation,true,true,true
33,35,Proliferation,true,false,true
32,12,Proliferation,true,false,true
37,49,Growth_Arrest,false,false,false
30,8,Proliferation,true,true,false
38,17,Proliferation,true,true,true
34,24,Proliferation,true,false,true
18,29,Proliferation,true,true,false
23,50,Growth_Arrest,false,true,true
30,65,Proliferation,true,false,false
22,63,Proliferation,true,true,false
67,33,Proliferation,true,true,false
26,45,Growth_Arrest,false,false,true
53,43,Growth_Arrest,false,false,false
55,51,Proliferation,true,false,false
55,60,Proliferation,true,false,true
44,64,Proliferation,true,true,false
18,44,Growth_Arrest,false,false,true
48,64,Proliferation,true,false,true
47,25,Proliferation,true,false,false
39,61,Growth_Arrest,false,true,false
14,47,Proliferation,true,false,false
38,22,Growth_Arrest,false,false,false
30,56,Proliferation,true,true,true
31,45,Proliferation,true,false,false
56,49,Proliferation,true,false,false
10,34,Proliferation,true,true,false
34,8,Growth_Arrest,false,true,true
52,64,Proliferation,true,true,false
53,47,Proliferation,true,false,true
39,14,Proliferation,true,true,true
39,64,Proliferation,true,false,true
42,66,Proliferation,true,false,true
15,26,Proliferation,true,true,true
47,58,Proliferation,true,false,false
63,33,Proliferation,true,true,true
37,59,Growth_Arrest,false,true,true
53,15,Growth_Arrest,false,true,false
51,33,Proliferation,true,true,true
7,35,Growth_Arrest,false,false,true
34,26,Proliferation,true,false,true
19,30,Growth_Arrest,false,false,false
37,22,Proliferation,true,true,false
58,41,Growth_Arrest,false,true,true
33,19,Proliferation,true,true,true
64,36,Growth_Arrest,false,false,true
13,52,Proliferation,true,false,false
48,35,Proliferation,true,true,false
40,41,Proliferation,true,false,false
47,64,Proliferation,true,false,true
64,45,Proliferation,true,false,true
27,11,Proliferation,true,false,true
25,36,Proliferation,true,true,true
24,35,Proliferation,true,false,true
23,60,Proliferation,true,false,false
60,56,Proliferation,true,true,false
47,8,Proliferation,true,false,false
18,50,Proliferation,true,false,false
32,54,Proliferation,true,true,false
11,40,Proliferation,true,false,true
54,38,Growth_Arrest,false,false,true
10,33,Proliferation,true,true,false
30,64,Proliferation,true,true,false
46,55,Growth_Arrest,false,false,false
49,53,Growth_Arrest,false,true,false
38,8,Growth_Arrest,false,true,true
56,25,Proliferation,true,false,true
23,29,Growth_Arrest,false,true,false
15,58,Proliferation,true,true,false
16,39,Proliferation,true,false,false
47,16,Proliferation,true,true,false
43,61,Proliferation,true,true,false
27,39,Proliferation,true,false,true
54,23,Proliferation,true,false,false
29,47,Proliferation,true,true,true
47,44,Growth_Arrest,false,false,false
51,36,Proliferation,true,true,true
20,53,Proliferation,true,true,false
32,36,Growth_Arrest,false,false,false
18,42,Proliferation,true,true,true
35,32,Proliferation,true,true,false
32,55,Proliferation,true,false,true
24,61,Proliferation,true,false,false
58,37,Growth_Arrest,false,false,false
41,43,Growth_Arrest,false,true,true
21,17,Growth_Arrest,false,true,false
9,47,Proliferation,true,true,true
38,44,Proliferation,true,false,false
39,40,Proliferation,true,true,true
40,52,Proliferation,true,false,false
45,46,Growth_Arrest,false,false,true
55,31,Proliferation,true,false,true
22,23,Growth_Arrest,false,false,false
41,21,Growth_Arrest,false,false,false
47,27,Proliferation,true,false,false
16,22,Growth_Arrest,false,false,false
45,51,Growth_Arrest,false,false,true
32,35,Proliferation,true,false,false
44,13,Growth_Arrest,false,false,true
57,15,Growth_Arrest,false,false,false
47,33,Proliferation,true,true,false
33,8,Proliferation,true,true,true
27,20,Proliferation,true,false,false
20,55,Growth_Arrest,false,false,true
32,49,Growth_Arrest,false,false,false
52,59,Proliferation,true,true,true
34,37,Growth_Arrest,false,true,false
26,19,Proliferation,true,true,true
35,57,Growth_Arrest,false,true,false
34,48,Proliferation,true,false,false
13,42,Proliferation,true,true,false
49,22,Proliferation,true,true,false
8,47,Growth_Arrest,false,true,true
34,66,Proliferation,true,true,true
46,34,Growth_Arrest,false,false,false
52,54,Proliferation,true,true,false
40,43,Proliferation,true,true,true
28,29,Growth_Arrest,false,false,true
37,10,Proliferation,true,true,true
49,16,Growth_Arrest,false,true,false
44,26,Growth_Arrest,false,true,true
36,53,Growth_Arrest,false,true,true
52,24,Growth_Arrest,false,false,true
16,47,Growth_Arrest,false,false,true
57,41,Growth_Arrest,false,true,true
52,25,Proliferation,true,false,false
56,32,Proliferation,true,true,true
42,61,Proliferation,true,false,false
58,22,Proliferation,true,false,true
11,29,Growth_Arrest,false,true,false
56,28,Growth_Arrest,false,true,false
46,23,Proliferation,true,false,false
45,19,Growth_Arrest,false,false,true
26,58,Growth_Arrest,false,true,true
26,51,Proliferation,true,true,false
34,33,Proliferation,true,false,false
41,39,Growth_Arrest,false,true,false
16,16,Proliferation,true,true,false
26,41,Proliferation,true,false,false
9,37,Growth_Arrest,false,false,true
30,17,Proliferation,true,false,true
38,63,Proliferation,true,false,true
38,34,Growth_Arrest,false,true,false
50,30,Proliferation,true,false,false
67,30,Proliferation,true,true,false
46,52,Proliferation,true,false,true
23,11,Proliferation,true,true,true
13,25,Proliferation,true,true,false
55,12,Proliferation,true,false,true
48,27,Growth_Arrest,false,false,true
54,26,Proliferation,true,true,false
56,54,Growth_Arrest,false,false,false
45,41,Growth_Arrest,false,false,false
41,57,Proliferation,true,true,true
13,19,Proliferation,true,false,true
25,64,Proliferation,true,false,false
35,64,Proliferation,true,false,false
32,63,Growth_Arrest,false,false,false
47,50,Proliferation,true,true,false
42,43,Growth_Arrest,false,true,false
7,43,Proliferation,true,true,false
59,49,Proliferation,true,true,false
31,33,Proliferation,true,false,false
17,32,Proliferation,true,true,false
56,20,Proliferation,true,false,true
61,32,Growth_Arrest,false,true,false
53,48,Proliferation,true,true,true
29,43,Proliferation,true,true,true
22,53,Growth_Arrest,false,false,false
57,24,Proliferation,true,false,true
42,56,Proliferation,true,false,false
15,46,Proliferation,true,false,true
44,61,Growth_Arrest,false,false,false
44,38,Proliferation,true,true,false
63,34,Proliferation,true,false,false
58,17,Proliferation,true,false,true
48,39,Growth_Arrest,false,true,true
62,35,Proliferation,true,true,true
35,25,Growth_Arrest,false,false,true
48,29,Proliferation,true,true,false
17,49,Proliferation,true,false,false
54,44,Proliferation,true,false,false
37,61,Proliferation,true,false,true
39,26,Growth_Arrest,false,false,false
20,61,Growth_Arrest,false,false,true
41,49,Proliferation,true,true,false
40,62,Growth_Arrest,false,false,true
27,30,Proliferation,true,true,true
14,38,Proliferation,true,false,false
31,30,Proliferation,true,true,true
64,27,Proliferation,true,true,false
63,31,Proliferation,true,true,false
25,12,Proliferation,true,false,true
27,58,Proliferation,true,false,true
37,51,Growth_Arrest,false,true,false
31,24,Growth_Arrest,false,false,true
26,59,Proliferation,true,true,false
23,56,Proliferation,true,true,true
16,58,Proliferation,true,false,true
48,24,Growth_Arrest,false,true,true
11,52,Growth_Arrest,false,true,true
13,20,Growth_Arrest,false,false,true
49,58,Proliferation,true,false,false
11,25,Proliferation,true,true,true
10,32,Proliferation,true,false,false
49,17,Proliferation,true,false,false
57,34,Proliferation,true,true,true
36,50,Proliferation,true,false,false
34,63,Proliferation,true,false,true
41,16,Growth_Arrest,false,false,true
17,25,Proliferation,true,false,false
61,19,Growth_Arrest,false,true,false
45,44,Proliferation,true,true,false
37,38,Proliferation,true,true,true
51,56,Growth_Arrest,false,false,false
37,9,Proliferation,true,true,true
28,10,Proliferation,true,false,false
62,24,Growth_Arrest,false,true,false
15,32,Growth_Arrest,false,true,true
17,28,Proliferation,true,false,true
60,54,Proliferation,true,true,false
13,24,Proliferation,true,true,false
19,49,Growth_Arrest,false,true,true
62,47,Proliferation,true,false,true
17,50,Growth_Arrest,false,false,true
60,24,Growth_Arrest,false,true,false
11,42,Proliferation,true,false,true
36,38,Growth_Arrest,false,true,false
27,62,Growth_Arrest,false,true,false
32,39,Growth_Arrest,false,true,true
41,26,Growth_Arrest,false,false,false
37,14,Proliferation,true,false,true
20,33,Proliferation,true,false,false
42,24,Proliferation,true,false,false
18,24,Proliferation,true,true,true
18,55,Growth_Arrest,false,false,false
43,40,Proliferation,true,true,true
42,29,Proliferation,true,true,false
22,22,Proliferation,true,true,false
50,34,Proliferation,true,false,true
34,65,Proliferation,true,true,true
45,30,Proliferation,true,true,false
35,39,Proliferation,true,false,false
48,63,Proliferation,true,false,true
20,36,Proliferation,true,false,true
30,53,Proliferation,true,true,false
18,18,Proliferation,true,true,true
15,51,Growth_Arrest,false,true,true
29,42,Growth_Arrest,false,true,false
15,55,Proliferation,true,true,false
32,31,Proliferation,true,false,true
41,47,Proliferation,true,true,true
22,18,Proliferation,true,false,false
19,37,Growth_Arrest,false,false,true
24,14,Growth_Arrest,false,true,false
20,60,Proliferation,true,false,true
64,51,Proliferation,true,false,false
21,44,Proliferation,true,true,false
30,45,Growth_Arrest,false,true,false
50,29,Proliferation,true,false,true
23,30,Proliferation,true,true,false
59,22,Growth_Arrest,false,true,true
32,67,Growth_Arrest,false,true,false
30,39,Growth_Arrest,false,true,false
40,26,Growth_Arrest,false,true,true
39,66,Growth_Arrest,false,true,false
60,29,Growth_Arrest,false,false,false
41,54,Proliferation,true,false,false
39,25,Proliferation,true,true,true
8,43,Proliferation,true,true,true
28,16,Proliferation,true,false,false
47,66,Proliferation,true,false,false
28,23,Proliferation,true,false,false
35,43,Proliferation,true,false,false
34,59,Proliferation,true,true,false
55,37,Proliferation,true,true,true
30,44,Proliferation,true,true,true
64,30,Proliferation,true,true,false
65,25,Growth_Arrest,false,false,false
32,20,Proliferation,true,false,true
12,40,Proliferation,true,true,false
23,15,Proliferation,true,true,false
23,20,Growth_Arrest,false,false,true
43,42,Proliferation,true,true,false
35,21,Growth_Arrest,false,false,false
62,41,Growth_Arrest,false,true,true
13,35,Proliferation,true,false,true
28,37,Growth_Arrest,false,false,true
58,16,Proliferation,true,false,true
66,34,Proliferation,true,true,true
38,39,Proliferation,true,true,false
37,67,Proliferation,true,true,false
54,16,Proliferation,true,false,true
39,11,Growth_Arrest,false,true,true
48,55,Proliferation,true,false,true
34,16,Proliferation,true,false,false
32,8,Proliferation,true,true,true
43,18,Proliferation,true,false,true
57,16,Proliferation,true,false,false
9,29,Proliferation,true,true,false
25,13,Proliferation,true,true,true
10,23,Growth_Arrest,false,true,false
18,38,Proliferation,true,false,true
37,48,Proliferation,true,false,true
48,13,Proliferation,true,true,false
47,49,Growth_Arrest,false,false,true
41,67,Proliferation,true,false,true
25,65,Proliferation,true,true,true
23,32,Growth_Arrest,false,true,true
44,62,Proliferation,true,true,true
40,31,Proliferation,true,false,false
45,27,Proliferation,true,true,true
63,44,Proliferation,true,false,true
37,11,Proliferation,true,false,true
12,30,Growth_Arrest,false,false,true
30,14,Proliferation,true,false,false
27,63,Proliferation,true,true,true
36,24,Proliferation,true,false,true
14,43,Growth_Arrest,false,true,true
31,23,Growth_Arrest,false,false,true
61,36,Proliferation,true,false,false
15,16,Proliferation,true,true,false
41,35,Proliferation,true,true,false
42,39,Proliferation,true,true,true
52,61,Growth_Arrest,false,true,true
42,57,Proliferation,true,true,false
28,61,Proliferation,true,false,true
22,28,Proliferation,true,true,true
48,9,Proliferation,true,false,false
54,22,Proliferation,true,true,true
41,48,Proliferation,true,true,true
54,54,Growth_Arrest,false,false,false
12,31,Proliferation,true,false,true
51,23,Proliferation,true,true,false
25,40,Growth_Arrest,false,true,true
26,63,Growth_Arrest,false,false,false
41,33,Growth_Arrest,false,true,true
14,56,Proliferation,true,false,true
40,27,Proliferation,true,false,false
41,24,Growth_Arrest,false,false,true
39,10,Proliferation,true,false,false
64,50,Proliferation,true,false,false
22,10,Growth_Arrest,false,true,false
11,47,Growth_Arrest,false,true,true
16,38,Growth_Arrest,false,true,true
32,57,Proliferation,true,false,false
16,40,Proliferation,true,false,false
11,31,Proliferation,true,true,true
35,28,Growth_Arrest,false,true,false
22,55,Growth_Arrest,false,false,true
64,38,Growth_Arrest,false,true,true
56,27,Proliferation,true,true,false
9,50,Proliferation,true,false,true
12,48,Proliferation,true,false,false
39,13,Proliferation,true,false,false
11,33,Proliferation,true,true,true
46,46,Proliferation,true,true,true
37,33,Proliferation,true,false,false
38,66,Proliferation,true,false,true
39,60,Proliferation,true,false,true
49,20,Proliferation,true,false,false
52,18,Proliferation,true,false,true
50,60,Growth_Arrest,false,true,false
36,37,Proliferation,true,false,true
37,37,Proliferation,true,false,true
13,18,Proliferation,true,true,false
41,41,Proliferation,true,false,true
11,37,Proliferation,true,false,true
52,22,Proliferation,true,false,true
48,30,Proliferation,true,true,true
55,49,Proliferation,true,false,true
45,58,Proliferation,true,false,false
11,41,Proliferation,true,true,true
28,24,Proliferation,true,false,true
39,63,Proliferation,true,false,true
33,63,Growth_Arrest,false,true,false
16,41,Proliferation,true,false,false
46,56,Proliferation,true,false,true
21,37,Growth_Arrest,false,true,true
51,63,Growth_Arrest,false,false,true
54,62,Proliferation,true,false,false
28,26,Growth_Arrest,false,false,false
36,66,Proliferation,true,false,true
22,33,Proliferation,true,true,false
32,28,Proliferation,true,false,true
22,45,Growth_Arrest,false,true,false
51,62,Proliferation,true,true,false
21,20,Proliferation,true,false,false
60,32,Growth_Arrest,false,false,true
20,14,Proliferation,true,false,false
62,55,Growth_Arrest,false,false,true
57,14,Proliferation,true,false,false
55,36,Proliferation,true,true,false
23,18,Proliferation,true,true,false
34,54,Proliferation,true,true,true
13,45,Growth_Arrest,false,false,false
23,63,Proliferation,true,true,true
65,26,Proliferation,true,false,true
34,7,Proliferation,true,true,false
33,50,Growth_Arrest,false,true,false
21,13,Proliferation,true,false,false
45,33,Proliferation,true,false,false
50,40,Growth_Arrest,false,true,true
31,54,Proliferation,true,true,true
40,25,Growth_Arrest,false,false,true
23,49,Growth_Arrest,false,true,false
45,16,Proliferation,true,false,false
35,16,Proliferation,true,false,false
55,48,Proliferation,true,false,true
59,38,Proliferation,true,true,false
19,21,Growth_Arrest,false,false,true
27,9,Proliferation,true,true,false
53,26,Proliferation,true,false,false
20,48,Growth_Arrest,false,false,false
41,10,Proliferation,true,true,false
19,54,Proliferation,true,false,false
32,33,Proliferation,true,true,true
29,51,Proliferation,true,false,false
33,16,Growth_Arrest,false,false,true
37,45,Proliferation,true,false,false
42,54,Growth_Arrest,false,false,false
35,49,Proliferation,true,false,true
41,63,Growth_Arrest,false,true,true
57,21,Proliferation,true,true,false
29,53,Proliferation,true,true,true
23,45,Proliferation,true,true,true
52,11,Proliferation,true,true,false
52,32,Proliferation,true,false,false
45,15,Proliferation,true,true,true
58,45,Growth_Arrest,false,true,false
35,37,Proliferation,true,false,true
37,32,Proliferation,true,true,true
34,52,Proliferation,true,false,false
52,48,Growth_Arrest,false,false,true
51,37,Growth_Arrest,false,false,true
42,33,Proliferation,true,false,true
28,46,Proliferation,true,true,true
18,22,Proliferation,true,true,true
21,15,Growth_Arrest,false,true,false
31,59,Proliferation,true,false,false
32,65,Growth_Arrest,false,true,false
28,9,Proliferation,true,true,true
13,37,Proliferation,true,true,false
50,26,Proliferation,true,true,true
21,16,Growth_Arrest,false,false,false
21,56,Proliferation,true,true,true
21,49,Proliferation,true,false,true
47,57,Growth_Arrest,false,true,false
58,25,Proliferation,true,true,false
50,41,Proliferation,true,false,true
50,57,Proliferation,true,true,false
13,41,Proliferation,true,true,false
21,51,Growth_Arrest,false,false,true
22,20,Growth_Arrest,false,true,false
40,32,Growth_Arrest,false,false,false
42,31,Proliferation,true,true,false
19,20,Proliferation,true,true,true
26,26,Proliferation,true,true,false
54,28,Growth_Arrest,false,true,true
20,43,Proliferation,true,false,false
55,16,Proliferation,true,true,false
63,35,Growth_Arrest,false,true,true
54,42,Proliferation,true,true,false
27,59,Growth_Arrest,false,true,true
44,30,Proliferation,true,false,true
46,10,Proliferation,true,true,false
17,26,Growth_Arrest,false,true,false
41,9,Proliferation,true,false,true
22,31,Growth_Arrest,false,true,true
24,10,Proliferation,true,false,true
53,32,Growth_Arrest,false,true,false
18,19,Proliferation,true,false,false
27,24,Proliferation,true,true,false
66,41,Growth_Arrest,false,true,false
64,26,Proliferation,true,true,true
56,40,Proliferation,true,false,false
65,49,Proliferation,true,false,false
21,61,Proliferation,true,false,false
38,11,Proliferation,true,false,false
47,15,Proliferation,true,true,false
61,35,Growth_Arrest,false,true,false
19,42,Growth_Arrest,false,false,false
52,33,Proliferation,true,false,false
55,34,Growth_Arrest,false,true,false
36,31,Growth_Arrest,false,false,false
40,17,Proliferation,true,true,true
25,24,Growth_Arrest,false,true,false
13,30,Proliferation,true,false,false
32,30,Growth_Arrest,false,false,false
19,60,Growth_Arrest,false,false,true
58,21,Proliferation,true,true,false
30,62,Proliferation,true,false,false
48,52,Proliferation,true,true,false
46,20,Proliferation,true,false,true
43,19,Proliferation,true,true,false
65,35,Proliferation,true,true,true
47,18,Proliferation,true,false,false
17,27,Proliferation,true,false,true
27,36,Proliferation,true,false,true
54,39,Proliferation,true,false,false
11,45,Growth_Arrest,false,true,true
23,52,Proliferation,true,false,true
27,19,Proliferation,true,false,false
15,39,Growth_Arrest,false,false,true
20,38,Proliferation,true,true,false
31,34,Proliferation,true,false,true
28,50,Proliferation,true,false,false
44,47,Growth_Arrest,false,false,true
56,24,Proliferation,true,false,true
29,23,Growth_Arrest,false,false,false
20,39,Growth_Arrest,false,true,false
53,41,Proliferation,true,true,false
48,61,Growth_Arrest,false,true,false
32,22,Growth_Arrest,false,true,true
37,29,Proliferation,true,false,true
50,31,Growth_Arrest,false,false,false
55,61,Proliferation,true,true,false
17,47,Growth_Arrest,false,true,false
55,53,Proliferation,true,false,false
22,29,Growth_Arrest,false,true,false
30,19,Proliferation,true,false,false
31,18,Growth_Arrest,false,true,true
51,34,Growth_Arrest,false,false,false
37,42,Proliferation,true,false,true
24,17,Proliferation,true,true,false
57,46,Growth_Arrest,false,true,true
39,57,Proliferation,true,false,true
31,26,Growth_Arrest,false,false,true
33,47,Proliferation,true,false,false
16,55,Proliferation,true,true,false
27,26,Growth_Arrest,false,true,false
16,31,Proliferation,true,true,true
48,59,Growth_Arrest,false,true,true
29,25,Proliferation,true,false,false
62,51,Proliferation,true,false,true
21,14,Proliferation,true,true,false
29,44,Proliferation,true,true,false
35,12,Proliferation,true,true,false
14,55,Proliferation,true,false,true
41,18,Proliferation,true,true,true
55,40,Proliferation,true,false,true
52,12,Proliferation,true,false,false
53,63,Proliferation,true,false,false
35,33,Growth_Arrest,false,false,false
40,48,Growth_Arrest,false,true,true
40,56,Proliferation,true,true,true
62,38,Proliferation,true,true,false
45,29,Growth_Arrest,false,false,false
40,44,Proliferation,true,true,false
40,64,Growth_Arrest,false,true,true
43,39,Proliferation,true,true,false
37,54,Growth_Arrest,false,true,false
32,40,Growth_Arrest,false,false,false
45,40,Growth_Arrest,false,true,false
38,62,Growth_Arrest,false,false,false
21,47,Growth_Arrest,false,false,false
44,58,Proliferation,true,false,true
32,29,Growth_Arrest,false,true,true
34,57,Proliferation,true,false,true
34,30,Proliferation,true,false,false
28,62,Proliferation,true,false,true
26,44,Proliferation,true,false,true
13,32,Proliferation,true,true,false
9,49,Proliferation,true,true,true
25,41,Growth_Arrest,false,false,false
34,62,Proliferation,true,true,false
12,25,Growth_Arrest,false,true,true
64,23,Proliferation,true,true,true
19,36,Proliferation,true,true,true
42,23,Proliferation,true,true,false
46,27,Proliferation,true,true,true
20,22,Proliferation,true,true,true
58,32,Proliferation,true,false,false
33,61,Proliferation,true,false,true
61,46,Proliferation,true,false,false
24,49,Proliferation,true,false,false
19,23,Proliferation,true,false,false
36,34,Proliferation,true,false,false
21,63,Proliferation,true,true,true
30,20,Growth_Arrest,false,true,false
56,31,Proliferation,true,false,true
19,53,Growth_Arrest,false,true,true
22,35,Growth_Arrest,false,false,true
47,40,Growth_Arrest,false,true,false
13,56,Proliferation,true,true,true
52,15,Growth_Arrest,false,false,false
55,32,Proliferation,true,true,false
53,45,Proliferation,true,true,true
43,65,Growth_Arrest,false,true,true
38,49,Proliferation,true,true,true
59,27,Proliferation,true,false,false
61,44,Growth_Arrest,false,true,false
61,56,Proliferation,true,false,false
48,14,Proliferation,true,false,true
50,32,Proliferation,true,true,true
64,39,Proliferation,true,true,false
39,16,Proliferation,true,true,true
41,45,Growth_Arrest,false,false,true
27,22,Proliferation,true,false,false
29,57,Proliferation,true,true,false
29,11,Proliferation,true,true,false
13,50,Proliferation,true,false,false
58,49,Proliferation,true,false,true
56,33,Proliferation,true,true,true
39,32,Proliferation,true,false,false
63,52,Proliferation,true,false,false
33,17,Proliferation,true,true,true
44,31,Proliferation,true,false,true
41,20,Proliferation,true,false,true
16,26,Growth_Arrest,false,false,false
12,28,Proliferation,true,true,false
19,12,Proliferation,true,false,false
42,34,Proliferation,true,false,false
22,13,Proliferation,true,true,false
66,37,Growth_Arrest,false,true,true
11,24,Proliferation,true,false,true
28,52,Proliferation,true,true,false
57,35,Growth_Arrest,false,false,false
52,52,Proliferation,true,false,false
51,30,Proliferation,true,true,true
42,28,Proliferation,true,false,false
46,65,Proliferation,true,true,true
61,48,Proliferation,true,false,true
43,54,Proliferation,true,true,false
45,37,Growth_Arrest,false,false,true
36,12,Proliferation,true,true,true
25,52,Proliferation,true,false,true
48,40,Proliferation,true,true,true
48,54,Proliferation,true,true,false
17,55,Growth_Arrest,false,false,false
50,35,Proliferation,true,true,true
67,44,Proliferation,true,true,true
31,62,Proliferation,true,true,true
61,51,Growth_Arrest,false,true,true
38,43,Growth_Arrest,false,false,false
17,40,Growth_Arrest,false,false,true
62,50,Proliferation,true,true,true
13,34,Proliferation,true,false,false
30,67,Proliferation,true,false,false
61,47,Proliferation,true,false,true
56,42,Growth_Arrest,false,false,false
24,29,Proliferation,true,true,true
25,42,Proliferation,true,false,false
56,13,Growth_Arrest,false,false,false
32,62,Growth_Arrest,false,false,true
13,55,Proliferation,true,true,false
53,17,Proliferation,true,true,true
53,39,Proliferation,true,true,false
23,24,Growth_Arrest,false,true,true
29,9,Growth_Arrest,false,false,false
23,39,Growth_Arrest,false,false,false
39,52,Proliferation,true,false,true
60,46,Proliferation,true,false,true
65,36,Proliferation,true,true,true
46,32,Growth_Arrest,false,true,true
31,16,Proliferation,true,false,true
17,18,Growth_Arrest,false,true,true
45,20,Proliferation,true,false,true
33,55,Proliferation,true,true,true
43,56,Proliferation,true,false,false
37,39,Growth_Arrest,false,true,false
18,13,Proliferation,true,true,false
41,34,Proliferation,true,false,false
24,43,Proliferation,true,false,true
35,55,Proliferation,true,false,false
37,64,Proliferation,true,false,false
34,19,Growth_Arrest,false,false,true
59,45,Proliferation,true,true,false
46,18,Proliferation,true,true,false
60,27,Proliferation,true,true,false
57,18,Proliferation,true,true,false
23,55,Growth_Arrest,false,true,true
61,29,Proliferation,true,true,true
48,20,Proliferation,true,true,true
45,39,Growth_Arrest,false,false,false
61,30,Proliferation,true,false,true
17,17,Proliferation,true,true,false
20,51,Growth_Arrest,false,false,true
59,44,Proliferation,true,false,false
56,60,Growth_Arrest,false,true,false
7,34,Proliferation,true,false,true
8,31,Proliferation,true,true,false
27,53,Proliferation,true,true,false
47,55,Growth_Arrest,false,true,false
11,38,Proliferation,true,true,false
65,34,Proliferation,true,true,true
43,52,Proliferation,true,true,true
57,40,Growth_Arrest,false,false,true
39,8,Proliferation,true,true,true
64,42,Proliferation,true,true,false
28,36,Proliferation,true,false,true
40,47,Proliferation,true,true,true
33,64,Growth_Arrest,false,true,false
20,19,Growth_Arrest,false,false,false
48,32,Growth_Arrest,false,false,true
22,15,Growth_Arrest,false,true,true
54,61,Proliferation,true,false,false
47,29,Proliferation,true,true,false
51,38,Proliferation,true,false,false
36,18,Proliferation,true,false,false
64,33,Proliferation,true,true,true
49,19,Proliferation,true,true,true
12,32,Proliferation,true,true,false
23,44,Growth_Arrest,false,true,false
16,54,Proliferation,true,false,true
51,50,Proliferation,true,false,false
10,37,Growth_Arrest,false,true,false
65,38,Proliferation,true,true,false
53,16,Growth_Arrest,false,false,false
40,60,Proliferation,true,false,true
45,65,Growth_Arrest,false,true,true
45,42,Proliferation,true,true,true
51,28,Proliferation,true,false,false
66,36,Proliferation,true,true,false
49,51,Proliferation,true,true,false
24,9,Proliferation,true,false,true
34,23,Proliferation,true,true,false
28,18,Proliferation,true,true,false
44,46,Proliferation,true,true,true
27,47,Proliferation,true,false,true
37,50,Growth_Arrest,false,false,false
34,14,Proliferation,true,false,true
29,60,Proliferation,true,false,true
28,56,Proliferation,true,false,true
33,65,Proliferation,true,false,false
37,24,Growth_Arrest,false,false,true
32,42,Proliferation,true,true,false
58,30,Proliferation,true,true,false
39,7,Proliferation,true,true,true
38,9,Growth_Arrest,false,false,true
34,41,Proliferation,true,false,true
40,40,Proliferation,true,true,false
59,17,Proliferation,true,false,true
21,11,Proliferation,true,false,false
44,37,Proliferation,true,false,false
43,41,Growth_Arrest,false,true,false
38,54,Proliferation,true,false,false
25,15,Proliferation,true,true,false
44,48,Proliferation,true,true,true
26,40,Proliferation,true,false,false
43,38,Proliferation,true,true,true
40,49,Proliferation,true,true,false
41,30,Growth_Arrest,false,true,true
23,61,Proliferation,true,false,false
47,12,Proliferation,true,false,false
47,34,Proliferation,true,true,true
28,43,Proliferation,true,true,false
40,37,Proliferation,true,false,true
37,52,Proliferation,true,false,false
10,35,Proliferation,true,false,false
19,13,Proliferation,true,false,false
41,62,Proliferation,true,true,false
27,28,Proliferation,true,false,false
19,47,Proliferation,true,false,true
33,53,Proliferation,true,true,false
56,34,Growth_Arrest,false,true,false
19,27,Growth_Arrest,false,true,true
51,42,Proliferation,true,false,false
60,47,Proliferation,true,true,false
10,26,Proliferation,true,true,true
43,37,Proliferation,true,false,true
37,7,Proliferation,true,false,true
61,34,Proliferation,true,false,true
52,19,Growth_Arrest,false,false,true
42,47,Proliferation,true,true,true
41,42,Proliferation,true,true,false
29,39,Growth_Arrest,false,false,true
49,50,Proliferation,true,false,false
48,10,Proliferation,true,false,true
63,27,Growth_Arrest,false,false,false
33,34,Proliferation,true,false,false
30,43,Proliferation,true,true,false
15,43,Proliferation,true,true,true
67,36,Growth_Arrest,false,true,true
33,18,Growth_Arrest,false,true,true
57,19,Proliferation,true,false,true
36,42,Growth_Arrest,false,true,true
32,34,Growth_Arrest,false,true,true
25,63,Proliferation,true,false,true
60,25,Growth_Arrest,false,false,false
17,31,Proliferation,true,true,false
10,29,Growth_Arrest,false,true,false
40,16,Proliferation,true,false,false
54,18,Proliferation,true,true,true
21,23,Proliferation,true,false,true
16,44,Growth_Arrest,false,true,true
27,41,Proliferation,true,true,true
43,51,Proliferation,true,false,false
26,23,Proliferation,true,false,false
52,39,Proliferation,true,false,false
49,11,Growth_Arrest,false,false,false
40,24,Growth_Arrest,false,false,false
25,20,Proliferation,true,true,true
26,17,Proliferation,true,true,false
18,57,Proliferation,true,true,false
50,14,Proliferation,true,false,true
18,23,Growth_Arrest,false,true,true
40,14,Proliferation,true,false,false
36,21,Proliferation,true,true,true
56,57,Growth_Arrest,false,false,false
41,61,Growth_Arrest,false,true,true
53,40,Proliferation,true,true,true
64,22,Proliferation,true,false,true
57,53,Proliferation,true,false,false
22,54,Proliferation,true,true,true
47,43,Proliferation,true,true,true
62,54,Growth_Arrest,false,true,true
41,7,Proliferation,true,true,false
35,17,Proliferation,true,false,false
63,41,Growth_Arrest,false,true,false
39,17,Proliferation,true,true,false
20,15,Proliferation,true,false,false
48,36,Proliferation,true,true,true
22,11,Proliferation,true,false,true
21,32,Growth_Arrest,false,false,false
44,56,Proliferation,true,false,false
27,54,Proliferation,true,false,true
61,23,Proliferation,true,true,false
56,22,Growth_Arrest,false,false,true
21,50,Growth_Arrest,false,false,true
26,49,Growth_Arrest,false,true,true
52,44,Proliferation,true,true,false
28,40,Proliferation,true,false,false
40,36,Proliferation,true,true,true
20,50,Proliferation,true,true,true
38,55,Proliferation,true,true,false
39,21,Growth_Arrest,false,false,true
44,25,Proliferation,true,true,false
31,15,Growth_Arrest,false,true,true
65,41,Proliferation,true,false,true
37,56,Proliferation,true,true,true
57,26,Growth_Arrest,false,true,true
60,26,Proliferation,true,false,false
36,49,Growth_Arrest,false,false,true
40,61,Growth_Arrest,false,true,false
15,19,Proliferation,true,false,true
41,44,Growth_Arrest,false,false,false
14,52,Growth_Arrest,false,false,true
19,18,Proliferation,true,true,true
31,56,Proliferation,true,true,false
25,23,Proliferation,true,true,true
27,33,Proliferation,true,true,true
23,58,Growth_Arrest,false,false,true
56,19,Growth_Arrest,false,false,false
49,32,Growth_Arrest,false,true,false
52,43,Growth_Arrest,false,true,true
47,36,Growth_Arrest,false,true,true
35,36,Growth_Arrest,false,false,false
37,19,Growth_Arrest,false,true,false
53,42,Proliferation,true,true,false
34,29,Proliferation,true,false,true
35,31,Growth_Arrest,false,false,true
40,30,Proliferation,true,true,false
28,55,Growth_Arrest,false,false,true
27,25,Growth_Arrest,false,true,true
16,33,Proliferation,true,true,true
42,10,Growth_Arrest,false,false,false
54,41,Growth_Arrest,false,false,false
66,32,Proliferation,true,false,false
51,41,Growth_Arrest,false,true,true
57,55,Growth_Arrest,false,false,true
46,61,Growth_Arrest,false,true,false
27,55,Proliferation,true,true,false
22,48,Proliferation,true,false,true
43,43,Growth_Arrest,false,false,false
30,41,Growth_Arrest,false,false,false
57,38,Proliferation,true,true,true
9,28,Proliferation,true,true,true
19,48,Growth_Arrest,false,false,true
34,40,Growth_Arrest,false,false,true
50,38,Proliferation,true,true,true
32,64,Proliferation,true,true,false
33,31,Proliferation,true,false,true
49,13,Proliferation,true,true,true
42,9,Growth_Arrest,false,true,false
58,19,Proliferation,true,false,true
48,53,Proliferation,true,false,false
50,52,Growth_Arrest,false,true,true
16,50,Growth_Arrest,false,true,true
48,15,Proliferation,true,true,true
47,23,Proliferation,true,true,true
67,38,Growth_Arrest,false,true,true
42,41,Proliferation,true,true,true
43,7,Proliferation,true,true,false
36,8,Growth_Arrest,false,false,false
54,30,Growth_Arrest,false,false,false
44,57,Proliferation,true,true,false
18,49,Growth_Arrest,false,true,true
30,66,Proliferation,true,true,false
36,16,Proliferation,true,false,false
18,53,Growth_Arrest,false,false,true
50,21,Growth_Arrest,false,true,true
52,31,Proliferation,true,true,false
67,32,Proliferation,true,false,false
23,37,Proliferation,true,false,false
59,43,Proliferation,true,false,false
48,17,Proliferation,true,true,true
47,61,Proliferation,true,false,false
63,30,Growth_Arrest,false,true,false
43,50,Growth_Arrest,false,true,false
36,54,Growth_Arrest,false,true,true
44,14,Proliferation,true,false,false
49,59,Proliferation,true,false,false
13,40,Proliferation,true,true,true
12,29,Proliferation,true,false,false
51,27,Proliferation,true,false,false
43,36,Proliferation,true,false,true
16,48,Proliferation,true,true,true
42,27,Proliferation,true,true,false
41,38,Proliferation,true,false,false
36,64,Proliferation,true,true,true
15,47,Growth_Arrest,false,true,false
62,21,Proliferation,true,false,true
51,58,Proliferation,true,false,true
33,25,Growth_Arrest,false,false,false
13,39,Proliferation,true,true,false
50,27,Proliferation,true,true,false
41,14,Growth_Arrest,false,false,true
44,21,Growth_Arrest,false,false,true
46,13,Proliferation,true,true,false
30,61,Growth_Arrest,false,false,false
61,37,Proliferation,true,true,true
21,21,Proliferation,true,true,true
16,28,Proliferation,true,false,false
10,43,Proliferation,true,false,true
41,11,Proliferation,true,true,true
18,36,Proliferation,true,true,true
31,25,Proliferation,true,false,true
54,35,Proliferation,true,true,false
11,51,Growth_Arrest,false,false,true
25,48,Proliferation,true,true,true
45,11,Proliferation,true,false,false
48,44,Growth_Arrest,false,true,false
53,11,Proliferation,true,true,true
22,41,Proliferation,true,true,true
52,20,Proliferation,true,true,true
50,44,Proliferation,true,false,true
21,28,Proliferation,true,false,true
31,22,Growth_Arrest,false,false,true
47,31,Growth_Arrest,false,true,false
50,50,Growth_Arrest,false,false,false
62,49,Proliferation,true,false,false
42,62,Growth_Arrest,false,false,false
7,33,Proliferation,true,false,false
42,38,Growth_Arrest,false,false,false
30,63,Proliferation,true,false,true
42,17,Growth_Arrest,false,false,true
18,52,Growth_Arrest,false,true,false
27,17,Proliferation,true,true,false
25,26,Proliferation,true,true,false
47,65,Proliferation,true,false,true
52,57,Proliferation,true,true,false
34,28,Growth_Arrest,false,false,true
55,46,Growth_Arrest,false,true,true
44,42,Growth_Arrest,false,true,false
46,28,Growth_Arrest,false,false,false
31,47,Proliferation,true,true,false
55,39,Growth_Arrest,false,false,false
44,55,Growth_Arrest,false,true,false
60,22,Proliferation,true,true,false
23,19,Proliferation,true,true,false
36,47,Proliferation,true,true,false
35,67,Growth_Arrest,false,false,true
56,44,Growth_Arrest,false,false,false
6,37,Proliferation,true,false,true
51,31,Proliferation,true,true,false
41,15,Proliferation,true,true,false
12,42,Growth_Arrest,false,false,false
12,20,Proliferation,true,true,false
30,28,Growth_Arrest,false,true,false
41,13,Proliferation,true,false,false
19,34,Growth_Arrest,false,false,false
63,53,Proliferation,true,true,true
23,14,Growth_Arrest,false,true,false
19,58,Growth_Arrest,false,false,true
15,24,Growth_Arrest,false,true,false
29,28,Growth_Arrest,false,false,true
55,62,Growth_Arrest,false,false,true
54,15,Growth_Arrest,false,false,false
45,66,Proliferation,true,false,true
24,39,Growth_Arrest,false,false,false
49,42,Proliferation,true,true,false
56,18,Proliferation,true,false,false
12,55,Proliferation,true,true,true
35,50,Proliferation,true,false,true
15,29,Proliferation,true,true,true
43,44,Proliferation,true,true,false
32,13,Proliferation,true,false,true
13,28,Proliferation,true,true,true
7,30,Proliferation,true,true,false
18,51,Growth_Arrest,false,false,true
30,10,Growth_Arrest,false,true,false
45,38,Proliferation,true,false,true
58,38,Proliferation,true,true,true
20,29,Proliferation,true,false,false
39,43,Growth_Arrest,false,false,false
67,41,Growth_Arrest,false,false,false
48,58,Proliferation,true,false,false
26,30,Growth_Arrest,false,false,false
56,48,Growth_Arrest,false,true,true
11,32,Proliferation,true,false,true
21,46,Growth_Arrest,false,false,true
46,58,Proliferation,true,false,false
53,36,Growth_Arrest,false,false,true
29,55,Proliferation,true,true,false
46,53,Growth_Arrest,false,false,true
60,49,Growth_Arrest,false,true,false
34,12,Proliferation,true,false,true
7,36,Proliferation,true,true,true
32,37,Growth_Arrest,false,false,false
60,51,Proliferation,true,true,true
12,45,Proliferation,true,true,false
16,42,Proliferation,true,false,false
59,34,Proliferation,true,false,false
29,66,Proliferation,true,true,false
49,44,Proliferation,true,true,true
60,21,Proliferation,true,true,true
31,37,Proliferation,true,true,true
60,37,Proliferation,true,true,true
34,49,Proliferation,true,true,true
41,27,Proliferation,true,false,false
56,47,Proliferation,true,false,true
41,23,Proliferation,true,false,true
14,44,Proliferation,true,true,false
45,45,Proliferation,true,true,false
48,19,Proliferation,true,false,false
15,22,Proliferation,true,false,false
16,27,Proliferation,true,true,false
61,28,Growth_Arrest,false,false,false
39,41,Proliferation,true,true,true
38,37,Proliferation,true,false,true
38,60,Growth_Arrest,false,false,true
19,17,Proliferation,true,false,true
46,38,Proliferation,true,false,true
58,50,Growth_Arrest,false,true,false
26,12,Proliferation,true,false,false
55,25,Proliferation,true,false,true
27,50,Proliferation,true,true,true
16,37,Proliferation,true,false,true
44,63,Growth_Arrest,false,false,true
60,36,Growth_Arrest,false,true,false
13,33,Growth_Arrest,false,true,true
43,59,Proliferation,true,true,false
18,35,Growth_Arrest,false,true,true
42,42,Proliferation,true,false,true
58,54,Growth_Arrest,false,false,false
42,46,Growth_Arrest,false,false,true
42,14,Growth_Arrest,false,false,true
58,44,Proliferation,true,true,true
42,40,Proliferation,true,true,false
7,37,Growth_Arrest,false,true,false
32,56,Proliferation,true,true,true
12,34,Proliferation,true,true,true
35,20,Growth_Arrest,false,true,true
42,37,Proliferation,true,false,true
24,33,Growth_Arrest,false,false,false
52,47,Proliferation,true,false,true
42,16,Proliferation,true,false,false
11,27,Growth_Arrest,false,false,false
54,13,Proliferation,true,true,false
38,57,Growth_Arrest,false,false,false
60,19,Proliferation,true,false,true
14,25,Proliferation,true,true,false
60,30,Growth_Arrest,false,true,false
36,35,Proliferation,true,true,false
29,22,Proliferation,true,false,true
37,57,Proliferation,true,false,false
58,35,Growth_Arrest,false,true,false
26,13,Proliferation,true,false,true
31,32,Proliferation,true,false,false
38,18,Proliferation,true,false,false
65,30,Proliferation,true,true,false
23,27,Proliferation,true,true,false
27,48,Growth_Arrest,false,false,false
17,44,Growth_Arrest,false,false,false
33,33,Proliferation,true,false,true
44,22,Proliferation,true,false,false
36,22,Growth_Arrest,false,false,false
52,38,Growth_Arrest,false,true,false
18,34,Growth_Arrest,false,true,true
20,24,Growth_Arrest,false,true,false
49,46,Proliferation,true,false,true
32,53,Proliferation,true,false,true
30,46,Growth_Arrest,false,false,false
38,36,Proliferation,true,false,true
26,39,Proliferation,true,false,true
41,32,Proliferation,true,false,true
59,21,Growth_Arrest,false,true,true
27,64,Growth_Arrest,false,true,true
31,12,Proliferation,true,false,true
44,17,Proliferation,true,false,false
26,22,Proliferation,true,false,false
62,26,Growth_Arrest,false,true,false
19,19,Proliferation,true,false,false
58,58,Growth_Arrest,false,false,true
31,31,Proliferation,true,false,true
53,46,Growth_Arrest,false,false,true
41,66,Growth_Arrest,false,false,false
18,60,Growth_Arrest,false,true,true
58,39,Proliferation,true,false,true
45,23,Proliferation,true,true,false
60,52,Growth_Arrest,false,true,false
50,25,Proliferation,true,true,false
15,52,Proliferation,true,true,false
46,35,Proliferation,true,true,false
60,44,Proliferation,true,false,false
48,38,Proliferation,true,true,true
9,32,Proliferation,true,false,false
18,43,Growth_Arrest,false,true,false
49,35,Proliferation,true,true,true
27,12,Proliferation,true,false,false
36,36,Proliferation,true,false,true
43,30,Proliferation,true,false,false
39,54,Proliferation,true,false,false
23,48,Proliferation,true,true,false
56,30,Proliferation,true,true,false
44,9,Growth_Arrest,false,true,false
31,10,Growth_Arrest,false,true,true
26,60,Proliferation,true,true,false
19,28,Growth_Arrest,false,false,true
49,33,Growth_Arrest,false,true,true
61,27,Proliferation,true,true,true
30,36,Proliferation,true,false,true
38,13,Growth_Arrest,false,true,true
26,55,Growth_Arrest,false,false,true
46,8,Proliferation,true,false,false
56,61,Proliferation,true,false,true
20,37,Proliferation,true,true,true
54,14,Proliferation,true,true,true
45,24,Proliferation,true,false,true
41,58,Proliferation,true,true,true
25,17,Proliferation,true,false,true
62,27,Growth_Arrest,false,true,true
34,67,Proliferation,true,false,true
56,51,Proliferation,true,false,false
58,20,Growth_Arrest,false,true,true
51,52,Proliferation,true,false,true
31,35,Proliferation,true,false,false
54,47,Proliferation,true,true,false
10,22,Proliferation,true,true,true
26,50,Proliferation,true,true,false
26,32,Proliferation,true,false,true
25,38,Proliferation,true,false,false
57,56,Proliferation,true,false,true
61,38,Proliferation,true,false,true
52,56,Growth_Arrest,false,true,false
63,49,Proliferation,true,true,true
35,52,Proliferation,true,true,false
51,43,Proliferation,true,false,false
35,58,Proliferation,true,true,true
33,43,Proliferation,true,true,false
28,12,Proliferation,true,false,false
23,51,Growth_Arrest,false,true,false
40,15,Proliferation,true,true,false
32,21,Growth_Arrest,false,false,false
54,40,Growth_Arrest,false,true,false
58,28,Proliferation,true,false,true
44,16,Proliferation,true,false,true
37,31,Proliferation,true,false,false
30,37,Growth_Arrest,false,true,false
32,47,Growth_Arrest,false,true,false
14,42,Proliferation,true,true,false
22,38,Growth_Arrest,false,false,false
46,37,Proliferation,true,false,false
54,21,Proliferation,true,true,false
45,59,Growth_Arrest,false,true,true
40,33,Proliferation,true,true,true
21,22,Growth_Arrest,false,true,true
46,9,Growth_Arrest,false,true,true
57,22,Proliferation,true,true,false
39,37,Growth_Arrest,false,false,true
25,33,Growth_Arrest,false,false,true
48,46,Proliferation,true,true,false
56,43,Proliferation,true,true,false
23,33,Proliferation,true,false,false
55,15,Growth_Arrest,false,false,true
15,27,Proliferation,true,true,false
52,21,Proliferation,true,true,false
21,18,Growth_Arrest,false,false,false
41,55,Proliferation,true,false,true
20,23,Proliferation,true,false,false
60,42,Growth_Arrest,false,false,false
23,59,Proliferation,true,true,false
51,20,Proliferation,true,false,true
34,22,Proliferation,true,false,true
50,48,Growth_Arrest,false,false,true
58,53,Proliferation,true,true,true
20,20,Proliferation,true,false,true
62,34,Proliferation,true,true,true
54,37,Proliferation,true,false,true
17,20,Proliferation,true,true,true
26,28,Proliferation,true,true,false
15,41,Proliferation,true,true,false
36,52,Proliferation,true,false,true
35,66,Growth_Arrest,false,true,false
40,13,Proliferation,true,true,true
27,16,Proliferation,true,false,true
24,41,Proliferation,true,false,false
38,21,Proliferation,true,false,true
42,19,Growth_Arrest,false,true,false
12,46,Proliferation,true,false,false
55,19,Proliferation,true,true,false
58,57,Proliferation,true,false,false
54,59,Proliferation,true,true,false
42,45,Growth_Arrest,false,false,false
41,22,Proliferation,true,false,true
56,29,Proliferation,true,true,true
35,56,Growth_Arrest,false,false,true
43,63,Proliferation,true,true,true
31,48,Proliferation,true,false,false
54,50,Proliferation,true,false,true
43,27,Proliferation,true,false,true
43,22,Growth_Arrest,false,false,true
33,44,Growth_Arrest,false,true,false
30,18,Proliferation,true,true,false
61,52,Growth_Arrest,false,false,false
33,10,Growth_Arrest,false,false,false
15,23,Growth_Arrest,false,true,true
29,61,Proliferation,true,true,true
50,56,Proliferation,true,true,false
27,31,Growth_Arrest,false,false,true
39,38,Proliferation,true,true,false
31,20,Growth_Arrest,false,false,false
55,54,Proliferation,true,false,true
26,57,Growth_Arrest,false,false,true
58,31,Proliferation,true,false,true
32,58,Growth_Arrest,false,true,true
50,23,Proliferation,true,false,false
32,61,Proliferation,true,false,true
22,26,Growth_Arrest,false,false,true
43,35,Proliferation,true,true,false
65,45,Growth_Arrest,false,true,false
37,20,Proliferation,true,false,true
55,57,Growth_Arrest,false,true,true
17,53,Proliferation,true,true,true
28,19,Growth_Arrest,false,false,false
37,34,Proliferation,true,false,true
19,38,Growth_Arrest,false,false,true
57,44,Proliferation,true,false,false
45,31,Proliferation,true,false,true
40,22,Proliferation,true,true,false
63,39,Proliferation,true,true,true
28,25,Growth_Arrest,false,false,false
26,62,Proliferation,true,true,false
49,30,Proliferation,true,false,false
40,39,Growth_Arrest,false,false,false
39,28,Proliferation,true,true,true
28,58,Proliferation,true,false,true
45,60,Proliferation,true,true,true
37,40,Proliferation,true,false,true
26,15,Growth_Arrest,false,true,true
26,27,Proliferation,true,true,false
24,52,Proliferation,true,false,true
60,43,Growth_Arrest,false,true,true
42,22,Proliferation,true,true,false
57,17,Growth_Arrest,false,false,true
28,63,Proliferation,true,true,false
26,37,Growth_Arrest,false,true,false
48,12,Proliferation,true,false,true
28,34,Growth_Arrest,false,false,false
42,30,Growth_Arrest,false,false,false
35,48,Proliferation,true,false,false
54,43,Proliferation,true,true,true
59,33,Growth_Arrest,false,false,false
22,19,Proliferation,true,false,false
11,48,Proliferation,true,true,false
66,29,Proliferation,true,true,false
47,41,Proliferation,true,true,true
57,47,Growth_Arrest,false,true,false
56,17,Proliferation,true,true,false
17,52,Proliferation,true,false,false
50,15,Proliferation,true,true,true
30,40,Growth_Arrest,false,true,false
36,44,Growth_Arrest,false,true,false
62,25,Proliferation,true,false,false
29,17,Proliferation,true,true,true
19,52,Proliferation,true,false,false
50,49,Growth_Arrest,false,false,false
47,62,Proliferation,true,true,true
17,58,Proliferation,true,true,true
65,32,Proliferation,true,false,true
55,58,Growth_Arrest,false,false,true
17,38,Proliferation,true,false,true
23,41,Growth_Arrest,false,false,true
43,15,Growth_Arrest,false,true,false
16,45,Proliferation,true,false,false
57,28,Proliferation,true,true,false
44,52,Growth_Arrest,false,false,false
29,29,Growth_Arrest,false,true,false
28,20,Growth_Arrest,false,true,false
49,45,Growth_Arrest,false,false,false
29,12,Proliferation,true,true,true
38,65,Proliferation,true,true,false
62,53,Growth_Arrest,false,false,false
59,41,Growth_Arrest,false,true,true
55,27,Growth_Arrest,false,true,false
65,42,Proliferation,true,false,false
17,51,Growth_Arrest,false,false,false
27,44,Proliferation,true,true,false
49,61,Proliferation,true,false,true
21,57,Proliferation,true,false,false
33,42,Proliferation,true,true,false
12,54,Growth_Arrest,false,true,true
26,56,Proliferation,true,false,true
64,49,Proliferation,true,true,false
59,29,Proliferation,true,false,false
46,12,Growth_Arrest,false,true,true
26,46,Proliferation,true,true,false
52,29,Proliferation,true,true,true
9,31,Proliferation,true,true,false
50,51,Growth_Arrest,false,false,true
53,57,Proliferation,true,false,true
59,39,Proliferation,true,false,true
41,50,Growth_Arrest,false,false,false
22,16,Growth_Arrest,false,true,false
13,31,Growth_Arrest,false,true,true
33,23,Growth_Arrest,false,true,true
10,36,Growth_Arrest,false,false,true
49,65,Proliferation,true,false,false
42,59,Proliferation,true,true,false
44,43,Growth_Arrest,false,true,true
42,20,Proliferation,true,true,true
49,15,Proliferation,true,true,true
48,42,Growth_Arrest,false,true,false
30,58,Proliferation,true,false,false
65,31,Proliferation,true,true,true
53,14,Growth_Arrest,false,false,true
33,51,Proliferation,true,true,false
18,56,Proliferation,true,false,true
30,27,Proliferation,true,false,false
26,47,Proliferation,true,false,true
58,52,Proliferation,true,false,true
44,45,Proliferation,true,false,true
33,57,Proliferation,true,true,true
30,54,Growth_Arrest,false,false,true
17,45,Proliferation,true,true,true
18,46,Proliferation,true,false,true
49,62,Proliferation,true,true,true
14,54,Proliferation,true,false,false
56,41,Growth_Arrest,false,false,true
22,32,Proliferation,true,true,false
18,30,Proliferation,true,true,true
60,35,Growth_Arrest,false,true,false
66,33,Proliferation,true,true,true
27,60,Proliferation,true,true,false
24,60,Proliferation,true,false,false
63,40,Proliferation,true,true,true
27,15,Proliferation,true,false,false
46,64,Proliferation,true,false,true
48,23,Proliferation,true,false,false
22,42,Proliferation,true,true,false
50,16,Proliferation,true,false,false
67,42,Growth_Arrest,false,true,false
50,37,Proliferation,true,true,true
42,26,Growth_Arrest,false,false,true
27,32,Proliferation,true,true,true
24,32,Proliferation,true,true,true
43,12,Proliferation,true,true,false
43,55,Proliferation,true,true,true
33,41,Growth_Arrest,false,false,false
10,38,Growth_Arrest,false,false,true
18,40,Proliferation,true,true,false
48,43,Proliferation,true,false,true
10,42,Proliferation,true,true,true
19,57,Proliferation,true,false,false
37,25,Growth_Arrest,false,true,true
32,48,Proliferation,true,false,false
21,52,Proliferation,true,false,true
26,31,Growth_Arrest,false,false,false
61,55,Proliferation,true,true,false
17,24,Proliferation,true,true,false
39,65,Proliferation,true,false,true
56,52,Proliferation,true,true,true
56,53,Growth_Arrest,false,false,false
42,36,Proliferation,true,false,false
29,8,Proliferation,true,false,true
52,35,Proliferation,true,false,false
54,17,Proliferation,true,false,true
40,10,Proliferation,true,true,false
24,37,Growth_Arrest,false,false,false
24,13,Growth_Arrest,false,true,true
49,34,Growth_Arrest,false,true,true
43,11,Proliferation,true,true,true
49,47,Proliferation,true,true,false
54,32,Proliferation,true,true,true
27,10,Proliferation,true,true,true
22,43,Growth_Arrest,false,false,false
49,27,Proliferation,true,true,true
14,41,Proliferation,true,false,true
50,39,Proliferation,true,true,false
33,30,Proliferation,true,true,true
28,27,Growth_Arrest,false,true,false
33,12,Proliferation,true,false,false
25,44,Growth_Arrest,false,false,false
17,34,Growth_Arrest,false,true,false
10,30,Proliferation,true,false,true
36,60,Growth_Arrest,false,true,true
23,17,Proliferation,true,false,false
32,14,Growth_Arrest,false,false,true
57,27,Proliferation,true,false,false
59,47,Growth_Arrest,false,true,false
41,29,Growth_Arrest,false,true,false
61,33,Growth_Arrest,false,true,true
22,39,Growth_Arrest,false,false,true
36,25,Growth_Arrest,false,false,true
52,28,Proliferation,true,false,false
38,64,Proliferation,true,true,false
34,47,Proliferation,true,false,true
28,11,Proliferation,true,false,true
39,53,Proliferation,true,false,true
40,45,Proliferation,true,false,true
22,61,Proliferation,true,true,true
37,43,Proliferation,true,false,true
20,57,Proliferation,true,true,true
28,59,Growth_Arrest,false,true,false
39,51,Growth_Arrest,false,true,true
54,31,Proliferation,true,false,true
44,20,Growth_Arrest,false,false,true
13,21,Proliferation,true,true,false
10,31,Proliferation,true,false,true
18,16,Proliferation,true,true,false
23,22,Proliferation,true,true,false
52,49,Proliferation,true,false,false
48,18,Growth_Arrest,false,true,true
25,22,Growth_Arrest,false,true,false
19,61,Growth_Arrest,false,false,true
44,59,Proliferation,true,true,true
55,29,Proliferation,true,false,false
29,65,Proliferation,true,true,false
57,52,Proliferation,true,true,false
15,54,Proliferation,true,false,true
49,63,Proliferation,true,false,true
30,15,Growth_Arrest,false,true,true
30,25,Proliferation,true,true,false
62,43,Proliferation,true,false,true
33,14,Growth_Arrest,false,false,false
46,63,Growth_Arrest,false,true,true
16,17,Proliferation,true,false,false
55,30,Growth_Arrest,false,true,true
41,46,Proliferation,true,false,true
60,57,Proliferation,true,false,true
44,28,Growth_Arrest,false,true,true
31,64,Proliferation,true,true,true
49,36,Proliferation,true,true,true
30,24,Proliferation,true,true,true
22,34,Proliferation,true,true,true
22,56,Proliferation,true,false,false
65,44,Proliferation,true,false,false
25,54,Proliferation,true,true,true
64,34,Growth_Arrest,false,false,true
47,37,Growth_Arrest,false,false,true
9,24,Growth_Arrest,false,false,true
43,14,Proliferation,true,true,true
65,48,Growth_Arrest,false,true,true
10,39,Proliferation,true,false,false
35,51,Proliferation,true,false,true
41,51,Proliferation,true,false,true
9,42,Growth_Arrest,false,true,false
18,48,Proliferation,true,false,true
54,19,Growth_Arrest,false,true,true
45,18,Proliferation,true,true,true
25,10,Growth_Arrest,false,false,true
12,36,Growth_Arrest,false,true,true
35,9,Proliferation,true,true,true
49,64,Proliferation,true,true,false
47,9,Proliferation,true,true,true
19,45,Proliferation,true,true,true
22,24,Proliferation,true,true,false
15,37,Proliferation,true,false,false
59,26,Proliferation,true,false,false
42,65,Proliferation,true,true,true
45,36,Proliferation,true,false,false
49,57,Proliferation,true,true,false
38,10,Growth_Arrest,false,true,true
48,16,Proliferation,true,false,true
16,19,Proliferation,true,true,false
33,54,Growth_Arrest,false,true,true
36,58,Proliferation,true,true,true
28,21,Proliferation,true,true,true
59,58,Proliferation,true,false,true
12,19,Proliferation,true,false,false
54,27,Growth_Arrest,false,false,false
14,17,Proliferation,true,false,true
29,24,Growth_Arrest,false,true,false
32,26,Proliferation,true,false,false
50,62,Proliferation,true,true,false
50,17,Proliferation,true,true,true
42,63,Proliferation,true,false,false
16,18,Proliferation,true,true,true
31,38,Proliferation,true,false,true
52,27,Growth_Arrest,false,true,false
53,12,Growth_Arrest,false,true,true
29,62,Proliferation,true,true,false
13,49,Proliferation,true,false,false
37,18,Growth_Arrest,false,false,true
8,33,Proliferation,true,false,true
51,64,Proliferation,true,false,false
45,21,Growth_Arrest,false,false,true
55,42,Proliferation,true,false,true
63,48,Proliferation,true,true,false
40,38,Proliferation,true,false,false
15,57,Growth_Arrest,false,false,true
57,33,Proliferation,true,true,false
41,52,Proliferation,true,true,true
20,27,Growth_Arrest,false,true,true
24,11,Proliferation,true,true,true
64,46,Growth_Arrest,false,false,true
15,21,Growth_Arrest,false,true,false
44,40,Proliferation,true,true,true
11,23,Growth_Arrest,false,false,false
47,52,Growth_Arrest,false,true,false
59,30,Proliferation,true,false,false
34,18,Proliferation,true,false,false
50,18,Growth_Arrest,false,false,true
44,44,Proliferation,true,false,false
31,13,Proliferation,true,true,false
47,21,Proliferation,true,false,true
15,25,Proliferation,true,true,false
39,12,Proliferation,true,true,true
52,34,Growth_Arrest,false,false,true
43,17,Proliferation,true,true,true
25,18,Proliferation,true,true,true
29,35,Growth_Arrest,false,false,true
31,60,Proliferation,true,false,true
18,58,Growth_Arrest,false,true,false
20,44,Growth_Arrest,false,true,false
9,45,Growth_Arrest,false,false,true
52,45,Proliferation,true,false,false
20,26,Proliferation,true,true,true
55,43,Proliferation,true,false,false
8,27,Proliferation,true,false,false
53,29,Proliferation,true,false,true
56,59,Proliferation,true,false,false
25,56,Proliferation,true,false,false
50,24,Proliferation,true,false,true
48,25,Proliferation,true,false,false
31,42,Proliferation,true,false,false
24,27,Proliferation,true,true,false
