# cell_size_um=20.0, domain_size_um=3000.0, description="Spheroid pattern with 7000 cells"
x,y,phenotype,gene_Proliferation,gene_glycoATP,gene_mitoATP
112,56,Proliferation,true,true,true
110,101,Proliferation,true,true,false
86,33,Growth_Arrest,false,false,false
48,76,Growth_Arrest,false,false,false
109,66,Proliferation,true,false,false
51,115,Proliferation,true,false,false
91,110,Proliferation,true,true,true
82,108,Proliferation,true,true,true
74,118,Proliferation,true,true,false
105,64,Proliferation,true,true,true
82,111,Growth_Arrest,false,true,false
32,92,Growth_Arrest,false,false,false
99,114,Growth_Arrest,false,false,false
45,48,Growth_Arrest,false,true,false
48,45,Growth_Arrest,false,true,true
112,74,Proliferation,true,true,true
69,49,Growth_Arrest,false,true,true
49,72,Growth_Arrest,false,false,true
101,100,Growth_Arrest,false,false,false
116,91,Growth_Arrest,false,false,false
98,56,Growth_Arrest,false,false,false
72,33,Proliferation,true,false,false
58,51,Proliferation,true,true,false
89,48,Proliferation,true,true,true
59,116,Proliferation,true,false,false
69,41,Proliferation,true,false,false
105,54,Proliferation,true,false,true
91,68,Growth_Arrest,false,false,true
99,45,Proliferation,true,true,true
82,56,Growth_Arrest,false,true,false
95,38,Proliferation,true,false,false
119,67,Proliferation,true,false,false
34,87,Growth_Arrest,false,false,false
107,102,Proliferation,true,true,true
38,95,Proliferation,true,false,false
56,59,Proliferation,true,false,true
73,49,Growth_Arrest,false,false,true
76,43,Proliferation,true,true,false
35,75,Growth_Arrest,false,true,false
55,114,Proliferation,true,true,true
64,66,Proliferation,true,false,true
58,56,Proliferation,true,false,false
87,117,Proliferation,true,false,false
38,92,Proliferation,true,true,true
116,53,Growth_Arrest,false,true,true
77,35,Proliferation,true,false,false
37,96,Growth_Arrest,false,true,false
71,89,Growth_Arrest,false,false,true
58,95,Proliferation,true,false,false
106,105,Growth_Arrest,false,true,true
96,81,Proliferation,true,true,false
39,89,Growth_Arrest,false,false,true
81,90,Proliferation,true,false,false
32,93,Proliferation,true,true,true
119,65,Proliferation,true,true,true
33,79,Proliferation,true,false,false
100,93,Proliferation,true,false,false
110,75,Growth_Arrest,false,false,false
73,45,Proliferation,true,false,true
86,107,Growth_Arrest,false,true,false
69,108,Proliferation,true,false,false
58,109,Growth_Arrest,false,true,false
106,99,Growth_Arrest,false,false,false
113,81,Proliferation,true,false,false
114,84,Growth_Arrest,false,false,true
47,104,Proliferation,true,true,false
40,64,Growth_Arrest,false,false,true
44,110,Proliferation,true,true,false
77,73,Proliferation,true,true,false
83,97,Proliferation,true,true,true
70,37,Proliferation,true,true,true
71,87,Growth_Arrest,false,true,true
86,106,Growth_Arrest,false,true,false
39,77,Proliferation,true,false,true
93,96,Proliferation,true,false,false
73,63,Proliferation,true,true,false
87,35,Proliferation,true,true,true
56,111,Growth_Arrest,false,true,true
87,72,Proliferation,true,true,false
47,103,Growth_Arrest,false,true,false
69,56,Proliferation,true,false,false
72,86,Growth_Arrest,false,true,true
63,50,Growth_Arrest,false,true,true
61,87,Growth_Arrest,false,true,false
94,86,Growth_Arrest,false,true,true
47,44,Proliferation,true,true,true
101,40,Proliferation,true,true,false
53,116,Proliferation,true,true,true
45,78,Proliferation,true,false,false
74,85,Proliferation,true,true,false
51,108,Proliferation,true,false,false
68,83,Proliferation,true,false,true
49,113,Proliferation,true,false,true
115,52,Proliferation,true,false,true
75,75,Growth_Arrest,false,true,false
31,81,Growth_Arrest,false,false,false
58,72,Proliferation,true,true,true
64,81,Growth_Arrest,false,true,false
75,105,Proliferation,true,true,false
84,32,Growth_Arrest,false,false,false
97,82,Proliferation,true,true,false
55,36,Proliferation,true,false,false
90,83,Proliferation,true,false,true
55,59,Proliferation,true,true,false
62,86,Proliferation,true,true,true
111,88,Growth_Arrest,false,false,false
73,93,Growth_Arrest,false,true,false
85,43,Growth_Arrest,false,false,false
97,41,Proliferation,true,true,false
45,46,Proliferation,true,false,false
100,108,Proliferation,true,true,false
95,57,Growth_Arrest,false,false,false
55,51,Proliferation,true,false,true
55,52,Growth_Arrest,false,true,false
61,78,Growth_Arrest,false,false,false
38,51,Proliferation,true,false,false
45,101,Proliferation,true,true,true
74,41,Proliferation,true,true,false
98,90,Proliferation,true,false,false
88,82,Proliferation,true,true,true
116,93,Proliferation,true,true,true
38,59,Growth_Arrest,false,true,true
60,74,Proliferation,true,true,true
69,35,Proliferation,true,true,true
102,62,Proliferation,true,true,true
33,74,Growth_Arrest,false,true,false
65,41,Growth_Arrest,false,false,true
110,91,Proliferation,true,true,true
111,60,Growth_Arrest,false,true,true
69,64,Proliferation,true,true,true
90,44,Proliferation,true,true,false
89,90,Proliferation,true,true,false
95,48,Proliferation,true,false,false
43,101,Proliferation,true,false,true
66,33,Growth_Arrest,false,false,false
43,67,Proliferation,true,false,false
42,43,Proliferation,true,true,false
112,48,Proliferation,true,false,true
94,63,Proliferation,true,true,true
102,97,Proliferation,true,false,true
102,64,Proliferation,true,false,false
93,117,Proliferation,true,true,false
56,33,Growth_Arrest,false,true,true
91,115,Proliferation,true,true,false
67,101,Proliferation,true,true,true
40,99,Growth_Arrest,false,true,false
106,93,Growth_Arrest,false,false,true
48,41,Proliferation,true,false,false
95,61,Growth_Arrest,false,false,false
91,83,Proliferation,true,true,true
55,105,Proliferation,true,true,false
86,63,Proliferation,true,false,true
73,61,Proliferation,true,false,true
115,61,Proliferation,true,false,false
98,79,Growth_Arrest,false,false,true
106,45,Growth_Arrest,false,true,false
92,58,Growth_Arrest,false,true,false
85,119,Proliferation,true,false,false
56,87,Proliferation,true,true,true
56,100,Proliferation,true,false,true
77,37,Proliferation,true,false,true
77,90,Proliferation,true,false,false
72,40,Proliferation,true,false,true
70,76,Growth_Arrest,false,false,false
76,32,Growth_Arrest,false,false,true
32,72,Proliferation,true,false,true
77,65,Proliferation,true,true,true
69,58,Growth_Arrest,false,true,false
84,110,Proliferation,true,true,false
71,55,Proliferation,true,false,false
97,100,Proliferation,true,false,true
83,117,Growth_Arrest,false,false,true
47,53,Proliferation,true,false,true
92,70,Growth_Arrest,false,true,true
42,98,Proliferation,true,false,true
36,69,Proliferation,true,true,true
72,104,Proliferation,true,true,false
70,35,Proliferation,true,false,true
93,89,Proliferation,true,true,true
65,60,Growth_Arrest,false,true,true
100,80,Proliferation,true,false,false
82,46,Proliferation,true,true,true
85,40,Proliferation,true,false,true
41,80,Proliferation,true,false,false
42,93,Growth_Arrest,false,true,true
78,43,Proliferation,true,false,true
40,91,Proliferation,true,false,true
72,48,Growth_Arrest,false,false,false
72,93,Growth_Arrest,false,false,true
103,101,Proliferation,true,true,false
43,65,Proliferation,true,false,true
60,73,Proliferation,true,true,true
52,63,Proliferation,true,true,false
42,86,Proliferation,true,false,true
118,78,Growth_Arrest,false,true,true
93,73,Proliferation,true,false,true
91,101,Proliferation,true,false,false
41,57,Proliferation,true,true,false
71,56,Growth_Arrest,false,false,true
88,103,Proliferation,true,true,true
99,82,Proliferation,true,true,true
68,43,Proliferation,true,true,true
78,65,Proliferation,true,true,false
45,39,Growth_Arrest,false,true,false
64,69,Proliferation,true,true,true
110,102,Proliferation,true,false,false
79,87,Growth_Arrest,false,true,false
54,77,Proliferation,true,false,true
52,97,Proliferation,true,false,false
106,104,Growth_Arrest,false,true,false
54,79,Proliferation,true,true,false
38,98,Growth_Arrest,false,true,false
92,50,Proliferation,true,true,true
115,54,Proliferation,true,false,false
61,100,Growth_Arrest,false,true,true
77,112,Proliferation,true,false,true
70,102,Proliferation,true,true,true
37,78,Proliferation,true,false,true
46,77,Proliferation,true,true,false
120,83,Growth_Arrest,false,false,false
51,103,Proliferation,true,false,true
90,112,Growth_Arrest,false,true,true
29,71,Proliferation,true,true,true
118,88,Proliferation,true,true,false
111,69,Proliferation,true,true,false
60,97,Proliferation,true,true,false
71,36,Growth_Arrest,false,true,true
49,92,Proliferation,true,true,true
75,114,Proliferation,true,true,true
90,40,Proliferation,true,true,false
29,62,Growth_Arrest,false,false,false
75,108,Proliferation,true,false,true
74,29,Proliferation,true,false,false
113,74,Proliferation,true,false,true
86,49,Proliferation,true,false,false
65,30,Growth_Arrest,false,true,false
87,71,Growth_Arrest,false,false,false
45,75,Proliferation,true,false,false
76,53,Proliferation,true,true,true
66,65,Proliferation,true,true,true
44,66,Growth_Arrest,false,false,true
81,33,Proliferation,true,true,false
88,107,Proliferation,true,false,true
35,100,Proliferation,true,true,true
108,90,Proliferation,true,false,false
116,62,Proliferation,true,false,true
42,49,Proliferation,true,false,false
86,32,Proliferation,true,false,false
53,41,Proliferation,true,true,false
59,118,Proliferation,true,true,true
57,83,Growth_Arrest,false,true,false
80,100,Growth_Arrest,false,true,true
96,74,Proliferation,true,true,true
59,55,Proliferation,true,false,false
78,99,Proliferation,true,true,false
88,105,Proliferation,true,true,false
101,88,Proliferation,true,false,false
60,43,Proliferation,true,false,true
107,88,Growth_Arrest,false,true,false
87,109,Proliferation,true,true,true
95,86,Proliferation,true,false,false
114,61,Growth_Arrest,false,true,true
62,29,Proliferation,true,true,true
74,53,Proliferation,true,false,true
101,112,Proliferation,true,false,false
59,52,Proliferation,true,true,true
89,111,Proliferation,true,false,true
102,76,Proliferation,true,true,true
82,83,Proliferation,true,false,true
98,102,Growth_Arrest,false,true,true
75,54,Proliferation,true,false,false
40,80,Proliferation,true,true,false
62,72,Growth_Arrest,false,true,true
97,106,Proliferation,true,false,false
66,58,Proliferation,true,false,true
108,92,Growth_Arrest,false,false,true
109,85,Growth_Arrest,false,true,false
75,78,Proliferation,true,false,false
48,73,Proliferation,true,true,false
57,79,Growth_Arrest,false,false,false
50,80,Growth_Arrest,false,true,true
48,38,Growth_Arrest,false,false,false
37,61,Proliferation,true,false,true
41,52,Growth_Arrest,false,false,false
39,85,Proliferation,true,true,true
83,72,Growth_Arrest,false,true,true
51,55,Proliferation,true,true,true
49,77,Growth_Arrest,false,false,true
53,92,Proliferation,true,false,true
93,108,Proliferation,true,false,true
113,100,Proliferation,true,true,true
36,81,Proliferation,true,false,false
61,101,Proliferation,true,false,false
59,48,Growth_Arrest,false,false,true
47,72,Proliferation,true,true,false
72,102,Proliferation,true,false,true
62,105,Proliferation,true,true,true
86,34,Growth_Arrest,false,false,true
80,57,Proliferation,true,false,true
108,79,Proliferation,true,false,true
55,64,Proliferation,true,true,false
68,114,Proliferation,true,true,false
83,94,Proliferation,true,false,false
44,76,Proliferation,true,false,true
74,81,Proliferation,true,false,true
107,68,Proliferation,true,false,false
32,94,Proliferation,true,true,false
58,52,Proliferation,true,false,true
61,59,Proliferation,true,true,true
104,50,Proliferation,true,true,false
40,94,Proliferation,true,false,true
60,37,Proliferation,true,true,true
85,76,Proliferation,true,true,false
66,39,Proliferation,true,true,false
70,39,Proliferation,true,false,false
54,33,Proliferation,true,true,false
88,31,Growth_Arrest,false,true,false
42,85,Proliferation,true,false,true
70,41,Growth_Arrest,false,false,false
89,77,Proliferation,true,true,false
96,71,Growth_Arrest,false,false,true
43,66,Growth_Arrest,false,false,true
65,84,Proliferation,true,false,true
47,61,Proliferation,true,false,true
42,73,Growth_Arrest,false,false,true
65,33,Growth_Arrest,false,false,true
119,81,Growth_Arrest,false,true,false
104,57,Growth_Arrest,false,true,false
98,71,Proliferation,true,true,true
79,78,Proliferation,true,false,true
117,82,Proliferation,true,true,false
34,80,Growth_Arrest,false,true,false
91,90,Proliferation,true,true,false
46,110,Proliferation,true,false,false
83,90,Proliferation,true,false,true
101,64,Proliferation,true,false,false
80,78,Proliferation,true,false,true
80,112,Growth_Arrest,false,false,true
36,82,Proliferation,true,true,true
79,88,Proliferation,true,true,true
39,68,Proliferation,true,false,false
75,43,Proliferation,true,false,true
73,73,Proliferation,true,true,true
70,48,Growth_Arrest,false,true,true
34,62,Proliferation,true,false,true
68,56,Proliferation,true,false,false
94,44,Growth_Arrest,false,true,false
71,92,Proliferation,true,false,false
108,43,Growth_Arrest,false,false,true
57,65,Proliferation,true,false,true
108,57,Proliferation,true,false,false
51,83,Proliferation,true,true,false
86,64,Proliferation,true,true,false
59,61,Proliferation,true,true,false
37,101,Growth_Arrest,false,false,true
65,59,Proliferation,true,false,false
99,69,Proliferation,true,false,true
112,91,Growth_Arrest,false,false,false
76,55,Proliferation,true,true,false
63,65,Growth_Arrest,false,false,false
50,58,Proliferation,true,true,true
68,105,Growth_Arrest,false,true,false
66,60,Proliferation,true,false,true
59,47,Proliferation,true,true,true
102,52,Proliferation,true,true,false
119,62,Growth_Arrest,false,true,false
69,117,Growth_Arrest,false,true,false
114,66,Proliferation,true,false,false
33,89,Growth_Arrest,false,false,false
62,66,Proliferation,true,true,false
70,28,Proliferation,true,true,true
90,56,Proliferation,true,true,false
74,108,Proliferation,true,false,true
54,34,Proliferation,true,false,false
51,67,Proliferation,true,false,true
56,76,Proliferation,true,false,false
41,48,Proliferation,true,false,true
93,36,Growth_Arrest,false,false,false
98,53,Growth_Arrest,false,true,true
55,87,Growth_Arrest,false,true,true
51,94,Proliferation,true,true,true
111,61,Proliferation,true,false,true
81,121,Proliferation,true,true,true
51,97,Growth_Arrest,false,true,true
78,105,Proliferation,true,false,false
47,76,Proliferation,true,false,false
52,61,Proliferation,true,true,false
107,82,Proliferation,true,false,false
63,104,Proliferation,true,false,false
31,59,Proliferation,true,false,true
78,114,Growth_Arrest,false,false,false
77,108,Proliferation,true,false,true
75,91,Proliferation,true,true,false
101,109,Proliferation,true,false,true
47,74,Growth_Arrest,false,false,true
66,102,Proliferation,true,true,false
77,100,Growth_Arrest,false,false,false
65,46,Proliferation,true,true,true
47,63,Proliferation,true,false,true
53,34,Proliferation,true,true,true
104,98,Growth_Arrest,false,false,false
76,105,Proliferation,true,true,true
78,39,Proliferation,true,true,true
31,90,Proliferation,true,false,true
59,63,Proliferation,true,false,false
100,99,Growth_Arrest,false,true,true
80,95,Growth_Arrest,false,true,true
88,98,Growth_Arrest,false,true,false
31,61,Proliferation,true,false,false
55,109,Growth_Arrest,false,false,false
60,63,Proliferation,true,true,true
31,73,Proliferation,true,false,true
84,55,Growth_Arrest,false,false,false
48,58,Proliferation,true,true,true
85,74,Growth_Arrest,false,true,true
73,101,Growth_Arrest,false,false,true
53,112,Growth_Arrest,false,false,true
107,43,Proliferation,true,false,false
79,76,Proliferation,true,false,true
60,55,Growth_Arrest,false,true,true
119,61,Growth_Arrest,false,false,true
38,62,Growth_Arrest,false,true,false
78,88,Growth_Arrest,false,true,false
118,75,Proliferation,true,true,true
62,93,Proliferation,true,true,true
44,41,Growth_Arrest,false,false,false
60,48,Growth_Arrest,false,true,false
87,107,Proliferation,true,true,true
33,58,Proliferation,true,false,true
112,79,Growth_Arrest,false,true,true
42,97,Growth_Arrest,false,false,true
48,93,Proliferation,true,false,false
47,89,Proliferation,true,true,true
57,92,Proliferation,true,false,true
83,76,Growth_Arrest,false,true,false
65,109,Proliferation,true,false,true
109,75,Proliferation,true,false,false
97,99,Growth_Arrest,false,false,false
72,119,Proliferation,true,false,true
61,114,Proliferation,true,false,false
104,69,Proliferation,true,false,true
103,55,Proliferation,true,true,false
114,67,Proliferation,true,false,false
55,41,Growth_Arrest,false,false,false
46,56,Proliferation,true,false,false
35,89,Proliferation,true,true,true
53,56,Growth_Arrest,false,true,false
62,62,Proliferation,true,false,false
53,35,Proliferation,true,false,false
92,105,Proliferation,true,false,false
90,98,Proliferation,true,false,true
110,86,Proliferation,true,false,false
43,44,Growth_Arrest,false,false,false
120,71,Proliferation,true,false,true
111,62,Proliferation,true,false,true
119,70,Proliferation,true,true,true
86,85,Growth_Arrest,false,true,true
70,73,Proliferation,true,true,false
113,64,Growth_Arrest,false,true,true
87,73,Proliferation,true,true,true
61,73,Proliferation,true,false,false
36,68,Proliferation,true,true,false
83,87,Growth_Arrest,false,false,true
51,95,Growth_Arrest,false,false,true
120,63,Proliferation,true,false,false
121,82,Proliferation,true,true,true
81,34,Proliferation,true,true,true
78,109,Growth_Arrest,false,true,false
64,102,Growth_Arrest,false,false,true
84,117,Proliferation,true,false,true
108,60,Proliferation,true,false,true
87,56,Proliferation,true,false,true
34,57,Proliferation,true,true,true
48,67,Growth_Arrest,false,false,false
40,75,Growth_Arrest,false,true,true
91,106,Proliferation,true,true,false
75,72,Proliferation,true,false,true
66,100,Proliferation,true,true,true
63,51,Growth_Arrest,false,true,false
103,86,Proliferation,true,true,false
55,57,Growth_Arrest,false,false,false
55,100,Growth_Arrest,false,true,false
74,51,Proliferation,true,true,true
115,77,Proliferation,true,false,true
53,80,Growth_Arrest,false,false,true
102,41,Proliferation,true,false,false
69,39,Proliferation,true,true,false
50,76,Growth_Arrest,false,true,false
75,31,Growth_Arrest,false,true,false
72,80,Proliferation,true,true,true
51,54,Growth_Arrest,false,false,false
65,50,Proliferation,true,false,false
41,66,Growth_Arrest,false,false,true
102,54,Proliferation,true,true,false
96,60,Proliferation,true,false,true
82,99,Growth_Arrest,false,true,true
65,110,Proliferation,true,true,false
51,77,Proliferation,true,false,true
76,92,Proliferation,true,false,false
68,58,Growth_Arrest,false,false,false
31,62,Growth_Arrest,false,true,false
57,70,Proliferation,true,false,false
63,35,Growth_Arrest,false,true,true
104,39,Proliferation,true,true,false
50,64,Proliferation,true,false,true
83,118,Proliferation,true,true,false
37,56,Growth_Arrest,false,false,false
110,70,Growth_Arrest,false,true,false
105,47,Growth_Arrest,false,false,true
70,50,Proliferation,true,false,false
78,95,Proliferation,true,true,true
48,80,Proliferation,true,true,true
65,80,Proliferation,true,true,false
90,107,Proliferation,true,true,true
66,110,Proliferation,true,true,false
111,96,Growth_Arrest,false,false,true
109,72,Proliferation,true,true,false
60,50,Proliferation,true,true,false
46,59,Proliferation,true,true,true
33,64,Proliferation,true,false,true
63,47,Growth_Arrest,false,false,true
55,43,Proliferation,true,false,false
97,88,Proliferation,true,true,false
75,74,Proliferation,true,true,true
39,61,Growth_Arrest,false,true,true
48,54,Proliferation,true,true,false
104,94,Proliferation,true,true,true
120,73,Proliferation,true,false,false
52,43,Growth_Arrest,false,true,false
48,107,Growth_Arrest,false,false,true
51,82,Proliferation,true,false,true
81,92,Proliferation,true,false,false
35,74,Proliferation,true,false,false
51,107,Growth_Arrest,false,false,true
88,94,Growth_Arrest,false,false,true
83,107,Growth_Arrest,false,false,false
63,86,Proliferation,true,false,false
53,115,Proliferation,true,false,true
50,98,Growth_Arrest,false,true,true
84,106,Proliferation,true,true,false
70,104,Proliferation,true,false,false
62,118,Growth_Arrest,false,false,false
114,59,Growth_Arrest,false,true,true
114,77,Growth_Arrest,false,true,true
93,50,Proliferation,true,true,true
89,100,Proliferation,true,false,true
97,50,Proliferation,true,false,false
58,41,Growth_Arrest,false,true,true
118,57,Growth_Arrest,false,true,false
93,79,Proliferation,true,false,true
59,96,Proliferation,true,false,true
39,90,Proliferation,true,true,false
40,72,Growth_Arrest,false,true,false
108,75,Growth_Arrest,false,false,false
84,74,Proliferation,true,false,false
77,47,Proliferation,true,false,false
69,88,Proliferation,true,true,false
97,113,Proliferation,true,true,true
83,104,Proliferation,true,false,true
90,97,Proliferation,true,true,false
85,42,Growth_Arrest,false,true,true
37,81,Proliferation,true,false,false
67,110,Growth_Arrest,false,false,true
71,118,Proliferation,true,true,false
58,74,Growth_Arrest,false,false,true
92,32,Growth_Arrest,false,false,false
111,59,Proliferation,true,true,true
88,37,Proliferation,true,true,false
93,56,Proliferation,true,true,true
100,65,Proliferation,true,true,false
59,115,Proliferation,true,true,false
76,86,Proliferation,true,true,false
75,87,Proliferation,true,true,false
60,65,Proliferation,true,false,true
70,112,Proliferation,true,true,false
48,111,Growth_Arrest,false,true,false
100,61,Proliferation,true,false,false
114,97,Growth_Arrest,false,true,false
74,57,Proliferation,true,true,false
59,104,Growth_Arrest,false,false,true
96,53,Proliferation,true,true,true
40,48,Proliferation,true,true,true
100,86,Growth_Arrest,false,false,false
61,88,Proliferation,true,false,true
57,40,Proliferation,true,false,false
110,73,Proliferation,true,false,true
90,113,Proliferation,true,false,true
35,98,Proliferation,true,true,true
113,97,Growth_Arrest,false,true,true
88,97,Growth_Arrest,false,true,false
103,111,Proliferation,true,false,true
113,54,Proliferation,true,true,true
51,62,Proliferation,true,true,false
60,99,Proliferation,true,true,false
92,48,Proliferation,true,true,true
55,35,Growth_Arrest,false,false,true
80,115,Growth_Arrest,false,true,true
67,34,Proliferation,true,true,false
106,60,Proliferation,true,false,false
74,55,Growth_Arrest,false,true,true
101,98,Proliferation,true,true,false
112,75,Proliferation,true,false,false
76,118,Proliferation,true,false,true
39,64,Proliferation,true,false,true
81,110,Proliferation,true,true,true
77,103,Proliferation,true,false,false
88,47,Proliferation,true,true,false
86,79,Growth_Arrest,false,true,true
78,45,Growth_Arrest,false,false,true
64,70,Growth_Arrest,false,true,true
61,85,Growth_Arrest,false,true,true
85,57,Proliferation,true,false,false
117,83,Proliferation,true,false,false
44,57,Proliferation,true,false,false
76,52,Proliferation,true,true,false
86,40,Proliferation,true,false,true
29,63,Proliferation,true,true,false
86,59,Proliferation,true,false,true
71,71,Growth_Arrest,false,false,false
97,56,Proliferation,true,true,false
97,90,Proliferation,true,false,false
61,36,Proliferation,true,true,true
46,103,Proliferation,true,false,false
54,86,Proliferation,true,false,false
54,109,Proliferation,true,false,true
44,62,Growth_Arrest,false,false,false
54,110,Growth_Arrest,false,true,true
42,95,Proliferation,true,false,false
54,52,Proliferation,true,true,false
84,70,Growth_Arrest,false,false,true
105,88,Proliferation,true,false,false
41,105,Proliferation,true,false,false
40,61,Growth_Arrest,false,true,true
42,99,Proliferation,true,true,false
85,109,Proliferation,true,false,false
56,98,Proliferation,true,true,false
110,57,Proliferation,true,true,false
71,69,Proliferation,true,false,false
30,62,Proliferation,true,true,true
34,84,Proliferation,true,false,true
101,86,Proliferation,true,false,false
60,42,Proliferation,true,false,false
49,88,Proliferation,true,true,false
42,108,Proliferation,true,true,false
61,80,Growth_Arrest,false,true,false
65,57,Growth_Arrest,false,true,true
103,40,Proliferation,true,false,false
45,50,Proliferation,true,false,false
38,47,Proliferation,true,false,false
81,46,Proliferation,true,true,false
66,34,Growth_Arrest,false,true,false
64,36,Proliferation,true,false,true
98,61,Proliferation,true,true,true
68,99,Proliferation,true,false,false
79,110,Growth_Arrest,false,true,false
56,92,Proliferation,true,true,false
82,80,Proliferation,true,false,true
78,117,Proliferation,true,true,false
104,45,Proliferation,true,false,true
86,110,Proliferation,true,true,true
115,91,Proliferation,true,false,true
88,48,Proliferation,true,true,true
118,69,Proliferation,true,true,false
68,84,Proliferation,true,false,false
53,43,Proliferation,true,true,false
72,105,Proliferation,true,false,true
101,110,Proliferation,true,true,false
75,51,Proliferation,true,true,false
57,64,Proliferation,true,true,true
112,84,Proliferation,true,true,false
93,63,Proliferation,true,true,true
54,64,Proliferation,true,true,true
106,58,Growth_Arrest,false,false,true
83,102,Proliferation,true,false,true
76,104,Proliferation,true,true,false
47,59,Growth_Arrest,false,false,false
90,33,Proliferation,true,false,true
67,91,Proliferation,true,true,false
89,44,Proliferation,true,true,true
43,52,Proliferation,true,false,true
51,51,Proliferation,true,true,true
85,49,Proliferation,true,false,true
76,30,Growth_Arrest,false,true,true
68,73,Proliferation,true,true,false
112,46,Proliferation,true,false,true
51,63,Proliferation,true,false,false
85,93,Proliferation,true,true,false
67,73,Proliferation,true,false,true
75,100,Proliferation,true,false,false
78,37,Proliferation,true,false,false
53,60,Growth_Arrest,false,false,true
78,53,Proliferation,true,false,true
86,118,Proliferation,true,false,false
66,95,Proliferation,true,false,false
71,102,Proliferation,true,true,false
103,41,Growth_Arrest,false,true,true
72,46,Proliferation,true,true,false
44,39,Growth_Arrest,false,false,true
51,64,Growth_Arrest,false,false,false
114,63,Growth_Arrest,false,true,false
75,81,Proliferation,true,false,true
114,82,Proliferation,true,true,false
62,91,Proliferation,true,true,true
100,114,Proliferation,true,true,false
57,88,Proliferation,true,true,true
59,95,Growth_Arrest,false,true,true
34,90,Proliferation,true,true,false
121,74,Proliferation,true,true,false
87,85,Proliferation,true,true,false
94,72,Proliferation,true,false,false
77,85,Proliferation,true,true,false
62,31,Growth_Arrest,false,true,true
50,86,Proliferation,true,true,true
80,66,Growth_Arrest,false,false,false
38,52,Proliferation,true,false,true
97,96,Proliferation,true,true,true
82,85,Proliferation,true,false,true
70,51,Growth_Arrest,false,true,true
80,52,Proliferation,true,false,false
101,81,Growth_Arrest,false,true,true
89,62,Proliferation,true,true,false
112,86,Proliferation,true,false,false
52,111,Proliferation,true,false,true
78,41,Proliferation,true,true,false
77,105,Proliferation,true,false,true
106,100,Growth_Arrest,false,false,false
98,68,Proliferation,true,true,true
28,75,Proliferation,true,false,true
100,92,Proliferation,true,true,true
102,106,Proliferation,true,true,true
88,58,Growth_Arrest,false,false,true
107,53,Proliferation,true,true,true
105,93,Proliferation,true,true,false
38,69,Growth_Arrest,false,false,true
43,79,Proliferation,true,false,false
101,96,Proliferation,true,true,true
47,110,Proliferation,true,false,false
87,120,Growth_Arrest,false,true,true
98,48,Growth_Arrest,false,false,true
92,82,Proliferation,true,false,true
84,53,Proliferation,true,false,false
52,92,Proliferation,true,true,true
77,95,Growth_Arrest,false,true,false
49,100,Proliferation,true,true,false
59,56,Proliferation,true,true,true
109,91,Growth_Arrest,false,false,false
78,111,Proliferation,true,true,false
69,114,Proliferation,true,false,true
100,56,Growth_Arrest,false,false,true
71,81,Proliferation,true,false,false
105,65,Proliferation,true,false,true
80,51,Proliferation,true,false,false
40,84,Proliferation,true,true,false
49,94,Growth_Arrest,false,true,false
105,63,Proliferation,true,true,false
88,102,Proliferation,true,false,true
87,67,Growth_Arrest,false,true,true
98,87,Proliferation,true,false,true
71,105,Proliferation,true,false,true
52,41,Proliferation,true,true,true
53,111,Proliferation,true,true,true
42,55,Proliferation,true,false,false
107,66,Proliferation,true,false,true
61,105,Proliferation,true,true,false
44,42,Growth_Arrest,false,false,true
88,61,Proliferation,true,true,true
103,84,Proliferation,true,false,false
41,99,Proliferation,true,true,true
66,79,Proliferation,true,false,true
102,50,Growth_Arrest,false,true,false
80,117,Proliferation,true,true,false
113,87,Growth_Arrest,false,true,true
79,49,Proliferation,true,true,true
111,53,Proliferation,true,false,false
74,48,Proliferation,true,true,false
77,114,Proliferation,true,false,false
111,76,Proliferation,true,false,true
53,69,Growth_Arrest,false,false,false
61,41,Growth_Arrest,false,true,false
51,113,Proliferation,true,true,true
45,70,Proliferation,true,true,false
36,85,Growth_Arrest,false,false,false
49,111,Growth_Arrest,false,true,false
81,116,Proliferation,true,false,false
32,66,Proliferation,true,true,false
83,69,Growth_Arrest,false,true,false
80,88,Proliferation,true,true,true
62,61,Proliferation,true,true,true
72,108,Growth_Arrest,false,false,true
119,72,Proliferation,true,true,false
48,112,Proliferation,true,false,false
93,116,Proliferation,true,true,false
72,101,Growth_Arrest,false,false,true
64,80,Proliferation,true,true,false
36,101,Growth_Arrest,false,false,false
90,87,Proliferation,true,false,true
85,90,Proliferation,true,false,true
118,64,Growth_Arrest,false,true,false
79,120,Proliferation,true,false,false
84,77,Growth_Arrest,false,true,false
98,86,Growth_Arrest,false,false,true
89,109,Proliferation,true,true,false
93,46,Proliferation,true,true,false
48,88,Proliferation,true,true,true
84,29,Proliferation,true,false,true
99,87,Proliferation,true,true,true
75,79,Growth_Arrest,false,false,false
91,62,Proliferation,true,true,false
86,71,Growth_Arrest,false,false,true
74,58,Growth_Arrest,false,false,false
94,98,Growth_Arrest,false,false,false
120,86,Growth_Arrest,false,false,true
111,90,Proliferation,true,true,false
50,40,Proliferation,true,false,true
64,77,Growth_Arrest,false,true,false
87,63,Growth_Arrest,false,true,false
38,103,Growth_Arrest,false,true,false
113,51,Proliferation,true,false,false
108,69,Proliferation,true,false,true
55,79,Proliferation,true,false,false
87,76,Growth_Arrest,false,false,false
121,80,Proliferation,true,true,false
117,68,Proliferation,true,true,true
71,50,Proliferation,true,false,true
50,99,Growth_Arrest,false,false,false
45,84,Proliferation,true,false,false
71,44,Growth_Arrest,false,true,false
119,74,Growth_Arrest,false,true,true
38,55,Proliferation,true,false,false
66,103,Proliferation,true,false,true
48,36,Proliferation,true,false,false
80,80,Growth_Arrest,false,true,false
112,82,Proliferation,true,false,false
70,47,Proliferation,true,true,true
89,70,Proliferation,true,true,true
86,52,Proliferation,true,true,true
55,70,Growth_Arrest,false,true,true
59,109,Proliferation,true,true,false
43,45,Growth_Arrest,false,false,true
83,48,Growth_Arrest,false,true,true
98,44,Growth_Arrest,false,false,false
63,56,Growth_Arrest,false,true,false
73,74,Proliferation,true,true,false
65,100,Proliferation,true,true,false
103,64,Proliferation,true,false,true
71,95,Growth_Arrest,false,true,true
70,115,Proliferation,true,true,false
113,84,Proliferation,true,true,true
86,115,Growth_Arrest,false,true,false
108,42,Proliferation,true,false,false
94,103,Growth_Arrest,false,true,false
115,72,Proliferation,true,true,false
89,66,Proliferation,true,true,false
91,112,Proliferation,true,true,false
47,79,Growth_Arrest,false,true,true
56,54,Proliferation,true,true,true
56,56,Proliferation,true,false,false
92,98,Proliferation,true,false,false
91,111,Proliferation,true,true,true
60,106,Growth_Arrest,false,false,true
78,48,Proliferation,true,true,true
92,62,Growth_Arrest,false,true,false
60,40,Proliferation,true,true,true
88,34,Proliferation,true,true,false
41,60,Proliferation,true,false,false
99,107,Growth_Arrest,false,false,false
95,107,Growth_Arrest,false,false,true
75,94,Proliferation,true,true,false
86,87,Proliferation,true,false,false
47,105,Proliferation,true,false,true
38,84,Growth_Arrest,false,false,false
35,63,Growth_Arrest,false,true,true
119,90,Proliferation,true,false,true
83,35,Proliferation,true,true,true
34,97,Proliferation,true,false,true
78,33,Proliferation,true,true,true
43,95,Proliferation,true,true,false
101,69,Proliferation,true,false,false
74,40,Growth_Arrest,false,true,false
79,33,Proliferation,true,true,false
85,32,Growth_Arrest,false,true,true
72,34,Proliferation,true,false,false
54,93,Proliferation,true,true,true
82,35,Growth_Arrest,false,true,true
84,94,Proliferation,true,false,true
66,56,Proliferation,true,false,false
64,113,Growth_Arrest,false,true,false
66,87,Proliferation,true,true,true
60,39,Proliferation,true,false,true
36,98,Proliferation,true,true,false
112,51,Proliferation,true,false,true
120,64,Growth_Arrest,false,false,true
44,47,Proliferation,true,true,true
110,82,Proliferation,true,true,true
75,71,Growth_Arrest,false,false,false
78,60,Growth_Arrest,false,true,false
79,99,Proliferation,true,true,false
90,48,Proliferation,true,false,true
51,49,Proliferation,true,false,false
31,86,Proliferation,true,true,false
93,106,Proliferation,true,true,false
33,92,Growth_Arrest,false,false,false
87,87,Proliferation,true,true,true
88,100,Proliferation,true,false,false
83,80,Proliferation,true,true,false
68,41,Proliferation,true,true,false
117,59,Growth_Arrest,false,true,false
58,93,Proliferation,true,false,true
77,96,Growth_Arrest,false,false,true
87,103,Proliferation,true,false,false
77,28,Growth_Arrest,false,true,true
55,42,Proliferation,true,false,true
44,89,Proliferation,true,true,true
46,38,Proliferation,true,true,true
39,101,Proliferation,true,true,true
90,117,Proliferation,true,true,true
100,78,Growth_Arrest,false,false,false
94,97,Proliferation,true,true,false
81,32,Growth_Arrest,false,true,false
73,55,Proliferation,true,true,false
82,73,Proliferation,true,true,true
81,83,Proliferation,true,true,true
81,41,Proliferation,true,false,false
89,95,Proliferation,true,true,true
86,44,Proliferation,true,false,true
57,98,Proliferation,true,false,true
54,82,Proliferation,true,true,false
92,100,Growth_Arrest,false,true,false
98,99,Proliferation,true,false,false
100,87,Growth_Arrest,false,false,false
58,79,Proliferation,true,false,false
77,121,Proliferation,true,false,true
104,81,Proliferation,true,false,false
77,41,Proliferation,true,false,false
35,93,Growth_Arrest,false,true,false
108,73,Proliferation,true,true,true
66,90,Proliferation,true,true,false
52,52,Proliferation,true,false,true
47,56,Growth_Arrest,false,true,true
103,56,Growth_Arrest,false,false,false
73,94,Proliferation,true,true,false
119,79,Proliferation,true,false,false
29,74,Proliferation,true,false,false
41,107,Proliferation,true,true,false
85,118,Proliferation,true,false,false
107,106,Proliferation,true,false,true
59,89,Growth_Arrest,false,false,true
75,65,Proliferation,true,false,false
102,58,Proliferation,true,true,true
56,35,Proliferation,true,false,true
92,97,Proliferation,true,false,true
52,105,Proliferation,true,false,true
39,100,Growth_Arrest,false,false,true
50,47,Proliferation,true,false,false
56,50,Proliferation,true,false,false
93,66,Proliferation,true,false,false
47,82,Growth_Arrest,false,false,true
63,61,Proliferation,true,true,true
104,66,Proliferation,true,false,true
61,61,Proliferation,true,true,false
72,120,Proliferation,true,false,false
78,59,Proliferation,true,false,true
106,79,Proliferation,true,false,false
98,77,Proliferation,true,false,false
72,70,Growth_Arrest,false,true,false
58,39,Growth_Arrest,false,true,true
66,116,Proliferation,true,true,true
102,101,Proliferation,true,false,true
34,55,Proliferation,true,true,true
75,33,Proliferation,true,false,false
57,62,Proliferation,true,true,true
61,64,Proliferation,true,false,true
115,79,Growth_Arrest,false,true,true
101,44,Growth_Arrest,false,false,true
75,102,Proliferation,true,true,true
89,112,Growth_Arrest,false,false,true
102,80,Proliferation,true,false,true
102,72,Proliferation,true,true,true
58,35,Proliferation,true,true,true
73,103,Proliferation,true,true,false
85,31,Proliferation,true,false,false
76,37,Growth_Arrest,false,false,false
72,77,Proliferation,true,false,true
66,76,Growth_Arrest,false,true,false
57,35,Growth_Arrest,false,true,true
79,119,Growth_Arrest,false,true,false
99,55,Proliferation,true,false,true
41,82,Proliferation,true,false,false
75,61,Proliferation,true,true,true
83,65,Growth_Arrest,false,true,false
56,38,Growth_Arrest,false,true,false
40,89,Proliferation,true,true,true
85,87,Proliferation,true,false,false
91,75,Proliferation,true,false,true
91,77,Growth_Arrest,false,false,true
59,101,Proliferation,true,false,true
56,103,Proliferation,true,false,true
60,52,Proliferation,true,true,false
90,109,Proliferation,true,false,true
96,96,Growth_Arrest,false,true,true
100,40,Proliferation,true,false,true
104,55,Growth_Arrest,false,false,true
110,78,Proliferation,true,false,false
80,38,Growth_Arrest,false,false,false
94,59,Proliferation,true,true,false
89,87,Proliferation,true,false,true
35,80,Growth_Arrest,false,true,true
89,47,Growth_Arrest,false,false,true
102,65,Proliferation,true,false,true
87,31,Proliferation,true,false,true
93,64,Proliferation,true,true,true
68,64,Growth_Arrest,false,false,false
62,110,Proliferation,true,true,true
91,49,Growth_Arrest,false,false,false
61,99,Growth_Arrest,false,false,true
80,82,Proliferation,true,false,false
80,96,Growth_Arrest,false,false,true
67,112,Growth_Arrest,false,true,true
73,118,Proliferation,true,true,true
73,37,Growth_Arrest,false,false,false
111,104,Proliferation,true,true,true
32,60,Growth_Arrest,false,true,true
97,47,Proliferation,true,false,false
72,91,Growth_Arrest,false,true,false
68,87,Proliferation,true,true,false
73,67,Proliferation,true,false,true
50,55,Proliferation,true,false,true
57,81,Proliferation,true,false,true
44,69,Proliferation,true,true,true
60,108,Proliferation,true,false,false
34,68,Proliferation,true,false,false
39,97,Proliferation,true,false,false
64,55,Proliferation,true,true,true
86,97,Proliferation,true,true,true
80,49,Growth_Arrest,false,true,true
35,69,Proliferation,true,true,true
91,58,Proliferation,true,false,true
85,115,Proliferation,true,false,false
65,58,Growth_Arrest,false,false,true
110,45,Growth_Arrest,false,true,false
86,103,Proliferation,true,false,false
98,59,Proliferation,true,true,true
118,77,Proliferation,true,true,true
108,84,Proliferation,true,false,true
49,53,Growth_Arrest,false,false,false
102,40,Proliferation,true,false,false
41,47,Growth_Arrest,false,true,false
64,54,Proliferation,true,true,false
66,97,Proliferation,true,false,true
121,81,Proliferation,true,true,false
43,96,Proliferation,true,false,true
121,67,Growth_Arrest,false,false,true
97,84,Growth_Arrest,false,false,true
38,61,Proliferation,true,true,true
98,84,Proliferation,true,true,false
101,108,Growth_Arrest,false,false,false
95,103,Growth_Arrest,false,false,false
119,87,Proliferation,true,true,true
52,53,Proliferation,true,true,false
85,103,Proliferation,true,false,false
80,83,Proliferation,true,false,false
84,97,Proliferation,true,true,false
44,59,Proliferation,true,false,true
84,38,Growth_Arrest,false,true,true
108,63,Proliferation,true,false,true
88,83,Proliferation,true,true,true
77,58,Proliferation,true,false,true
107,94,Growth_Arrest,false,false,true
114,56,Proliferation,true,false,false
54,102,Proliferation,true,true,true
58,47,Proliferation,true,false,true
39,66,Proliferation,true,false,true
87,50,Proliferation,true,true,true
96,59,Proliferation,true,false,true
55,54,Proliferation,true,false,true
108,70,Proliferation,true,false,false
73,115,Proliferation,true,true,false
100,84,Proliferation,true,false,false
31,82,Growth_Arrest,false,true,true
97,77,Growth_Arrest,false,true,true
86,36,Proliferation,true,true,true
53,73,Growth_Arrest,false,true,false
115,89,Proliferation,true,false,true
76,38,Proliferation,true,true,true
60,47,Growth_Arrest,false,false,false
105,77,Proliferation,true,true,false
109,57,Growth_Arrest,false,true,true
63,100,Proliferation,true,true,true
109,52,Growth_Arrest,false,false,true
32,68,Growth_Arrest,false,true,false
75,50,Growth_Arrest,false,false,true
95,44,Proliferation,true,true,false
29,80,Proliferation,true,true,true
116,79,Proliferation,true,true,false
45,92,Proliferation,true,false,true
82,97,Growth_Arrest,false,false,true
105,71,Growth_Arrest,false,true,true
40,45,Proliferation,true,true,true
54,68,Proliferation,true,true,false
50,84,Growth_Arrest,false,true,false
88,89,Proliferation,true,true,true
56,61,Proliferation,true,true,false
104,84,Proliferation,true,false,false
116,75,Proliferation,true,false,true
114,81,Growth_Arrest,false,false,true
90,65,Proliferation,true,true,true
75,28,Growth_Arrest,false,false,false
98,64,Proliferation,true,false,false
63,87,Growth_Arrest,false,false,true
94,37,Proliferation,true,true,true
118,72,Growth_Arrest,false,false,true
97,76,Growth_Arrest,false,true,false
109,96,Proliferation,true,false,true
107,65,Proliferation,true,true,false
99,100,Growth_Arrest,false,true,true
69,34,Proliferation,true,false,true
117,88,Proliferation,true,false,false
69,75,Proliferation,true,true,true
82,121,Growth_Arrest,false,true,true
90,51,Growth_Arrest,false,false,false
91,59,Proliferation,true,false,true
96,68,Growth_Arrest,false,true,true
92,35,Proliferation,true,false,true
106,92,Proliferation,true,false,true
32,84,Growth_Arrest,false,false,false
47,77,Growth_Arrest,false,true,false
63,42,Proliferation,true,false,true
89,61,Growth_Arrest,false,true,true
105,108,Growth_Arrest,false,true,true
58,88,Proliferation,true,false,true
83,85,Proliferation,true,true,false
67,81,Proliferation,true,true,false
79,107,Growth_Arrest,false,false,true
110,62,Proliferation,true,false,true
95,34,Proliferation,true,false,true
85,44,Proliferation,true,false,true
103,57,Proliferation,true,true,true
52,56,Proliferation,true,false,true
74,103,Growth_Arrest,false,false,true
74,64,Growth_Arrest,false,false,true
91,88,Proliferation,true,true,false
39,67,Growth_Arrest,false,false,true
67,109,Proliferation,true,true,false
112,64,Growth_Arrest,false,true,false
81,47,Proliferation,true,false,true
65,36,Growth_Arrest,false,true,false
52,58,Proliferation,true,true,false
82,112,Proliferation,true,false,false
81,73,Proliferation,true,false,false
70,111,Proliferation,true,true,false
93,81,Growth_Arrest,false,false,false
109,97,Proliferation,true,false,false
34,95,Proliferation,true,true,true
54,67,Proliferation,true,true,false
43,57,Proliferation,true,false,false
71,65,Proliferation,true,false,true
112,99,Proliferation,true,true,true
90,31,Proliferation,true,true,false
113,61,Growth_Arrest,false,true,false
56,57,Proliferation,true,true,true
90,86,Growth_Arrest,false,false,false
113,82,Growth_Arrest,false,false,false
36,50,Growth_Arrest,false,false,true
56,95,Proliferation,true,false,false
37,59,Growth_Arrest,false,true,false
33,77,Proliferation,true,false,true
102,88,Proliferation,true,true,false
85,98,Proliferation,true,true,true
45,72,Growth_Arrest,false,false,true
80,63,Proliferation,true,false,true
79,65,Proliferation,true,false,true
44,74,Proliferation,true,false,true
75,63,Proliferation,true,true,false
54,37,Growth_Arrest,false,false,true
66,55,Proliferation,true,false,false
59,100,Proliferation,true,false,false
60,33,Growth_Arrest,false,true,false
33,62,Growth_Arrest,false,false,false
111,101,Proliferation,true,true,false
35,52,Proliferation,true,false,false
57,100,Proliferation,true,false,true
83,81,Growth_Arrest,false,false,true
77,53,Proliferation,true,true,false
108,96,Proliferation,true,false,true
65,112,Growth_Arrest,false,true,false
33,53,Proliferation,true,true,false
41,78,Proliferation,true,false,false
80,59,Growth_Arrest,false,true,true
92,73,Proliferation,true,true,true
106,54,Growth_Arrest,false,false,true
78,80,Proliferation,true,false,false
109,73,Proliferation,true,false,false
70,97,Proliferation,true,true,false
121,72,Growth_Arrest,false,true,false
79,105,Proliferation,true,false,false
69,86,Proliferation,true,true,false
62,83,Proliferation,true,true,false
105,90,Proliferation,true,true,false
38,91,Growth_Arrest,false,true,false
77,87,Growth_Arrest,false,false,true
89,96,Proliferation,true,false,true
92,33,Proliferation,true,false,false
70,44,Proliferation,true,false,true
109,84,Growth_Arrest,false,true,false
71,84,Proliferation,true,true,false
114,49,Proliferation,true,false,false
112,67,Proliferation,true,true,true
75,107,Proliferation,true,false,true
78,76,Proliferation,true,true,false
86,111,Growth_Arrest,false,true,false
68,59,Proliferation,true,true,false
53,45,Proliferation,true,true,false
48,49,Proliferation,true,true,false
95,100,Growth_Arrest,false,false,true
64,73,Growth_Arrest,false,true,false
107,90,Proliferation,true,false,true
80,28,Proliferation,true,true,false
109,54,Proliferation,true,true,true
97,87,Proliferation,true,true,true
104,71,Proliferation,true,false,true
87,39,Proliferation,true,false,true
102,87,Growth_Arrest,false,false,false
110,69,Growth_Arrest,false,false,false
92,113,Proliferation,true,false,false
35,86,Proliferation,true,true,true
95,41,Proliferation,true,true,true
62,60,Growth_Arrest,false,false,false
108,97,Proliferation,true,true,true
62,114,Proliferation,true,true,true
107,87,Growth_Arrest,false,false,false
85,73,Proliferation,true,false,false
75,64,Proliferation,true,false,true
83,37,Growth_Arrest,false,false,true
82,64,Growth_Arrest,false,false,false
29,82,Growth_Arrest,false,true,true
82,82,Proliferation,true,false,true
116,70,Proliferation,true,false,false
113,79,Proliferation,true,false,true
70,84,Growth_Arrest,false,true,true
88,69,Growth_Arrest,false,false,false
109,88,Growth_Arrest,false,false,false
43,60,Proliferation,true,true,true
101,47,Proliferation,true,false,false
88,71,Proliferation,true,false,true
69,57,Proliferation,true,false,false
37,97,Growth_Arrest,false,false,true
100,107,Growth_Arrest,false,false,false
109,92,Growth_Arrest,false,true,false
76,72,Growth_Arrest,false,true,false
113,68,Proliferation,true,true,true
104,103,Proliferation,true,false,true
46,53,Proliferation,true,true,true
114,58,Growth_Arrest,false,true,false
31,76,Proliferation,true,true,false
88,119,Proliferation,true,true,false
45,79,Proliferation,true,true,true
94,70,Proliferation,true,false,true
72,59,Proliferation,true,false,true
106,71,Growth_Arrest,false,true,false
101,53,Growth_Arrest,false,true,false
91,55,Proliferation,true,false,false
54,115,Growth_Arrest,false,false,true
121,79,Proliferation,true,false,true
100,37,Growth_Arrest,false,true,true
112,62,Proliferation,true,false,true
61,75,Proliferation,true,false,false
95,54,Proliferation,true,false,true
32,76,Proliferation,true,false,false
41,91,Growth_Arrest,false,true,false
87,93,Growth_Arrest,false,false,false
45,65,Proliferation,true,false,true
79,29,Growth_Arrest,false,false,false
99,103,Proliferation,true,true,true
62,79,Growth_Arrest,false,false,true
41,56,Proliferation,true,false,false
86,78,Proliferation,true,false,false
67,83,Proliferation,true,false,false
101,56,Growth_Arrest,false,false,true
66,40,Proliferation,true,true,true
107,56,Proliferation,true,true,false
58,112,Growth_Arrest,false,false,false
66,38,Proliferation,true,true,false
57,56,Proliferation,true,false,false
110,83,Proliferation,true,true,false
93,88,Growth_Arrest,false,false,false
66,93,Proliferation,true,true,true
86,81,Proliferation,true,true,false
85,80,Growth_Arrest,false,false,true
109,76,Proliferation,true,false,true
101,51,Proliferation,true,false,true
108,78,Growth_Arrest,false,true,true
114,62,Proliferation,true,true,true
42,88,Proliferation,true,true,true
100,104,Proliferation,true,false,true
61,63,Growth_Arrest,false,true,true
43,68,Growth_Arrest,false,false,true
60,32,Proliferation,true,false,false
53,42,Proliferation,true,true,false
109,81,Proliferation,true,false,false
81,44,Growth_Arrest,false,true,true
38,48,Proliferation,true,false,false
93,102,Proliferation,true,false,true
109,55,Growth_Arrest,false,true,false
80,68,Proliferation,true,false,true
79,54,Proliferation,true,true,false
89,115,Proliferation,true,true,false
95,33,Proliferation,true,false,true
107,64,Proliferation,true,true,true
108,59,Proliferation,true,false,true
112,55,Proliferation,true,true,false
63,80,Growth_Arrest,false,true,false
40,59,Growth_Arrest,false,false,false
72,38,Proliferation,true,true,false
117,60,Proliferation,true,true,true
105,74,Proliferation,true,false,true
90,92,Growth_Arrest,false,false,false
69,103,Growth_Arrest,false,false,false
105,81,Proliferation,true,true,false
50,46,Proliferation,true,true,false
118,66,Proliferation,true,true,true
62,102,Proliferation,true,false,false
50,60,Proliferation,true,false,false
92,87,Proliferation,true,false,true
103,61,Proliferation,true,true,false
119,84,Proliferation,true,true,true
78,54,Growth_Arrest,false,false,false
68,80,Proliferation,true,false,false
86,89,Proliferation,true,true,false
112,70,Proliferation,true,true,true
112,65,Proliferation,true,false,false
74,114,Proliferation,true,false,true
105,94,Proliferation,true,false,true
65,55,Growth_Arrest,false,false,true
100,68,Proliferation,true,true,false
53,96,Proliferation,true,false,false
88,76,Growth_Arrest,false,false,false
116,69,Proliferation,true,false,false
90,111,Growth_Arrest,false,true,false
82,33,Growth_Arrest,false,false,false
94,33,Growth_Arrest,false,false,false
41,89,Proliferation,true,false,true
65,116,Growth_Arrest,false,false,true
50,112,Proliferation,true,false,true
79,72,Growth_Arrest,false,true,true
72,68,Proliferation,true,false,true
36,92,Growth_Arrest,false,false,false
87,77,Proliferation,true,true,true
30,72,Proliferation,true,true,false
53,99,Proliferation,true,true,false
81,55,Growth_Arrest,false,false,true
81,93,Growth_Arrest,false,true,true
109,77,Proliferation,true,true,true
79,39,Growth_Arrest,false,false,true
93,61,Proliferation,true,false,false
89,94,Growth_Arrest,false,true,true
70,85,Proliferation,true,false,true
41,75,Growth_Arrest,false,false,true
96,48,Proliferation,true,true,true
117,92,Growth_Arrest,false,false,true
50,85,Growth_Arrest,false,false,false
46,43,Proliferation,true,true,true
46,63,Proliferation,true,false,true
45,85,Proliferation,true,false,true
90,91,Growth_Arrest,false,true,false
73,75,Proliferation,true,false,true
40,105,Proliferation,true,true,false
118,83,Growth_Arrest,false,true,true
85,89,Growth_Arrest,false,false,false
32,85,Proliferation,true,true,false
113,86,Proliferation,true,false,true
71,45,Growth_Arrest,false,false,false
117,73,Growth_Arrest,false,false,false
76,49,Proliferation,true,false,true
49,50,Proliferation,true,true,true
88,101,Growth_Arrest,false,false,true
108,95,Proliferation,true,false,false
70,53,Growth_Arrest,false,true,true
102,74,Growth_Arrest,false,false,true
93,45,Growth_Arrest,false,false,false
31,92,Growth_Arrest,false,true,true
62,87,Growth_Arrest,false,true,true
85,101,Proliferation,true,true,false
37,99,Growth_Arrest,false,true,true
62,101,Proliferation,true,false,true
50,92,Proliferation,true,false,false
88,36,Growth_Arrest,false,true,false
69,61,Proliferation,true,false,true
86,91,Proliferation,true,true,false
84,40,Proliferation,true,true,true
95,110,Proliferation,true,true,true
64,76,Proliferation,true,false,false
79,95,Proliferation,true,true,false
38,74,Proliferation,true,true,true
92,68,Growth_Arrest,false,false,true
99,95,Proliferation,true,true,true
75,120,Proliferation,true,true,true
78,38,Proliferation,true,false,false
64,94,Proliferation,true,false,false
32,57,Proliferation,true,true,true
82,72,Proliferation,true,false,false
74,79,Growth_Arrest,false,false,false
57,45,Proliferation,true,false,false
43,91,Growth_Arrest,false,false,true
89,86,Proliferation,true,true,true
41,76,Proliferation,true,true,false
84,62,Proliferation,true,false,true
56,55,Proliferation,true,false,false
70,116,Proliferation,true,true,false
43,90,Growth_Arrest,false,false,true
90,106,Proliferation,true,true,true
34,59,Proliferation,true,false,false
79,45,Growth_Arrest,false,true,false
67,29,Growth_Arrest,false,false,false
46,82,Proliferation,true,true,true
64,62,Proliferation,true,true,true
74,69,Proliferation,true,true,true
52,51,Proliferation,true,false,false
67,111,Proliferation,true,false,false
91,98,Proliferation,true,false,true
80,76,Growth_Arrest,false,true,true
107,91,Proliferation,true,false,true
80,119,Proliferation,true,false,false
73,65,Growth_Arrest,false,true,true
74,97,Proliferation,true,true,false
101,38,Proliferation,true,true,false
66,81,Proliferation,true,false,false
91,72,Proliferation,true,true,true
74,34,Growth_Arrest,false,true,false
81,42,Proliferation,true,false,true
61,52,Proliferation,true,false,true
86,51,Proliferation,true,true,true
90,54,Growth_Arrest,false,true,true
47,80,Proliferation,true,true,true
73,83,Proliferation,true,false,false
90,73,Growth_Arrest,false,true,false
76,98,Growth_Arrest,false,true,false
51,106,Growth_Arrest,false,true,false
91,99,Growth_Arrest,false,true,false
63,33,Proliferation,true,false,true
109,70,Proliferation,true,true,true
108,83,Growth_Arrest,false,false,false
57,34,Proliferation,true,true,false
65,74,Growth_Arrest,false,true,true
71,39,Proliferation,true,false,true
33,67,Growth_Arrest,false,true,false
75,37,Growth_Arrest,false,false,false
29,64,Growth_Arrest,false,true,false
67,39,Growth_Arrest,false,true,false
57,53,Proliferation,true,false,false
81,65,Proliferation,true,false,false
71,82,Growth_Arrest,false,true,false
70,52,Proliferation,true,true,false
73,116,Proliferation,true,false,false
80,93,Proliferation,true,true,false
92,95,Proliferation,true,true,true
69,73,Growth_Arrest,false,false,false
83,63,Growth_Arrest,false,false,false
105,96,Proliferation,true,false,true
95,106,Growth_Arrest,false,false,false
59,65,Proliferation,true,true,false
100,53,Proliferation,true,false,false
77,71,Proliferation,true,true,true
49,58,Proliferation,true,false,false
101,37,Proliferation,true,true,false
62,53,Growth_Arrest,false,false,false
59,92,Proliferation,true,false,false
66,53,Proliferation,true,false,true
93,110,Growth_Arrest,false,true,true
65,64,Proliferation,true,false,true
64,50,Growth_Arrest,false,false,true
66,91,Proliferation,true,false,false
89,76,Growth_Arrest,false,false,true
61,40,Proliferation,true,false,false
83,47,Proliferation,true,true,false
101,49,Proliferation,true,false,true
81,74,Growth_Arrest,false,true,false
44,108,Proliferation,true,true,true
101,73,Proliferation,true,true,true
65,38,Proliferation,true,true,true
59,32,Proliferation,true,false,true
58,83,Proliferation,true,true,false
56,46,Growth_Arrest,false,false,true
100,54,Proliferation,true,false,false
59,85,Proliferation,true,true,false
85,81,Growth_Arrest,false,true,true
84,36,Growth_Arrest,false,true,false
33,88,Growth_Arrest,false,true,true
30,89,Growth_Arrest,false,false,true
79,30,Proliferation,true,false,false
88,86,Proliferation,true,false,false
103,81,Proliferation,true,false,false
47,38,Growth_Arrest,false,true,false
89,108,Growth_Arrest,false,true,true
48,89,Growth_Arrest,false,true,true
83,82,Growth_Arrest,false,true,false
62,69,Proliferation,true,false,true
67,107,Proliferation,true,true,true
86,74,Growth_Arrest,false,false,false
77,33,Growth_Arrest,false,false,false
41,96,Proliferation,true,false,false
94,69,Growth_Arrest,false,false,false
108,46,Proliferation,true,false,false
94,32,Growth_Arrest,false,true,true
106,109,Proliferation,true,false,true
71,98,Proliferation,true,false,false
54,116,Proliferation,true,false,false
62,43,Proliferation,true,false,true
80,40,Proliferation,true,false,true
76,73,Proliferation,true,true,false
51,58,Proliferation,true,false,true
106,72,Proliferation,true,false,true
68,103,Growth_Arrest,false,true,true
57,91,Growth_Arrest,false,false,false
84,68,Growth_Arrest,false,false,false
113,89,Growth_Arrest,false,false,false
112,90,Growth_Arrest,false,false,false
68,120,Proliferation,true,true,false
45,106,Proliferation,true,true,false
82,117,Proliferation,true,false,false
63,36,Proliferation,true,false,false
68,40,Growth_Arrest,false,true,false
115,97,Growth_Arrest,false,false,true
111,51,Proliferation,true,false,false
121,71,Growth_Arrest,false,true,false
96,114,Growth_Arrest,false,true,true
57,105,Proliferation,true,false,false
104,101,Proliferation,true,true,true
76,102,Growth_Arrest,false,true,true
67,104,Proliferation,true,false,true
86,102,Proliferation,true,false,true
86,61,Proliferation,true,true,false
29,78,Proliferation,true,true,true
57,31,Proliferation,true,false,true
91,34,Proliferation,true,true,true
34,52,Proliferation,true,true,true
89,83,Growth_Arrest,false,true,false
108,61,Growth_Arrest,false,true,true
63,98,Proliferation,true,false,true
84,71,Proliferation,true,false,false
86,90,Proliferation,true,true,false
59,93,Proliferation,true,false,true
86,38,Proliferation,true,false,true
38,67,Proliferation,true,false,false
109,59,Proliferation,true,false,true
71,38,Proliferation,true,true,true
103,102,Proliferation,true,true,true
51,57,Proliferation,true,true,true
57,95,Growth_Arrest,false,false,true
86,114,Proliferation,true,true,true
95,109,Proliferation,true,false,true
102,99,Proliferation,true,true,true
67,108,Growth_Arrest,false,false,true
65,90,Growth_Arrest,false,true,true
73,38,Proliferation,true,false,false
92,57,Proliferation,true,true,false
68,96,Proliferation,true,false,false
65,119,Growth_Arrest,false,true,false
57,94,Growth_Arrest,false,true,true
52,104,Proliferation,true,true,false
104,95,Proliferation,true,true,false
48,52,Proliferation,true,false,true
54,107,Proliferation,true,true,false
91,100,Proliferation,true,false,true
101,99,Growth_Arrest,false,false,false
82,37,Proliferation,true,false,false
56,42,Growth_Arrest,false,true,true
38,88,Growth_Arrest,false,true,true
63,110,Proliferation,true,false,false
63,102,Growth_Arrest,false,false,true
72,37,Proliferation,true,false,false
68,109,Proliferation,true,false,false
33,86,Growth_Arrest,false,true,false
80,30,Proliferation,true,false,true
34,71,Proliferation,true,false,false
62,109,Growth_Arrest,false,true,false
81,77,Proliferation,true,false,false
56,97,Growth_Arrest,false,false,true
75,62,Growth_Arrest,false,false,true
62,75,Proliferation,true,false,true
75,106,Growth_Arrest,false,true,true
52,37,Proliferation,true,false,true
68,117,Growth_Arrest,false,true,true
105,107,Growth_Arrest,false,false,false
46,44,Proliferation,true,true,true
80,54,Growth_Arrest,false,true,true
74,68,Growth_Arrest,false,true,true
56,65,Growth_Arrest,false,true,false
48,39,Proliferation,true,true,false
90,49,Proliferation,true,true,true
116,77,Growth_Arrest,false,false,false
88,112,Growth_Arrest,false,true,false
73,84,Proliferation,true,false,false
96,70,Proliferation,true,true,true
36,80,Growth_Arrest,false,false,true
74,28,Proliferation,true,true,true
78,44,Proliferation,true,false,false
67,53,Growth_Arrest,false,false,true
32,82,Growth_Arrest,false,false,true
77,115,Proliferation,true,true,true
105,76,Proliferation,true,false,false
63,108,Growth_Arrest,false,true,true
37,70,Proliferation,true,false,true
69,104,Proliferation,true,false,false
70,74,Growth_Arrest,false,true,false
83,100,Proliferation,true,true,false
65,68,Proliferation,true,false,false
81,91,Growth_Arrest,false,true,true
61,103,Proliferation,true,false,false
64,78,Proliferation,true,false,false
52,112,Proliferation,true,true,false
88,110,Growth_Arrest,false,true,true
40,83,Proliferation,true,true,false
56,36,Growth_Arrest,false,true,true
107,101,Proliferation,true,true,true
93,101,Proliferation,true,false,false
74,111,Proliferation,true,true,false
47,66,Proliferation,true,false,false
69,38,Proliferation,true,true,false
51,53,Proliferation,true,false,true
72,53,Proliferation,true,false,false
28,74,Proliferation,true,true,false
52,109,Proliferation,true,true,true
40,101,Proliferation,true,false,false
89,119,Proliferation,true,false,true
93,105,Proliferation,true,true,false
70,120,Proliferation,true,false,true
53,81,Growth_Arrest,false,true,false
85,41,Proliferation,true,true,false
47,99,Proliferation,true,false,false
31,77,Proliferation,true,true,true
72,85,Proliferation,true,false,false
48,99,Growth_Arrest,false,false,false
101,58,Proliferation,true,true,true
45,76,Growth_Arrest,false,false,false
84,118,Growth_Arrest,false,false,true
79,86,Growth_Arrest,false,true,false
74,119,Growth_Arrest,false,false,true
91,109,Proliferation,true,true,false
73,51,Proliferation,true,false,true
90,42,Growth_Arrest,false,false,true
54,113,Proliferation,true,false,false
120,65,Proliferation,true,true,false
29,77,Proliferation,true,true,true
53,97,Proliferation,true,true,false
63,55,Growth_Arrest,false,false,true
114,78,Growth_Arrest,false,true,false
38,90,Proliferation,true,true,false
99,90,Proliferation,true,true,false
32,95,Proliferation,true,true,true
105,60,Proliferation,true,false,true
79,48,Growth_Arrest,false,true,false
96,108,Proliferation,true,false,false
118,86,Proliferation,true,false,false
104,48,Proliferation,true,false,true
77,92,Proliferation,true,false,true
85,88,Growth_Arrest,false,true,true
76,59,Proliferation,true,true,false
46,95,Proliferation,true,false,false
56,86,Proliferation,true,true,true
94,80,Proliferation,true,true,false
53,109,Proliferation,true,false,true
92,78,Proliferation,true,true,true
117,81,Proliferation,true,false,true
71,115,Proliferation,true,true,true
37,83,Growth_Arrest,false,false,false
87,69,Proliferation,true,false,true
104,83,Proliferation,true,true,false
78,112,Proliferation,true,true,false
118,92,Growth_Arrest,false,false,true
46,96,Proliferation,true,false,false
63,90,Proliferation,true,true,true
79,69,Growth_Arrest,false,false,true
111,54,Proliferation,true,false,false
47,88,Growth_Arrest,false,true,true
50,108,Proliferation,true,false,false
77,68,Proliferation,true,false,true
106,63,Growth_Arrest,false,true,true
80,72,Proliferation,true,true,true
68,66,Proliferation,true,false,false
86,84,Growth_Arrest,false,false,true
69,121,Growth_Arrest,false,false,true
98,72,Proliferation,true,false,true
58,38,Proliferation,true,false,false
106,106,Proliferation,true,false,false
28,77,Proliferation,true,false,false
74,120,Proliferation,true,true,false
78,52,Growth_Arrest,false,false,false
92,103,Proliferation,true,false,false
63,44,Proliferation,true,false,false
70,96,Proliferation,true,false,false
49,38,Proliferation,true,true,true
110,53,Proliferation,true,true,true
69,106,Proliferation,true,false,false
68,75,Growth_Arrest,false,true,true
82,52,Proliferation,true,true,true
77,120,Proliferation,true,false,false
32,64,Growth_Arrest,false,false,false
84,102,Proliferation,true,false,true
81,37,Proliferation,true,false,true
90,78,Proliferation,true,true,false
73,59,Proliferation,true,true,false
109,62,Proliferation,true,true,false
49,65,Proliferation,true,false,true
56,105,Proliferation,true,false,true
44,61,Proliferation,true,true,true
102,51,Proliferation,true,true,true
48,87,Proliferation,true,false,false
61,96,Growth_Arrest,false,true,false
72,109,Proliferation,true,false,false
95,60,Growth_Arrest,false,true,false
61,113,Proliferation,true,true,false
63,46,Proliferation,true,true,true
90,116,Growth_Arrest,false,true,true
99,78,Proliferation,true,false,false
104,49,Growth_Arrest,false,false,true
85,107,Proliferation,true,false,true
40,95,Proliferation,true,false,false
70,54,Proliferation,true,false,false
37,51,Proliferation,true,false,true
56,44,Proliferation,true,false,true
84,91,Proliferation,true,true,false
63,91,Proliferation,true,false,true
60,51,Proliferation,true,true,true
103,49,Proliferation,true,false,false
50,114,Proliferation,true,true,false
42,91,Growth_Arrest,false,true,false
82,120,Proliferation,true,true,true
110,49,Growth_Arrest,false,true,false
62,108,Proliferation,true,true,true
47,92,Growth_Arrest,false,false,false
96,98,Proliferation,true,true,true
39,104,Proliferation,true,false,false
49,78,Growth_Arrest,false,true,false
85,36,Growth_Arrest,false,true,true
32,71,Proliferation,true,true,false
86,67,Proliferation,true,true,false
104,77,Proliferation,true,true,false
92,77,Proliferation,true,true,false
81,61,Proliferation,true,false,false
98,110,Proliferation,true,false,false
69,32,Proliferation,true,true,false
104,90,Proliferation,true,true,true
114,96,Proliferation,true,true,true
62,51,Proliferation,true,false,true
56,37,Growth_Arrest,false,true,true
65,44,Growth_Arrest,false,false,true
50,96,Proliferation,true,true,false
37,79,Proliferation,true,false,true
109,93,Proliferation,true,false,false
61,34,Growth_Arrest,false,true,true
52,66,Proliferation,true,true,true
57,103,Proliferation,true,true,false
89,93,Growth_Arrest,false,true,true
111,100,Proliferation,true,false,true
103,80,Growth_Arrest,false,false,false
116,65,Proliferation,true,false,true
65,61,Growth_Arrest,false,false,true
92,107,Proliferation,true,false,true
96,33,Proliferation,true,true,false
63,43,Proliferation,true,false,true
68,78,Growth_Arrest,false,false,true
74,47,Growth_Arrest,false,true,false
80,114,Proliferation,true,true,true
59,117,Growth_Arrest,false,true,false
43,104,Proliferation,true,true,false
92,69,Proliferation,true,true,true
90,75,Proliferation,true,true,true
85,97,Proliferation,true,true,false
50,50,Proliferation,true,true,true
65,51,Proliferation,true,true,false
108,74,Growth_Arrest,false,true,false
59,59,Proliferation,true,true,true
69,87,Proliferation,true,true,false
116,96,Growth_Arrest,false,false,true
83,99,Proliferation,true,true,false
69,45,Proliferation,true,false,false
99,68,Proliferation,true,true,false
56,66,Growth_Arrest,false,false,true
83,120,Proliferation,true,false,true
83,105,Growth_Arrest,false,false,false
36,89,Proliferation,true,true,true
97,46,Proliferation,true,false,true
74,60,Proliferation,true,true,true
84,73,Proliferation,true,true,true
115,76,Proliferation,true,false,true
59,73,Proliferation,true,true,false
33,76,Proliferation,true,false,true
97,79,Proliferation,true,false,false
52,98,Growth_Arrest,false,false,true
55,47,Proliferation,true,true,true
96,46,Growth_Arrest,false,false,false
49,105,Proliferation,true,true,true
67,40,Growth_Arrest,false,true,true
62,103,Proliferation,true,true,false
99,71,Proliferation,true,true,false
58,87,Proliferation,true,false,true
110,100,Proliferation,true,true,true
58,97,Growth_Arrest,false,false,false
46,57,Growth_Arrest,false,true,false
41,103,Proliferation,true,true,false
104,58,Proliferation,true,false,true
38,104,Proliferation,true,false,true
66,41,Growth_Arrest,false,false,true
65,72,Proliferation,true,false,true
70,59,Proliferation,true,false,true
84,107,Proliferation,true,false,false
29,86,Proliferation,true,false,false
105,61,Proliferation,true,true,false
94,90,Proliferation,true,true,false
42,101,Proliferation,true,true,true
30,66,Proliferation,true,false,false
56,51,Proliferation,true,true,true
71,41,Proliferation,true,false,true
67,66,Proliferation,true,false,false
105,100,Proliferation,true,false,false
88,115,Proliferation,true,false,false
84,83,Proliferation,true,false,true
82,47,Proliferation,true,false,true
71,117,Proliferation,true,true,false
104,53,Proliferation,true,false,true
46,51,Proliferation,true,true,false
96,43,Growth_Arrest,false,true,false
43,107,Growth_Arrest,false,true,true
40,97,Proliferation,true,true,false
100,71,Proliferation,true,false,false
43,64,Proliferation,true,true,false
113,72,Proliferation,true,false,false
45,110,Proliferation,true,false,false
81,56,Proliferation,true,true,false
56,53,Growth_Arrest,false,true,true
114,57,Growth_Arrest,false,true,false
40,43,Proliferation,true,true,false
68,30,Proliferation,true,false,false
37,64,Growth_Arrest,false,true,true
65,62,Proliferation,true,true,true
114,95,Proliferation,true,false,false
59,31,Growth_Arrest,false,true,false
49,101,Growth_Arrest,false,true,true
33,91,Growth_Arrest,false,true,true
48,50,Proliferation,true,true,false
95,82,Proliferation,true,false,true
67,46,Growth_Arrest,false,false,false
51,46,Proliferation,true,false,true
43,53,Proliferation,true,false,false
65,42,Proliferation,true,true,true
95,42,Proliferation,true,true,false
116,80,Growth_Arrest,false,true,false
47,83,Proliferation,true,false,false
87,38,Proliferation,true,false,false
63,73,Proliferation,true,false,true
74,80,Growth_Arrest,false,true,true
97,71,Growth_Arrest,false,true,true
90,34,Proliferation,true,true,true
107,104,Proliferation,true,false,false
79,104,Proliferation,true,true,true
36,99,Proliferation,true,true,true
51,85,Growth_Arrest,false,true,false
106,103,Proliferation,true,true,true
99,56,Proliferation,true,false,true
94,74,Proliferation,true,true,true
47,101,Proliferation,true,true,false
88,87,Proliferation,true,false,false
82,95,Proliferation,true,true,true
65,29,Proliferation,true,true,false
73,90,Proliferation,true,true,true
117,91,Proliferation,true,true,true
104,44,Proliferation,true,false,true
28,76,Proliferation,true,false,true
117,62,Proliferation,true,false,false
58,73,Proliferation,true,false,true
65,86,Proliferation,true,true,true
96,47,Growth_Arrest,false,true,false
72,112,Growth_Arrest,false,true,true
94,51,Growth_Arrest,false,false,false
70,101,Growth_Arrest,false,false,false
87,53,Growth_Arrest,false,true,true
107,85,Growth_Arrest,false,false,true
84,45,Proliferation,true,true,false
55,67,Proliferation,true,true,false
100,36,Proliferation,true,false,false
48,113,Proliferation,true,true,true
89,104,Growth_Arrest,false,false,true
92,55,Proliferation,true,true,false
43,108,Proliferation,true,true,false
84,99,Proliferation,true,false,true
93,49,Growth_Arrest,false,true,false
82,62,Growth_Arrest,false,true,true
99,104,Proliferation,true,true,true
52,77,Proliferation,true,false,false
102,57,Growth_Arrest,false,false,false
101,36,Proliferation,true,true,true
47,50,Growth_Arrest,false,false,false
66,73,Proliferation,true,true,false
60,101,Growth_Arrest,false,true,false
48,42,Proliferation,true,true,true
32,75,Growth_Arrest,false,true,false
66,45,Growth_Arrest,false,true,true
95,69,Proliferation,true,false,false
63,53,Proliferation,true,false,false
88,56,Growth_Arrest,false,false,true
43,92,Proliferation,true,false,true
30,64,Growth_Arrest,false,false,true
104,73,Proliferation,true,true,false
35,88,Proliferation,true,false,true
58,49,Proliferation,true,true,false
103,74,Proliferation,true,false,true
111,92,Proliferation,true,false,true
70,69,Proliferation,true,true,true
109,74,Growth_Arrest,false,true,false
35,49,Proliferation,true,true,false
64,106,Proliferation,true,true,true
66,108,Growth_Arrest,false,true,false
81,79,Proliferation,true,true,true
76,76,Growth_Arrest,false,true,false
73,50,Proliferation,true,true,true
75,85,Proliferation,true,true,true
107,54,Proliferation,true,true,true
61,66,Growth_Arrest,false,true,false
86,116,Proliferation,true,true,true
34,89,Proliferation,true,false,true
66,96,Growth_Arrest,false,true,false
57,54,Proliferation,true,true,false
121,69,Proliferation,true,true,true
116,74,Proliferation,true,false,true
69,91,Proliferation,true,false,false
47,49,Proliferation,true,true,true
49,106,Growth_Arrest,false,true,false
51,42,Proliferation,true,false,false
52,78,Proliferation,true,false,false
82,91,Growth_Arrest,false,true,false
94,104,Proliferation,true,false,true
63,85,Growth_Arrest,false,false,true
74,44,Proliferation,true,true,true
85,95,Proliferation,true,false,true
61,109,Growth_Arrest,false,false,false
73,54,Proliferation,true,false,true
81,43,Growth_Arrest,false,true,true
56,82,Proliferation,true,true,false
65,53,Proliferation,true,true,false
98,76,Proliferation,true,false,true
96,65,Proliferation,true,false,true
81,102,Proliferation,true,true,false
97,95,Growth_Arrest,false,true,false
94,115,Growth_Arrest,false,false,false
42,79,Proliferation,true,false,false
33,80,Proliferation,true,true,false
76,84,Growth_Arrest,false,false,true
79,116,Growth_Arrest,false,true,true
60,88,Proliferation,true,true,true
51,68,Proliferation,true,true,true
53,94,Growth_Arrest,false,false,false
93,83,Growth_Arrest,false,false,false
51,101,Proliferation,true,false,true
73,80,Growth_Arrest,false,false,true
74,33,Proliferation,true,true,true
49,91,Proliferation,true,false,false
73,32,Proliferation,true,false,true
91,64,Growth_Arrest,false,false,false
54,61,Growth_Arrest,false,true,false
46,64,Growth_Arrest,false,true,true
64,108,Proliferation,true,false,true
101,77,Proliferation,true,true,true
111,46,Growth_Arrest,false,false,true
80,45,Growth_Arrest,false,true,true
83,46,Proliferation,true,false,false
51,38,Proliferation,true,false,false
42,89,Growth_Arrest,false,true,false
75,46,Proliferation,true,true,true
45,43,Growth_Arrest,false,false,true
87,55,Growth_Arrest,false,true,false
74,115,Proliferation,true,false,false
91,71,Proliferation,true,true,false
33,71,Proliferation,true,false,true
91,89,Proliferation,true,true,false
97,36,Proliferation,true,true,false
44,92,Proliferation,true,true,false
98,113,Growth_Arrest,false,true,false
57,43,Proliferation,true,true,true
58,59,Proliferation,true,true,false
106,48,Proliferation,true,false,false
57,57,Growth_Arrest,false,false,true
109,46,Growth_Arrest,false,false,false
82,43,Proliferation,true,true,true
108,54,Growth_Arrest,false,true,false
53,93,Growth_Arrest,false,true,true
62,120,Growth_Arrest,false,false,false
81,30,Proliferation,true,true,true
53,47,Proliferation,true,false,true
111,55,Proliferation,true,false,true
65,77,Proliferation,true,true,true
99,53,Proliferation,true,true,false
60,71,Proliferation,true,false,false
39,103,Proliferation,true,false,true
63,59,Growth_Arrest,false,false,false
92,38,Growth_Arrest,false,false,false
79,43,Proliferation,true,true,false
95,67,Proliferation,true,false,false
93,85,Proliferation,true,false,false
80,60,Proliferation,true,true,true
97,72,Proliferation,true,true,false
87,110,Proliferation,true,false,false
42,72,Proliferation,true,false,false
121,68,Growth_Arrest,false,false,true
95,71,Proliferation,true,true,true
86,69,Proliferation,true,true,false
62,92,Growth_Arrest,false,true,true
49,110,Proliferation,true,false,true
71,31,Proliferation,true,true,true
103,60,Proliferation,true,true,true
110,66,Proliferation,true,false,true
41,69,Growth_Arrest,false,false,true
66,59,Proliferation,true,false,false
91,67,Proliferation,true,false,false
38,78,Growth_Arrest,false,true,false
67,31,Growth_Arrest,false,true,false
45,91,Proliferation,true,true,true
114,98,Proliferation,true,true,false
45,38,Proliferation,true,false,true
45,59,Proliferation,true,true,false
78,120,Proliferation,true,true,true
100,66,Proliferation,true,false,true
109,50,Proliferation,true,true,false
72,74,Growth_Arrest,false,true,true
51,72,Proliferation,true,true,false
79,60,Proliferation,true,false,false
76,121,Growth_Arrest,false,true,true
112,66,Proliferation,true,false,false
115,63,Proliferation,true,false,true
45,74,Proliferation,true,false,false
67,82,Growth_Arrest,false,true,false
86,29,Growth_Arrest,false,true,true
119,69,Proliferation,true,true,true
89,33,Proliferation,true,false,true
89,64,Proliferation,true,false,false
52,49,Growth_Arrest,false,false,true
103,82,Growth_Arrest,false,true,false
111,71,Proliferation,true,false,false
47,68,Proliferation,true,false,false
53,105,Proliferation,true,true,true
107,63,Proliferation,true,true,true
82,98,Growth_Arrest,false,false,true
96,50,Proliferation,true,false,true
101,66,Growth_Arrest,false,true,false
96,87,Proliferation,true,false,true
38,99,Proliferation,true,false,false
67,52,Proliferation,true,false,false
69,116,Proliferation,true,true,true
108,48,Proliferation,true,false,true
75,98,Proliferation,true,true,true
83,43,Growth_Arrest,false,false,false
48,57,Growth_Arrest,false,false,true
86,62,Proliferation,true,true,false
79,64,Proliferation,true,false,true
109,104,Proliferation,true,false,false
54,100,Growth_Arrest,false,true,false
90,53,Proliferation,true,true,true
110,60,Proliferation,true,false,false
83,77,Growth_Arrest,false,false,true
62,40,Growth_Arrest,false,true,false
51,105,Proliferation,true,false,true
36,57,Proliferation,true,false,false
101,105,Growth_Arrest,false,true,true
93,112,Proliferation,true,true,true
117,61,Proliferation,true,false,true
73,114,Proliferation,true,false,false
89,99,Growth_Arrest,false,true,true
56,32,Proliferation,true,true,true
77,34,Proliferation,true,false,false
40,100,Proliferation,true,true,true
60,57,Growth_Arrest,false,false,false
107,93,Proliferation,true,true,false
28,73,Proliferation,true,false,false
83,73,Proliferation,true,true,true
78,62,Proliferation,true,true,false
104,54,Proliferation,true,true,false
31,91,Growth_Arrest,false,true,false
106,69,Proliferation,true,false,true
73,40,Growth_Arrest,false,true,false
83,113,Proliferation,true,false,true
86,77,Proliferation,true,false,true
82,57,Growth_Arrest,false,true,true
96,49,Proliferation,true,false,true
74,63,Proliferation,true,false,true
109,56,Proliferation,true,true,true
61,55,Growth_Arrest,false,true,false
73,60,Proliferation,true,false,false
90,119,Proliferation,true,true,false
96,92,Proliferation,true,false,true
71,94,Proliferation,true,true,true
95,63,Proliferation,true,false,true
105,72,Proliferation,true,false,false
88,65,Proliferation,true,false,true
86,31,Proliferation,true,false,false
37,92,Proliferation,true,false,false
73,76,Proliferation,true,true,true
101,71,Proliferation,true,true,false
87,66,Proliferation,true,true,true
64,53,Proliferation,true,false,false
48,68,Growth_Arrest,false,true,false
40,92,Growth_Arrest,false,true,false
72,42,Growth_Arrest,false,true,false
118,82,Proliferation,true,false,false
90,66,Growth_Arrest,false,true,false
74,77,Proliferation,true,false,true
58,48,Growth_Arrest,false,false,false
73,89,Growth_Arrest,false,true,false
43,78,Growth_Arrest,false,true,false
52,74,Proliferation,true,true,true
81,85,Proliferation,true,false,false
42,92,Proliferation,true,true,true
81,118,Growth_Arrest,false,true,false
88,78,Growth_Arrest,false,false,false
73,70,Proliferation,true,false,false
69,107,Proliferation,true,false,false
53,104,Proliferation,true,false,false
84,54,Proliferation,true,false,false
63,41,Proliferation,true,true,false
84,47,Proliferation,true,false,true
58,64,Growth_Arrest,false,false,true
120,80,Proliferation,true,true,true
42,64,Growth_Arrest,false,true,false
31,58,Proliferation,true,true,true
81,54,Proliferation,true,false,false
84,34,Proliferation,true,false,false
103,104,Growth_Arrest,false,false,true
100,39,Proliferation,true,false,true
75,116,Proliferation,true,true,true
39,79,Proliferation,true,false,false
74,59,Proliferation,true,true,true
76,90,Proliferation,true,true,true
99,44,Proliferation,true,false,false
116,68,Proliferation,true,false,true
109,102,Proliferation,true,true,false
103,72,Proliferation,true,false,true
76,64,Proliferation,true,true,false
71,83,Growth_Arrest,false,false,true
57,84,Proliferation,true,true,false
53,72,Proliferation,true,false,false
50,63,Proliferation,true,true,false
35,54,Proliferation,true,true,false
90,114,Proliferation,true,false,false
80,101,Proliferation,true,true,false
54,91,Growth_Arrest,false,false,false
50,74,Proliferation,true,false,true
51,84,Proliferation,true,false,false
97,55,Proliferation,true,false,false
98,82,Proliferation,true,false,false
71,43,Growth_Arrest,false,false,false
63,107,Proliferation,true,true,true
47,84,Proliferation,true,false,false
92,99,Growth_Arrest,false,true,true
57,59,Proliferation,true,true,false
66,105,Growth_Arrest,false,false,true
33,69,Proliferation,true,false,true
60,72,Proliferation,true,true,true
79,83,Growth_Arrest,false,false,false
47,67,Proliferation,true,true,false
77,80,Proliferation,true,false,true
37,91,Growth_Arrest,false,true,false
68,118,Growth_Arrest,false,false,false
80,85,Proliferation,true,true,false
70,57,Proliferation,true,false,true
101,87,Proliferation,true,false,true
72,95,Proliferation,true,false,false
98,60,Proliferation,true,false,true
78,35,Proliferation,true,false,false
51,35,Growth_Arrest,false,true,false
47,48,Proliferation,true,false,false
83,56,Proliferation,true,false,false
60,115,Proliferation,true,false,false
114,75,Proliferation,true,true,true
66,114,Proliferation,true,false,true
53,53,Proliferation,true,true,true
84,44,Proliferation,true,false,true
73,87,Growth_Arrest,false,false,true
53,108,Growth_Arrest,false,true,true
93,77,Growth_Arrest,false,true,true
50,65,Proliferation,true,true,false
98,106,Proliferation,true,false,false
89,113,Proliferation,true,false,false
102,96,Proliferation,true,true,false
71,37,Proliferation,true,true,false
114,53,Proliferation,true,true,false
47,47,Proliferation,true,true,true
51,112,Proliferation,true,true,false
92,44,Growth_Arrest,false,false,false
77,89,Proliferation,true,false,true
54,81,Growth_Arrest,false,false,false
95,111,Proliferation,true,false,true
46,81,Proliferation,true,false,true
101,42,Proliferation,true,true,true
106,73,Growth_Arrest,false,true,false
86,72,Proliferation,true,false,false
87,32,Proliferation,true,false,false
98,115,Growth_Arrest,false,false,false
49,96,Growth_Arrest,false,true,false
108,102,Growth_Arrest,false,false,true
67,99,Proliferation,true,false,true
104,86,Proliferation,true,true,true
54,117,Proliferation,true,true,true
33,61,Proliferation,true,false,false
111,63,Proliferation,true,true,true
106,90,Proliferation,true,false,true
38,77,Proliferation,true,true,false
91,38,Proliferation,true,false,true
101,91,Proliferation,true,false,true
95,56,Proliferation,true,true,true
89,42,Growth_Arrest,false,false,true
88,118,Growth_Arrest,false,false,false
65,92,Growth_Arrest,false,true,false
58,101,Growth_Arrest,false,false,false
110,71,Growth_Arrest,false,true,false
69,105,Proliferation,true,true,true
104,62,Growth_Arrest,false,true,true
101,97,Proliferation,true,true,false
50,107,Growth_Arrest,false,true,false
77,78,Proliferation,true,false,false
70,91,Growth_Arrest,false,false,false
31,88,Proliferation,true,true,true
112,73,Proliferation,true,true,false
65,88,Proliferation,true,true,true
117,77,Proliferation,true,false,false
71,120,Proliferation,true,false,false
44,68,Proliferation,true,false,true
105,40,Proliferation,true,true,false
75,34,Proliferation,true,true,true
87,47,Growth_Arrest,false,true,false
84,57,Growth_Arrest,false,true,false
72,61,Proliferation,true,false,false
58,94,Proliferation,true,true,true
51,109,Growth_Arrest,false,true,false
106,87,Proliferation,true,true,false
55,74,Growth_Arrest,false,true,true
118,62,Proliferation,true,false,true
49,93,Proliferation,true,true,true
65,66,Growth_Arrest,false,true,true
47,81,Proliferation,true,false,true
74,35,Growth_Arrest,false,true,true
81,38,Proliferation,true,true,true
67,106,Proliferation,true,false,false
102,94,Growth_Arrest,false,false,false
60,34,Growth_Arrest,false,false,false
85,116,Proliferation,true,true,false
104,60,Growth_Arrest,false,false,false
83,89,Growth_Arrest,false,false,true
71,29,Proliferation,true,true,false
78,108,Proliferation,true,false,true
99,94,Proliferation,true,true,false
83,44,Growth_Arrest,false,true,false
57,51,Growth_Arrest,false,false,true
60,78,Proliferation,true,false,true
76,42,Proliferation,true,true,true
108,77,Proliferation,true,true,false
81,98,Growth_Arrest,false,false,true
82,38,Proliferation,true,false,true
107,70,Proliferation,true,false,true
92,42,Growth_Arrest,false,true,false
71,101,Proliferation,true,true,true
52,102,Proliferation,true,false,false
88,54,Proliferation,true,false,true
73,100,Proliferation,true,true,true
112,60,Growth_Arrest,false,true,true
72,87,Proliferation,true,false,false
104,65,Proliferation,true,false,true
61,42,Proliferation,true,false,true
91,91,Growth_Arrest,false,false,false
34,77,Proliferation,true,false,false
50,49,Growth_Arrest,false,false,true
38,72,Proliferation,true,true,false
39,87,Proliferation,true,false,true
83,59,Growth_Arrest,false,true,false
107,108,Growth_Arrest,false,true,false
112,63,Growth_Arrest,false,true,false
95,40,Growth_Arrest,false,false,false
92,37,Proliferation,true,false,true
67,96,Growth_Arrest,false,true,true
57,33,Proliferation,true,false,true
100,45,Growth_Arrest,false,false,false
65,47,Proliferation,true,true,false
121,78,Proliferation,true,true,true
92,116,Proliferation,true,true,false
68,47,Growth_Arrest,false,false,true
118,81,Growth_Arrest,false,false,true
28,82,Proliferation,true,true,false
119,83,Proliferation,true,true,false
53,79,Proliferation,true,true,true
43,50,Proliferation,true,true,true
62,55,Growth_Arrest,false,true,true
86,56,Growth_Arrest,false,true,false
45,90,Proliferation,true,true,true
86,92,Proliferation,true,false,false
41,50,Proliferation,true,false,true
109,47,Growth_Arrest,false,false,false
40,88,Proliferation,true,false,true
49,70,Growth_Arrest,false,true,true
29,73,Proliferation,true,true,true
53,86,Proliferation,true,false,true
71,77,Proliferation,true,false,false
79,31,Proliferation,true,true,true
88,39,Growth_Arrest,false,false,true
81,76,Proliferation,true,true,false
87,62,Proliferation,true,false,false
57,99,Proliferation,true,true,false
70,100,Growth_Arrest,false,false,false
112,85,Proliferation,true,true,false
53,54,Proliferation,true,true,true
59,76,Proliferation,true,true,false
43,94,Proliferation,true,false,true
31,68,Proliferation,true,true,false
42,83,Proliferation,true,false,true
48,106,Growth_Arrest,false,true,true
36,78,Growth_Arrest,false,false,false
76,119,Proliferation,true,false,false
114,71,Growth_Arrest,false,true,false
90,90,Proliferation,true,true,false
47,93,Proliferation,true,true,true
50,57,Growth_Arrest,false,true,false
50,61,Growth_Arrest,false,true,true
54,55,Proliferation,true,false,true
45,89,Proliferation,true,true,true
102,83,Growth_Arrest,false,false,true
53,66,Proliferation,true,true,true
30,60,Proliferation,true,true,true
82,65,Proliferation,true,true,false
91,87,Proliferation,true,true,true
93,67,Proliferation,true,true,true
116,94,Proliferation,true,false,false
54,71,Growth_Arrest,false,true,false
58,89,Proliferation,true,true,false
60,95,Proliferation,true,false,true
95,35,Growth_Arrest,false,false,true
61,37,Proliferation,true,true,false
72,121,Growth_Arrest,false,false,true
114,79,Proliferation,true,false,false
110,96,Proliferation,true,true,true
105,105,Growth_Arrest,false,true,false
52,90,Proliferation,true,false,true
95,92,Proliferation,true,false,true
55,60,Proliferation,true,false,true
47,55,Proliferation,true,false,false
87,94,Growth_Arrest,false,false,false
112,100,Proliferation,true,true,false
80,50,Growth_Arrest,false,true,false
87,108,Growth_Arrest,false,false,false
69,99,Proliferation,true,false,false
59,99,Growth_Arrest,false,true,false
95,65,Proliferation,true,true,true
49,41,Proliferation,true,true,false
87,79,Proliferation,true,false,false
112,80,Proliferation,true,true,false
102,98,Proliferation,true,false,false
48,108,Proliferation,true,false,true
102,100,Growth_Arrest,false,true,false
46,70,Proliferation,true,false,true
55,101,Growth_Arrest,false,false,true
76,85,Proliferation,true,false,false
69,43,Growth_Arrest,false,true,true
67,68,Proliferation,true,true,false
103,91,Proliferation,true,true,true
100,91,Proliferation,true,false,false
77,70,Proliferation,true,true,false
100,35,Proliferation,true,true,true
39,96,Proliferation,true,true,false
72,65,Proliferation,true,false,false
51,88,Growth_Arrest,false,true,false
69,72,Proliferation,true,true,true
113,69,Proliferation,true,false,true
76,57,Proliferation,true,false,true
45,41,Proliferation,true,true,false
89,71,Growth_Arrest,false,true,false
38,58,Proliferation,true,false,true
74,91,Growth_Arrest,false,false,true
38,80,Proliferation,true,true,true
62,98,Growth_Arrest,false,true,true
70,99,Proliferation,true,true,true
118,60,Proliferation,true,false,true
66,104,Growth_Arrest,false,false,true
46,84,Proliferation,true,true,true
59,102,Proliferation,true,false,false
89,35,Proliferation,true,true,false
61,108,Proliferation,true,true,true
83,109,Proliferation,true,false,true
63,84,Proliferation,true,true,false
107,96,Growth_Arrest,false,true,false
78,61,Proliferation,true,false,false
84,103,Proliferation,true,false,true
107,71,Proliferation,true,true,false
102,61,Proliferation,true,true,false
70,32,Proliferation,true,true,false
36,64,Growth_Arrest,false,true,true
93,34,Proliferation,true,true,true
34,66,Growth_Arrest,false,false,true
55,66,Growth_Arrest,false,false,true
99,47,Proliferation,true,false,false
53,84,Proliferation,true,false,true
69,93,Growth_Arrest,false,false,true
79,62,Proliferation,true,false,false
105,49,Growth_Arrest,false,false,false
60,58,Proliferation,true,true,false
102,78,Growth_Arrest,false,false,true
96,40,Growth_Arrest,false,false,false
63,103,Proliferation,true,false,true
108,58,Proliferation,true,true,true
41,97,Proliferation,true,true,true
75,88,Proliferation,true,false,false
51,56,Growth_Arrest,false,false,true
53,114,Growth_Arrest,false,true,false
65,82,Proliferation,true,true,false
103,67,Growth_Arrest,false,false,false
50,109,Proliferation,true,true,true
73,47,Growth_Arrest,false,true,true
76,60,Proliferation,true,true,true
50,36,Proliferation,true,false,true
110,58,Proliferation,true,false,false
74,78,Growth_Arrest,false,true,true
105,43,Proliferation,true,false,true
60,62,Growth_Arrest,false,false,true
96,55,Proliferation,true,true,true
81,72,Proliferation,true,false,false
59,69,Proliferation,true,false,true
106,65,Growth_Arrest,false,true,false
120,77,Proliferation,true,true,false
34,98,Proliferation,true,true,false
119,71,Proliferation,true,false,false
95,45,Proliferation,true,false,false
101,39,Growth_Arrest,false,true,true
63,79,Proliferation,true,true,true
67,94,Growth_Arrest,false,false,false
93,86,Proliferation,true,true,true
85,120,Proliferation,true,false,false
106,85,Proliferation,true,false,false
49,71,Growth_Arrest,false,true,false
71,100,Growth_Arrest,false,true,false
82,114,Proliferation,true,false,false
91,65,Proliferation,true,true,true
100,83,Proliferation,true,true,false
30,84,Proliferation,true,true,false
56,58,Proliferation,true,false,true
57,89,Proliferation,true,false,false
68,39,Proliferation,true,false,true
31,67,Proliferation,true,true,false
75,55,Growth_Arrest,false,true,false
92,39,Proliferation,true,false,false
39,88,Growth_Arrest,false,false,true
68,63,Proliferation,true,true,true
98,63,Growth_Arrest,false,true,false
52,99,Proliferation,true,false,true
48,78,Proliferation,true,true,true
79,98,Proliferation,true,false,false
90,57,Proliferation,true,false,true
111,84,Growth_Arrest,false,true,false
65,93,Proliferation,true,true,false
100,69,Growth_Arrest,false,true,true
84,108,Proliferation,true,false,true
71,88,Proliferation,true,false,true
59,77,Proliferation,true,false,true
94,54,Growth_Arrest,false,false,true
65,107,Proliferation,true,true,false
82,100,Proliferation,true,false,false
88,64,Proliferation,true,true,true
77,98,Proliferation,true,false,true
57,76,Growth_Arrest,false,false,true
53,95,Proliferation,true,false,true
88,57,Proliferation,true,false,true
54,111,Growth_Arrest,false,true,true
86,68,Proliferation,true,true,false
57,114,Proliferation,true,true,false
35,51,Growth_Arrest,false,true,false
90,68,Proliferation,true,false,true
81,82,Proliferation,true,true,false
101,82,Growth_Arrest,false,true,true
75,42,Proliferation,true,false,true
83,34,Proliferation,true,true,true
62,70,Proliferation,true,false,false
96,90,Proliferation,true,false,false
91,108,Proliferation,true,false,true
65,79,Proliferation,true,true,false
81,53,Proliferation,true,false,false
69,95,Proliferation,true,false,false
36,86,Proliferation,true,false,false
79,63,Proliferation,true,false,true
101,72,Proliferation,true,false,true
99,38,Growth_Arrest,false,false,false
49,81,Growth_Arrest,false,false,true
84,64,Proliferation,true,false,false
52,93,Growth_Arrest,false,false,true
37,60,Proliferation,true,true,true
85,105,Proliferation,true,false,false
29,67,Proliferation,true,false,true
68,116,Proliferation,true,false,false
39,48,Growth_Arrest,false,true,false
41,100,Proliferation,true,false,false
71,57,Proliferation,true,true,false
52,75,Proliferation,true,false,true
54,66,Proliferation,true,false,true
64,41,Proliferation,true,true,true
109,95,Growth_Arrest,false,false,true
93,60,Growth_Arrest,false,false,true
48,96,Proliferation,true,false,false
50,90,Proliferation,true,true,false
118,63,Proliferation,true,false,false
79,57,Proliferation,true,false,true
72,71,Proliferation,true,true,false
82,71,Growth_Arrest,false,true,false
75,68,Proliferation,true,true,true
86,42,Growth_Arrest,false,false,false
55,49,Proliferation,true,true,false
44,109,Proliferation,true,true,false
60,85,Proliferation,true,false,false
41,95,Proliferation,true,false,false
97,81,Proliferation,true,true,true
44,84,Proliferation,true,true,false
65,97,Proliferation,true,true,false
53,110,Growth_Arrest,false,false,false
77,45,Proliferation,true,true,true
44,44,Growth_Arrest,false,true,true
74,31,Proliferation,true,true,true
66,63,Proliferation,true,false,true
56,68,Growth_Arrest,false,false,true
101,113,Proliferation,true,false,true
71,33,Growth_Arrest,false,false,false
87,114,Proliferation,true,true,true
47,106,Proliferation,true,true,false
67,48,Proliferation,true,false,false
96,115,Proliferation,true,false,true
88,67,Growth_Arrest,false,false,true
74,106,Growth_Arrest,false,false,true
90,38,Proliferation,true,false,true
81,80,Proliferation,true,false,true
54,87,Growth_Arrest,false,true,false
93,55,Proliferation,true,true,false
81,94,Proliferation,true,true,false
94,43,Proliferation,true,true,false
80,64,Growth_Arrest,false,false,true
82,84,Proliferation,true,true,true
52,33,Proliferation,true,true,false
61,43,Proliferation,true,true,false
58,117,Proliferation,true,true,false
115,65,Proliferation,true,false,true
63,76,Proliferation,true,true,true
61,95,Proliferation,true,false,true
70,103,Growth_Arrest,false,true,true
77,30,Proliferation,true,true,false
64,75,Proliferation,true,true,true
85,72,Growth_Arrest,false,true,false
113,77,Proliferation,true,false,false
61,89,Proliferation,true,true,true
87,78,Growth_Arrest,false,true,true
103,66,Growth_Arrest,false,false,true
64,39,Proliferation,true,true,false
54,88,Proliferation,true,true,false
74,87,Growth_Arrest,false,false,true
89,31,Growth_Arrest,false,true,false
30,83,Growth_Arrest,false,true,true
100,111,Proliferation,true,true,false
71,112,Proliferation,true,true,true
91,117,Growth_Arrest,false,false,true
37,58,Proliferation,true,true,false
50,54,Proliferation,true,false,true
48,97,Proliferation,true,false,true
90,108,Proliferation,true,false,true
91,107,Proliferation,true,false,true
91,40,Proliferation,true,false,false
65,118,Growth_Arrest,false,true,true
104,47,Proliferation,true,false,true
86,82,Growth_Arrest,false,true,true
86,76,Proliferation,true,true,true
107,84,Proliferation,true,false,false
79,101,Growth_Arrest,false,false,true
48,101,Growth_Arrest,false,false,false
84,65,Proliferation,true,false,true
59,36,Proliferation,true,false,true
109,64,Proliferation,true,true,true
54,90,Proliferation,true,true,false
96,105,Proliferation,true,true,true
84,79,Growth_Arrest,false,true,false
38,53,Proliferation,true,false,false
46,102,Growth_Arrest,false,false,true
37,72,Proliferation,true,false,false
31,60,Growth_Arrest,false,false,true
92,104,Growth_Arrest,false,true,false
35,90,Growth_Arrest,false,false,false
82,40,Proliferation,true,true,false
79,118,Proliferation,true,true,false
44,96,Proliferation,true,true,true
52,40,Growth_Arrest,false,true,true
80,65,Proliferation,true,true,true
72,63,Proliferation,true,false,false
41,79,Proliferation,true,true,true
92,46,Proliferation,true,false,true
117,54,Proliferation,true,false,true
114,65,Proliferation,true,true,false
63,94,Proliferation,true,false,false
50,38,Growth_Arrest,false,true,true
45,73,Proliferation,true,false,true
87,118,Growth_Arrest,false,true,true
88,104,Proliferation,true,true,true
58,105,Proliferation,true,false,false
111,74,Proliferation,true,false,true
65,34,Proliferation,true,true,true
58,86,Proliferation,true,true,false
96,79,Proliferation,true,true,false
50,101,Proliferation,true,true,true
79,56,Proliferation,true,false,false
32,89,Proliferation,true,false,false
36,83,Growth_Arrest,false,true,true
93,70,Growth_Arrest,false,false,false
66,68,Proliferation,true,false,false
64,56,Proliferation,true,true,false
57,104,Proliferation,true,false,false
45,45,Proliferation,true,true,true
36,75,Growth_Arrest,false,true,true
50,70,Proliferation,true,false,true
113,70,Growth_Arrest,false,true,false
68,51,Proliferation,true,false,true
38,89,Proliferation,true,true,false
116,58,Proliferation,true,true,false
98,104,Growth_Arrest,false,true,true
69,111,Growth_Arrest,false,false,false
115,86,Proliferation,true,true,true
47,54,Growth_Arrest,false,true,true
85,52,Growth_Arrest,false,true,false
93,52,Proliferation,true,true,false
78,70,Proliferation,true,false,false
83,60,Proliferation,true,true,false
97,114,Proliferation,true,true,true
52,113,Proliferation,true,false,false
82,119,Proliferation,true,false,true
43,89,Proliferation,true,true,false
81,113,Proliferation,true,true,false
72,92,Proliferation,true,true,false
102,90,Proliferation,true,false,true
58,55,Proliferation,true,true,false
64,44,Proliferation,true,false,true
77,40,Proliferation,true,false,true
113,49,Proliferation,true,true,false
88,80,Proliferation,true,false,true
78,101,Proliferation,true,true,true
64,115,Growth_Arrest,false,false,false
49,55,Growth_Arrest,false,true,false
81,78,Proliferation,true,false,true
73,34,Proliferation,true,false,false
77,101,Growth_Arrest,false,false,false
104,43,Proliferation,true,false,true
84,95,Growth_Arrest,false,false,true
115,82,Proliferation,true,true,true
111,50,Proliferation,true,false,false
111,80,Proliferation,true,true,false
110,92,Proliferation,true,true,true
46,101,Proliferation,true,false,true
96,45,Proliferation,true,false,true
73,58,Proliferation,true,true,false
94,35,Proliferation,true,false,true
33,97,Growth_Arrest,false,true,false
86,37,Growth_Arrest,false,true,false
53,51,Proliferation,true,true,false
59,81,Proliferation,true,false,true
101,107,Proliferation,true,false,true
74,90,Proliferation,true,false,true
43,55,Growth_Arrest,false,false,true
57,39,Proliferation,true,true,false
116,71,Proliferation,true,false,true
63,63,Growth_Arrest,false,false,false
61,76,Proliferation,true,false,true
62,84,Growth_Arrest,false,false,true
54,49,Proliferation,true,false,false
56,112,Proliferation,true,true,true
39,71,Growth_Arrest,false,false,false
45,58,Growth_Arrest,false,true,true
88,50,Proliferation,true,true,true
86,57,Proliferation,true,true,true
48,70,Proliferation,true,true,false
71,63,Proliferation,true,false,false
59,38,Growth_Arrest,false,false,true
106,47,Proliferation,true,false,false
80,94,Growth_Arrest,false,false,true
51,61,Growth_Arrest,false,true,false
43,83,Proliferation,true,true,false
45,53,Growth_Arrest,false,false,true
39,52,Proliferation,true,false,true
102,108,Proliferation,true,false,true
91,84,Proliferation,true,true,false
89,50,Proliferation,true,true,true
63,49,Growth_Arrest,false,true,false
71,104,Growth_Arrest,false,true,false
94,65,Proliferation,true,true,true
45,103,Growth_Arrest,false,true,true
41,104,Growth_Arrest,false,true,false
88,35,Proliferation,true,true,false
42,87,Proliferation,true,true,false
89,107,Proliferation,true,true,false
32,91,Proliferation,true,false,true
99,66,Proliferation,true,false,false
85,82,Proliferation,true,true,true
75,76,Growth_Arrest,false,false,false
69,42,Proliferation,true,true,true
93,59,Proliferation,true,true,true
105,89,Proliferation,true,false,true
93,76,Proliferation,true,true,true
61,82,Proliferation,true,false,true
68,90,Proliferation,true,false,true
61,115,Growth_Arrest,false,true,false
87,44,Proliferation,true,true,false
97,62,Proliferation,true,true,false
84,105,Proliferation,true,true,true
67,63,Proliferation,true,false,true
83,39,Proliferation,true,false,true
37,80,Proliferation,true,true,true
50,48,Growth_Arrest,false,true,true
115,55,Growth_Arrest,false,true,false
83,74,Growth_Arrest,false,true,false
70,31,Proliferation,true,false,false
43,54,Proliferation,true,true,true
65,94,Proliferation,true,false,true
70,95,Proliferation,true,true,false
99,101,Growth_Arrest,false,false,false
98,89,Proliferation,true,true,false
54,50,Growth_Arrest,false,true,true
61,116,Growth_Arrest,false,false,true
50,103,Proliferation,true,false,true
43,49,Proliferation,true,true,false
79,121,Proliferation,true,true,true
78,31,Growth_Arrest,false,false,false
76,93,Proliferation,true,false,false
104,72,Proliferation,true,false,true
83,29,Growth_Arrest,false,true,true
85,65,Growth_Arrest,false,false,true
101,85,Proliferation,true,false,true
78,34,Proliferation,true,false,true
106,88,Proliferation,true,true,true
96,85,Proliferation,true,false,false
97,86,Proliferation,true,true,true
70,121,Proliferation,true,false,false
113,80,Proliferation,true,true,false
46,52,Growth_Arrest,false,true,true
98,52,Growth_Arrest,false,false,false
68,57,Growth_Arrest,false,true,true
74,70,Proliferation,true,true,true
53,55,Growth_Arrest,false,false,true
77,93,Growth_Arrest,false,false,true
110,67,Growth_Arrest,false,true,false
40,81,Proliferation,true,true,true
105,58,Proliferation,true,true,false
98,105,Proliferation,true,true,false
67,59,Proliferation,true,false,false
85,117,Growth_Arrest,false,true,true
51,60,Growth_Arrest,false,false,true
102,102,Proliferation,true,false,true
96,116,Growth_Arrest,false,false,false
104,59,Proliferation,true,false,true
74,112,Proliferation,true,false,false
48,55,Growth_Arrest,false,true,true
107,89,Growth_Arrest,false,true,true
79,111,Proliferation,true,false,true
32,59,Growth_Arrest,false,false,false
80,107,Proliferation,true,true,false
95,95,Proliferation,true,true,true
87,105,Proliferation,true,true,true
75,101,Proliferation,true,false,false
65,48,Proliferation,true,true,true
52,67,Proliferation,true,true,true
92,40,Proliferation,true,false,false
80,98,Proliferation,true,true,true
109,68,Growth_Arrest,false,true,true
53,102,Proliferation,true,false,true
35,70,Proliferation,true,false,false
101,101,Proliferation,true,true,true
73,109,Growth_Arrest,false,false,false
119,75,Proliferation,true,false,false
70,58,Growth_Arrest,false,true,true
70,82,Growth_Arrest,false,false,true
59,66,Proliferation,true,false,true
54,43,Proliferation,true,false,true
41,90,Proliferation,true,false,true
113,48,Growth_Arrest,false,false,true
78,79,Proliferation,true,true,true
111,45,Proliferation,true,false,false
89,55,Proliferation,true,false,false
63,69,Growth_Arrest,false,false,false
97,52,Proliferation,true,true,false
87,68,Proliferation,true,true,false
73,71,Proliferation,true,true,false
67,30,Proliferation,true,true,true
48,79,Proliferation,true,true,true
51,73,Proliferation,true,false,false
73,113,Growth_Arrest,false,false,false
40,73,Proliferation,true,false,false
117,65,Growth_Arrest,false,false,true
70,87,Proliferation,true,false,false
94,64,Proliferation,true,false,true
34,63,Growth_Arrest,false,false,true
112,103,Proliferation,true,false,true
107,49,Proliferation,true,true,false
84,119,Growth_Arrest,false,false,false
71,60,Proliferation,true,false,false
42,59,Proliferation,true,false,false
31,87,Proliferation,true,false,false
94,77,Proliferation,true,false,false
79,67,Proliferation,true,true,true
41,72,Growth_Arrest,false,true,true
85,71,Proliferation,true,false,true
46,104,Proliferation,true,false,false
34,70,Proliferation,true,true,true
60,60,Proliferation,true,true,true
43,47,Growth_Arrest,false,false,true
59,75,Growth_Arrest,false,false,false
93,107,Growth_Arrest,false,false,true
83,96,Proliferation,true,true,false
75,93,Proliferation,true,true,false
95,91,Proliferation,true,false,false
43,61,Proliferation,true,true,false
86,112,Growth_Arrest,false,true,true
68,79,Proliferation,true,false,false
99,39,Growth_Arrest,false,false,false
82,92,Growth_Arrest,false,false,false
46,89,Proliferation,true,true,false
63,62,Proliferation,true,false,false
41,43,Growth_Arrest,false,true,true
66,109,Growth_Arrest,false,true,false
92,41,Growth_Arrest,false,true,true
87,86,Proliferation,true,true,true
75,45,Growth_Arrest,false,true,true
94,93,Proliferation,true,false,true
87,116,Proliferation,true,false,true
65,103,Proliferation,true,false,true
76,31,Growth_Arrest,false,false,true
69,53,Proliferation,true,false,false
61,54,Growth_Arrest,false,true,false
44,103,Growth_Arrest,false,false,true
45,108,Proliferation,true,true,true
35,91,Growth_Arrest,false,true,false
74,104,Proliferation,true,false,false
47,87,Proliferation,true,true,true
105,44,Growth_Arrest,false,false,false
84,80,Proliferation,true,true,true
92,34,Proliferation,true,false,false
97,61,Proliferation,true,true,false
89,51,Proliferation,true,false,false
54,114,Proliferation,true,false,false
74,86,Proliferation,true,false,false
87,65,Proliferation,true,false,true
102,53,Growth_Arrest,false,false,false
50,75,Proliferation,true,false,true
103,108,Proliferation,true,true,false
70,55,Proliferation,true,true,true
99,84,Proliferation,true,true,false
68,119,Proliferation,true,true,true
64,112,Proliferation,true,true,false
110,76,Proliferation,true,false,true
68,102,Growth_Arrest,false,true,true
53,90,Proliferation,true,true,false
38,49,Proliferation,true,true,true
64,104,Proliferation,true,false,true
88,72,Proliferation,true,false,false
34,56,Growth_Arrest,false,false,true
33,85,Growth_Arrest,false,true,true
101,41,Proliferation,true,false,true
93,103,Proliferation,true,false,false
55,37,Proliferation,true,true,false
82,39,Proliferation,true,false,false
36,72,Proliferation,true,true,true
104,70,Growth_Arrest,false,false,true
41,98,Proliferation,true,true,true
91,57,Growth_Arrest,false,false,true
34,93,Proliferation,true,false,false
106,82,Proliferation,true,false,false
48,59,Proliferation,true,false,false
56,34,Proliferation,true,false,false
68,48,Proliferation,true,true,true
30,75,Proliferation,true,false,false
37,68,Proliferation,true,false,false
105,80,Proliferation,true,false,true
88,49,Proliferation,true,true,false
96,93,Proliferation,true,false,false
110,98,Growth_Arrest,false,false,true
100,67,Proliferation,true,false,false
96,72,Proliferation,true,false,true
42,70,Proliferation,true,true,false
89,75,Growth_Arrest,false,false,false
91,41,Growth_Arrest,false,true,true
30,78,Proliferation,true,true,false
72,90,Proliferation,true,true,false
69,59,Proliferation,true,false,true
56,81,Proliferation,true,true,false
95,47,Growth_Arrest,false,false,true
100,51,Proliferation,true,true,true
100,102,Proliferation,true,true,false
35,77,Growth_Arrest,false,true,false
37,82,Proliferation,true,true,false
74,46,Proliferation,true,true,true
84,41,Growth_Arrest,false,false,false
83,106,Growth_Arrest,false,true,false
53,39,Proliferation,true,true,false
90,71,Growth_Arrest,false,false,true
98,112,Proliferation,true,false,false
51,79,Proliferation,true,false,false
39,80,Proliferation,true,false,true
103,73,Proliferation,true,false,false
111,83,Proliferation,true,true,true
99,80,Proliferation,true,false,false
44,72,Growth_Arrest,false,true,false
86,70,Proliferation,true,true,true
85,110,Proliferation,true,false,true
98,96,Growth_Arrest,false,true,true
37,77,Growth_Arrest,false,false,true
86,65,Proliferation,true,false,true
58,82,Proliferation,true,false,true
56,69,Proliferation,true,false,false
44,70,Proliferation,true,true,false
48,94,Proliferation,true,false,true
39,51,Growth_Arrest,false,false,true
76,100,Proliferation,true,true,false
68,88,Growth_Arrest,false,true,true
66,64,Proliferation,true,false,true
115,83,Growth_Arrest,false,true,false
105,45,Proliferation,true,true,false
86,119,Proliferation,true,true,true
51,65,Proliferation,true,true,false
99,42,Proliferation,true,false,true
93,97,Proliferation,true,false,false
63,31,Proliferation,true,true,true
28,70,Growth_Arrest,false,true,false
71,49,Growth_Arrest,false,true,true
114,80,Proliferation,true,true,false
41,64,Proliferation,true,true,false
70,109,Proliferation,true,false,false
40,70,Proliferation,true,false,false
79,73,Proliferation,true,false,true
102,111,Growth_Arrest,false,false,false
67,72,Proliferation,true,true,true
56,63,Proliferation,true,true,true
107,107,Proliferation,true,true,false
84,93,Growth_Arrest,false,true,true
47,64,Proliferation,true,false,true
69,52,Proliferation,true,false,true
97,115,Growth_Arrest,false,true,false
74,71,Proliferation,true,true,false
103,98,Growth_Arrest,false,false,false
98,43,Proliferation,true,false,false
101,90,Proliferation,true,true,false
69,48,Proliferation,true,true,true
86,75,Proliferation,true,true,false
62,117,Proliferation,true,true,false
109,94,Proliferation,true,true,false
58,107,Proliferation,true,false,false
104,105,Proliferation,true,true,true
76,36,Proliferation,true,true,false
29,68,Proliferation,true,false,true
40,85,Proliferation,true,false,true
71,72,Proliferation,true,true,false
39,70,Proliferation,true,false,true
43,62,Growth_Arrest,false,true,true
80,108,Growth_Arrest,false,false,true
84,90,Proliferation,true,true,false
37,94,Proliferation,true,false,true
90,88,Growth_Arrest,false,true,false
58,116,Proliferation,true,false,false
83,30,Proliferation,true,true,true
94,107,Proliferation,true,false,false
36,54,Growth_Arrest,false,false,true
100,41,Proliferation,true,false,false
41,93,Proliferation,true,false,true
34,76,Proliferation,true,false,true
84,92,Growth_Arrest,false,false,true
67,49,Proliferation,true,false,true
74,72,Proliferation,true,false,true
46,49,Growth_Arrest,false,false,false
79,50,Proliferation,true,true,false
76,109,Proliferation,true,false,true
96,67,Growth_Arrest,false,true,false
70,46,Proliferation,true,true,false
50,78,Proliferation,true,true,false
35,65,Proliferation,true,false,true
61,94,Proliferation,true,false,false
93,93,Proliferation,true,true,false
62,41,Proliferation,true,false,true
67,85,Proliferation,true,true,false
63,111,Growth_Arrest,false,true,false
79,75,Growth_Arrest,false,true,true
72,110,Proliferation,true,true,true
58,33,Proliferation,true,false,true
68,92,Proliferation,true,false,true
73,79,Growth_Arrest,false,true,false
90,70,Proliferation,true,false,true
44,73,Growth_Arrest,false,true,true
87,112,Proliferation,true,true,false
92,47,Proliferation,true,false,true
71,114,Proliferation,true,true,true
92,54,Proliferation,true,false,false
50,110,Growth_Arrest,false,false,false
74,37,Proliferation,true,false,false
74,61,Growth_Arrest,false,true,true
76,34,Proliferation,true,true,true
111,56,Proliferation,true,false,false
36,53,Proliferation,true,false,true
108,106,Growth_Arrest,false,true,false
70,66,Proliferation,true,false,false
52,57,Proliferation,true,false,true
77,42,Proliferation,true,true,false
43,74,Proliferation,true,true,false
33,55,Proliferation,true,false,true
37,57,Proliferation,true,false,true
76,75,Proliferation,true,false,true
42,77,Proliferation,true,true,false
57,66,Proliferation,true,false,false
78,113,Growth_Arrest,false,true,true
90,37,Growth_Arrest,false,false,false
57,50,Proliferation,true,false,true
92,106,Proliferation,true,true,true
84,109,Proliferation,true,false,true
76,110,Proliferation,true,true,true
90,85,Proliferation,true,false,true
106,74,Proliferation,true,false,false
66,46,Proliferation,true,false,true
79,90,Proliferation,true,true,true
69,60,Proliferation,true,false,false
87,58,Proliferation,true,false,true
64,91,Proliferation,true,false,false
95,98,Proliferation,true,true,true
111,87,Growth_Arrest,false,true,true
69,96,Growth_Arrest,false,false,false
68,61,Proliferation,true,true,true
108,67,Proliferation,true,false,false
62,36,Growth_Arrest,false,false,true
91,66,Proliferation,true,false,true
64,47,Proliferation,true,true,true
70,118,Growth_Arrest,false,false,true
34,85,Proliferation,true,true,true
62,82,Proliferation,true,false,true
107,95,Growth_Arrest,false,true,false
81,52,Proliferation,true,true,false
97,60,Proliferation,true,true,true
88,114,Growth_Arrest,false,true,false
38,60,Proliferation,true,true,true
61,46,Proliferation,true,false,true
68,52,Proliferation,true,true,true
41,87,Proliferation,true,true,true
60,49,Proliferation,true,true,false
43,70,Proliferation,true,true,false
101,52,Growth_Arrest,false,false,true
110,74,Proliferation,true,true,false
29,70,Proliferation,true,false,true
70,110,Proliferation,true,false,true
105,52,Proliferation,true,true,true
50,113,Proliferation,true,true,true
77,82,Proliferation,true,false,false
52,106,Proliferation,true,true,true
52,64,Proliferation,true,true,true
113,91,Proliferation,true,false,true
67,51,Proliferation,true,true,true
62,46,Growth_Arrest,false,false,false
114,73,Growth_Arrest,false,false,true
119,85,Proliferation,true,true,true
116,73,Proliferation,true,true,false
49,44,Growth_Arrest,false,true,false
89,72,Growth_Arrest,false,true,false
75,66,Proliferation,true,false,false
118,90,Growth_Arrest,false,true,false
107,72,Proliferation,true,true,false
70,68,Proliferation,true,false,true
74,49,Proliferation,true,false,true
95,46,Proliferation,true,false,true
108,45,Proliferation,true,true,true
94,38,Proliferation,true,false,true
108,47,Proliferation,true,false,false
94,60,Growth_Arrest,false,true,false
54,54,Growth_Arrest,false,true,false
96,54,Proliferation,true,false,true
103,107,Growth_Arrest,false,false,false
79,46,Proliferation,true,true,false
91,73,Growth_Arrest,false,false,false
103,44,Proliferation,true,true,true
76,61,Growth_Arrest,false,false,true
97,101,Proliferation,true,false,true
109,106,Growth_Arrest,false,true,true
68,100,Growth_Arrest,false,true,true
89,81,Proliferation,true,true,true
72,117,Growth_Arrest,false,true,false
108,86,Proliferation,true,false,true
107,98,Proliferation,true,true,false
62,113,Proliferation,true,true,true
107,100,Proliferation,true,false,false
99,54,Proliferation,true,true,false
81,64,Proliferation,true,true,true
42,65,Growth_Arrest,false,false,true
56,70,Proliferation,true,true,false
71,75,Proliferation,true,true,false
52,54,Proliferation,true,false,true
63,29,Proliferation,true,true,true
64,59,Growth_Arrest,false,true,false
106,64,Growth_Arrest,false,true,false
39,82,Proliferation,true,false,true
74,74,Proliferation,true,false,true
39,46,Proliferation,true,true,false
109,82,Proliferation,true,false,true
93,62,Growth_Arrest,false,true,false
55,76,Proliferation,true,false,true
56,109,Proliferation,true,false,false
121,76,Proliferation,true,false,false
96,110,Proliferation,true,true,true
77,54,Proliferation,true,false,false
52,84,Proliferation,true,true,false
69,120,Proliferation,true,false,true
76,106,Growth_Arrest,false,true,true
116,78,Growth_Arrest,false,true,true
79,34,Proliferation,true,true,true
95,89,Proliferation,true,false,false
104,82,Proliferation,true,true,false
76,51,Proliferation,true,true,true
117,63,Growth_Arrest,false,false,false
77,50,Proliferation,true,false,false
96,39,Proliferation,true,true,true
36,91,Proliferation,true,true,false
111,91,Proliferation,true,true,true
78,78,Proliferation,true,false,false
77,56,Growth_Arrest,false,false,true
100,113,Proliferation,true,true,false
49,107,Growth_Arrest,false,true,false
102,107,Proliferation,true,false,true
41,81,Growth_Arrest,false,true,true
57,101,Growth_Arrest,false,false,false
40,82,Growth_Arrest,false,true,true
54,112,Proliferation,true,false,false
81,107,Proliferation,true,false,true
34,74,Growth_Arrest,false,true,true
86,88,Proliferation,true,true,true
87,91,Growth_Arrest,false,false,false
100,109,Proliferation,true,true,false
58,40,Growth_Arrest,false,true,false
114,76,Growth_Arrest,false,true,false
63,64,Growth_Arrest,false,true,true
37,65,Proliferation,true,true,false
45,68,Growth_Arrest,false,true,false
50,39,Growth_Arrest,false,true,true
105,82,Growth_Arrest,false,false,false
30,82,Proliferation,true,false,false
79,97,Growth_Arrest,false,false,false
91,46,Growth_Arrest,false,false,true
60,61,Growth_Arrest,false,true,true
64,88,Proliferation,true,false,true
63,45,Proliferation,true,true,true
105,106,Growth_Arrest,false,true,true
44,82,Proliferation,true,false,true
45,102,Proliferation,true,false,false
107,97,Proliferation,true,true,false
59,72,Proliferation,true,false,true
72,43,Growth_Arrest,false,false,true
76,96,Growth_Arrest,false,true,true
98,65,Growth_Arrest,false,false,false
86,98,Proliferation,true,false,true
65,67,Proliferation,true,true,true
104,102,Proliferation,true,true,true
100,75,Proliferation,true,false,false
35,83,Growth_Arrest,false,false,true
53,87,Proliferation,true,true,true
61,71,Proliferation,true,true,true
101,104,Growth_Arrest,false,false,false
91,47,Growth_Arrest,false,false,true
59,83,Proliferation,true,false,false
50,56,Proliferation,true,true,true
104,46,Growth_Arrest,false,false,true
30,87,Growth_Arrest,false,true,true
47,107,Proliferation,true,true,true
99,67,Proliferation,true,false,false
70,45,Proliferation,true,false,true
103,48,Growth_Arrest,false,true,true
75,57,Proliferation,true,true,false
96,100,Growth_Arrest,false,false,false
107,86,Growth_Arrest,false,false,true
96,69,Growth_Arrest,false,true,false
65,117,Growth_Arrest,false,false,false
76,63,Proliferation,true,true,true
64,49,Proliferation,true,false,false
118,65,Proliferation,true,false,true
48,104,Proliferation,true,true,false
92,43,Growth_Arrest,false,false,true
101,54,Growth_Arrest,false,false,true
72,35,Proliferation,true,true,false
36,97,Proliferation,true,false,true
43,77,Growth_Arrest,false,true,false
38,75,Growth_Arrest,false,false,true
73,117,Proliferation,true,true,true
95,102,Proliferation,true,false,true
39,65,Proliferation,true,false,true
44,45,Proliferation,true,false,true
90,63,Proliferation,true,false,true
58,90,Proliferation,true,true,true
100,94,Proliferation,true,false,true
88,62,Growth_Arrest,false,true,false
80,47,Growth_Arrest,false,false,true
78,75,Proliferation,true,false,true
79,74,Proliferation,true,false,true
59,103,Proliferation,true,false,true
56,79,Growth_Arrest,false,false,false
83,92,Proliferation,true,true,true
81,111,Growth_Arrest,false,true,true
91,32,Proliferation,true,true,false
62,52,Growth_Arrest,false,false,true
87,43,Growth_Arrest,false,false,true
31,70,Proliferation,true,false,false
48,43,Growth_Arrest,false,false,false
81,112,Growth_Arrest,false,true,true
92,118,Proliferation,true,true,true
100,70,Growth_Arrest,false,true,true
88,84,Proliferation,true,false,true
103,109,Growth_Arrest,false,false,false
103,89,Growth_Arrest,false,true,true
78,92,Growth_Arrest,false,true,false
32,88,Growth_Arrest,false,false,true
92,67,Proliferation,true,false,true
114,74,Proliferation,true,true,false
60,54,Proliferation,true,false,false
110,54,Proliferation,true,false,true
115,73,Proliferation,true,true,true
88,73,Growth_Arrest,false,false,true
110,80,Growth_Arrest,false,true,true
41,73,Growth_Arrest,false,false,true
64,109,Growth_Arrest,false,false,false
81,69,Proliferation,true,true,true
69,30,Growth_Arrest,false,true,true
85,99,Growth_Arrest,false,false,true
104,104,Growth_Arrest,false,false,false
96,104,Proliferation,true,true,true
106,107,Proliferation,true,true,true
39,78,Proliferation,true,false,false
100,58,Proliferation,true,false,true
98,108,Growth_Arrest,false,false,true
35,58,Proliferation,true,false,true
102,56,Growth_Arrest,false,true,true
45,77,Proliferation,true,true,false
77,38,Growth_Arrest,false,true,false
50,52,Proliferation,true,false,true
51,74,Proliferation,true,false,true
90,81,Growth_Arrest,false,true,true
37,52,Proliferation,true,false,false
74,39,Proliferation,true,false,false
55,75,Proliferation,true,true,false
68,70,Growth_Arrest,false,true,false
79,40,Proliferation,true,false,true
112,69,Proliferation,true,true,false
103,83,Proliferation,true,true,true
118,76,Growth_Arrest,false,false,true
73,99,Proliferation,true,true,false
49,61,Proliferation,true,false,false
67,45,Growth_Arrest,false,false,false
105,98,Proliferation,true,false,false
71,48,Proliferation,true,false,false
36,60,Proliferation,true,false,true
37,54,Growth_Arrest,false,false,true
37,53,Growth_Arrest,false,true,false
74,110,Proliferation,true,false,true
113,59,Proliferation,true,false,false
75,49,Proliferation,true,false,true
107,105,Proliferation,true,true,true
75,47,Growth_Arrest,false,true,true
50,69,Proliferation,true,true,true
60,116,Growth_Arrest,false,false,true
67,43,Proliferation,true,true,false
46,46,Proliferation,true,false,false
70,98,Growth_Arrest,false,false,true
58,32,Proliferation,true,true,false
60,107,Growth_Arrest,false,true,true
35,78,Proliferation,true,false,false
42,90,Proliferation,true,true,true
36,70,Proliferation,true,true,true
38,82,Proliferation,true,false,true
98,70,Proliferation,true,false,true
113,98,Proliferation,true,false,true
100,47,Proliferation,true,false,true
66,61,Proliferation,true,false,true
111,47,Proliferation,true,false,true
66,113,Growth_Arrest,false,false,true
34,64,Growth_Arrest,false,true,false
58,103,Proliferation,true,false,true
38,64,Proliferation,true,false,false
63,75,Proliferation,true,true,true
63,58,Proliferation,true,true,false
33,52,Growth_Arrest,false,true,true
108,55,Proliferation,true,false,true
65,78,Proliferation,true,true,false
67,70,Proliferation,true,false,true
98,69,Growth_Arrest,false,true,true
120,78,Proliferation,true,true,true
63,67,Proliferation,true,true,true
44,88,Growth_Arrest,false,false,false
69,33,Proliferation,true,true,true
92,96,Proliferation,true,false,false
50,88,Proliferation,true,true,true
62,57,Proliferation,true,false,false
69,44,Growth_Arrest,false,true,true
88,77,Proliferation,true,true,false
96,38,Proliferation,true,true,true
82,76,Proliferation,true,true,false
51,81,Proliferation,true,false,false
78,29,Growth_Arrest,false,true,true
73,120,Proliferation,true,false,false
93,114,Proliferation,true,true,false
50,83,Proliferation,true,true,true
76,62,Proliferation,true,true,false
30,70,Growth_Arrest,false,false,false
86,54,Growth_Arrest,false,false,false
94,47,Proliferation,true,false,false
63,34,Proliferation,true,true,false
65,104,Proliferation,true,true,true
93,57,Proliferation,true,true,true
73,56,Proliferation,true,true,true
62,58,Growth_Arrest,false,false,false
56,47,Proliferation,true,false,false
70,49,Growth_Arrest,false,false,false
49,85,Growth_Arrest,false,false,false
102,68,Proliferation,true,false,true
43,58,Proliferation,true,true,false
73,68,Proliferation,true,true,false
107,52,Proliferation,true,true,true
73,41,Proliferation,true,false,false
91,61,Proliferation,true,true,false
51,34,Growth_Arrest,false,true,false
99,96,Proliferation,true,true,false
62,47,Proliferation,true,true,false
79,70,Proliferation,true,false,true
96,83,Growth_Arrest,false,true,false
33,59,Proliferation,true,true,true
89,34,Proliferation,true,false,true
86,120,Growth_Arrest,false,true,false
78,93,Proliferation,true,true,true
78,67,Growth_Arrest,false,false,true
70,78,Proliferation,true,false,true
112,72,Proliferation,true,true,true
59,51,Proliferation,true,false,true
102,92,Proliferation,true,false,false
94,111,Growth_Arrest,false,true,false
97,80,Growth_Arrest,false,false,true
38,83,Proliferation,true,false,true
60,96,Growth_Arrest,false,false,false
103,78,Proliferation,true,true,true
60,75,Proliferation,true,false,false
68,95,Proliferation,true,true,false
109,71,Proliferation,true,true,true
43,106,Proliferation,true,true,true
81,99,Proliferation,true,false,true
63,119,Growth_Arrest,false,true,false
103,69,Proliferation,true,false,true
43,46,Growth_Arrest,false,true,true
60,81,Growth_Arrest,false,false,true
90,61,Proliferation,true,false,true
78,86,Proliferation,true,false,false
109,100,Proliferation,true,false,false
31,66,Proliferation,true,false,false
102,85,Proliferation,true,false,true
86,94,Proliferation,true,true,true
57,97,Growth_Arrest,false,false,true
43,40,Proliferation,true,false,true
106,101,Proliferation,true,true,true
109,98,Growth_Arrest,false,false,true
105,79,Proliferation,true,false,true
114,94,Proliferation,true,true,true
75,40,Proliferation,true,false,false
55,107,Growth_Arrest,false,true,true
48,83,Growth_Arrest,false,false,true
96,107,Proliferation,true,true,true
96,42,Growth_Arrest,false,true,true
47,70,Growth_Arrest,false,true,false
79,106,Growth_Arrest,false,false,true
62,116,Proliferation,true,false,false
32,56,Proliferation,true,false,false
68,45,Proliferation,true,false,false
42,42,Proliferation,true,true,false
81,39,Proliferation,true,false,false
60,92,Proliferation,true,false,false
91,63,Proliferation,true,true,true
116,66,Proliferation,true,true,true
106,51,Proliferation,true,false,false
69,65,Proliferation,true,true,false
96,44,Proliferation,true,false,true
88,45,Proliferation,true,false,true
107,62,Proliferation,true,true,false
80,32,Proliferation,true,true,true
117,87,Proliferation,true,true,true
98,37,Proliferation,true,true,false
51,89,Growth_Arrest,false,true,false
54,80,Proliferation,true,true,false
66,120,Proliferation,true,true,true
102,63,Growth_Arrest,false,true,false
105,41,Proliferation,true,true,true
29,87,Growth_Arrest,false,false,false
101,59,Proliferation,true,false,true
89,52,Growth_Arrest,false,false,true
32,65,Proliferation,true,true,true
52,72,Proliferation,true,true,true
68,33,Proliferation,true,true,false
64,95,Growth_Arrest,false,true,false
68,108,Proliferation,true,true,true
112,68,Proliferation,true,true,false
84,98,Growth_Arrest,false,true,false
79,68,Growth_Arrest,false,true,true
95,68,Proliferation,true,false,true
61,117,Growth_Arrest,false,false,true
67,50,Proliferation,true,false,true
85,70,Proliferation,true,true,true
84,100,Proliferation,true,true,true
62,106,Growth_Arrest,false,false,false
109,79,Proliferation,true,false,false
40,69,Growth_Arrest,false,true,true
90,105,Growth_Arrest,false,false,true
96,94,Proliferation,true,false,true
66,71,Proliferation,true,false,false
81,106,Growth_Arrest,false,false,true
62,100,Proliferation,true,false,true
115,58,Growth_Arrest,false,false,true
108,100,Proliferation,true,false,true
54,74,Proliferation,true,false,true
40,58,Proliferation,true,false,false
66,36,Proliferation,true,false,true
92,108,Proliferation,true,true,true
95,49,Proliferation,true,true,false
73,97,Proliferation,true,false,false
93,92,Proliferation,true,false,true
70,63,Growth_Arrest,false,true,true
115,84,Proliferation,true,true,false
80,35,Proliferation,true,true,false
32,58,Growth_Arrest,false,true,false
49,57,Growth_Arrest,false,true,false
112,71,Proliferation,true,true,false
71,90,Growth_Arrest,false,false,false
115,81,Proliferation,true,false,true
56,89,Proliferation,true,true,true
41,77,Proliferation,true,false,false
47,94,Growth_Arrest,false,true,false
107,41,Growth_Arrest,false,false,true
42,61,Growth_Arrest,false,false,false
81,36,Growth_Arrest,false,true,true
65,99,Growth_Arrest,false,true,false
66,118,Proliferation,true,false,false
85,104,Growth_Arrest,false,false,false
37,73,Proliferation,true,false,false
104,74,Growth_Arrest,false,true,true
78,97,Proliferation,true,true,false
87,80,Proliferation,true,true,false
81,89,Proliferation,true,true,true
64,97,Proliferation,true,false,false
109,61,Proliferation,true,true,false
72,100,Growth_Arrest,false,true,false
117,89,Proliferation,true,true,true
86,50,Growth_Arrest,false,true,false
101,57,Growth_Arrest,false,true,false
111,82,Growth_Arrest,false,true,true
82,34,Proliferation,true,true,false
85,47,Growth_Arrest,false,true,true
88,95,Growth_Arrest,false,false,true
99,52,Proliferation,true,false,false
108,65,Growth_Arrest,false,false,true
113,50,Growth_Arrest,false,false,false
82,79,Proliferation,true,true,false
97,58,Proliferation,true,true,true
53,57,Proliferation,true,false,true
40,90,Proliferation,true,false,false
83,78,Growth_Arrest,false,true,false
49,68,Growth_Arrest,false,false,true
95,81,Proliferation,true,true,false
29,66,Proliferation,true,false,true
114,52,Proliferation,true,false,true
77,83,Proliferation,true,false,false
108,87,Growth_Arrest,false,false,false
38,102,Growth_Arrest,false,false,true
56,113,Proliferation,true,false,true
48,60,Growth_Arrest,false,false,true
48,86,Growth_Arrest,false,true,true
45,69,Proliferation,true,false,true
63,39,Proliferation,true,true,false
100,88,Growth_Arrest,false,false,true
52,81,Proliferation,true,false,true
101,60,Growth_Arrest,false,true,false
95,51,Proliferation,true,true,false
90,58,Proliferation,true,false,true
73,53,Proliferation,true,false,true
105,73,Proliferation,true,true,true
62,33,Growth_Arrest,false,true,false
66,83,Proliferation,true,true,true
60,56,Proliferation,true,false,false
48,53,Proliferation,true,true,true
36,66,Proliferation,true,true,false
89,106,Growth_Arrest,false,true,true
69,67,Growth_Arrest,false,true,true
44,93,Proliferation,true,false,false
43,103,Proliferation,true,true,true
39,63,Proliferation,true,false,false
108,53,Proliferation,true,true,true
71,30,Proliferation,true,false,false
96,103,Growth_Arrest,false,false,true
99,93,Proliferation,true,true,true
72,30,Growth_Arrest,false,false,true
34,94,Growth_Arrest,false,false,false
78,81,Proliferation,true,false,false
50,59,Growth_Arrest,false,true,false
107,58,Proliferation,true,false,false
74,65,Proliferation,true,true,true
60,68,Proliferation,true,false,true
35,68,Proliferation,true,false,true
89,30,Growth_Arrest,false,false,true
61,111,Growth_Arrest,false,false,false
59,119,Growth_Arrest,false,false,true
116,57,Proliferation,true,true,true
66,57,Proliferation,true,false,true
55,45,Growth_Arrest,false,true,true
114,92,Proliferation,true,true,true
78,104,Growth_Arrest,false,false,false
44,107,Growth_Arrest,false,true,false
77,109,Proliferation,true,true,true
69,112,Proliferation,true,true,false
99,85,Proliferation,true,false,true
60,82,Proliferation,true,false,true
65,65,Proliferation,true,true,true
49,62,Growth_Arrest,false,false,true
80,70,Proliferation,true,true,true
64,40,Proliferation,true,true,true
68,106,Growth_Arrest,false,false,true
88,41,Proliferation,true,true,true
53,76,Proliferation,true,false,true
102,82,Proliferation,true,false,true
68,32,Proliferation,true,true,false
92,31,Proliferation,true,false,false
84,60,Growth_Arrest,false,true,true
63,70,Proliferation,true,false,true
58,36,Proliferation,true,false,false
110,81,Growth_Arrest,false,false,true
67,97,Proliferation,true,true,false
120,79,Proliferation,true,true,false
103,75,Proliferation,true,true,false
63,77,Proliferation,true,false,true
70,77,Proliferation,true,true,false
99,58,Growth_Arrest,false,false,true
79,28,Growth_Arrest,false,false,true
52,68,Proliferation,true,false,false
81,67,Proliferation,true,true,false
115,64,Proliferation,true,true,false
43,85,Growth_Arrest,false,false,true
103,99,Proliferation,true,true,false
72,89,Growth_Arrest,false,false,true
59,94,Proliferation,true,true,true
51,52,Proliferation,true,true,true
86,108,Proliferation,true,true,false
42,46,Proliferation,true,false,false
110,50,Growth_Arrest,false,true,true
105,78,Proliferation,true,false,false
61,91,Growth_Arrest,false,false,false
97,70,Proliferation,true,true,true
55,73,Proliferation,true,true,true
49,108,Proliferation,true,false,true
28,81,Proliferation,true,true,false
55,116,Proliferation,true,true,true
40,51,Proliferation,true,false,false
66,35,Proliferation,true,false,true
120,76,Proliferation,true,false,true
31,80,Proliferation,true,false,true
59,71,Proliferation,true,true,true
40,106,Proliferation,true,false,false
82,103,Proliferation,true,false,true
91,43,Proliferation,true,false,true
48,77,Proliferation,true,false,false
44,97,Proliferation,true,false,false
71,106,Proliferation,true,false,false
50,35,Proliferation,true,true,true
62,35,Proliferation,true,false,true
60,102,Proliferation,true,true,true
79,100,Proliferation,true,true,true
114,93,Proliferation,true,true,false
89,78,Proliferation,true,false,true
74,50,Proliferation,true,true,false
57,117,Proliferation,true,false,false
32,62,Growth_Arrest,false,false,false
96,73,Proliferation,true,true,true
103,94,Growth_Arrest,false,false,false
102,46,Proliferation,true,false,true
79,81,Proliferation,true,true,true
45,111,Proliferation,true,false,false
46,58,Proliferation,true,true,false
53,33,Proliferation,true,false,true
75,70,Proliferation,true,true,false
55,61,Growth_Arrest,false,false,false
56,73,Proliferation,true,false,true
43,84,Growth_Arrest,false,false,false
84,76,Growth_Arrest,false,false,true
48,71,Proliferation,true,false,false
114,51,Proliferation,true,true,true
42,76,Proliferation,true,false,true
59,90,Proliferation,true,false,false
95,70,Proliferation,true,true,false
40,65,Proliferation,true,true,true
34,79,Proliferation,true,false,true
73,36,Growth_Arrest,false,false,false
86,80,Proliferation,true,false,false
93,69,Growth_Arrest,false,true,true
47,108,Proliferation,true,false,false
54,70,Proliferation,true,true,true
35,61,Growth_Arrest,false,false,false
63,120,Growth_Arrest,false,true,true
78,103,Growth_Arrest,false,true,false
71,86,Growth_Arrest,false,true,false
94,62,Growth_Arrest,false,false,false
62,59,Proliferation,true,true,false
33,96,Growth_Arrest,false,false,false
55,65,Proliferation,true,true,true
76,108,Proliferation,true,false,false
54,103,Growth_Arrest,false,true,true
51,93,Proliferation,true,false,true
113,76,Proliferation,true,false,true
56,39,Proliferation,true,false,false
92,51,Proliferation,true,false,false
95,112,Growth_Arrest,false,false,false
106,55,Growth_Arrest,false,true,false
106,40,Growth_Arrest,false,true,true
73,92,Proliferation,true,true,false
54,97,Proliferation,true,false,false
109,49,Proliferation,true,true,false
55,82,Proliferation,true,false,false
101,70,Growth_Arrest,false,true,true
38,68,Proliferation,true,false,true
52,116,Growth_Arrest,false,false,false
47,111,Proliferation,true,false,false
70,80,Growth_Arrest,false,false,false
108,52,Proliferation,true,true,false
90,32,Proliferation,true,false,false
90,43,Growth_Arrest,false,true,false
54,75,Proliferation,true,true,false
67,67,Growth_Arrest,false,true,false
103,97,Proliferation,true,false,false
91,114,Proliferation,true,true,false
85,114,Proliferation,true,false,true
99,98,Proliferation,true,true,true
55,111,Growth_Arrest,false,true,false
111,98,Growth_Arrest,false,false,false
108,85,Growth_Arrest,false,true,false
46,105,Growth_Arrest,false,true,true
89,57,Growth_Arrest,false,false,true
94,66,Proliferation,true,false,true
78,50,Growth_Arrest,false,false,false
99,46,Proliferation,true,false,true
88,60,Growth_Arrest,false,true,false
78,36,Growth_Arrest,false,true,true
54,76,Proliferation,true,true,false
117,74,Growth_Arrest,false,true,true
33,65,Proliferation,true,true,false
40,103,Proliferation,true,false,true
70,64,Proliferation,true,true,false
79,53,Proliferation,true,false,false
74,105,Growth_Arrest,false,false,true
30,68,Proliferation,true,false,true
39,73,Proliferation,true,false,true
106,84,Proliferation,true,true,false
73,48,Growth_Arrest,false,true,true
44,63,Proliferation,true,false,false
86,43,Proliferation,true,true,true
119,64,Proliferation,true,false,false
76,68,Proliferation,true,true,true
55,93,Proliferation,true,true,false
100,64,Proliferation,true,true,true
99,86,Proliferation,true,true,false
109,63,Proliferation,true,true,false
94,88,Proliferation,true,true,true
59,60,Proliferation,true,true,true
53,106,Growth_Arrest,false,false,true
76,50,Proliferation,true,true,true
87,29,Growth_Arrest,false,true,false
76,33,Proliferation,true,false,false
56,48,Proliferation,true,false,false
49,75,Proliferation,true,false,true
83,57,Proliferation,true,true,false
81,35,Proliferation,true,false,true
89,54,Proliferation,true,false,true
51,91,Proliferation,true,false,true
67,37,Proliferation,true,true,true
100,103,Growth_Arrest,false,false,true
104,64,Growth_Arrest,false,true,true
43,59,Growth_Arrest,false,false,true
76,89,Proliferation,true,false,true
56,102,Proliferation,true,false,true
75,97,Proliferation,true,true,true
43,109,Proliferation,true,true,false
32,61,Growth_Arrest,false,false,true
67,75,Proliferation,true,true,true
53,64,Growth_Arrest,false,false,false
70,107,Growth_Arrest,false,true,true
113,93,Growth_Arrest,false,true,false
94,75,Growth_Arrest,false,false,false
91,96,Proliferation,true,false,true
81,87,Proliferation,true,false,true
66,31,Proliferation,true,true,true
46,97,Proliferation,true,true,false
71,32,Proliferation,true,false,false
86,99,Proliferation,true,false,false
63,95,Proliferation,true,false,false
97,92,Proliferation,true,true,true
38,94,Proliferation,true,true,false
80,116,Proliferation,true,false,true
98,62,Growth_Arrest,false,true,true
76,69,Growth_Arrest,false,false,true
70,62,Proliferation,true,true,true
71,67,Growth_Arrest,false,true,true
94,40,Growth_Arrest,false,true,true
111,57,Growth_Arrest,false,false,true
68,54,Proliferation,true,true,false
106,86,Proliferation,true,true,false
80,120,Growth_Arrest,false,true,false
33,94,Growth_Arrest,false,false,false
37,85,Growth_Arrest,false,false,true
108,103,Proliferation,true,false,true
46,54,Growth_Arrest,false,true,false
104,88,Proliferation,true,true,false
31,57,Growth_Arrest,false,false,false
104,93,Proliferation,true,false,true
71,78,Growth_Arrest,false,false,false
79,77,Proliferation,true,false,false
97,49,Proliferation,true,false,false
42,69,Proliferation,true,true,false
68,86,Growth_Arrest,false,false,true
58,44,Proliferation,true,false,false
49,47,Proliferation,true,true,false
63,81,Proliferation,true,true,true
35,81,Proliferation,true,false,false
94,71,Proliferation,true,true,false
97,57,Proliferation,true,false,false
87,46,Proliferation,true,true,true
73,106,Proliferation,true,false,false
100,60,Proliferation,true,false,false
72,73,Proliferation,true,true,true
120,69,Proliferation,true,false,false
75,73,Proliferation,true,true,false
52,86,Proliferation,true,false,true
119,80,Proliferation,true,true,true
47,60,Proliferation,true,false,true
43,41,Proliferation,true,true,true
46,106,Proliferation,true,true,false
54,53,Proliferation,true,false,false
41,61,Growth_Arrest,false,false,true
52,73,Growth_Arrest,false,false,false
109,105,Proliferation,true,true,false
74,99,Proliferation,true,true,true
45,61,Growth_Arrest,false,false,true
113,88,Growth_Arrest,false,false,false
54,35,Proliferation,true,true,true
86,95,Proliferation,true,false,true
94,94,Proliferation,true,false,true
53,74,Proliferation,true,false,false
32,86,Proliferation,true,true,true
57,71,Growth_Arrest,false,false,false
75,41,Proliferation,true,true,false
72,60,Proliferation,true,true,false
102,49,Proliferation,true,true,false
90,96,Growth_Arrest,false,false,false
49,112,Growth_Arrest,false,false,false
78,56,Growth_Arrest,false,false,true
66,54,Growth_Arrest,false,false,true
60,77,Proliferation,true,false,true
94,50,Proliferation,true,false,true
93,44,Growth_Arrest,false,true,false
73,121,Proliferation,true,false,false
89,69,Proliferation,true,false,false
82,60,Proliferation,true,false,true
61,90,Growth_Arrest,false,false,true
103,77,Proliferation,true,false,true
32,79,Proliferation,true,true,false
87,92,Proliferation,true,true,false
99,59,Proliferation,true,false,false
69,76,Proliferation,true,true,true
45,105,Proliferation,true,true,false
110,77,Proliferation,true,false,true
57,69,Proliferation,true,true,true
45,49,Proliferation,true,false,true
60,76,Growth_Arrest,false,true,true
103,95,Proliferation,true,false,true
68,67,Proliferation,true,true,false
67,44,Proliferation,true,false,true
89,82,Proliferation,true,false,true
86,53,Growth_Arrest,false,false,true
93,111,Proliferation,true,true,true
45,95,Proliferation,true,true,false
34,96,Proliferation,true,true,false
61,47,Proliferation,true,true,false
55,46,Proliferation,true,true,true
54,42,Proliferation,true,false,true
88,106,Proliferation,true,true,false
66,86,Proliferation,true,true,true
102,66,Proliferation,true,false,false
49,95,Growth_Arrest,false,false,false
107,99,Proliferation,true,true,false
84,50,Proliferation,true,false,false
83,54,Growth_Arrest,false,false,false
91,116,Proliferation,true,false,false
45,99,Growth_Arrest,false,false,true
53,46,Proliferation,true,true,true
45,88,Proliferation,true,true,false
92,90,Growth_Arrest,false,false,false
63,37,Proliferation,true,true,true
80,55,Proliferation,true,false,false
65,63,Growth_Arrest,false,true,false
98,111,Growth_Arrest,false,true,false
69,40,Proliferation,true,true,true
91,35,Proliferation,true,true,false
110,79,Growth_Arrest,false,true,false
105,87,Proliferation,true,true,false
72,41,Proliferation,true,false,false
48,47,Proliferation,true,false,false
82,51,Growth_Arrest,false,false,true
61,50,Proliferation,true,false,false
73,111,Growth_Arrest,false,false,true
68,31,Proliferation,true,false,false
72,97,Growth_Arrest,false,false,false
57,63,Growth_Arrest,false,false,true
108,82,Proliferation,true,false,true
64,29,Growth_Arrest,false,false,true
71,107,Proliferation,true,false,false
98,36,Proliferation,true,true,true
96,37,Proliferation,true,false,true
100,42,Proliferation,true,false,true
45,44,Proliferation,true,true,true
92,72,Proliferation,true,true,true
36,49,Growth_Arrest,false,false,true
36,62,Proliferation,true,true,true
74,89,Growth_Arrest,false,true,false
45,86,Growth_Arrest,false,true,false
60,119,Growth_Arrest,false,false,false
99,60,Proliferation,true,false,true
102,39,Growth_Arrest,false,false,true
64,67,Proliferation,true,false,true
111,89,Proliferation,true,true,true
38,93,Proliferation,true,true,false
106,59,Growth_Arrest,false,true,false
80,106,Proliferation,true,false,false
75,59,Growth_Arrest,false,false,false
110,61,Proliferation,true,true,true
66,50,Proliferation,true,true,false
63,117,Proliferation,true,true,true
98,67,Proliferation,true,true,false
67,87,Growth_Arrest,false,true,true
80,110,Growth_Arrest,false,false,true
94,56,Proliferation,true,false,false
60,89,Proliferation,true,false,false
51,37,Proliferation,true,true,true
54,59,Proliferation,true,false,true
98,54,Growth_Arrest,false,false,false
53,44,Growth_Arrest,false,false,true
48,98,Growth_Arrest,false,false,false
84,111,Proliferation,true,false,false
104,92,Growth_Arrest,false,false,false
85,84,Growth_Arrest,false,false,false
66,111,Growth_Arrest,false,true,true
70,33,Growth_Arrest,false,true,true
116,60,Proliferation,true,false,true
60,36,Proliferation,true,false,false
69,101,Growth_Arrest,false,false,true
67,116,Proliferation,true,false,true
94,42,Proliferation,true,true,true
48,91,Proliferation,true,true,false
35,96,Growth_Arrest,false,false,true
87,100,Proliferation,true,false,false
43,86,Proliferation,true,false,true
60,117,Proliferation,true,true,true
97,109,Proliferation,true,false,false
85,39,Proliferation,true,false,true
102,77,Growth_Arrest,false,true,false
55,56,Proliferation,true,false,true
96,84,Proliferation,true,false,true
110,46,Growth_Arrest,false,false,false
77,116,Proliferation,true,false,false
69,70,Growth_Arrest,false,true,false
72,81,Proliferation,true,false,true
31,79,Proliferation,true,false,false
88,99,Growth_Arrest,false,false,true
103,54,Growth_Arrest,false,true,true
50,73,Proliferation,true,false,true
78,32,Growth_Arrest,false,false,false
116,67,Proliferation,true,true,true
113,101,Proliferation,true,false,false
87,113,Proliferation,true,false,true
62,88,Proliferation,true,false,true
98,91,Proliferation,true,false,false
108,76,Proliferation,true,true,false
61,92,Proliferation,true,true,true
96,61,Growth_Arrest,false,false,true
104,68,Proliferation,true,false,true
73,66,Proliferation,true,false,false
81,40,Proliferation,true,false,false
91,80,Growth_Arrest,false,true,false
62,48,Proliferation,true,false,true
60,111,Proliferation,true,true,false
93,95,Proliferation,true,true,true
104,76,Growth_Arrest,false,true,true
74,30,Proliferation,true,false,true
36,84,Growth_Arrest,false,false,false
46,41,Proliferation,true,false,true
89,58,Proliferation,true,false,true
84,89,Growth_Arrest,false,true,false
45,60,Proliferation,true,true,false
110,44,Growth_Arrest,false,true,true
44,51,Proliferation,true,false,true
116,72,Growth_Arrest,false,true,true
65,114,Proliferation,true,true,true
64,48,Proliferation,true,true,true
85,62,Growth_Arrest,false,true,false
30,79,Proliferation,true,false,false
84,31,Proliferation,true,true,true
68,69,Growth_Arrest,false,false,true
120,70,Proliferation,true,false,true
94,79,Proliferation,true,false,false
64,119,Growth_Arrest,false,true,false
57,55,Proliferation,true,false,true
87,83,Proliferation,true,false,false
105,70,Growth_Arrest,false,true,true
35,59,Growth_Arrest,false,false,false
105,75,Proliferation,true,true,true
60,38,Proliferation,true,false,true
53,82,Proliferation,true,false,false
64,103,Proliferation,true,true,false
78,63,Proliferation,true,true,false
59,40,Proliferation,true,false,false
66,82,Proliferation,true,true,true
53,75,Proliferation,true,true,true
88,116,Growth_Arrest,false,true,true
80,86,Proliferation,true,false,false
61,104,Proliferation,true,true,true
101,43,Proliferation,true,true,true
80,62,Growth_Arrest,false,false,true
65,89,Growth_Arrest,false,true,true
91,70,Growth_Arrest,false,true,true
111,81,Proliferation,true,true,false
92,64,Proliferation,true,false,false
48,90,Proliferation,true,false,false
107,59,Growth_Arrest,false,true,true
89,60,Proliferation,true,false,false
53,103,Proliferation,true,false,false
62,56,Growth_Arrest,false,true,false
44,55,Proliferation,true,true,true
89,56,Proliferation,true,true,false
86,41,Growth_Arrest,false,true,true
89,85,Proliferation,true,false,false
77,32,Proliferation,true,true,true
50,67,Growth_Arrest,false,false,false
78,85,Growth_Arrest,false,false,true
88,81,Proliferation,true,true,false
85,75,Proliferation,true,false,true
100,77,Proliferation,true,true,true
81,63,Growth_Arrest,false,false,false
94,83,Proliferation,true,false,false
90,95,Proliferation,true,true,true
42,48,Proliferation,true,false,true
49,104,Proliferation,true,false,true
84,82,Growth_Arrest,false,true,false
64,51,Proliferation,true,false,true
77,43,Proliferation,true,true,false
54,44,Proliferation,true,true,true
115,74,Growth_Arrest,false,false,true
39,99,Proliferation,true,true,true
103,38,Growth_Arrest,false,true,false
39,49,Proliferation,true,false,false
73,64,Proliferation,true,true,true
65,85,Proliferation,true,true,false
68,112,Proliferation,true,false,true
59,84,Proliferation,true,false,false
36,51,Proliferation,true,false,true
83,93,Proliferation,true,false,true
80,36,Proliferation,true,false,true
88,38,Growth_Arrest,false,false,false
49,98,Proliferation,true,true,true
72,116,Proliferation,true,false,true
85,51,Proliferation,true,false,true
67,78,Proliferation,true,false,true
55,86,Growth_Arrest,false,false,true
97,44,Proliferation,true,false,true
74,88,Proliferation,true,true,true
64,72,Growth_Arrest,false,true,false
83,61,Growth_Arrest,false,false,true
75,39,Growth_Arrest,false,true,false
82,61,Growth_Arrest,false,true,false
100,48,Growth_Arrest,false,false,true
69,46,Proliferation,true,true,false
42,84,Proliferation,true,false,false
75,83,Proliferation,true,false,false
40,52,Growth_Arrest,false,false,true
83,111,Proliferation,true,false,false
59,39,Proliferation,true,false,true
89,103,Proliferation,true,false,true
33,60,Proliferation,true,true,false
76,81,Growth_Arrest,false,false,false
80,77,Growth_Arrest,false,true,true
65,75,Growth_Arrest,false,true,true
66,66,Growth_Arrest,false,true,true
71,111,Proliferation,true,false,false
84,39,Proliferation,true,false,true
81,119,Proliferation,true,false,false
74,52,Growth_Arrest,false,false,true
49,103,Growth_Arrest,false,false,false
103,65,Growth_Arrest,false,false,true
69,97,Proliferation,true,true,false
77,94,Proliferation,true,false,true
29,79,Proliferation,true,true,false
71,52,Growth_Arrest,false,false,false
97,40,Proliferation,true,false,true
34,78,Proliferation,true,false,true
39,75,Proliferation,true,true,false
51,87,Proliferation,true,true,true
80,92,Proliferation,true,true,true
92,117,Growth_Arrest,false,false,false
86,66,Proliferation,true,false,true
31,85,Growth_Arrest,false,true,true
53,83,Proliferation,true,true,false
65,37,Proliferation,true,false,false
72,94,Proliferation,true,true,true
113,94,Proliferation,true,true,true
74,42,Proliferation,true,true,true
75,89,Proliferation,true,false,false
88,92,Growth_Arrest,false,false,true
85,94,Proliferation,true,false,false
79,80,Proliferation,true,true,false
39,83,Growth_Arrest,false,true,false
66,30,Proliferation,true,false,false
94,49,Proliferation,true,false,false
75,113,Proliferation,true,true,true
83,70,Growth_Arrest,false,true,false
60,31,Proliferation,true,true,false
98,114,Proliferation,true,false,false
58,67,Growth_Arrest,false,false,true
95,116,Growth_Arrest,false,false,true
98,73,Proliferation,true,true,false
46,98,Growth_Arrest,false,false,false
53,68,Proliferation,true,false,false
59,42,Proliferation,true,false,true
82,104,Proliferation,true,false,false
67,102,Growth_Arrest,false,false,false
75,58,Proliferation,true,false,false
61,45,Growth_Arrest,false,true,false
84,67,Proliferation,true,true,false
31,84,Proliferation,true,true,false
105,92,Proliferation,true,false,true
99,43,Proliferation,true,false,false
71,46,Proliferation,true,true,true
107,76,Proliferation,true,true,true
112,87,Growth_Arrest,false,false,false
37,76,Proliferation,true,false,false
80,89,Proliferation,true,false,true
106,41,Proliferation,true,true,true
49,66,Proliferation,true,false,false
78,28,Growth_Arrest,false,true,true
75,30,Growth_Arrest,false,true,true
59,46,Proliferation,true,true,true
103,93,Growth_Arrest,false,true,false
87,75,Growth_Arrest,false,false,false
91,102,Proliferation,true,false,true
36,73,Proliferation,true,true,true
115,68,Growth_Arrest,false,false,true
68,77,Proliferation,true,false,false
87,102,Proliferation,true,true,true
88,66,Proliferation,true,false,true
97,45,Proliferation,true,true,false
116,64,Proliferation,true,false,false
46,73,Growth_Arrest,false,false,false
112,89,Proliferation,true,false,false
75,104,Growth_Arrest,false,false,true
82,70,Growth_Arrest,false,true,true
82,101,Proliferation,true,false,true
96,109,Proliferation,true,true,true
50,62,Proliferation,true,false,false
55,91,Growth_Arrest,false,false,true
43,105,Proliferation,true,true,true
94,95,Proliferation,true,false,true
49,99,Proliferation,true,false,true
78,96,Proliferation,true,true,true
55,34,Proliferation,true,false,false
76,79,Growth_Arrest,false,true,true
94,48,Proliferation,true,true,true
119,89,Growth_Arrest,false,false,false
93,41,Growth_Arrest,false,true,true
67,57,Growth_Arrest,false,false,false
84,66,Proliferation,true,true,true
86,30,Growth_Arrest,false,false,true
92,81,Growth_Arrest,false,false,false
69,119,Proliferation,true,true,false
44,81,Growth_Arrest,false,false,true
67,32,Proliferation,true,false,true
79,44,Proliferation,true,true,true
38,73,Proliferation,true,true,false
62,71,Proliferation,true,false,true
93,48,Growth_Arrest,false,false,true
46,111,Proliferation,true,false,false
103,76,Proliferation,true,false,false
65,76,Proliferation,true,true,true
78,102,Proliferation,true,true,false
57,82,Growth_Arrest,false,false,false
110,97,Growth_Arrest,false,true,true
77,99,Proliferation,true,false,false
73,29,Proliferation,true,true,false
78,74,Proliferation,true,true,true
59,41,Proliferation,true,false,true
115,96,Growth_Arrest,false,false,false
59,87,Growth_Arrest,false,false,true
60,83,Proliferation,true,false,false
98,51,Growth_Arrest,false,true,true
69,66,Proliferation,true,true,true
102,112,Growth_Arrest,false,false,false
85,56,Growth_Arrest,false,true,false
72,96,Proliferation,true,true,true
95,87,Proliferation,true,true,true
82,68,Growth_Arrest,false,true,true
113,66,Growth_Arrest,false,true,true
63,92,Proliferation,true,true,false
43,97,Growth_Arrest,false,false,false
87,40,Proliferation,true,false,false
102,71,Proliferation,true,false,true
66,89,Growth_Arrest,false,true,false
103,50,Proliferation,true,false,false
80,113,Growth_Arrest,false,true,true
65,95,Growth_Arrest,false,true,false
113,95,Proliferation,true,false,false
32,70,Growth_Arrest,false,false,true
55,110,Proliferation,true,true,false
97,39,Growth_Arrest,false,false,true
77,29,Growth_Arrest,false,true,true
92,93,Proliferation,true,false,false
54,72,Growth_Arrest,false,true,false
80,109,Proliferation,true,false,false
79,61,Proliferation,true,false,false
42,71,Growth_Arrest,false,true,true
59,91,Proliferation,true,true,false
92,114,Growth_Arrest,false,true,true
42,81,Proliferation,true,false,false
90,69,Proliferation,true,false,false
95,36,Proliferation,true,false,false
44,60,Growth_Arrest,false,true,true
99,110,Growth_Arrest,false,true,false
43,42,Growth_Arrest,false,true,true
44,48,Proliferation,true,false,true
46,94,Growth_Arrest,false,false,false
61,51,Proliferation,true,true,true
72,55,Proliferation,true,false,true
48,102,Proliferation,true,true,true
64,118,Growth_Arrest,false,false,false
89,74,Proliferation,true,true,true
85,67,Growth_Arrest,false,false,false
32,77,Growth_Arrest,false,false,false
77,106,Proliferation,true,true,false
67,93,Growth_Arrest,false,false,false
87,45,Growth_Arrest,false,true,false
85,108,Proliferation,true,false,false
95,78,Growth_Arrest,false,false,true
95,75,Growth_Arrest,false,true,true
117,55,Proliferation,true,false,false
109,44,Growth_Arrest,false,true,true
64,105,Proliferation,true,false,true
51,40,Growth_Arrest,false,false,false
82,50,Proliferation,true,true,false
102,110,Proliferation,true,true,false
98,45,Growth_Arrest,false,true,true
58,57,Proliferation,true,false,false
79,38,Proliferation,true,false,true
54,98,Growth_Arrest,false,false,false
39,58,Proliferation,true,true,true
71,61,Proliferation,true,false,true
57,80,Proliferation,true,false,false
97,108,Growth_Arrest,false,false,true
92,88,Proliferation,true,true,false
114,89,Proliferation,true,false,false
80,91,Proliferation,true,false,true
35,73,Growth_Arrest,false,false,false
89,89,Proliferation,true,true,true
94,78,Proliferation,true,true,false
35,66,Proliferation,true,true,false
61,112,Proliferation,true,false,true
61,69,Proliferation,true,true,false
40,76,Growth_Arrest,false,false,false
93,47,Growth_Arrest,false,true,false
98,38,Proliferation,true,false,true
35,99,Proliferation,true,false,true
63,57,Proliferation,true,true,false
113,53,Growth_Arrest,false,true,true
58,65,Growth_Arrest,false,false,false
54,83,Proliferation,true,true,false
37,84,Growth_Arrest,false,false,false
104,78,Proliferation,true,true,true
35,87,Proliferation,true,false,true
91,79,Proliferation,true,false,true
104,97,Proliferation,true,false,false
47,41,Growth_Arrest,false,true,true
80,121,Proliferation,true,false,true
80,43,Proliferation,true,true,true
116,92,Growth_Arrest,false,true,true
79,115,Proliferation,true,true,false
95,101,Growth_Arrest,false,false,true
37,62,Proliferation,true,true,false
40,53,Proliferation,true,false,false
72,54,Proliferation,true,false,true
106,97,Growth_Arrest,false,true,true
89,98,Proliferation,true,true,false
59,64,Growth_Arrest,false,false,true
62,34,Proliferation,true,false,false
46,74,Growth_Arrest,false,true,true
43,80,Growth_Arrest,false,false,true
91,45,Growth_Arrest,false,false,true
56,88,Proliferation,true,false,false
81,57,Proliferation,true,true,true
100,100,Proliferation,true,true,true
97,64,Growth_Arrest,false,false,false
78,64,Growth_Arrest,false,false,true
102,103,Growth_Arrest,false,true,true
36,76,Growth_Arrest,false,true,false
101,84,Growth_Arrest,false,true,false
78,83,Growth_Arrest,false,false,false
51,69,Proliferation,true,true,true
78,116,Proliferation,true,true,true
70,114,Growth_Arrest,false,false,false
117,94,Proliferation,true,true,false
86,100,Proliferation,true,false,true
37,71,Proliferation,true,true,true
87,33,Proliferation,true,true,true
54,48,Proliferation,true,true,true
111,48,Proliferation,true,true,true
81,58,Proliferation,true,false,false
109,78,Growth_Arrest,false,true,false
33,68,Growth_Arrest,false,true,false
62,44,Proliferation,true,true,false
39,76,Proliferation,true,false,true
74,92,Proliferation,true,false,false
96,52,Growth_Arrest,false,true,true
71,109,Proliferation,true,false,true
82,63,Proliferation,true,false,false
61,93,Proliferation,true,false,true
64,60,Proliferation,true,false,false
109,60,Growth_Arrest,false,false,false
59,107,Proliferation,true,true,true
57,111,Growth_Arrest,false,false,true
90,64,Growth_Arrest,false,true,true
83,41,Proliferation,true,false,true
65,49,Proliferation,true,false,true
57,67,Proliferation,true,true,true
63,115,Growth_Arrest,false,true,false
52,85,Growth_Arrest,false,true,false
66,69,Proliferation,true,true,true
40,66,Growth_Arrest,false,true,false
106,77,Proliferation,true,false,false
34,75,Growth_Arrest,false,false,true
55,33,Proliferation,true,true,false
88,85,Proliferation,true,true,true
86,93,Growth_Arrest,false,true,false
75,119,Proliferation,true,false,true
96,36,Proliferation,true,true,true
110,52,Proliferation,true,false,true
46,55,Proliferation,true,false,false
84,30,Growth_Arrest,false,true,true
95,88,Growth_Arrest,false,false,true
42,45,Proliferation,true,true,false
33,81,Proliferation,true,true,false
58,37,Proliferation,true,false,true
34,69,Growth_Arrest,false,false,true
41,46,Growth_Arrest,false,false,false
48,72,Proliferation,true,false,true
56,99,Growth_Arrest,false,false,true
118,87,Proliferation,true,true,true
96,97,Growth_Arrest,false,true,false
90,94,Proliferation,true,true,true
44,56,Proliferation,true,false,false
71,99,Growth_Arrest,false,false,true
50,79,Proliferation,true,true,true
74,102,Growth_Arrest,false,true,false
104,111,Proliferation,true,true,false
42,78,Proliferation,true,false,true
68,89,Proliferation,true,false,true
68,42,Growth_Arrest,false,false,false
55,55,Growth_Arrest,false,false,true
94,99,Proliferation,true,true,true
83,71,Proliferation,true,true,true
61,53,Proliferation,true,true,true
117,93,Proliferation,true,false,true
98,107,Proliferation,true,false,false
59,50,Proliferation,true,false,true
76,80,Proliferation,true,false,false
53,70,Proliferation,true,true,false
71,64,Proliferation,true,true,true
59,44,Proliferation,true,true,true
88,63,Growth_Arrest,false,true,false
57,60,Proliferation,true,false,false
84,101,Proliferation,true,true,false
77,119,Proliferation,true,false,true
84,37,Proliferation,true,false,false
79,91,Proliferation,true,false,false
78,69,Proliferation,true,true,true
46,40,Proliferation,true,false,false
67,35,Proliferation,true,true,true
109,48,Proliferation,true,true,false
59,74,Growth_Arrest,false,true,false
91,104,Proliferation,true,true,true
105,50,Proliferation,true,true,true
39,62,Growth_Arrest,false,true,true
105,84,Proliferation,true,true,false
51,48,Growth_Arrest,false,false,false
55,39,Growth_Arrest,false,true,false
60,90,Proliferation,true,false,true
106,98,Proliferation,true,true,true
47,102,Proliferation,true,true,false
110,105,Proliferation,true,false,false
100,43,Proliferation,true,true,false
48,84,Proliferation,true,true,true
60,46,Proliferation,true,false,true
101,103,Proliferation,true,true,false
72,78,Proliferation,true,false,true
120,74,Proliferation,true,true,true
99,49,Growth_Arrest,false,false,true
62,80,Growth_Arrest,false,false,false
111,97,Proliferation,true,false,false
111,99,Proliferation,true,false,false
39,91,Proliferation,true,false,false
50,106,Proliferation,true,true,true
95,62,Proliferation,true,true,false
105,103,Growth_Arrest,false,true,false
70,113,Proliferation,true,true,true
111,93,Growth_Arrest,false,false,false
52,71,Growth_Arrest,false,true,false
91,69,Growth_Arrest,false,true,false
80,104,Proliferation,true,true,true
65,73,Proliferation,true,true,true
75,32,Growth_Arrest,false,false,true
92,91,Proliferation,true,false,true
45,104,Proliferation,true,true,false
111,77,Proliferation,true,false,true
106,70,Growth_Arrest,false,true,false
68,68,Proliferation,true,true,false
47,43,Growth_Arrest,false,true,true
68,110,Proliferation,true,true,true
99,74,Growth_Arrest,false,true,true
39,60,Growth_Arrest,false,true,true
40,86,Proliferation,true,true,true
102,44,Growth_Arrest,false,false,true
34,73,Proliferation,true,false,true
73,88,Proliferation,true,true,true
45,64,Proliferation,true,true,true
90,110,Growth_Arrest,false,false,true
77,63,Proliferation,true,false,false
79,112,Proliferation,true,true,true
103,100,Proliferation,true,false,false
80,31,Proliferation,true,true,true
44,98,Proliferation,true,true,true
96,102,Proliferation,true,false,true
100,57,Proliferation,true,true,false
41,101,Proliferation,true,false,true
85,68,Proliferation,true,true,false
85,45,Growth_Arrest,false,false,true
71,73,Growth_Arrest,false,true,true
99,51,Proliferation,true,true,true
85,112,Growth_Arrest,false,true,false
116,81,Growth_Arrest,false,true,true
83,31,Growth_Arrest,false,true,true
84,115,Growth_Arrest,false,true,true
87,64,Proliferation,true,true,true
58,58,Growth_Arrest,false,true,true
59,58,Growth_Arrest,false,false,true
60,66,Proliferation,true,false,false
49,60,Growth_Arrest,false,true,true
97,67,Growth_Arrest,false,true,true
81,120,Growth_Arrest,false,true,true
97,89,Proliferation,true,false,true
52,115,Proliferation,true,false,true
119,59,Growth_Arrest,false,false,false
118,79,Growth_Arrest,false,false,false
37,66,Proliferation,true,true,false
45,63,Proliferation,true,false,true
62,54,Proliferation,true,false,true
66,51,Proliferation,true,false,true
102,60,Growth_Arrest,false,false,false
79,37,Proliferation,true,false,true
52,44,Proliferation,true,false,true
119,78,Growth_Arrest,false,true,false
89,37,Growth_Arrest,false,false,true
92,109,Growth_Arrest,false,true,true
69,110,Growth_Arrest,false,true,true
60,59,Proliferation,true,true,true
99,108,Proliferation,true,true,false
98,46,Proliferation,true,false,true
77,86,Proliferation,true,true,true
72,50,Proliferation,true,false,true
60,45,Proliferation,true,false,false
48,61,Proliferation,true,true,true
77,79,Growth_Arrest,false,false,true
39,94,Proliferation,true,true,true
100,81,Proliferation,true,true,false
57,118,Proliferation,true,true,false
110,94,Growth_Arrest,false,true,true
73,33,Growth_Arrest,false,true,true
66,77,Proliferation,true,true,false
92,65,Proliferation,true,false,false
60,41,Proliferation,true,false,true
61,30,Proliferation,true,true,false
53,85,Proliferation,true,false,false
72,64,Proliferation,true,true,true
51,75,Proliferation,true,false,true
70,106,Proliferation,true,true,false
56,108,Growth_Arrest,false,false,false
73,44,Proliferation,true,true,false
47,109,Proliferation,true,true,false
42,60,Growth_Arrest,false,false,false
95,94,Proliferation,true,true,false
52,45,Proliferation,true,false,true
86,105,Proliferation,true,false,true
35,82,Proliferation,true,false,true
55,80,Proliferation,true,false,false
36,52,Growth_Arrest,false,true,true
60,30,Growth_Arrest,false,false,false
43,73,Proliferation,true,false,true
99,36,Proliferation,true,false,false
40,60,Growth_Arrest,false,true,false
90,103,Proliferation,true,true,true
83,42,Proliferation,true,true,false
88,90,Proliferation,true,false,false
105,101,Growth_Arrest,false,false,true
118,85,Growth_Arrest,false,true,false
64,52,Proliferation,true,true,true
68,71,Proliferation,true,true,false
67,62,Growth_Arrest,false,false,false
92,101,Proliferation,true,true,false
31,78,Growth_Arrest,false,true,false
99,72,Growth_Arrest,false,true,false
97,65,Proliferation,true,true,true
96,89,Proliferation,true,true,true
50,94,Growth_Arrest,false,false,false
81,104,Proliferation,true,true,true
51,43,Proliferation,true,true,true
32,54,Growth_Arrest,false,true,true
101,75,Proliferation,true,true,true
97,66,Proliferation,true,true,true
73,31,Growth_Arrest,false,true,false
85,91,Proliferation,true,false,true
85,96,Proliferation,true,true,false
104,61,Proliferation,true,false,true
91,105,Proliferation,true,true,false
72,79,Growth_Arrest,false,false,true
38,66,Proliferation,true,true,true
75,35,Growth_Arrest,false,false,true
38,71,Growth_Arrest,false,false,false
109,87,Proliferation,true,true,true
111,70,Proliferation,true,false,false
64,45,Growth_Arrest,false,true,true
83,68,Proliferation,true,true,true
112,47,Proliferation,true,true,true
61,60,Growth_Arrest,false,false,false
56,41,Growth_Arrest,false,true,true
48,48,Proliferation,true,true,true
112,76,Proliferation,true,false,false
74,116,Proliferation,true,false,false
82,74,Proliferation,true,true,false
81,66,Growth_Arrest,false,false,true
77,59,Proliferation,true,true,true
37,63,Proliferation,true,true,true
64,92,Proliferation,true,false,false
88,96,Proliferation,true,true,true
72,32,Proliferation,true,false,true
48,103,Growth_Arrest,false,false,false
44,87,Growth_Arrest,false,false,false
112,53,Proliferation,true,true,true
28,79,Growth_Arrest,false,true,false
97,38,Growth_Arrest,false,false,true
79,42,Proliferation,true,true,true
113,75,Growth_Arrest,false,false,true
106,67,Proliferation,true,true,true
39,92,Growth_Arrest,false,false,false
80,37,Growth_Arrest,false,true,true
47,58,Proliferation,true,false,false
120,75,Proliferation,true,true,true
91,94,Proliferation,true,false,true
47,51,Proliferation,true,true,false
70,61,Proliferation,true,true,true
76,28,Growth_Arrest,false,true,true
71,35,Proliferation,true,true,true
63,105,Growth_Arrest,false,false,false
72,52,Proliferation,true,false,false
65,106,Proliferation,true,true,false
69,94,Proliferation,true,true,false
85,50,Proliferation,true,false,false
93,58,Growth_Arrest,false,false,false
89,46,Proliferation,true,false,false
94,113,Proliferation,true,true,true
95,66,Proliferation,true,false,false
62,99,Growth_Arrest,false,false,false
58,81,Growth_Arrest,false,false,true
37,93,Proliferation,true,true,false
41,42,Growth_Arrest,false,true,true
68,121,Proliferation,true,false,false
97,48,Proliferation,true,false,true
48,56,Proliferation,true,false,false
58,104,Proliferation,true,false,false
42,56,Proliferation,true,true,true
67,84,Growth_Arrest,false,false,true
63,116,Proliferation,true,false,false
58,91,Proliferation,true,true,true
93,82,Growth_Arrest,false,true,true
46,109,Proliferation,true,true,true
70,65,Proliferation,true,true,true
64,110,Proliferation,true,true,false
96,106,Growth_Arrest,false,false,false
42,74,Growth_Arrest,false,false,false
95,50,Proliferation,true,false,true
70,42,Proliferation,true,false,true
76,107,Proliferation,true,false,true
105,59,Proliferation,true,true,true
59,113,Proliferation,true,true,false
81,71,Growth_Arrest,false,false,true
74,36,Growth_Arrest,false,true,true
79,32,Growth_Arrest,false,true,false
78,73,Growth_Arrest,false,false,true
76,91,Proliferation,true,false,false
105,69,Proliferation,true,false,true
60,110,Proliferation,true,true,true
114,88,Proliferation,true,false,true
84,78,Proliferation,true,true,false
85,30,Proliferation,true,false,false
38,97,Proliferation,true,true,false
102,38,Proliferation,true,true,false
87,81,Growth_Arrest,false,false,true
42,67,Proliferation,true,false,false
41,59,Proliferation,true,false,true
61,32,Proliferation,true,true,true
37,87,Growth_Arrest,false,true,true
48,40,Proliferation,true,true,true
55,92,Proliferation,true,false,false
68,44,Proliferation,true,false,true
58,43,Proliferation,true,true,true
73,95,Growth_Arrest,false,true,false
45,55,Proliferation,true,false,true
39,54,Growth_Arrest,false,true,true
84,81,Proliferation,true,false,false
62,76,Growth_Arrest,false,true,true
66,78,Proliferation,true,false,true
63,82,Proliferation,true,false,false
82,67,Proliferation,true,false,false
120,84,Proliferation,true,false,true
58,100,Proliferation,true,false,false
56,84,Proliferation,true,true,true
36,48,Proliferation,true,true,true
39,102,Proliferation,true,false,true
109,65,Proliferation,true,true,true
90,62,Growth_Arrest,false,false,true
98,50,Growth_Arrest,false,true,false
111,103,Proliferation,true,true,true
99,92,Proliferation,true,false,true
42,44,Growth_Arrest,false,true,true
58,31,Proliferation,true,false,true
42,82,Growth_Arrest,false,false,true
99,70,Proliferation,true,false,false
80,99,Growth_Arrest,false,true,false
64,63,Proliferation,true,true,false
68,37,Proliferation,true,false,true
99,113,Proliferation,true,true,false
70,81,Growth_Arrest,false,true,false
101,74,Growth_Arrest,false,false,true
82,87,Proliferation,true,false,true
62,104,Growth_Arrest,false,false,false
73,96,Proliferation,true,true,true
92,111,Proliferation,true,true,true
62,115,Proliferation,true,false,false
63,112,Proliferation,true,true,true
76,114,Growth_Arrest,false,true,false
38,101,Growth_Arrest,false,true,true
35,56,Proliferation,true,false,false
94,52,Proliferation,true,true,true
43,76,Proliferation,true,true,false
74,96,Proliferation,true,false,true
30,86,Growth_Arrest,false,false,true
105,110,Proliferation,true,false,false
77,57,Proliferation,true,true,false
60,114,Growth_Arrest,false,true,true
112,93,Proliferation,true,false,false
67,79,Proliferation,true,false,false
67,54,Growth_Arrest,false,true,false
70,105,Proliferation,true,true,true
52,100,Growth_Arrest,false,false,false
115,66,Proliferation,true,false,true
57,47,Proliferation,true,false,false
56,101,Proliferation,true,false,false
104,107,Proliferation,true,false,false
79,55,Proliferation,true,true,false
105,83,Proliferation,true,false,false
61,68,Proliferation,true,true,true
105,39,Growth_Arrest,false,true,false
82,42,Proliferation,true,true,false
76,74,Growth_Arrest,false,false,true
69,89,Proliferation,true,true,false
113,52,Proliferation,true,false,false
73,91,Growth_Arrest,false,false,true
49,63,Proliferation,true,false,true
82,81,Proliferation,true,true,false
117,80,Proliferation,true,true,true
47,95,Growth_Arrest,false,false,true
73,105,Proliferation,true,true,true
93,78,Growth_Arrest,false,false,false
73,46,Proliferation,true,false,false
50,66,Proliferation,true,false,true
64,32,Growth_Arrest,false,true,false
105,48,Growth_Arrest,false,false,false
106,52,Proliferation,true,false,false
87,88,Growth_Arrest,false,false,true
51,98,Proliferation,true,true,false
102,55,Proliferation,true,false,true
46,47,Proliferation,true,false,true
49,79,Proliferation,true,true,true
45,80,Proliferation,true,true,false
107,74,Proliferation,true,true,false
58,118,Growth_Arrest,false,true,false
94,36,Growth_Arrest,false,true,true
117,56,Proliferation,true,false,false
42,57,Proliferation,true,false,true
61,48,Proliferation,true,true,false
92,74,Growth_Arrest,false,true,true
63,114,Proliferation,true,true,true
107,75,Growth_Arrest,false,true,false
117,86,Proliferation,true,true,true
116,88,Growth_Arrest,false,true,true
73,39,Proliferation,true,true,false
114,85,Proliferation,true,false,false
70,67,Proliferation,true,true,false
94,61,Proliferation,true,false,false
97,93,Proliferation,true,true,true
82,69,Proliferation,true,false,false
104,38,Proliferation,true,false,true
106,50,Proliferation,true,false,true
56,80,Proliferation,true,true,true
78,51,Growth_Arrest,false,true,false
34,67,Proliferation,true,true,false
56,74,Growth_Arrest,false,false,false
87,90,Growth_Arrest,false,true,false
30,71,Proliferation,true,false,true
87,42,Growth_Arrest,false,true,false
104,110,Growth_Arrest,false,true,false
44,65,Growth_Arrest,false,true,true
40,49,Growth_Arrest,false,true,true
110,65,Proliferation,true,false,true
89,59,Growth_Arrest,false,false,true
101,45,Growth_Arrest,false,true,false
109,83,Proliferation,true,false,true
49,69,Proliferation,true,false,false
98,40,Proliferation,true,false,false
83,95,Proliferation,true,true,false
102,75,Proliferation,true,true,true
95,39,Growth_Arrest,false,true,false
77,76,Growth_Arrest,false,true,false
77,49,Proliferation,true,false,false
46,92,Growth_Arrest,false,true,false
89,45,Proliferation,true,true,false
90,79,Proliferation,true,true,true
83,49,Growth_Arrest,false,true,false
76,115,Growth_Arrest,false,false,true
95,80,Proliferation,true,true,false
79,93,Proliferation,true,false,true
57,115,Proliferation,true,true,true
83,53,Proliferation,true,false,false
30,85,Growth_Arrest,false,true,true
36,61,Proliferation,true,false,false
48,92,Proliferation,true,false,false
74,82,Growth_Arrest,false,false,false
54,89,Proliferation,true,false,false
81,51,Proliferation,true,false,false
95,90,Growth_Arrest,false,false,false
107,47,Proliferation,true,false,false
67,105,Proliferation,true,true,true
83,103,Proliferation,true,true,false
82,77,Proliferation,true,false,false
48,82,Proliferation,true,true,true
69,51,Proliferation,true,true,true
45,82,Proliferation,true,false,false
107,61,Proliferation,true,false,true
41,58,Proliferation,true,true,false
57,41,Proliferation,true,false,false
61,44,Growth_Arrest,false,true,true
34,88,Proliferation,true,true,true
96,91,Proliferation,true,true,true
63,97,Proliferation,true,false,true
93,42,Growth_Arrest,false,true,true
78,100,Proliferation,true,false,false
35,50,Proliferation,true,true,false
112,94,Proliferation,true,false,false
111,95,Proliferation,true,false,false
45,94,Proliferation,true,true,true
71,51,Proliferation,true,true,true
106,49,Proliferation,true,false,false
43,102,Proliferation,true,false,true
48,62,Growth_Arrest,false,false,true
84,85,Growth_Arrest,false,true,true
90,74,Proliferation,true,true,false
34,60,Growth_Arrest,false,false,false
107,103,Proliferation,true,false,true
94,58,Proliferation,true,false,true
47,112,Proliferation,true,false,true
115,60,Proliferation,true,true,false
95,105,Proliferation,true,true,false
112,83,Growth_Arrest,false,true,false
53,58,Proliferation,true,false,false
39,72,Proliferation,true,false,true
81,101,Growth_Arrest,false,true,false
81,59,Proliferation,true,true,false
70,40,Proliferation,true,false,false
65,31,Proliferation,true,false,true
55,112,Growth_Arrest,false,false,false
39,105,Proliferation,true,true,false
101,62,Proliferation,true,true,true
72,51,Proliferation,true,false,false
70,119,Proliferation,true,true,true
94,109,Proliferation,true,false,true
96,75,Growth_Arrest,false,false,false
73,108,Proliferation,true,false,true
52,91,Proliferation,true,false,false
55,78,Proliferation,true,true,false
101,79,Proliferation,true,false,false
33,54,Proliferation,true,false,true
66,80,Proliferation,true,false,false
66,74,Growth_Arrest,false,true,false
47,62,Proliferation,true,false,true
71,119,Proliferation,true,false,true
98,39,Proliferation,true,true,false
119,73,Proliferation,true,true,true
82,102,Proliferation,true,false,true
103,63,Growth_Arrest,false,true,false
71,121,Growth_Arrest,false,true,true
95,59,Growth_Arrest,false,true,false
29,75,Proliferation,true,false,false
61,107,Growth_Arrest,false,false,true
61,102,Growth_Arrest,false,false,true
53,49,Growth_Arrest,false,false,true
75,96,Proliferation,true,true,true
72,82,Proliferation,true,true,true
56,85,Growth_Arrest,false,false,true
101,68,Growth_Arrest,false,true,true
101,50,Proliferation,true,true,false
45,87,Growth_Arrest,false,false,false
77,52,Proliferation,true,true,false
82,75,Growth_Arrest,false,false,true
57,110,Proliferation,true,false,false
90,60,Proliferation,true,false,true
38,50,Growth_Arrest,false,false,false
31,69,Proliferation,true,true,false
94,55,Growth_Arrest,false,true,true
100,97,Proliferation,true,false,false
116,84,Growth_Arrest,false,false,false
99,76,Proliferation,true,true,true
88,59,Proliferation,true,false,false
103,88,Proliferation,true,true,true
74,84,Proliferation,true,true,false
62,85,Proliferation,true,false,false
103,87,Proliferation,true,true,true
85,54,Proliferation,true,false,false
71,28,Growth_Arrest,false,true,false
50,68,Proliferation,true,false,false
84,112,Proliferation,true,false,false
121,77,Growth_Arrest,false,false,false
76,88,Growth_Arrest,false,false,false
79,103,Growth_Arrest,false,false,true
95,53,Proliferation,true,true,false
62,73,Proliferation,true,true,false
104,56,Growth_Arrest,false,false,true
91,44,Growth_Arrest,false,true,false
87,99,Proliferation,true,true,true
66,117,Growth_Arrest,false,false,false
50,100,Growth_Arrest,false,true,false
105,102,Proliferation,true,false,false
56,110,Growth_Arrest,false,true,false
68,97,Growth_Arrest,false,false,false
45,67,Proliferation,true,true,false
82,94,Proliferation,true,true,false
60,79,Growth_Arrest,false,true,false
90,59,Growth_Arrest,false,true,true
28,78,Proliferation,true,false,false
76,45,Growth_Arrest,false,true,true
89,68,Growth_Arrest,false,true,false
30,76,Growth_Arrest,false,false,false
55,81,Proliferation,true,true,false
83,32,Proliferation,true,true,true
78,84,Proliferation,true,false,false
99,91,Proliferation,true,false,true
78,58,Growth_Arrest,false,false,false
97,111,Growth_Arrest,false,true,false
50,89,Proliferation,true,false,true
40,50,Growth_Arrest,false,true,true
81,117,Proliferation,true,false,false
71,97,Proliferation,true,true,true
67,100,Proliferation,true,false,false
31,64,Proliferation,true,true,false
61,74,Growth_Arrest,false,true,true
80,118,Proliferation,true,false,false
82,107,Proliferation,true,false,true
69,115,Proliferation,true,true,true
75,56,Proliferation,true,true,false
83,66,Proliferation,true,true,true
71,70,Proliferation,true,false,false
52,80,Growth_Arrest,false,true,true
68,53,Growth_Arrest,false,false,true
29,65,Growth_Arrest,false,true,true
86,104,Proliferation,true,true,false
110,99,Proliferation,true,true,true
57,48,Proliferation,true,false,true
71,96,Proliferation,true,false,true
120,66,Growth_Arrest,false,true,true
88,75,Proliferation,true,true,false
76,41,Growth_Arrest,false,false,false
77,51,Growth_Arrest,false,false,false
40,98,Growth_Arrest,false,true,true
87,37,Proliferation,true,true,false
33,87,Proliferation,true,false,true
88,117,Proliferation,true,false,true
52,108,Proliferation,true,true,true
43,99,Proliferation,true,false,true
61,57,Proliferation,true,false,false
103,110,Proliferation,true,true,false
65,101,Growth_Arrest,false,true,false
115,88,Proliferation,true,true,false
103,68,Proliferation,true,true,true
65,108,Proliferation,true,true,false
37,74,Growth_Arrest,false,false,false
46,66,Growth_Arrest,false,true,true
103,51,Proliferation,true,true,false
83,88,Growth_Arrest,false,true,false
84,63,Proliferation,true,false,true
69,85,Growth_Arrest,false,false,false
49,74,Growth_Arrest,false,true,false
69,109,Proliferation,true,false,false
78,68,Growth_Arrest,false,false,true
55,32,Growth_Arrest,false,false,true
63,71,Growth_Arrest,false,true,false
56,78,Growth_Arrest,false,true,true
81,84,Proliferation,true,false,true
46,72,Proliferation,true,true,false
64,96,Proliferation,true,true,false
72,31,Proliferation,true,true,false
89,88,Proliferation,true,true,true
78,110,Proliferation,true,true,true
60,69,Growth_Arrest,false,false,true
59,70,Proliferation,true,false,false
114,86,Proliferation,true,false,true
57,52,Proliferation,true,true,false
80,71,Proliferation,true,false,true
73,30,Proliferation,true,false,true
98,97,Proliferation,true,false,true
67,89,Proliferation,true,false,true
28,72,Growth_Arrest,false,false,true
96,80,Proliferation,true,false,true
68,72,Proliferation,true,true,true
73,62,Growth_Arrest,false,true,true
53,91,Proliferation,true,true,false
51,66,Proliferation,true,false,false
91,48,Proliferation,true,true,false
75,86,Proliferation,true,false,false
83,116,Proliferation,true,false,false
49,83,Proliferation,true,false,true
64,98,Growth_Arrest,false,false,false
54,95,Growth_Arrest,false,true,true
115,87,Growth_Arrest,false,false,true
94,67,Proliferation,true,true,true
91,51,Proliferation,true,true,true
100,52,Growth_Arrest,false,false,false
104,75,Proliferation,true,false,false
53,37,Proliferation,true,false,true
41,51,Growth_Arrest,false,false,true
42,104,Proliferation,true,true,false
57,85,Proliferation,true,true,false
43,81,Proliferation,true,false,false
76,77,Proliferation,true,false,false
110,93,Growth_Arrest,false,false,true
47,42,Proliferation,true,false,false
62,78,Proliferation,true,true,false
77,31,Proliferation,true,false,true
79,85,Proliferation,true,false,false
114,68,Proliferation,true,false,true
78,91,Proliferation,true,true,true
57,44,Growth_Arrest,false,true,false
83,62,Growth_Arrest,false,false,true
61,38,Proliferation,true,false,true
68,65,Growth_Arrest,false,true,false
55,40,Growth_Arrest,false,true,true
90,80,Growth_Arrest,false,false,false
74,76,Proliferation,true,true,false
93,65,Proliferation,true,false,false
86,47,Proliferation,true,true,false
78,87,Proliferation,true,false,false
66,88,Growth_Arrest,false,false,true
112,88,Proliferation,true,false,true
70,75,Proliferation,true,false,false
73,72,Proliferation,true,false,true
65,56,Proliferation,true,true,false
117,79,Proliferation,true,false,true
77,107,Growth_Arrest,false,true,true
64,84,Proliferation,true,false,false
105,42,Proliferation,true,true,false
102,67,Proliferation,true,true,true
70,117,Growth_Arrest,false,false,true
90,41,Growth_Arrest,false,true,true
81,109,Proliferation,true,true,true
93,37,Proliferation,true,false,false
93,109,Proliferation,true,true,true
110,90,Growth_Arrest,false,false,true
81,95,Proliferation,true,false,true
93,39,Growth_Arrest,false,false,false
100,96,Proliferation,true,false,true
41,88,Proliferation,true,true,false
63,52,Proliferation,true,true,false
103,70,Proliferation,true,true,true
86,35,Proliferation,true,false,true
79,58,Proliferation,true,true,false
73,98,Growth_Arrest,false,false,true
52,76,Proliferation,true,false,true
66,115,Proliferation,true,true,false
111,86,Proliferation,true,true,false
58,77,Growth_Arrest,false,false,false
112,81,Proliferation,true,true,false
49,84,Proliferation,true,true,true
48,85,Proliferation,true,true,false
90,47,Proliferation,true,false,false
61,83,Proliferation,true,false,false
32,81,Proliferation,true,true,false
95,77,Growth_Arrest,false,true,true
72,103,Proliferation,true,true,true
89,41,Proliferation,true,false,true
49,49,Proliferation,true,true,false
45,42,Growth_Arrest,false,false,true
38,100,Growth_Arrest,false,false,false
79,47,Proliferation,true,false,true
86,101,Proliferation,true,false,true
36,94,Growth_Arrest,false,true,true
84,69,Growth_Arrest,false,true,false
72,114,Growth_Arrest,false,false,false
67,117,Growth_Arrest,false,false,false
55,62,Growth_Arrest,false,false,false
100,101,Growth_Arrest,false,false,true
119,82,Growth_Arrest,false,false,false
113,99,Proliferation,true,false,true
57,107,Proliferation,true,false,true
66,119,Proliferation,true,false,true
62,112,Growth_Arrest,false,true,false
49,97,Growth_Arrest,false,true,true
71,85,Proliferation,true,false,true
86,86,Proliferation,true,false,false
99,75,Proliferation,true,false,false
50,91,Proliferation,true,true,false
110,47,Growth_Arrest,false,true,false
33,57,Proliferation,true,true,true
79,117,Proliferation,true,false,false
35,95,Proliferation,true,true,true
41,53,Growth_Arrest,false,false,false
37,103,Growth_Arrest,false,true,true
88,52,Growth_Arrest,false,true,false
67,120,Growth_Arrest,false,true,false
101,93,Growth_Arrest,false,false,true
65,70,Growth_Arrest,false,false,false
53,100,Proliferation,true,true,true
44,49,Proliferation,true,true,true
36,56,Proliferation,true,false,true
82,93,Growth_Arrest,false,true,true
45,56,Growth_Arrest,false,true,true
69,54,Growth_Arrest,false,false,true
74,93,Growth_Arrest,false,false,true
84,43,Proliferation,true,false,false
87,115,Proliferation,true,false,true
82,45,Proliferation,true,false,true
64,64,Growth_Arrest,false,true,true
50,51,Proliferation,true,true,true
56,91,Proliferation,true,false,false
36,58,Proliferation,true,false,true
33,66,Growth_Arrest,false,false,false
72,49,Proliferation,true,false,true
83,98,Growth_Arrest,false,false,false
40,46,Proliferation,true,true,true
83,84,Proliferation,true,false,true
80,67,Proliferation,true,true,true
59,110,Growth_Arrest,false,true,true
65,115,Growth_Arrest,false,false,true
46,112,Proliferation,true,true,true
65,98,Proliferation,true,false,false
55,104,Proliferation,true,false,false
100,79,Proliferation,true,true,true
60,103,Proliferation,true,true,true
55,89,Proliferation,true,true,true
93,113,Growth_Arrest,false,true,true
68,104,Growth_Arrest,false,false,true
78,90,Growth_Arrest,false,true,false
54,62,Proliferation,true,true,true
63,89,Growth_Arrest,false,true,true
118,61,Proliferation,true,false,false
89,39,Proliferation,true,false,true
93,43,Proliferation,true,false,true
97,53,Growth_Arrest,false,false,true
51,70,Growth_Arrest,false,false,true
120,72,Growth_Arrest,false,true,true
106,44,Proliferation,true,true,true
49,86,Proliferation,true,true,true
106,91,Growth_Arrest,false,true,true
29,83,Proliferation,true,false,false
74,107,Proliferation,true,false,true
101,61,Proliferation,true,false,true
104,40,Growth_Arrest,false,true,false
92,49,Proliferation,true,false,false
117,76,Proliferation,true,false,false
45,109,Growth_Arrest,false,false,true
90,115,Proliferation,true,false,false
66,48,Proliferation,true,false,false
50,37,Proliferation,true,false,true
94,81,Proliferation,true,false,false
103,37,Growth_Arrest,false,false,false
87,106,Proliferation,true,true,true
48,44,Proliferation,true,true,true
53,62,Proliferation,true,false,true
46,68,Proliferation,true,true,false
54,99,Proliferation,true,true,true
49,56,Growth_Arrest,false,true,false
112,54,Growth_Arrest,false,true,false
113,57,Proliferation,true,false,true
57,86,Growth_Arrest,false,true,true
54,45,Growth_Arrest,false,false,true
66,75,Proliferation,true,false,false
71,103,Proliferation,true,false,true
97,107,Proliferation,true,false,true
108,99,Proliferation,true,true,false
51,50,Proliferation,true,false,true
94,105,Proliferation,true,true,false
100,95,Proliferation,true,false,true
38,96,Proliferation,true,true,false
107,78,Proliferation,true,false,true
72,72,Growth_Arrest,false,true,true
107,60,Proliferation,true,true,false
38,63,Growth_Arrest,false,false,true
87,70,Growth_Arrest,false,true,false
51,102,Proliferation,true,false,true
77,111,Proliferation,true,false,true
54,56,Proliferation,true,true,true
28,68,Proliferation,true,true,true
113,67,Growth_Arrest,false,false,false
94,68,Proliferation,true,false,false
45,62,Growth_Arrest,false,false,false
46,67,Proliferation,true,false,false
102,70,Proliferation,true,true,false
97,43,Proliferation,true,false,false
75,60,Proliferation,true,true,false
73,81,Proliferation,true,true,false
70,38,Proliferation,true,false,false
85,102,Proliferation,true,false,true
62,77,Proliferation,true,false,true
107,57,Proliferation,true,true,true
110,72,Proliferation,true,false,true
58,84,Proliferation,true,true,true
113,55,Proliferation,true,true,true
53,48,Growth_Arrest,false,false,false
77,88,Proliferation,true,true,true
30,67,Proliferation,true,false,true
49,109,Growth_Arrest,false,false,true
110,87,Proliferation,true,false,true
95,113,Growth_Arrest,false,true,false
116,83,Growth_Arrest,false,true,true
53,101,Proliferation,true,false,false
58,50,Proliferation,true,false,true
95,72,Growth_Arrest,false,false,false
76,112,Proliferation,true,true,true
76,97,Growth_Arrest,false,true,false
47,73,Proliferation,true,true,false
94,102,Growth_Arrest,false,true,false
92,76,Proliferation,true,false,true
104,100,Growth_Arrest,false,true,false
47,78,Proliferation,true,true,true
54,92,Proliferation,true,true,true
99,48,Proliferation,true,true,false
81,62,Proliferation,true,false,false
55,117,Proliferation,true,true,true
81,100,Proliferation,true,false,false
87,52,Growth_Arrest,false,true,false
80,103,Proliferation,true,false,false
115,56,Proliferation,true,true,true
41,55,Proliferation,true,true,false
30,77,Proliferation,true,false,false
54,38,Proliferation,true,false,false
54,73,Proliferation,true,false,true
82,36,Proliferation,true,false,true
41,71,Proliferation,true,false,true
115,85,Proliferation,true,false,false
102,42,Proliferation,true,true,false
57,46,Growth_Arrest,false,true,true
107,50,Proliferation,true,true,true
78,57,Proliferation,true,false,true
33,93,Growth_Arrest,false,false,true
100,62,Proliferation,true,false,true
46,76,Proliferation,true,false,false
62,81,Proliferation,true,false,true
59,68,Proliferation,true,false,true
103,79,Growth_Arrest,false,false,true
71,59,Growth_Arrest,false,false,false
87,84,Proliferation,true,true,true
90,76,Growth_Arrest,false,false,false
45,100,Proliferation,true,true,true
81,49,Proliferation,true,true,false
91,103,Growth_Arrest,false,false,true
55,48,Proliferation,true,false,false
110,95,Growth_Arrest,false,true,false
95,73,Proliferation,true,true,false
46,45,Growth_Arrest,false,false,true
79,71,Growth_Arrest,false,false,true
78,66,Proliferation,true,true,true
93,87,Proliferation,true,true,true
81,48,Proliferation,true,false,false
93,51,Proliferation,true,false,false
111,68,Proliferation,true,true,false
75,67,Growth_Arrest,false,false,true
106,57,Growth_Arrest,false,true,false
68,36,Proliferation,true,false,false
114,90,Growth_Arrest,false,false,true
72,44,Growth_Arrest,false,false,true
94,89,Proliferation,true,false,true
95,104,Growth_Arrest,false,false,false
51,92,Proliferation,true,false,true
81,97,Proliferation,true,true,false
92,63,Growth_Arrest,false,true,true
51,45,Growth_Arrest,false,true,true
75,111,Proliferation,true,true,true
36,65,Growth_Arrest,false,false,true
83,112,Growth_Arrest,false,true,false
110,88,Proliferation,true,false,true
46,39,Proliferation,true,true,false
65,105,Proliferation,true,false,false
60,35,Proliferation,true,true,false
62,67,Growth_Arrest,false,true,true
42,51,Proliferation,true,false,false
71,110,Proliferation,true,false,true
97,98,Proliferation,true,false,false
49,73,Growth_Arrest,false,true,true
53,38,Proliferation,true,false,false
88,40,Proliferation,true,true,false
79,79,Proliferation,true,true,true
58,42,Growth_Arrest,false,false,false
67,103,Proliferation,true,false,false
94,84,Proliferation,true,false,true
74,121,Growth_Arrest,false,true,true
101,95,Growth_Arrest,false,false,false
57,38,Proliferation,true,true,true
90,93,Growth_Arrest,false,false,true
46,108,Proliferation,true,false,true
107,92,Proliferation,true,false,false
113,58,Growth_Arrest,false,false,true
85,63,Proliferation,true,true,true
88,91,Proliferation,true,false,true
57,73,Growth_Arrest,false,true,false
83,114,Proliferation,true,true,false
46,75,Proliferation,true,true,true
44,83,Growth_Arrest,false,true,false
57,106,Proliferation,true,true,true
57,68,Proliferation,true,true,true
118,73,Proliferation,true,true,true
59,35,Growth_Arrest,false,true,true
91,82,Growth_Arrest,false,true,true
70,56,Proliferation,true,false,true
109,45,Growth_Arrest,false,true,false
91,93,Growth_Arrest,false,false,true
91,74,Proliferation,true,false,true
79,102,Proliferation,true,false,true
99,111,Proliferation,true,true,false
70,79,Growth_Arrest,false,false,true
52,83,Proliferation,true,true,false
58,113,Growth_Arrest,false,false,false
82,115,Proliferation,true,false,false
115,51,Proliferation,true,true,false
52,38,Proliferation,true,true,true
67,60,Growth_Arrest,false,false,false
83,115,Growth_Arrest,false,false,false
65,96,Proliferation,true,false,true
55,77,Proliferation,true,false,true
63,68,Proliferation,true,false,true
67,74,Proliferation,true,true,false
69,79,Proliferation,true,false,false
93,100,Proliferation,true,true,true
55,50,Proliferation,true,false,false
43,43,Proliferation,true,false,false
104,63,Proliferation,true,true,true
106,108,Growth_Arrest,false,false,false
84,88,Proliferation,true,true,false
115,67,Proliferation,true,true,true
109,103,Proliferation,true,true,false
58,111,Proliferation,true,true,false
57,36,Proliferation,true,false,false
59,53,Growth_Arrest,false,true,false
77,64,Growth_Arrest,false,true,true
35,53,Proliferation,true,true,true
80,111,Proliferation,true,false,true
66,49,Proliferation,true,false,false
89,118,Proliferation,true,true,false
44,46,Growth_Arrest,false,false,false
49,45,Growth_Arrest,false,false,true
48,110,Proliferation,true,false,true
69,90,Proliferation,true,false,false
98,49,Proliferation,true,true,false
58,92,Proliferation,true,true,true
116,87,Growth_Arrest,false,true,false
59,43,Proliferation,true,true,true
88,43,Proliferation,true,false,true
57,37,Proliferation,true,false,true
54,78,Proliferation,true,false,false
67,56,Growth_Arrest,false,true,false
52,34,Growth_Arrest,false,false,true
118,67,Proliferation,true,false,true
107,83,Growth_Arrest,false,false,false
35,85,Proliferation,true,false,false
51,71,Growth_Arrest,false,true,false
57,77,Growth_Arrest,false,true,true
86,46,Proliferation,true,true,false
65,91,Proliferation,true,false,false
81,81,Growth_Arrest,false,true,true
29,69,Proliferation,true,true,true
114,50,Growth_Arrest,false,true,false
67,33,Proliferation,true,false,true
67,71,Growth_Arrest,false,false,true
85,58,Growth_Arrest,false,false,false
64,93,Proliferation,true,false,false
111,85,Proliferation,true,true,true
57,113,Proliferation,true,false,true
102,109,Growth_Arrest,false,true,true
111,65,Growth_Arrest,false,true,false
94,112,Proliferation,true,false,true
74,95,Proliferation,true,false,true
67,47,Growth_Arrest,false,true,false
35,57,Proliferation,true,true,true
58,108,Growth_Arrest,false,true,true
95,85,Proliferation,true,false,false
59,105,Proliferation,true,false,false
66,106,Growth_Arrest,false,false,false
89,67,Growth_Arrest,false,true,false
91,81,Growth_Arrest,false,false,true
97,85,Growth_Arrest,false,true,true
53,52,Proliferation,true,true,false
91,85,Proliferation,true,false,true
40,104,Proliferation,true,true,true
101,111,Growth_Arrest,false,true,false
79,51,Growth_Arrest,false,true,false
60,84,Proliferation,true,false,false
87,95,Proliferation,true,false,false
44,78,Proliferation,true,false,false
93,68,Growth_Arrest,false,true,false
97,83,Growth_Arrest,false,true,true
65,45,Growth_Arrest,false,false,false
68,115,Growth_Arrest,false,false,false
120,67,Proliferation,true,false,true
35,64,Proliferation,true,true,false
35,67,Proliferation,true,true,true
108,62,Growth_Arrest,false,false,false
59,106,Growth_Arrest,false,false,false
70,89,Growth_Arrest,false,false,false
64,99,Proliferation,true,true,false
62,97,Proliferation,true,true,false
99,65,Proliferation,true,false,false
98,100,Growth_Arrest,false,false,false
35,76,Proliferation,true,false,true
50,41,Growth_Arrest,false,true,false
113,83,Proliferation,true,true,true
56,115,Proliferation,true,true,false
42,54,Growth_Arrest,false,true,true
80,41,Proliferation,true,true,false
75,69,Proliferation,true,true,true
109,99,Proliferation,true,true,true
64,58,Proliferation,true,true,false
68,29,Growth_Arrest,false,false,true
75,90,Growth_Arrest,false,false,true
50,71,Growth_Arrest,false,false,false
93,75,Proliferation,true,false,true
62,50,Growth_Arrest,false,true,true
30,80,Proliferation,true,false,true
95,52,Growth_Arrest,false,false,false
78,55,Growth_Arrest,false,false,true
64,116,Proliferation,true,true,true
28,71,Proliferation,true,false,true
56,49,Proliferation,true,false,false
109,53,Proliferation,true,false,true
63,48,Proliferation,true,true,true
109,86,Proliferation,true,true,true
37,55,Proliferation,true,false,true
80,79,Proliferation,true,true,false
37,46,Proliferation,true,true,true
94,39,Growth_Arrest,false,true,true
78,89,Growth_Arrest,false,false,false
66,37,Proliferation,true,true,true
72,62,Proliferation,true,true,true
49,52,Proliferation,true,true,true
85,106,Proliferation,true,false,true
118,91,Proliferation,true,false,true
92,53,Proliferation,true,false,false
54,94,Proliferation,true,true,false
33,73,Proliferation,true,false,true
116,95,Proliferation,true,false,false
56,71,Growth_Arrest,false,false,false
59,34,Growth_Arrest,false,false,false
49,67,Growth_Arrest,false,false,false
57,49,Growth_Arrest,false,false,false
37,88,Growth_Arrest,false,true,true
111,72,Proliferation,true,false,false
85,85,Proliferation,true,true,true
108,64,Proliferation,true,true,true
37,95,Proliferation,true,false,true
118,59,Proliferation,true,false,true
86,55,Growth_Arrest,false,false,true
78,72,Growth_Arrest,false,true,false
51,36,Proliferation,true,false,false
60,86,Growth_Arrest,false,true,false
74,54,Proliferation,true,true,false
79,41,Proliferation,true,false,true
61,77,Proliferation,true,true,false
76,58,Proliferation,true,true,false
85,29,Growth_Arrest,false,true,true
117,67,Proliferation,true,false,false
83,38,Growth_Arrest,false,true,true
73,28,Growth_Arrest,false,false,false
58,115,Proliferation,true,true,false
70,43,Proliferation,true,false,true
47,65,Growth_Arrest,false,true,true
91,92,Proliferation,true,true,false
90,84,Growth_Arrest,false,true,false
58,53,Proliferation,true,true,true
30,73,Growth_Arrest,false,true,false
73,110,Proliferation,true,true,true
38,87,Proliferation,true,false,false
54,108,Proliferation,true,true,false
89,73,Growth_Arrest,false,false,true
58,61,Proliferation,true,true,true
50,72,Proliferation,true,true,true
73,69,Proliferation,true,false,true
115,62,Proliferation,true,true,false
102,91,Proliferation,true,false,true
29,72,Proliferation,true,false,true
80,44,Proliferation,true,false,true
38,45,Proliferation,true,true,false
83,67,Proliferation,true,true,true
53,40,Growth_Arrest,false,false,false
82,59,Proliferation,true,true,true
71,79,Growth_Arrest,false,false,false
107,55,Proliferation,true,true,true
64,87,Growth_Arrest,false,false,false
52,60,Growth_Arrest,false,true,true
72,106,Proliferation,true,false,false
98,57,Proliferation,true,true,false
36,90,Proliferation,true,true,true
98,88,Proliferation,true,true,false
82,58,Proliferation,true,false,true
58,45,Growth_Arrest,false,false,false
62,45,Growth_Arrest,false,false,true
119,76,Proliferation,true,false,false
59,97,Proliferation,true,false,false
62,68,Proliferation,true,true,false
42,106,Proliferation,true,false,true
75,84,Proliferation,true,true,false
90,99,Proliferation,true,true,true
74,117,Proliferation,true,true,true
62,64,Growth_Arrest,false,true,false
87,51,Proliferation,true,true,false
82,29,Proliferation,true,false,false
80,48,Proliferation,true,true,false
81,31,Growth_Arrest,false,true,true
53,50,Growth_Arrest,false,true,false
102,43,Proliferation,true,true,true
58,98,Proliferation,true,false,false
98,95,Growth_Arrest,false,true,false
119,63,Growth_Arrest,false,false,true
47,97,Proliferation,true,true,true
70,86,Growth_Arrest,false,false,false
57,90,Proliferation,true,true,false
37,86,Proliferation,true,true,false
31,71,Proliferation,true,false,false
110,89,Growth_Arrest,false,false,true
44,79,Proliferation,true,true,true
82,110,Proliferation,true,true,true
55,71,Proliferation,true,false,false
77,102,Proliferation,true,false,true
115,53,Proliferation,true,false,false
92,59,Proliferation,true,false,true
52,101,Proliferation,true,false,false
36,79,Proliferation,true,true,false
49,36,Proliferation,true,true,true
118,68,Growth_Arrest,false,true,true
86,109,Growth_Arrest,false,true,true
39,53,Growth_Arrest,false,false,true
68,49,Growth_Arrest,false,true,true
71,47,Proliferation,true,false,true
40,56,Proliferation,true,true,true
50,93,Proliferation,true,true,false
79,92,Growth_Arrest,false,false,false
60,100,Proliferation,true,false,true
71,34,Proliferation,true,true,false
80,46,Proliferation,true,false,true
112,92,Growth_Arrest,false,false,false
41,67,Growth_Arrest,false,false,false
32,83,Growth_Arrest,false,false,false
45,98,Growth_Arrest,false,true,false
58,85,Proliferation,true,true,true
32,78,Growth_Arrest,false,true,true
88,30,Proliferation,true,false,true
112,101,Proliferation,true,false,false
109,51,Growth_Arrest,false,true,false
89,65,Proliferation,true,false,false
68,98,Proliferation,true,false,true
57,96,Proliferation,true,false,true
96,57,Growth_Arrest,false,false,true
88,88,Proliferation,true,true,true
37,90,Growth_Arrest,false,false,false
53,98,Proliferation,true,true,true
90,118,Proliferation,true,true,false
118,84,Growth_Arrest,false,false,false
46,65,Growth_Arrest,false,false,true
78,121,Proliferation,true,false,false
43,82,Growth_Arrest,false,true,false
36,63,Proliferation,true,false,true
76,29,Growth_Arrest,false,false,true
61,84,Proliferation,true,false,true
74,66,Proliferation,true,true,false
69,83,Proliferation,true,true,true
30,81,Growth_Arrest,false,false,false
103,90,Proliferation,true,false,true
53,59,Proliferation,true,false,false
108,89,Growth_Arrest,false,true,true
104,51,Proliferation,true,false,true
70,30,Proliferation,true,true,true
65,54,Proliferation,true,true,false
51,111,Proliferation,true,false,false
105,66,Growth_Arrest,false,false,true
82,116,Proliferation,true,true,false
93,74,Proliferation,true,false,false
70,60,Growth_Arrest,false,true,false
46,37,Proliferation,true,true,false
56,62,Proliferation,true,false,true
30,88,Proliferation,true,false,true
75,103,Proliferation,true,true,false
59,49,Proliferation,true,false,false
41,84,Proliferation,true,true,true
96,99,Proliferation,true,true,false
59,80,Proliferation,true,false,true
94,108,Growth_Arrest,false,true,false
102,48,Proliferation,true,true,true
68,111,Growth_Arrest,false,true,false
63,54,Growth_Arrest,false,false,false
64,74,Growth_Arrest,false,true,true
94,85,Growth_Arrest,false,true,true
44,94,Proliferation,true,true,false
81,70,Proliferation,true,true,false
108,98,Proliferation,true,true,true
95,97,Growth_Arrest,false,false,false
69,92,Proliferation,true,true,false
114,87,Growth_Arrest,false,true,false
46,91,Growth_Arrest,false,true,true
44,71,Proliferation,true,true,false
71,62,Proliferation,true,true,false
90,101,Proliferation,true,false,false
39,56,Proliferation,true,true,false
50,82,Proliferation,true,true,false
59,57,Proliferation,true,true,false
96,58,Growth_Arrest,false,false,false
52,47,Growth_Arrest,false,false,true
114,72,Proliferation,true,true,false
117,90,Growth_Arrest,false,true,true
94,110,Proliferation,true,true,false
87,74,Proliferation,true,true,true
67,36,Proliferation,true,true,true
117,64,Proliferation,true,false,true
80,81,Growth_Arrest,false,false,false
67,28,Proliferation,true,true,false
74,94,Proliferation,true,true,true
102,105,Proliferation,true,true,false
56,117,Growth_Arrest,false,true,true
72,39,Proliferation,true,false,false
112,52,Growth_Arrest,false,true,false
97,105,Proliferation,true,false,false
81,105,Growth_Arrest,false,false,false
97,37,Proliferation,true,true,true
85,53,Proliferation,true,false,false
56,60,Proliferation,true,true,true
111,67,Proliferation,true,false,true
75,82,Proliferation,true,true,true
57,112,Growth_Arrest,false,true,true
83,110,Proliferation,true,true,false
57,78,Proliferation,true,false,true
45,40,Proliferation,true,true,true
82,106,Proliferation,true,false,true
120,87,Growth_Arrest,false,true,false
49,46,Growth_Arrest,false,true,true
86,73,Growth_Arrest,false,true,true
81,28,Proliferation,true,false,false
105,53,Growth_Arrest,false,true,false
79,35,Proliferation,true,true,true
101,65,Proliferation,true,true,true
44,105,Proliferation,true,false,false
75,121,Growth_Arrest,false,false,true
56,90,Growth_Arrest,false,false,false
94,117,Growth_Arrest,false,false,false
53,71,Proliferation,true,true,true
62,111,Proliferation,true,false,true
39,74,Growth_Arrest,false,false,true
68,50,Growth_Arrest,false,true,true
61,33,Growth_Arrest,false,false,false
89,84,Growth_Arrest,false,true,true
69,77,Growth_Arrest,false,false,false
35,84,Proliferation,true,false,true
98,83,Proliferation,true,false,false
77,60,Proliferation,true,false,true
63,60,Growth_Arrest,false,true,false
75,95,Proliferation,true,false,false
104,106,Proliferation,true,false,false
110,68,Growth_Arrest,false,true,true
84,49,Growth_Arrest,false,true,true
93,72,Proliferation,true,false,true
113,73,Proliferation,true,false,true
69,50,Growth_Arrest,false,false,true
117,71,Proliferation,true,true,false
91,33,Growth_Arrest,false,true,true
89,101,Growth_Arrest,false,false,true
69,71,Proliferation,true,false,true
44,53,Proliferation,true,false,true
51,100,Growth_Arrest,false,true,true
111,66,Growth_Arrest,false,true,false
48,75,Proliferation,true,false,true
52,107,Proliferation,true,false,false
68,74,Growth_Arrest,false,false,true
108,81,Growth_Arrest,false,true,false
66,72,Growth_Arrest,false,true,true
28,69,Proliferation,true,false,false
76,113,Proliferation,true,true,true
55,98,Growth_Arrest,false,true,true
68,82,Proliferation,true,false,true
115,71,Proliferation,true,false,false
65,81,Proliferation,true,false,false
42,63,Proliferation,true,true,true
60,118,Proliferation,true,false,false
64,57,Proliferation,true,true,false
90,100,Proliferation,true,false,false
67,80,Proliferation,true,true,true
29,84,Growth_Arrest,false,false,false
85,66,Growth_Arrest,false,true,false
41,102,Growth_Arrest,false,true,false
82,30,Proliferation,true,false,false
47,85,Proliferation,true,true,true
41,68,Proliferation,true,true,false
44,52,Proliferation,true,true,false
82,49,Proliferation,true,false,true
56,45,Proliferation,true,false,false
76,71,Proliferation,true,true,true
72,118,Growth_Arrest,false,false,false
119,86,Proliferation,true,false,true
64,38,Proliferation,true,true,false
60,104,Growth_Arrest,false,true,false
99,73,Proliferation,true,true,false
106,42,Proliferation,true,false,false
76,117,Proliferation,true,false,true
39,98,Proliferation,true,true,false
31,83,Growth_Arrest,false,false,false
107,44,Proliferation,true,false,true
98,58,Growth_Arrest,false,true,false
89,116,Proliferation,true,false,true
65,52,Proliferation,true,true,false
61,86,Growth_Arrest,false,true,true
101,78,Growth_Arrest,false,false,false
112,102,Proliferation,true,false,true
72,83,Proliferation,true,false,true
49,59,Proliferation,true,false,true
117,84,Proliferation,true,true,false
43,100,Proliferation,true,false,false
66,47,Proliferation,true,false,true
80,53,Proliferation,true,true,true
55,72,Proliferation,true,false,false
58,70,Proliferation,true,true,true
79,94,Growth_Arrest,false,false,true
54,47,Proliferation,true,false,false
45,107,Proliferation,true,true,false
67,41,Proliferation,true,false,true
114,91,Proliferation,true,false,true
81,29,Proliferation,true,false,false
120,62,Growth_Arrest,false,true,true
62,49,Proliferation,true,false,true
76,101,Proliferation,true,true,false
81,96,Proliferation,true,true,false
93,98,Proliferation,true,false,true
33,70,Proliferation,true,false,false
105,55,Proliferation,true,true,true
75,29,Growth_Arrest,false,true,false
37,48,Proliferation,true,false,false
97,110,Proliferation,true,false,false
60,70,Proliferation,true,true,true
64,107,Growth_Arrest,false,false,true
95,114,Proliferation,true,false,true
33,78,Growth_Arrest,false,true,true
88,74,Growth_Arrest,false,false,false
42,96,Proliferation,true,false,false
91,118,Growth_Arrest,false,true,false
82,96,Growth_Arrest,false,false,false
113,71,Proliferation,true,true,true
62,95,Proliferation,true,false,true
106,46,Growth_Arrest,false,true,true
62,63,Growth_Arrest,false,true,false
94,82,Proliferation,true,true,true
55,103,Proliferation,true,true,false
96,76,Proliferation,true,true,false
92,71,Proliferation,true,true,true
60,109,Proliferation,true,true,false
63,30,Proliferation,true,false,true
82,66,Proliferation,true,true,false
56,77,Growth_Arrest,false,true,false
48,95,Growth_Arrest,false,true,false
49,40,Proliferation,true,false,false
98,78,Growth_Arrest,false,true,false
116,85,Growth_Arrest,false,false,true
56,104,Proliferation,true,false,true
34,61,Proliferation,true,false,false
106,76,Proliferation,true,true,false
97,34,Proliferation,true,false,false
73,85,Growth_Arrest,false,false,false
111,102,Proliferation,true,false,true
50,97,Proliferation,true,true,false
73,57,Proliferation,true,false,false
33,83,Growth_Arrest,false,true,true
44,43,Proliferation,true,true,true
67,119,Proliferation,true,false,false
40,68,Proliferation,true,false,true
89,80,Proliferation,true,true,false
111,49,Proliferation,true,true,false
66,44,Proliferation,true,false,true
78,118,Growth_Arrest,false,false,false
108,91,Growth_Arrest,false,true,true
62,90,Proliferation,true,false,false
47,39,Proliferation,true,false,false
44,101,Growth_Arrest,false,true,false
36,88,Growth_Arrest,false,false,true
49,80,Proliferation,true,false,false
60,113,Growth_Arrest,false,true,true
41,70,Growth_Arrest,false,false,true
42,41,Growth_Arrest,false,true,false
49,76,Proliferation,true,false,false
108,94,Growth_Arrest,false,false,true
116,76,Proliferation,true,false,false
45,93,Proliferation,true,false,true
40,74,Proliferation,true,false,false
29,81,Proliferation,true,true,false
87,59,Proliferation,true,false,false
54,40,Proliferation,true,true,true
34,72,Proliferation,true,true,true
66,42,Proliferation,true,false,true
81,68,Growth_Arrest,false,true,false
90,102,Proliferation,true,true,true
76,70,Proliferation,true,false,false
60,94,Growth_Arrest,false,false,true
87,54,Proliferation,true,false,false
84,87,Proliferation,true,true,false
47,45,Proliferation,true,false,false
62,30,Growth_Arrest,false,true,true
41,86,Proliferation,true,true,false
66,52,Growth_Arrest,false,true,true
73,52,Proliferation,true,false,false
81,88,Growth_Arrest,false,false,false
97,104,Proliferation,true,true,true
108,44,Proliferation,true,false,false
66,85,Proliferation,true,false,true
38,54,Proliferation,true,false,false
109,43,Proliferation,true,false,true
63,74,Growth_Arrest,false,true,false
63,32,Growth_Arrest,false,false,true
117,75,Proliferation,true,false,true
85,64,Proliferation,true,true,false
31,74,Proliferation,true,false,false
61,70,Growth_Arrest,false,true,true
61,79,Proliferation,true,true,true
117,78,Proliferation,true,true,true
79,84,Proliferation,true,true,true
118,89,Growth_Arrest,false,false,true
115,95,Proliferation,true,false,false
103,112,Growth_Arrest,false,false,true
109,69,Growth_Arrest,false,true,true
92,36,Proliferation,true,true,true
55,84,Proliferation,true,true,true
55,113,Growth_Arrest,false,false,true
98,66,Growth_Arrest,false,true,false
80,56,Proliferation,true,true,true
52,48,Proliferation,true,false,false
100,105,Proliferation,true,false,false
33,82,Proliferation,true,false,true
38,86,Proliferation,true,true,false
110,104,Proliferation,true,false,true
91,113,Growth_Arrest,false,false,false
96,62,Growth_Arrest,false,true,true
96,63,Growth_Arrest,false,true,true
51,90,Growth_Arrest,false,false,false
32,73,Growth_Arrest,false,false,false
87,57,Proliferation,true,false,true
73,119,Proliferation,true,true,false
115,69,Proliferation,true,true,false
54,36,Proliferation,true,true,false
64,101,Proliferation,true,false,true
74,98,Growth_Arrest,false,true,true
76,54,Proliferation,true,true,false
100,110,Proliferation,true,true,true
87,98,Proliferation,true,true,false
88,108,Growth_Arrest,false,true,true
40,63,Growth_Arrest,false,true,true
76,78,Proliferation,true,false,false
100,76,Growth_Arrest,false,true,true
110,56,Proliferation,true,true,true
79,89,Proliferation,true,false,true
94,46,Proliferation,true,false,true
80,34,Proliferation,true,true,true
97,69,Growth_Arrest,false,false,true
50,104,Growth_Arrest,false,false,true
112,77,Growth_Arrest,false,true,false
62,65,Proliferation,true,false,false
69,113,Growth_Arrest,false,false,false
76,67,Growth_Arrest,false,true,false
85,37,Proliferation,true,true,true
58,34,Proliferation,true,true,true
106,81,Growth_Arrest,false,false,true
108,49,Proliferation,true,false,false
119,60,Growth_Arrest,false,true,true
68,93,Proliferation,true,false,false
53,67,Growth_Arrest,false,false,true
110,103,Growth_Arrest,false,true,true
32,55,Proliferation,true,true,true
106,95,Proliferation,true,true,false
101,63,Proliferation,true,true,false
88,111,Growth_Arrest,false,true,true
56,64,Proliferation,true,false,true
61,110,Proliferation,true,true,false
54,101,Proliferation,true,true,false
93,40,Proliferation,true,false,false
94,91,Growth_Arrest,false,true,true
53,77,Growth_Arrest,false,true,false
87,48,Proliferation,true,false,true
68,94,Proliferation,true,true,true
85,35,Proliferation,true,true,false
43,51,Proliferation,true,false,true
64,31,Proliferation,true,true,true
105,68,Proliferation,true,true,false
86,60,Growth_Arrest,false,true,false
73,78,Growth_Arrest,false,true,true
77,74,Growth_Arrest,false,false,false
39,84,Proliferation,true,true,true
77,118,Growth_Arrest,false,true,false
52,94,Proliferation,true,true,true
110,64,Growth_Arrest,false,false,false
37,75,Growth_Arrest,false,false,true
56,106,Growth_Arrest,false,true,true
74,43,Growth_Arrest,false,false,false
55,63,Proliferation,true,true,false
89,36,Proliferation,true,false,false
63,96,Proliferation,true,false,true
70,92,Proliferation,true,true,true
46,48,Growth_Arrest,false,false,true
89,53,Proliferation,true,true,true
40,77,Growth_Arrest,false,true,false
109,90,Growth_Arrest,false,false,false
115,80,Growth_Arrest,false,false,false
53,113,Proliferation,true,true,false
52,42,Proliferation,true,true,true
54,65,Growth_Arrest,false,false,true
71,108,Proliferation,true,true,true
77,46,Growth_Arrest,false,false,true
105,86,Proliferation,true,false,false
98,42,Proliferation,true,false,false
97,74,Growth_Arrest,false,false,true
115,75,Proliferation,true,false,true
99,89,Proliferation,true,false,true
54,60,Growth_Arrest,false,false,true
53,65,Proliferation,true,false,true
79,36,Growth_Arrest,false,true,false
121,75,Growth_Arrest,false,false,false
42,58,Proliferation,true,true,false
52,114,Proliferation,true,true,true
48,63,Proliferation,true,true,false
44,90,Proliferation,true,true,true
103,43,Growth_Arrest,false,false,true
53,36,Proliferation,true,false,false
36,55,Proliferation,true,false,true
107,67,Proliferation,true,false,true
77,44,Proliferation,true,true,true
106,96,Proliferation,true,false,true
98,92,Proliferation,true,true,false
99,88,Proliferation,true,true,false
96,35,Proliferation,true,false,true
100,82,Proliferation,true,false,true
87,97,Proliferation,true,true,false
76,35,Proliferation,true,true,false
39,57,Proliferation,true,true,false
34,53,Proliferation,true,false,true
79,82,Growth_Arrest,false,true,true
56,93,Growth_Arrest,false,true,false
102,89,Growth_Arrest,false,false,true
44,50,Proliferation,true,false,false
101,46,Growth_Arrest,false,false,true
68,81,Growth_Arrest,false,false,true
80,97,Proliferation,true,false,false
103,45,Proliferation,true,false,true
109,80,Proliferation,true,true,true
121,70,Growth_Arrest,false,false,true
102,37,Proliferation,true,true,false
43,72,Proliferation,true,false,true
97,54,Proliferation,true,true,false
77,81,Growth_Arrest,false,true,false
67,86,Growth_Arrest,false,true,true
85,100,Growth_Arrest,false,false,false
97,35,Proliferation,true,false,true
85,79,Growth_Arrest,false,false,true
84,86,Proliferation,true,true,false
100,106,Growth_Arrest,false,true,true
72,58,Proliferation,true,false,false
103,103,Proliferation,true,false,true
34,54,Proliferation,true,false,false
96,113,Proliferation,true,false,false
71,42,Growth_Arrest,false,false,true
67,113,Proliferation,true,false,true
31,63,Proliferation,true,true,true
100,38,Growth_Arrest,false,false,true
62,32,Proliferation,true,false,false
44,40,Growth_Arrest,false,true,true
47,96,Proliferation,true,true,false
54,57,Growth_Arrest,false,false,false
95,58,Proliferation,true,false,false
71,80,Growth_Arrest,false,true,true
67,64,Proliferation,true,true,true
64,34,Proliferation,true,true,true
84,59,Growth_Arrest,false,false,true
84,61,Proliferation,true,false,false
52,62,Proliferation,true,false,true
66,43,Growth_Arrest,false,false,true
88,113,Proliferation,true,false,true
108,80,Proliferation,true,false,true
52,35,Proliferation,true,false,true
117,85,Growth_Arrest,false,true,false
98,103,Proliferation,true,true,true
71,74,Proliferation,true,false,true
116,63,Proliferation,true,false,false
102,47,Proliferation,true,true,false
76,56,Growth_Arrest,false,false,false
41,49,Proliferation,true,true,false
61,39,Growth_Arrest,false,true,false
79,113,Proliferation,true,true,false
44,106,Growth_Arrest,false,true,false
80,84,Growth_Arrest,false,false,true
40,93,Growth_Arrest,false,true,true
48,81,Growth_Arrest,false,true,false
104,109,Growth_Arrest,false,true,false
89,63,Proliferation,true,true,false
96,78,Proliferation,true,false,true
118,58,Growth_Arrest,false,true,false
31,65,Proliferation,true,false,true
96,41,Proliferation,true,true,false
60,91,Proliferation,true,true,true
92,79,Proliferation,true,false,false
77,61,Growth_Arrest,false,false,true
44,85,Proliferation,true,true,true
98,74,Proliferation,true,true,false
66,98,Proliferation,true,true,false
88,93,Proliferation,true,false,false
51,114,Growth_Arrest,false,false,true
111,75,Proliferation,true,false,true
112,57,Proliferation,true,true,false
97,68,Proliferation,true,false,true
102,69,Proliferation,true,false,true
89,91,Proliferation,true,false,true
58,60,Growth_Arrest,false,true,false
117,58,Proliferation,true,false,false
96,112,Proliferation,true,false,false
64,85,Growth_Arrest,false,true,true
55,69,Proliferation,true,true,true
113,96,Proliferation,true,false,true
57,116,Proliferation,true,true,true
75,52,Proliferation,true,true,false
42,105,Proliferation,true,true,false
32,63,Proliferation,true,true,false
41,74,Growth_Arrest,false,false,false
81,103,Proliferation,true,true,false
68,62,Growth_Arrest,false,false,true
71,68,Proliferation,true,false,false
98,94,Proliferation,true,true,false
83,86,Proliferation,true,false,false
84,35,Proliferation,true,false,true
69,102,Proliferation,true,false,false
105,85,Proliferation,true,false,true
119,77,Proliferation,true,true,false
54,84,Proliferation,true,false,true
101,102,Growth_Arrest,false,false,false
87,89,Proliferation,true,true,true
95,115,Growth_Arrest,false,true,true
98,109,Proliferation,true,false,false
111,73,Proliferation,true,false,false
52,46,Proliferation,true,false,false
41,106,Proliferation,true,true,false
58,114,Proliferation,true,true,false
71,53,Proliferation,true,false,false
76,46,Proliferation,true,true,true
75,112,Proliferation,true,true,true
71,40,Proliferation,true,false,false
69,28,Proliferation,true,true,false
63,93,Proliferation,true,true,false
75,48,Growth_Arrest,false,true,false
91,36,Proliferation,true,false,true
68,101,Proliferation,true,true,false
101,83,Proliferation,true,true,true
59,37,Proliferation,true,true,false
116,90,Proliferation,true,false,true
98,80,Proliferation,true,false,false
84,114,Proliferation,true,true,true
39,50,Growth_Arrest,false,false,false
89,32,Growth_Arrest,false,false,false
54,96,Growth_Arrest,false,false,false
34,91,Proliferation,true,true,false
101,94,Proliferation,true,false,true
99,106,Growth_Arrest,false,true,true
47,90,Proliferation,true,true,true
77,36,Proliferation,true,true,true
34,83,Growth_Arrest,false,false,false
34,81,Proliferation,true,true,true
40,44,Proliferation,true,true,false
30,74,Growth_Arrest,false,false,true
65,32,Growth_Arrest,false,false,false
53,61,Growth_Arrest,false,true,true
77,113,Proliferation,true,false,false
102,84,Growth_Arrest,false,false,false
98,41,Proliferation,true,false,false
41,44,Growth_Arrest,false,false,false
66,32,Proliferation,true,true,true
73,43,Growth_Arrest,false,true,true
43,48,Growth_Arrest,false,false,true
67,55,Growth_Arrest,false,true,true
49,54,Growth_Arrest,false,false,false
64,43,Growth_Arrest,false,true,true
69,84,Proliferation,true,false,false
93,91,Proliferation,true,false,true
99,64,Growth_Arrest,false,false,true
47,69,Growth_Arrest,false,true,false
61,65,Proliferation,true,false,true
64,120,Proliferation,true,false,true
34,82,Proliferation,true,false,true
107,77,Proliferation,true,true,true
52,55,Growth_Arrest,false,true,true
41,45,Proliferation,true,true,false
52,88,Growth_Arrest,false,true,false
58,75,Growth_Arrest,false,false,false
98,85,Growth_Arrest,false,false,true
56,94,Proliferation,true,false,true
89,49,Proliferation,true,false,true
106,43,Growth_Arrest,false,false,true
84,52,Proliferation,true,true,false
52,103,Proliferation,true,true,true
49,102,Proliferation,true,false,false
33,56,Growth_Arrest,false,true,true
44,77,Proliferation,true,true,true
32,74,Proliferation,true,true,true
35,92,Proliferation,true,false,false
64,65,Proliferation,true,true,false
42,102,Growth_Arrest,false,true,false
40,57,Proliferation,true,true,false
69,62,Proliferation,true,false,false
72,66,Proliferation,true,true,false
77,110,Growth_Arrest,false,true,true
76,116,Growth_Arrest,false,true,false
52,70,Growth_Arrest,false,false,false
82,89,Proliferation,true,true,false
68,28,Growth_Arrest,false,false,true
96,56,Proliferation,true,false,true
106,68,Growth_Arrest,false,true,false
84,96,Proliferation,true,false,true
39,59,Growth_Arrest,false,true,true
108,72,Proliferation,true,true,false
40,87,Growth_Arrest,false,false,true
35,72,Proliferation,true,false,false
95,96,Proliferation,true,false,true
49,64,Proliferation,true,false,false
50,44,Proliferation,true,true,true
57,108,Proliferation,true,false,true
91,39,Proliferation,true,true,false
64,35,Proliferation,true,false,false
55,68,Proliferation,true,false,true
86,96,Growth_Arrest,false,false,false
98,81,Growth_Arrest,false,true,true
72,88,Proliferation,true,true,true
67,38,Proliferation,true,true,false
69,82,Growth_Arrest,false,true,true
69,55,Proliferation,true,true,true
55,85,Proliferation,true,true,true
116,56,Growth_Arrest,false,true,true
90,35,Proliferation,true,false,true
100,50,Proliferation,true,false,false
92,92,Proliferation,true,false,false
119,88,Proliferation,true,true,false
78,119,Proliferation,true,false,false
47,40,Proliferation,true,true,true
68,76,Growth_Arrest,false,true,true
38,85,Growth_Arrest,false,false,true
49,51,Growth_Arrest,false,false,true
36,100,Proliferation,true,false,false
70,93,Proliferation,true,false,true
66,99,Proliferation,true,false,false
42,47,Proliferation,true,false,false
43,75,Proliferation,true,true,false
120,82,Growth_Arrest,false,false,true
82,88,Proliferation,true,true,false
72,69,Growth_Arrest,false,true,true
98,47,Growth_Arrest,false,false,true
85,111,Proliferation,true,false,true
119,66,Growth_Arrest,false,false,false
107,81,Proliferation,true,true,true
114,54,Proliferation,true,false,false
105,56,Growth_Arrest,false,false,true
110,48,Growth_Arrest,false,true,true
115,59,Proliferation,true,true,false
45,52,Proliferation,true,false,false
112,78,Growth_Arrest,false,false,false
109,58,Proliferation,true,false,false
64,83,Growth_Arrest,false,false,true
91,31,Growth_Arrest,false,false,true
99,109,Proliferation,true,false,true
53,107,Proliferation,true,false,true
83,101,Growth_Arrest,false,false,false
81,50,Proliferation,true,false,false
59,54,Growth_Arrest,false,false,true
74,45,Proliferation,true,true,false
116,59,Proliferation,true,false,true
91,50,Growth_Arrest,false,false,true
97,97,Proliferation,true,false,true
104,42,Proliferation,true,false,false
42,100,Growth_Arrest,false,true,true
67,90,Growth_Arrest,false,false,false
41,94,Proliferation,true,true,false
54,41,Proliferation,true,false,true
97,51,Proliferation,true,false,true
117,70,Proliferation,true,false,false
94,87,Proliferation,true,true,false
100,72,Proliferation,true,false,false
66,84,Proliferation,true,true,false
95,55,Proliferation,true,false,false
93,99,Proliferation,true,true,false
90,39,Growth_Arrest,false,false,false
44,86,Proliferation,true,false,false
101,48,Proliferation,true,true,false
107,51,Proliferation,true,true,false
69,69,Proliferation,true,true,true
69,74,Proliferation,true,false,false
99,112,Proliferation,true,false,true
91,53,Proliferation,true,true,true
46,83,Proliferation,true,false,true
59,78,Proliferation,true,false,true
60,53,Proliferation,true,true,false
40,71,Growth_Arrest,false,false,true
103,105,Growth_Arrest,false,false,true
75,77,Growth_Arrest,false,false,false
51,47,Growth_Arrest,false,false,false
60,64,Proliferation,true,true,false
58,69,Growth_Arrest,false,true,false
57,109,Growth_Arrest,false,false,false
36,93,Proliferation,true,false,true
76,47,Growth_Arrest,false,false,false
78,107,Growth_Arrest,false,false,true
119,68,Proliferation,true,false,false
104,89,Proliferation,true,false,true
94,76,Growth_Arrest,false,false,true
74,62,Proliferation,true,true,true
69,36,Proliferation,true,true,false
55,96,Proliferation,true,false,false
49,42,Growth_Arrest,false,true,false
87,49,Growth_Arrest,false,false,false
37,102,Growth_Arrest,false,true,false
96,88,Proliferation,true,true,true
55,97,Proliferation,true,true,true
41,83,Proliferation,true,true,false
82,48,Proliferation,true,false,true
62,37,Proliferation,true,true,true
82,53,Growth_Arrest,false,false,false
87,82,Proliferation,true,true,false
78,82,Growth_Arrest,false,false,false
100,59,Growth_Arrest,false,true,false
38,79,Proliferation,true,false,true
118,70,Growth_Arrest,false,true,true
82,118,Growth_Arrest,false,false,true
95,32,Proliferation,true,true,false
72,113,Proliferation,true,false,true
52,59,Proliferation,true,false,true
79,52,Growth_Arrest,false,true,true
85,33,Proliferation,true,false,true
84,42,Proliferation,true,true,true
55,88,Proliferation,true,false,false
96,34,Proliferation,true,false,true
111,52,Growth_Arrest,false,false,true
40,55,Growth_Arrest,false,true,true
114,60,Growth_Arrest,false,false,true
113,60,Growth_Arrest,false,false,true
95,37,Growth_Arrest,false,false,true
92,52,Growth_Arrest,false,false,true
70,94,Growth_Arrest,false,false,true
75,44,Growth_Arrest,false,false,true
97,78,Proliferation,true,false,false
90,30,Proliferation,true,true,true
71,66,Proliferation,true,false,false
46,99,Proliferation,true,false,true
37,89,Proliferation,true,true,false
52,87,Proliferation,true,false,false
63,78,Proliferation,true,false,false
62,96,Proliferation,true,false,false
74,83,Proliferation,true,true,true
92,115,Proliferation,true,false,true
60,105,Proliferation,true,false,false
106,102,Proliferation,true,false,true
107,73,Proliferation,true,false,false
80,39,Growth_Arrest,false,false,true
54,85,Proliferation,true,false,false
48,105,Proliferation,true,true,false
117,72,Proliferation,true,true,false
78,40,Growth_Arrest,false,true,true
97,42,Proliferation,true,false,false
102,81,Proliferation,true,true,true
85,113,Proliferation,true,true,false
59,98,Proliferation,true,true,false
80,75,Growth_Arrest,false,true,true
47,46,Proliferation,true,false,false
48,74,Proliferation,true,false,false
56,107,Proliferation,true,false,true
45,51,Growth_Arrest,false,true,false
83,55,Growth_Arrest,false,true,true
85,48,Proliferation,true,false,false
103,58,Proliferation,true,false,true
74,38,Proliferation,true,true,true
77,72,Growth_Arrest,false,false,true
60,93,Proliferation,true,true,false
102,73,Proliferation,true,true,true
85,77,Proliferation,true,false,true
51,96,Proliferation,true,true,true
93,94,Proliferation,true,false,false
36,77,Proliferation,true,true,false
36,71,Proliferation,true,false,true
57,93,Proliferation,true,false,true
34,86,Proliferation,true,false,true
50,42,Proliferation,true,true,true
75,117,Proliferation,true,true,true
59,67,Proliferation,true,false,false
118,71,Growth_Arrest,false,true,false
113,56,Growth_Arrest,false,true,false
69,81,Proliferation,true,true,true
55,108,Proliferation,true,true,false
71,91,Growth_Arrest,false,false,true
89,97,Growth_Arrest,false,true,true
73,82,Growth_Arrest,false,true,true
94,116,Growth_Arrest,false,false,false
85,86,Growth_Arrest,false,true,true
63,88,Proliferation,true,false,true
69,68,Proliferation,true,false,false
84,120,Proliferation,true,true,false
48,64,Proliferation,true,true,false
101,76,Proliferation,true,false,true
39,47,Proliferation,true,true,true
89,38,Growth_Arrest,false,true,true
80,33,Proliferation,true,true,true
57,102,Proliferation,true,true,true
100,44,Proliferation,true,true,false
50,111,Proliferation,true,true,false
85,61,Growth_Arrest,false,false,true
87,61,Proliferation,true,true,false
81,114,Proliferation,true,false,false
78,106,Proliferation,true,false,true
60,44,Proliferation,true,false,false
82,44,Proliferation,true,false,false
54,104,Proliferation,true,false,true
105,51,Proliferation,true,true,true
87,34,Proliferation,true,true,false
60,98,Growth_Arrest,false,false,false
113,85,Proliferation,true,false,true
47,57,Proliferation,true,false,true
51,86,Proliferation,true,false,false
71,116,Proliferation,true,true,true
90,52,Proliferation,true,true,false
42,80,Proliferation,true,false,false
112,98,Proliferation,true,true,true
75,118,Proliferation,true,true,true
88,32,Growth_Arrest,false,false,false
35,60,Proliferation,true,true,true
69,31,Growth_Arrest,false,false,false
75,99,Growth_Arrest,false,true,true
59,82,Proliferation,true,false,true
43,88,Proliferation,true,false,true
45,97,Proliferation,true,false,true
91,97,Growth_Arrest,false,false,true
79,59,Proliferation,true,false,false
90,104,Proliferation,true,true,false
93,84,Growth_Arrest,false,false,true
96,82,Proliferation,true,false,false
98,34,Proliferation,true,true,false
61,31,Proliferation,true,false,false
82,28,Growth_Arrest,false,false,true
84,116,Proliferation,true,false,false
80,74,Proliferation,true,false,false
104,91,Proliferation,true,false,false
33,72,Proliferation,true,false,false
108,50,Proliferation,true,false,false
84,48,Growth_Arrest,false,false,false
51,41,Growth_Arrest,false,true,false
51,59,Proliferation,true,true,true
112,58,Proliferation,true,true,true
66,101,Growth_Arrest,false,false,true
98,98,Proliferation,true,false,false
72,99,Proliferation,true,true,false
103,52,Growth_Arrest,false,false,false
72,98,Proliferation,true,true,true
91,37,Proliferation,true,false,true
101,106,Growth_Arrest,false,false,false
105,109,Proliferation,true,true,true
110,84,Proliferation,true,true,false
63,118,Growth_Arrest,false,true,false
80,42,Proliferation,true,true,true
65,102,Proliferation,true,true,false
78,71,Proliferation,true,false,true
31,89,Growth_Arrest,false,false,true
112,97,Proliferation,true,false,true
76,65,Proliferation,true,true,false
113,65,Proliferation,true,false,false
66,67,Proliferation,true,true,false
97,73,Proliferation,true,false,true
105,46,Proliferation,true,false,false
69,100,Proliferation,true,false,true
104,87,Proliferation,true,true,true
97,59,Growth_Arrest,false,false,false
76,66,Proliferation,true,false,true
70,70,Growth_Arrest,false,false,false
73,104,Proliferation,true,true,false
58,68,Proliferation,true,true,false
44,58,Proliferation,true,false,true
61,56,Proliferation,true,true,true
28,80,Proliferation,true,false,true
61,118,Proliferation,true,false,false
75,110,Growth_Arrest,false,false,false
88,53,Growth_Arrest,false,true,true
55,102,Proliferation,true,false,true
105,91,Proliferation,true,false,true
74,73,Proliferation,true,true,true
74,109,Growth_Arrest,false,false,true
45,57,Growth_Arrest,false,false,false
87,104,Proliferation,true,false,true
63,106,Growth_Arrest,false,true,false
95,83,Growth_Arrest,false,false,false
62,94,Proliferation,true,true,true
117,69,Proliferation,true,true,true
89,110,Proliferation,true,true,true
112,61,Growth_Arrest,false,false,false
50,87,Growth_Arrest,false,false,false
69,118,Growth_Arrest,false,false,false
93,115,Growth_Arrest,false,false,false
51,78,Growth_Arrest,false,false,false
97,94,Growth_Arrest,false,false,true
71,58,Proliferation,true,false,false
109,67,Proliferation,true,false,true
35,55,Proliferation,true,true,true
70,83,Growth_Arrest,false,false,false
79,109,Proliferation,true,false,false
56,83,Proliferation,true,false,false
70,72,Growth_Arrest,false,false,false
72,57,Proliferation,true,false,true
58,99,Growth_Arrest,false,true,false
86,39,Growth_Arrest,false,true,false
33,84,Proliferation,true,true,false
88,55,Proliferation,true,true,true
52,50,Proliferation,true,false,true
38,57,Proliferation,true,true,false
91,76,Proliferation,true,false,false
114,83,Growth_Arrest,false,true,false
31,72,Growth_Arrest,false,false,true
81,86,Proliferation,true,false,true
113,90,Growth_Arrest,false,true,false
94,73,Growth_Arrest,false,false,true
96,111,Growth_Arrest,false,false,false
94,106,Proliferation,true,false,false
65,35,Proliferation,true,false,true
115,78,Proliferation,true,false,true
76,103,Proliferation,true,true,false
47,100,Growth_Arrest,false,true,true
52,39,Proliferation,true,false,false
93,53,Growth_Arrest,false,false,false
101,89,Proliferation,true,false,false
66,62,Proliferation,true,true,false
99,102,Proliferation,true,true,true
115,98,Growth_Arrest,false,true,false
89,79,Proliferation,true,false,true
41,63,Growth_Arrest,false,false,false
55,99,Growth_Arrest,false,false,false
48,66,Growth_Arrest,false,false,true
106,75,Proliferation,true,true,false
109,101,Growth_Arrest,false,true,false
103,53,Proliferation,true,true,true
44,91,Growth_Arrest,false,true,false
65,120,Proliferation,true,false,true
40,78,Proliferation,true,true,true
100,89,Proliferation,true,false,true
101,55,Proliferation,true,false,false
30,69,Proliferation,true,false,true
92,66,Proliferation,true,false,true
99,83,Growth_Arrest,false,true,true
38,76,Growth_Arrest,false,true,false
83,91,Growth_Arrest,false,true,false
67,58,Growth_Arrest,false,false,false
87,111,Growth_Arrest,false,false,false
87,96,Growth_Arrest,false,false,false
63,101,Growth_Arrest,false,false,false
105,62,Proliferation,true,true,false
78,115,Growth_Arrest,false,true,true
52,36,Growth_Arrest,false,false,true
71,76,Growth_Arrest,false,false,false
35,79,Growth_Arrest,false,true,true
84,84,Proliferation,true,false,false
80,58,Proliferation,true,false,true
45,83,Growth_Arrest,false,false,false
47,98,Proliferation,true,false,true
85,46,Proliferation,true,true,true
87,101,Proliferation,true,true,false
80,87,Proliferation,true,false,true
104,67,Growth_Arrest,false,false,false
103,92,Growth_Arrest,false,false,false
87,60,Growth_Arrest,false,false,true
99,41,Growth_Arrest,false,true,false
94,45,Proliferation,true,true,true
100,73,Proliferation,true,false,true
30,61,Proliferation,true,true,false
76,95,Growth_Arrest,false,true,false
91,78,Proliferation,true,false,false
64,82,Proliferation,true,false,false
28,67,Proliferation,true,false,true
38,65,Proliferation,true,false,false
111,58,Proliferation,true,false,false
50,102,Growth_Arrest,false,false,false
43,87,Growth_Arrest,false,true,false
67,114,Proliferation,true,true,false
79,96,Proliferation,true,true,false
73,35,Proliferation,true,true,true
57,58,Proliferation,true,false,false
85,55,Growth_Arrest,false,true,false
85,60,Proliferation,true,false,true
77,104,Growth_Arrest,false,false,true
90,36,Growth_Arrest,false,false,true
50,53,Proliferation,true,true,false
69,80,Growth_Arrest,false,false,false
96,77,Proliferation,true,false,false
103,85,Growth_Arrest,false,true,false
117,66,Proliferation,true,true,true
39,86,Proliferation,true,true,false
46,87,Proliferation,true,false,true
84,33,Proliferation,true,false,true
54,105,Proliferation,true,false,true
85,34,Proliferation,true,true,false
45,71,Proliferation,true,false,true
72,76,Proliferation,true,false,false
38,56,Growth_Arrest,false,false,false
104,99,Proliferation,true,false,false
46,107,Proliferation,true,false,true
92,45,Proliferation,true,true,true
61,81,Proliferation,true,false,false
33,95,Growth_Arrest,false,true,true
49,48,Proliferation,true,false,true
49,82,Proliferation,true,true,true
113,78,Proliferation,true,true,false
44,64,Proliferation,true,true,false
94,57,Growth_Arrest,false,true,false
58,62,Proliferation,true,false,true
77,39,Proliferation,true,false,false
65,40,Growth_Arrest,false,true,false
116,54,Proliferation,true,false,true
56,114,Proliferation,true,true,false
55,58,Proliferation,true,false,true
56,116,Growth_Arrest,false,false,true
64,90,Proliferation,true,false,true
72,107,Proliferation,true,false,true
63,109,Proliferation,true,false,true
38,81,Proliferation,true,true,false
86,48,Growth_Arrest,false,true,true
59,112,Proliferation,true,true,false
75,109,Proliferation,true,true,false
104,108,Growth_Arrest,false,true,true
78,77,Growth_Arrest,false,false,true
76,44,Proliferation,true,false,true
67,92,Proliferation,true,false,true
115,94,Proliferation,true,false,true
38,46,Proliferation,true,false,false
55,94,Growth_Arrest,false,false,true
37,69,Proliferation,true,true,false
93,35,Proliferation,true,false,false
68,91,Proliferation,true,true,false
116,55,Proliferation,true,true,false
61,72,Proliferation,true,false,false
42,52,Proliferation,true,false,false
112,59,Proliferation,true,true,false
88,33,Proliferation,true,true,true
80,61,Proliferation,true,true,true
76,48,Proliferation,true,false,false
68,34,Proliferation,true,false,false
73,112,Proliferation,true,true,true
57,87,Proliferation,true,true,true
77,66,Growth_Arrest,false,false,false
80,102,Growth_Arrest,false,true,false
36,87,Proliferation,true,false,true
34,65,Growth_Arrest,false,false,true
37,98,Proliferation,true,true,false
42,50,Proliferation,true,true,false
84,75,Proliferation,true,true,false
100,112,Growth_Arrest,false,true,false
46,93,Proliferation,true,true,true
96,64,Proliferation,true,false,false
52,89,Proliferation,true,false,true
65,39,Proliferation,true,true,true
67,98,Proliferation,true,true,true
114,100,Proliferation,true,false,false
93,80,Proliferation,true,true,false
77,117,Growth_Arrest,false,true,false
42,94,Proliferation,true,false,true
61,58,Growth_Arrest,false,true,true
56,52,Proliferation,true,false,true
67,115,Proliferation,true,false,false
43,71,Proliferation,true,false,false
44,100,Proliferation,true,true,true
72,36,Proliferation,true,false,true
80,69,Proliferation,true,true,true
112,96,Growth_Arrest,false,true,false
104,80,Growth_Arrest,false,true,false
108,93,Growth_Arrest,false,false,true
50,43,Proliferation,true,false,true
90,82,Proliferation,true,true,false
102,45,Growth_Arrest,false,false,true
93,104,Proliferation,true,true,false
39,81,Proliferation,true,false,true
54,106,Proliferation,true,false,true
34,58,Proliferation,true,false,true
51,76,Proliferation,true,false,true
76,120,Proliferation,true,false,true
81,75,Growth_Arrest,false,false,true
107,42,Growth_Arrest,false,false,true
37,100,Growth_Arrest,false,true,true
78,46,Growth_Arrest,false,false,true
47,37,Growth_Arrest,false,false,true
64,42,Proliferation,true,true,true
49,114,Growth_Arrest,false,false,true
52,96,Growth_Arrest,false,false,false
54,63,Growth_Arrest,false,false,true
89,105,Growth_Arrest,false,false,false
61,97,Growth_Arrest,false,false,true
104,79,Proliferation,true,true,false
91,56,Proliferation,true,true,true
59,45,Proliferation,true,false,false
56,67,Proliferation,true,true,false
62,89,Growth_Arrest,false,true,true
79,114,Growth_Arrest,false,true,true
94,53,Proliferation,true,false,true
115,90,Proliferation,true,true,false
58,102,Proliferation,true,false,true
121,73,Proliferation,true,false,true
83,119,Proliferation,true,false,true
114,69,Growth_Arrest,false,false,true
110,59,Proliferation,true,true,false
45,47,Growth_Arrest,false,false,false
78,42,Proliferation,true,false,true
114,64,Proliferation,true,false,true
34,51,Growth_Arrest,false,true,false
63,66,Growth_Arrest,false,true,false
67,121,Proliferation,true,false,true
78,49,Proliferation,true,false,false
72,75,Proliferation,true,true,false
100,46,Growth_Arrest,false,true,true
108,104,Proliferation,true,true,false
63,113,Proliferation,true,true,true
32,87,Proliferation,true,true,true
77,75,Growth_Arrest,false,true,false
48,69,Proliferation,true,true,true
82,41,Proliferation,true,false,false
42,107,Growth_Arrest,false,false,false
102,59,Growth_Arrest,false,false,false
70,88,Growth_Arrest,false,true,true
46,88,Proliferation,true,true,true
75,115,Proliferation,true,true,false
64,61,Proliferation,true,false,false
48,100,Proliferation,true,true,true
104,41,Proliferation,true,false,false
120,85,Proliferation,true,false,false
62,119,Proliferation,true,false,true
49,89,Proliferation,true,true,false
52,82,Proliferation,true,false,true
68,85,Proliferation,true,false,true
43,93,Proliferation,true,true,true
89,40,Proliferation,true,false,true
98,55,Proliferation,true,true,true
40,62,Proliferation,true,false,true
49,90,Growth_Arrest,false,false,true
72,115,Proliferation,true,true,true
92,89,Growth_Arrest,false,true,true
58,71,Proliferation,true,false,true
83,108,Proliferation,true,false,true
110,85,Proliferation,true,false,true
67,61,Proliferation,true,true,true
92,56,Proliferation,true,true,false
90,77,Proliferation,true,false,true
73,77,Growth_Arrest,false,true,false
46,79,Proliferation,true,true,true
78,94,Growth_Arrest,false,false,true
64,100,Proliferation,true,false,false
96,51,Growth_Arrest,false,false,true
51,110,Growth_Arrest,false,false,true
32,69,Growth_Arrest,false,true,true
74,113,Proliferation,true,true,false
104,85,Growth_Arrest,false,false,false
71,113,Growth_Arrest,false,false,false
42,103,Growth_Arrest,false,false,false
63,99,Growth_Arrest,false,true,true
84,104,Proliferation,true,false,true
66,92,Proliferation,true,true,false
43,69,Proliferation,true,false,false
32,90,Growth_Arrest,false,false,false
44,75,Proliferation,true,true,true
31,75,Proliferation,true,false,false
60,67,Growth_Arrest,false,false,false
106,62,Growth_Arrest,false,true,false
45,66,Growth_Arrest,false,false,false
95,76,Growth_Arrest,false,false,false
67,95,Growth_Arrest,false,true,true
94,34,Proliferation,true,false,true
117,95,Proliferation,true,false,false
112,50,Growth_Arrest,false,true,false
93,54,Growth_Arrest,false,true,true
36,96,Proliferation,true,true,false
37,67,Growth_Arrest,false,true,false
36,95,Growth_Arrest,false,false,true
107,69,Growth_Arrest,false,true,true
100,74,Proliferation,true,true,true
86,113,Growth_Arrest,false,true,false
72,111,Proliferation,true,false,false
88,68,Growth_Arrest,false,true,true
76,87,Proliferation,true,true,true
72,29,Proliferation,true,true,false
103,42,Proliferation,true,true,false
95,79,Proliferation,true,false,true
94,101,Growth_Arrest,false,false,true
82,78,Proliferation,true,true,false
44,104,Growth_Arrest,false,false,false
64,111,Proliferation,true,false,false
82,113,Growth_Arrest,false,false,false
113,92,Growth_Arrest,false,false,false
42,66,Proliferation,true,false,false
112,49,Proliferation,true,false,true
76,39,Proliferation,true,false,true
88,42,Proliferation,true,false,true
30,63,Proliferation,true,false,false
67,118,Proliferation,true,true,false
101,67,Growth_Arrest,false,false,true
40,54,Proliferation,true,false,true
100,55,Growth_Arrest,false,true,false
66,107,Proliferation,true,false,false
103,96,Growth_Arrest,false,false,false
93,32,Proliferation,true,false,true
70,71,Proliferation,true,false,false
74,75,Proliferation,true,false,false
100,98,Proliferation,true,false,false
80,29,Growth_Arrest,false,false,false
37,50,Proliferation,true,false,true
62,107,Proliferation,true,false,false
41,54,Proliferation,true,false,false
75,36,Proliferation,true,false,false
78,30,Growth_Arrest,false,false,false
46,85,Proliferation,true,true,false
33,63,Proliferation,true,true,false
84,58,Proliferation,true,false,true
52,69,Proliferation,true,true,true
75,53,Growth_Arrest,false,false,true
58,66,Proliferation,true,false,true
80,90,Proliferation,true,false,false
36,67,Proliferation,true,true,false
83,40,Proliferation,true,true,false
69,47,Proliferation,true,true,false
87,30,Growth_Arrest,false,false,false
83,36,Proliferation,true,false,false
43,56,Proliferation,true,true,false
115,57,Growth_Arrest,false,true,true
92,110,Proliferation,true,true,false
53,89,Proliferation,true,true,false
41,65,Proliferation,true,true,false
67,69,Growth_Arrest,false,true,true
90,45,Growth_Arrest,false,true,true
91,42,Proliferation,true,false,false
76,82,Proliferation,true,false,true
32,80,Proliferation,true,true,false
64,89,Proliferation,true,false,true
76,94,Growth_Arrest,false,true,true
98,35,Growth_Arrest,false,false,true
89,92,Proliferation,true,false,false
69,98,Proliferation,true,true,false
90,50,Proliferation,true,true,true
36,59,Proliferation,true,false,true
42,75,Proliferation,true,true,true
106,56,Proliferation,true,false,false
77,55,Proliferation,true,true,true
81,60,Proliferation,true,true,true
111,94,Proliferation,true,true,true
102,104,Proliferation,true,false,false
64,114,Proliferation,true,false,false
46,42,Proliferation,true,true,false
95,43,Proliferation,true,false,false
64,68,Proliferation,true,true,false
107,46,Growth_Arrest,false,true,true
47,71,Growth_Arrest,false,false,true
108,88,Growth_Arrest,false,true,false
59,30,Proliferation,true,false,false
48,46,Growth_Arrest,false,false,false
59,111,Proliferation,true,true,false
96,95,Proliferation,true,false,false
39,55,Proliferation,true,true,true
50,45,Proliferation,true,true,false
97,63,Proliferation,true,false,true
108,51,Proliferation,true,false,true
106,61,Growth_Arrest,false,true,false
92,60,Proliferation,true,false,true
39,95,Proliferation,true,false,true
40,47,Proliferation,true,true,false
106,83,Growth_Arrest,false,true,true
98,93,Growth_Arrest,false,true,true
106,66,Growth_Arrest,false,true,true
77,77,Growth_Arrest,false,true,true
44,102,Proliferation,true,true,false
46,69,Proliferation,true,false,false
100,85,Proliferation,true,false,true
82,90,Proliferation,true,false,false
59,86,Proliferation,true,false,true
51,39,Proliferation,true,false,true
107,80,Proliferation,true,false,false
29,76,Proliferation,true,true,false
74,56,Proliferation,true,false,true
103,39,Proliferation,true,true,false
69,37,Growth_Arrest,false,true,false
92,86,Proliferation,true,true,true
106,78,Proliferation,true,false,false
58,63,Proliferation,true,false,false
55,38,Proliferation,true,true,false
59,88,Proliferation,true,true,false
58,96,Proliferation,true,true,true
63,38,Proliferation,true,false,false
55,90,Proliferation,true,false,false
64,117,Proliferation,true,true,false
82,105,Proliferation,true,true,false
103,62,Growth_Arrest,false,true,false
50,105,Proliferation,true,false,true
35,97,Growth_Arrest,false,true,false
102,86,Growth_Arrest,false,false,false
84,113,Growth_Arrest,false,false,true
82,54,Growth_Arrest,false,true,false
49,35,Growth_Arrest,false,true,true
76,111,Proliferation,true,true,false
83,79,Proliferation,true,false,true
67,65,Proliferation,true,true,true
38,70,Growth_Arrest,false,true,true
106,53,Proliferation,true,false,false
94,41,Proliferation,true,false,false
58,106,Growth_Arrest,false,false,true
91,52,Proliferation,true,true,true
55,83,Proliferation,true,true,true
107,48,Growth_Arrest,false,true,true
105,99,Growth_Arrest,false,true,true
40,79,Proliferation,true,false,false
65,87,Growth_Arrest,false,true,false
99,61,Proliferation,true,false,true
83,75,Proliferation,true,true,false
77,69,Proliferation,true,true,false
47,75,Proliferation,true,false,false
111,79,Proliferation,true,false,false
92,85,Proliferation,true,true,false
84,56,Proliferation,true,false,true
51,104,Proliferation,true,false,false
112,95,Growth_Arrest,false,false,true
76,99,Proliferation,true,true,false
97,91,Growth_Arrest,false,true,true
63,72,Proliferation,true,false,true
111,64,Growth_Arrest,false,true,true
99,97,Growth_Arrest,false,false,false
88,79,Proliferation,true,false,true
46,86,Proliferation,true,false,false
61,67,Growth_Arrest,false,false,true
86,117,Proliferation,true,false,true
94,114,Proliferation,true,false,true
99,79,Proliferation,true,true,true
82,32,Proliferation,true,false,false
88,109,Proliferation,true,true,false
92,80,Proliferation,true,false,false
52,110,Proliferation,true,false,true
99,40,Proliferation,true,true,true
92,61,Growth_Arrest,false,true,false
83,64,Proliferation,true,false,true
53,78,Proliferation,true,true,true
46,78,Growth_Arrest,false,true,false
68,113,Proliferation,true,true,true
62,42,Proliferation,true,false,true
116,82,Growth_Arrest,false,true,true
65,83,Proliferation,true,false,true
103,59,Proliferation,true,false,true
84,46,Proliferation,true,true,true
97,112,Growth_Arrest,false,false,false
90,67,Proliferation,true,false,false
83,51,Proliferation,true,false,true
51,99,Proliferation,true,true,false
93,38,Proliferation,true,true,true
66,112,Proliferation,true,true,false
58,46,Proliferation,true,true,true
94,100,Growth_Arrest,false,false,false
91,60,Proliferation,true,true,true
77,97,Proliferation,true,false,true
61,62,Proliferation,true,true,true
46,100,Proliferation,true,false,true
62,74,Proliferation,true,true,false
41,92,Proliferation,true,false,true
72,47,Growth_Arrest,false,true,true
49,37,Proliferation,true,false,true
81,108,Proliferation,true,false,true
46,50,Proliferation,true,false,true
99,63,Proliferation,true,true,true
83,52,Proliferation,true,false,true
74,100,Growth_Arrest,false,true,false
100,49,Proliferation,true,true,false
64,37,Proliferation,true,false,false
65,69,Proliferation,true,false,false
103,71,Growth_Arrest,false,true,true
42,62,Proliferation,true,false,false
114,70,Growth_Arrest,false,true,false
58,80,Proliferation,true,false,false
68,35,Growth_Arrest,false,false,false
58,54,Growth_Arrest,false,false,false
48,37,Proliferation,true,true,false
94,92,Proliferation,true,true,true
115,93,Proliferation,true,true,false
97,75,Proliferation,true,false,false
86,58,Proliferation,true,false,true
86,83,Proliferation,true,false,true
106,89,Proliferation,true,true,true
46,62,Proliferation,true,false,true
114,99,Proliferation,true,false,false
35,94,Growth_Arrest,false,true,true
80,105,Proliferation,true,false,false
102,95,Growth_Arrest,false,true,true
83,58,Growth_Arrest,false,true,false
68,107,Proliferation,true,true,false
83,50,Proliferation,true,false,false
75,80,Growth_Arrest,false,false,false
50,77,Growth_Arrest,false,true,false
65,111,Proliferation,true,false,false
73,107,Growth_Arrest,false,true,false
46,80,Growth_Arrest,false,false,false
111,78,Proliferation,true,false,false
88,70,Proliferation,true,true,true
61,119,Proliferation,true,true,true
56,40,Proliferation,true,false,true
59,114,Proliferation,true,false,false
54,51,Growth_Arrest,false,false,false
86,45,Proliferation,true,true,true
72,28,Proliferation,true,false,true
50,95,Proliferation,true,true,true
73,102,Proliferation,true,true,false
101,92,Growth_Arrest,false,true,true
55,53,Proliferation,true,true,false
87,119,Growth_Arrest,false,false,true
110,63,Proliferation,true,false,true
69,63,Proliferation,true,true,false
75,92,Proliferation,true,false,true
101,80,Growth_Arrest,false,false,false
39,93,Proliferation,true,true,false
73,42,Growth_Arrest,false,true,false
52,65,Growth_Arrest,false,true,true
69,78,Proliferation,true,true,true
91,86,Proliferation,true,false,false
93,71,Proliferation,true,false,false
47,52,Growth_Arrest,false,false,false
55,115,Proliferation,true,true,false
61,35,Growth_Arrest,false,false,false
59,108,Proliferation,true,true,true
88,44,Growth_Arrest,false,true,true
60,80,Growth_Arrest,false,false,false
56,75,Proliferation,true,true,false
73,86,Growth_Arrest,false,true,false
30,59,Growth_Arrest,false,true,true
49,39,Growth_Arrest,false,true,false
43,98,Proliferation,true,true,true
64,71,Proliferation,true,true,true
40,96,Proliferation,true,false,false
57,72,Growth_Arrest,false,false,false
82,109,Proliferation,true,true,true
85,69,Proliferation,true,false,true
39,45,Growth_Arrest,false,false,true
107,79,Proliferation,true,true,true
74,101,Proliferation,true,true,false
64,30,Proliferation,true,false,true
72,45,Growth_Arrest,false,false,true
40,67,Growth_Arrest,false,false,true
76,40,Proliferation,true,true,true
64,86,Proliferation,true,false,false
49,43,Proliferation,true,false,true
60,87,Growth_Arrest,false,true,true
61,49,Proliferation,true,false,false
54,58,Proliferation,true,false,false
56,72,Growth_Arrest,false,true,true
51,44,Growth_Arrest,false,true,true
45,54,Proliferation,true,false,false
84,72,Growth_Arrest,false,false,false
99,99,Proliferation,true,false,true
108,56,Proliferation,true,true,true
77,62,Proliferation,true,true,true
46,61,Growth_Arrest,false,true,true
77,67,Proliferation,true,true,true
65,113,Proliferation,true,true,false
92,83,Growth_Arrest,false,true,false
54,32,Proliferation,true,true,true
99,57,Proliferation,true,false,true
95,108,Proliferation,true,true,true
45,81,Proliferation,true,true,true
102,93,Proliferation,true,true,false
105,57,Proliferation,true,true,false
46,90,Proliferation,true,false,false
52,79,Growth_Arrest,false,false,true
95,93,Proliferation,true,true,false
99,62,Proliferation,true,false,true
116,89,Growth_Arrest,false,false,true
65,71,Proliferation,true,true,false
98,75,Proliferation,true,true,false
44,54,Proliferation,true,false,true
37,49,Proliferation,true,true,false
81,45,Growth_Arrest,false,true,true
42,53,Proliferation,true,false,true
96,86,Proliferation,true,false,false
97,102,Proliferation,true,true,true
43,63,Proliferation,true,false,true
96,101,Growth_Arrest,false,true,true
108,105,Growth_Arrest,false,true,false
91,54,Proliferation,true,false,true
32,67,Growth_Arrest,false,true,false
54,46,Proliferation,true,false,true
70,90,Proliferation,true,true,false
44,67,Growth_Arrest,false,true,false
36,74,Growth_Arrest,false,false,true
110,55,Growth_Arrest,false,true,false
76,83,Proliferation,true,true,true
120,81,Proliferation,true,true,false
72,67,Growth_Arrest,false,true,true
68,38,Proliferation,true,false,false
78,98,Growth_Arrest,false,false,true
70,34,Growth_Arrest,false,false,false
66,29,Proliferation,true,false,true
104,96,Proliferation,true,true,true
89,117,Proliferation,true,false,true
67,88,Growth_Arrest,false,false,true
102,79,Proliferation,true,false,true
57,42,Proliferation,true,true,false
41,62,Proliferation,true,true,false
39,69,Proliferation,true,true,false
77,48,Proliferation,true,false,true
74,32,Proliferation,true,true,true
83,45,Proliferation,true,false,false
118,74,Proliferation,true,false,false
67,42,Proliferation,true,true,false
74,67,Proliferation,true,false,false
94,96,Proliferation,true,false,true
85,78,Proliferation,true,true,true
52,95,Proliferation,true,true,true
60,112,Proliferation,true,false,true
120,68,Proliferation,true,true,false
99,77,Proliferation,true,true,true
46,60,Proliferation,true,true,false
82,55,Growth_Arrest,false,true,true
108,68,Proliferation,true,true,false
80,73,Proliferation,true,false,false
88,51,Proliferation,true,true,false
54,39,Growth_Arrest,false,true,false
64,79,Proliferation,true,true,false
95,74,Proliferation,true,true,false
85,92,Growth_Arrest,false,true,false
92,75,Proliferation,true,false,false
56,43,Growth_Arrest,false,true,true
85,59,Growth_Arrest,false,false,true
46,71,Growth_Arrest,false,true,true
108,66,Proliferation,true,true,false
106,94,Proliferation,true,true,false
85,83,Proliferation,true,false,true
50,81,Proliferation,true,false,true
29,85,Growth_Arrest,false,true,false
49,87,Growth_Arrest,false,false,true
44,80,Proliferation,true,false,false
70,29,Proliferation,true,true,true
105,104,Proliferation,true,false,false
116,86,Growth_Arrest,false,true,true
95,117,Proliferation,true,true,false
115,92,Proliferation,true,false,false
103,46,Growth_Arrest,false,false,true
68,46,Proliferation,true,false,false
58,78,Proliferation,true,true,false
93,90,Proliferation,true,true,true
99,81,Proliferation,true,true,false
90,46,Proliferation,true,false,true
61,106,Proliferation,true,false,false
89,114,Growth_Arrest,false,true,false
62,38,Proliferation,true,true,false
91,95,Proliferation,true,false,false
92,84,Growth_Arrest,false,true,false
44,95,Growth_Arrest,false,true,true
108,101,Proliferation,true,false,true
99,35,Proliferation,true,false,true
66,70,Proliferation,true,true,true
106,80,Proliferation,true,false,true
53,88,Proliferation,true,true,true
92,102,Growth_Arrest,false,false,true
55,44,Growth_Arrest,false,true,false
97,103,Proliferation,true,false,false
93,33,Proliferation,true,false,false
57,32,Growth_Arrest,false,true,true
42,68,Growth_Arrest,false,false,false
30,65,Growth_Arrest,false,true,true
99,37,Proliferation,true,false,true
48,109,Growth_Arrest,false,false,true
103,106,Proliferation,true,true,true
57,74,Proliferation,true,true,false
96,66,Proliferation,true,true,false
87,41,Proliferation,true,true,true
33,75,Growth_Arrest,false,true,false
35,71,Proliferation,true,false,false
58,76,Proliferation,true,true,false
109,89,Growth_Arrest,false,false,true
41,85,Growth_Arrest,false,false,false
59,62,Proliferation,true,false,true
57,75,Growth_Arrest,false,false,false
92,94,Growth_Arrest,false,false,false
59,33,Proliferation,true,false,false
84,51,Proliferation,true,false,true
72,56,Growth_Arrest,false,true,true
71,93,Proliferation,true,false,true
88,46,Growth_Arrest,false,true,false
61,98,Growth_Arrest,false,false,false
70,36,Proliferation,true,false,true
85,38,Proliferation,true,false,true
55,106,Growth_Arrest,false,false,false
114,55,Proliferation,true,true,false
70,108,Proliferation,true,true,false
47,86,Proliferation,true,false,false
30,90,Proliferation,true,false,true
90,72,Proliferation,true,false,false
72,84,Growth_Arrest,false,true,false
53,63,Proliferation,true,false,false
51,80,Proliferation,true,true,true
104,52,Proliferation,true,true,false
92,112,Growth_Arrest,false,true,true
107,45,Growth_Arrest,false,false,true
64,46,Proliferation,true,true,true
98,101,Growth_Arrest,false,true,false
69,29,Proliferation,true,false,true
116,61,Growth_Arrest,false,true,false
39,44,Growth_Arrest,false,true,true
108,107,Growth_Arrest,false,true,true
48,51,Proliferation,true,true,true
100,90,Proliferation,true,false,true
55,95,Proliferation,true,true,true
105,95,Growth_Arrest,false,false,true
99,50,Proliferation,true,false,true
77,91,Growth_Arrest,false,true,true
113,62,Proliferation,true,false,true
64,33,Growth_Arrest,false,false,false
100,63,Proliferation,true,false,false
37,47,Growth_Arrest,false,true,true
67,77,Proliferation,true,false,true
68,55,Growth_Arrest,false,false,false
62,39,Proliferation,true,false,false
89,43,Proliferation,true,true,false
103,47,Growth_Arrest,false,true,false
79,66,Proliferation,true,true,false
48,65,Proliferation,true,false,false
66,94,Proliferation,true,false,true
81,115,Proliferation,true,false,false
99,105,Proliferation,true,true,false
71,54,Proliferation,true,false,false
68,60,Proliferation,true,true,true
118,80,Growth_Arrest,false,false,true
57,61,Proliferation,true,true,false
34,92,Proliferation,true,false,false
105,97,Proliferation,true,false,false
65,43,Proliferation,true,false,false
67,76,Proliferation,true,false,true
45,96,Growth_Arrest,false,false,true
82,31,Growth_Arrest,false,false,true
58,110,Proliferation,true,true,true
78,47,Proliferation,true,false,false
56,96,Proliferation,true,true,false
113,63,Proliferation,true,true,false
87,36,Proliferation,true,true,false
95,84,Proliferation,true,false,true
83,33,Growth_Arrest,false,false,false
44,99,Proliferation,true,false,true
54,69,Proliferation,true,true,false
95,99,Proliferation,true,false,false
35,62,Proliferation,true,true,false
108,71,Proliferation,true,true,false
90,55,Growth_Arrest,false,false,true
115,70,Proliferation,true,true,false
33,90,Proliferation,true,false,true
110,51,Growth_Arrest,false,true,false
90,89,Growth_Arrest,false,false,false
117,57,Growth_Arrest,false,true,true
75,38,Proliferation,true,false,false
79,108,Growth_Arrest,false,false,false
95,64,Proliferation,true,false,false
105,67,Proliferation,true,false,false
77,84,Proliferation,true,false,false
83,83,Growth_Arrest,false,true,true
63,40,Proliferation,true,true,false
63,83,Proliferation,true,true,false
40,102,Proliferation,true,false,false
47,91,Proliferation,true,false,false
89,102,Proliferation,true,false,true
59,79,Proliferation,true,false,false
82,86,Proliferation,true,true,false
