# cell_size_um=20.0, domain_size_um=3000.0, description="Spheroid pattern with 4000 cells"
x,y,phenotype,gene_Proliferation,gene_glycoATP,gene_mitoATP
68,93,Proliferation,true,false,false
47,82,Proliferation,true,true,false
57,74,Proliferation,true,true,true
79,72,Proliferation,true,true,false
88,77,Proliferation,true,true,true
98,87,Proliferation,true,false,true
68,92,Proliferation,true,true,true
88,81,Proliferation,true,true,true
73,58,Proliferation,true,false,false
78,67,Proliferation,true,false,true
53,80,Proliferation,true,false,false
74,109,Proliferation,true,true,true
98,58,Growth_Arrest,false,true,true
41,86,Proliferation,true,false,false
67,81,Proliferation,true,false,true
105,87,Proliferation,true,true,true
61,48,Proliferation,true,true,true
61,56,Proliferation,true,true,true
90,85,Proliferation,true,true,true
63,74,Growth_Arrest,false,true,false
66,105,Proliferation,true,true,true
62,62,Growth_Arrest,false,true,true
44,61,Proliferation,true,false,true
69,82,Proliferation,true,true,true
75,55,Proliferation,true,true,true
85,84,Proliferation,true,false,true
88,43,Proliferation,true,true,false
72,105,Proliferation,true,false,true
75,109,Proliferation,true,true,true
56,67,Proliferation,true,false,true
92,83,Proliferation,true,true,false
84,74,Proliferation,true,false,true
77,109,Proliferation,true,false,false
85,58,Growth_Arrest,false,false,true
106,58,Proliferation,true,false,false
74,90,Proliferation,true,true,false
59,64,Growth_Arrest,false,true,true
77,51,Growth_Arrest,false,true,false
44,64,Growth_Arrest,false,true,true
56,84,Growth_Arrest,false,true,false
72,95,Proliferation,true,false,true
64,66,Proliferation,true,true,false
82,65,Proliferation,true,false,false
50,55,Proliferation,true,true,false
61,82,Proliferation,true,false,true
86,52,Proliferation,true,false,true
69,96,Proliferation,true,false,false
54,96,Proliferation,true,true,false
96,96,Growth_Arrest,false,false,true
81,107,Growth_Arrest,false,true,false
40,69,Proliferation,true,true,false
95,81,Growth_Arrest,false,false,false
107,85,Proliferation,true,false,false
61,76,Growth_Arrest,false,false,false
40,78,Proliferation,true,false,false
71,104,Growth_Arrest,false,true,false
102,70,Growth_Arrest,false,true,true
90,86,Proliferation,true,false,true
52,102,Proliferation,true,false,true
109,71,Growth_Arrest,false,true,true
99,84,Proliferation,true,true,false
78,47,Proliferation,true,true,false
107,60,Proliferation,true,false,false
68,76,Growth_Arrest,false,false,false
99,52,Proliferation,true,true,false
85,50,Proliferation,true,true,false
60,93,Proliferation,true,false,true
89,85,Proliferation,true,true,false
102,94,Proliferation,true,true,false
58,50,Proliferation,true,true,false
63,66,Proliferation,true,false,false
41,72,Growth_Arrest,false,false,true
52,64,Proliferation,true,false,false
87,83,Proliferation,true,false,true
69,48,Proliferation,true,false,false
84,72,Proliferation,true,false,false
48,76,Growth_Arrest,false,true,true
59,83,Proliferation,true,true,true
63,101,Proliferation,true,true,false
94,52,Proliferation,true,false,true
84,100,Proliferation,true,true,true
91,91,Proliferation,true,false,false
83,80,Growth_Arrest,false,false,false
63,49,Growth_Arrest,false,false,false
73,49,Proliferation,true,false,true
84,101,Proliferation,true,false,false
44,75,Proliferation,true,true,true
62,70,Growth_Arrest,false,true,false
64,64,Growth_Arrest,false,false,true
66,40,Proliferation,true,true,true
54,79,Proliferation,true,true,false
62,93,Growth_Arrest,false,false,true
65,60,Growth_Arrest,false,false,false
49,89,Growth_Arrest,false,true,true
62,51,Growth_Arrest,false,false,true
82,59,Proliferation,true,false,true
91,61,Growth_Arrest,false,true,false
67,99,Proliferation,true,false,true
78,73,Growth_Arrest,false,true,false
59,82,Proliferation,true,false,true
78,108,Growth_Arrest,false,true,false
72,61,Growth_Arrest,false,true,true
49,86,Proliferation,true,true,false
54,78,Proliferation,true,false,false
96,71,Proliferation,true,false,false
73,73,Proliferation,true,false,false
51,87,Proliferation,true,true,true
72,52,Growth_Arrest,false,true,false
85,53,Growth_Arrest,false,true,false
63,94,Proliferation,true,false,false
72,63,Proliferation,true,false,true
83,105,Proliferation,true,false,false
90,84,Proliferation,true,true,false
82,101,Proliferation,true,false,false
82,77,Proliferation,true,true,true
48,97,Growth_Arrest,false,false,false
60,100,Growth_Arrest,false,false,false
46,67,Growth_Arrest,false,true,false
59,51,Growth_Arrest,false,false,true
77,45,Proliferation,true,false,true
89,59,Proliferation,true,false,false
91,59,Growth_Arrest,false,true,false
66,91,Growth_Arrest,false,true,true
47,67,Proliferation,true,true,true
95,58,Proliferation,true,false,false
70,71,Proliferation,true,false,false
45,90,Growth_Arrest,false,false,true
88,73,Proliferation,true,true,false
75,58,Proliferation,true,false,false
84,48,Proliferation,true,true,true
93,51,Proliferation,true,false,false
80,97,Growth_Arrest,false,false,false
92,95,Proliferation,true,false,true
49,58,Proliferation,true,false,false
102,76,Growth_Arrest,false,true,true
68,82,Proliferation,true,true,true
89,90,Proliferation,true,false,false
102,54,Proliferation,true,false,false
93,61,Proliferation,true,true,true
45,77,Growth_Arrest,false,true,true
47,78,Proliferation,true,true,true
83,107,Proliferation,true,true,true
74,92,Proliferation,true,false,false
58,53,Growth_Arrest,false,false,true
80,70,Proliferation,true,true,false
97,55,Proliferation,true,false,false
89,86,Proliferation,true,true,false
99,75,Growth_Arrest,false,true,true
69,98,Growth_Arrest,false,false,false
85,73,Proliferation,true,false,true
89,77,Proliferation,true,false,false
92,46,Growth_Arrest,false,false,false
52,88,Proliferation,true,true,false
73,66,Proliferation,true,true,false
98,52,Proliferation,true,true,true
96,98,Proliferation,true,false,false
55,88,Proliferation,true,false,true
75,47,Proliferation,true,true,true
66,66,Proliferation,true,true,false
85,74,Proliferation,true,true,false
75,67,Growth_Arrest,false,true,false
73,101,Proliferation,true,true,false
67,63,Proliferation,true,false,false
99,61,Growth_Arrest,false,true,false
75,100,Proliferation,true,false,false
94,53,Growth_Arrest,false,true,true
60,91,Proliferation,true,false,false
78,46,Proliferation,true,true,true
93,65,Growth_Arrest,false,true,false
47,88,Proliferation,true,true,false
66,57,Proliferation,true,true,true
94,81,Proliferation,true,false,true
50,64,Proliferation,true,true,false
67,82,Growth_Arrest,false,true,false
73,68,Growth_Arrest,false,true,false
72,94,Proliferation,true,false,false
62,67,Proliferation,true,false,true
67,80,Growth_Arrest,false,false,false
62,97,Proliferation,true,false,false
76,43,Proliferation,true,false,false
51,99,Proliferation,true,true,false
81,72,Proliferation,true,false,false
88,66,Proliferation,true,true,false
77,69,Proliferation,true,true,false
76,57,Growth_Arrest,false,false,false
61,43,Proliferation,true,true,false
49,99,Proliferation,true,true,true
98,53,Growth_Arrest,false,true,false
56,104,Growth_Arrest,false,true,false
94,47,Growth_Arrest,false,true,false
92,58,Proliferation,true,false,false
62,104,Growth_Arrest,false,false,false
53,72,Proliferation,true,false,true
41,79,Proliferation,true,true,false
47,71,Proliferation,true,true,false
97,73,Growth_Arrest,false,false,true
47,75,Proliferation,true,false,false
61,70,Proliferation,true,false,true
103,61,Growth_Arrest,false,false,true
48,61,Proliferation,true,true,false
56,73,Proliferation,true,false,true
85,102,Proliferation,true,false,false
89,95,Growth_Arrest,false,true,false
76,90,Growth_Arrest,false,true,true
105,73,Proliferation,true,false,false
89,55,Proliferation,true,false,true
43,58,Proliferation,true,true,true
72,83,Growth_Arrest,false,false,false
63,62,Proliferation,true,false,true
90,100,Growth_Arrest,false,true,true
95,56,Proliferation,true,true,false
83,47,Proliferation,true,true,true
67,98,Growth_Arrest,false,true,false
78,109,Growth_Arrest,false,false,false
73,65,Growth_Arrest,false,true,true
52,96,Proliferation,true,false,true
81,98,Proliferation,true,true,true
98,100,Proliferation,true,false,true
51,74,Proliferation,true,false,false
70,68,Proliferation,true,true,false
89,102,Growth_Arrest,false,false,true
52,69,Growth_Arrest,false,false,false
78,53,Growth_Arrest,false,true,false
71,81,Proliferation,true,true,false
43,74,Growth_Arrest,false,false,false
47,69,Growth_Arrest,false,false,true
74,74,Proliferation,true,true,false
79,57,Proliferation,true,true,true
65,95,Proliferation,true,false,true
84,88,Growth_Arrest,false,false,false
77,92,Proliferation,true,false,false
91,102,Growth_Arrest,false,false,false
68,84,Growth_Arrest,false,true,true
81,103,Proliferation,true,false,false
63,45,Growth_Arrest,false,false,false
86,95,Growth_Arrest,false,true,true
101,78,Growth_Arrest,false,true,true
97,89,Proliferation,true,true,true
107,61,Growth_Arrest,false,false,true
87,89,Proliferation,true,true,false
48,53,Proliferation,true,true,false
92,85,Proliferation,true,true,false
54,87,Growth_Arrest,false,true,true
84,41,Proliferation,true,true,true
65,106,Proliferation,true,false,false
56,51,Proliferation,true,false,true
79,91,Proliferation,true,false,false
109,79,Growth_Arrest,false,false,true
71,57,Growth_Arrest,false,false,true
70,92,Proliferation,true,true,false
89,69,Proliferation,true,false,false
71,86,Proliferation,true,true,false
59,59,Proliferation,true,true,true
80,66,Proliferation,true,true,true
80,91,Proliferation,true,true,true
51,86,Proliferation,true,true,false
63,65,Proliferation,true,false,true
67,95,Proliferation,true,false,true
80,88,Growth_Arrest,false,false,true
69,87,Proliferation,true,false,false
69,101,Proliferation,true,false,false
88,61,Growth_Arrest,false,true,false
61,85,Proliferation,true,false,false
55,51,Proliferation,true,false,false
42,84,Proliferation,true,false,false
53,55,Proliferation,true,true,true
63,41,Proliferation,true,false,false
53,98,Proliferation,true,true,true
44,66,Proliferation,true,true,false
105,91,Growth_Arrest,false,true,false
45,67,Proliferation,true,true,true
79,96,Proliferation,true,true,true
55,47,Proliferation,true,true,false
61,46,Proliferation,true,false,false
82,47,Growth_Arrest,false,false,true
73,63,Proliferation,true,true,true
93,103,Growth_Arrest,false,false,false
85,64,Proliferation,true,false,false
105,85,Growth_Arrest,false,true,true
67,86,Proliferation,true,true,true
55,84,Proliferation,true,false,true
66,64,Proliferation,true,false,false
73,95,Proliferation,true,false,true
54,59,Proliferation,true,true,false
46,58,Growth_Arrest,false,false,false
89,51,Proliferation,true,true,false
84,102,Proliferation,true,true,false
105,68,Growth_Arrest,false,true,true
62,107,Proliferation,true,false,true
74,76,Proliferation,true,true,false
45,61,Proliferation,true,false,false
70,99,Proliferation,true,false,true
83,55,Proliferation,true,false,false
81,74,Growth_Arrest,false,true,false
60,94,Proliferation,true,true,true
77,58,Proliferation,true,true,true
50,81,Growth_Arrest,false,false,true
84,46,Proliferation,true,false,true
92,54,Proliferation,true,false,false
99,66,Proliferation,true,true,false
62,71,Proliferation,true,true,true
64,104,Proliferation,true,false,true
70,80,Growth_Arrest,false,true,false
70,69,Proliferation,true,false,false
90,72,Proliferation,true,false,false
46,71,Growth_Arrest,false,true,false
67,92,Proliferation,true,true,false
47,53,Growth_Arrest,false,false,false
55,71,Proliferation,true,true,false
55,65,Growth_Arrest,false,true,false
68,59,Proliferation,true,true,true
102,82,Proliferation,true,true,false
63,80,Growth_Arrest,false,true,true
64,72,Proliferation,true,false,false
53,73,Growth_Arrest,false,true,false
90,77,Growth_Arrest,false,false,false
54,49,Growth_Arrest,false,true,true
83,92,Growth_Arrest,false,false,true
59,89,Proliferation,true,false,false
96,91,Proliferation,true,false,true
86,55,Proliferation,true,true,true
41,68,Growth_Arrest,false,true,false
59,96,Proliferation,true,false,false
59,48,Proliferation,true,false,false
84,81,Proliferation,true,false,false
62,96,Proliferation,true,false,true
73,78,Growth_Arrest,false,false,false
96,78,Proliferation,true,false,false
100,95,Proliferation,true,true,false
67,108,Proliferation,true,false,false
78,40,Proliferation,true,true,false
43,85,Proliferation,true,true,true
78,90,Proliferation,true,true,false
107,70,Proliferation,true,true,false
56,101,Growth_Arrest,false,true,true
88,91,Growth_Arrest,false,false,false
42,78,Growth_Arrest,false,false,true
54,48,Proliferation,true,true,true
92,56,Growth_Arrest,false,false,true
64,55,Growth_Arrest,false,false,true
87,94,Growth_Arrest,false,true,false
94,99,Growth_Arrest,false,false,true
107,81,Proliferation,true,true,true
69,74,Proliferation,true,true,false
69,89,Growth_Arrest,false,true,true
86,45,Proliferation,true,false,false
77,57,Proliferation,true,true,true
56,91,Proliferation,true,false,false
47,59,Proliferation,true,false,false
82,49,Growth_Arrest,false,false,true
69,94,Proliferation,true,true,false
71,65,Proliferation,true,false,true
67,69,Growth_Arrest,false,false,false
72,86,Proliferation,true,false,true
70,102,Proliferation,true,false,false
54,86,Growth_Arrest,false,true,true
58,84,Growth_Arrest,false,true,false
94,57,Proliferation,true,false,true
60,70,Proliferation,true,true,false
82,80,Proliferation,true,false,false
92,55,Growth_Arrest,false,true,false
101,75,Proliferation,true,true,true
58,85,Proliferation,true,false,true
51,77,Growth_Arrest,false,false,false
100,78,Proliferation,true,true,false
77,88,Proliferation,true,true,false
65,104,Proliferation,true,false,true
50,99,Proliferation,true,true,true
88,56,Growth_Arrest,false,true,false
105,62,Proliferation,true,false,false
101,58,Proliferation,true,false,false
66,82,Proliferation,true,true,false
96,86,Proliferation,true,true,false
108,73,Growth_Arrest,false,false,false
86,59,Proliferation,true,true,false
52,65,Proliferation,true,false,false
96,70,Proliferation,true,false,false
64,50,Growth_Arrest,false,true,true
88,107,Proliferation,true,true,false
71,89,Proliferation,true,true,true
78,66,Growth_Arrest,false,true,false
70,91,Proliferation,true,true,true
67,64,Growth_Arrest,false,false,false
100,77,Proliferation,true,true,false
107,63,Growth_Arrest,false,false,false
41,64,Growth_Arrest,false,false,false
85,41,Proliferation,true,true,true
90,49,Proliferation,true,false,false
43,69,Proliferation,true,false,false
107,79,Growth_Arrest,false,true,false
62,77,Proliferation,true,true,true
75,53,Growth_Arrest,false,true,true
86,79,Proliferation,true,true,true
53,99,Proliferation,true,false,true
102,74,Growth_Arrest,false,true,true
46,78,Proliferation,true,true,false
60,72,Proliferation,true,false,false
94,82,Growth_Arrest,false,true,true
52,81,Proliferation,true,false,false
96,94,Growth_Arrest,false,true,false
97,101,Growth_Arrest,false,true,false
91,101,Growth_Arrest,false,false,true
96,51,Growth_Arrest,false,true,true
64,59,Proliferation,true,false,false
103,87,Proliferation,true,false,false
43,76,Proliferation,true,false,false
54,80,Growth_Arrest,false,true,true
99,95,Proliferation,true,true,false
84,63,Proliferation,true,true,true
70,82,Proliferation,true,false,false
109,83,Growth_Arrest,false,false,false
55,61,Growth_Arrest,false,true,false
55,67,Proliferation,true,true,false
62,84,Proliferation,true,true,false
80,98,Growth_Arrest,false,false,false
87,84,Proliferation,true,false,true
54,92,Proliferation,true,false,false
86,46,Proliferation,true,true,false
62,73,Proliferation,true,false,false
81,65,Growth_Arrest,false,false,true
60,51,Proliferation,true,false,false
71,66,Proliferation,true,false,false
54,98,Proliferation,true,false,false
84,107,Growth_Arrest,false,false,false
100,61,Growth_Arrest,false,true,false
90,88,Proliferation,true,true,true
96,53,Proliferation,true,true,true
94,92,Proliferation,true,true,false
56,98,Proliferation,true,true,false
84,50,Proliferation,true,true,false
40,68,Growth_Arrest,false,true,false
74,105,Growth_Arrest,false,true,false
110,77,Proliferation,true,false,true
86,86,Proliferation,true,false,false
102,93,Growth_Arrest,false,false,true
89,93,Proliferation,true,false,true
51,58,Proliferation,true,false,false
90,106,Proliferation,true,false,true
92,73,Proliferation,true,false,false
70,83,Growth_Arrest,false,true,true
79,54,Proliferation,true,false,false
94,65,Growth_Arrest,false,true,true
95,52,Growth_Arrest,false,false,true
74,93,Growth_Arrest,false,false,true
51,68,Proliferation,true,false,false
67,76,Proliferation,true,true,true
104,94,Proliferation,true,true,false
100,91,Proliferation,true,true,false
72,78,Proliferation,true,true,false
87,74,Proliferation,true,true,true
78,97,Proliferation,true,false,false
80,40,Proliferation,true,false,true
91,44,Proliferation,true,false,true
70,105,Growth_Arrest,false,true,false
86,69,Growth_Arrest,false,true,true
106,79,Proliferation,true,false,true
74,70,Proliferation,true,true,false
105,65,Proliferation,true,false,false
48,79,Proliferation,true,true,false
76,50,Proliferation,true,true,false
47,72,Growth_Arrest,false,true,true
91,70,Proliferation,true,false,false
70,93,Growth_Arrest,false,true,true
49,70,Proliferation,true,false,true
46,86,Proliferation,true,false,false
64,97,Growth_Arrest,false,false,false
87,77,Proliferation,true,true,false
72,41,Proliferation,true,false,true
69,61,Proliferation,true,true,false
63,79,Growth_Arrest,false,false,true
100,83,Growth_Arrest,false,false,false
78,45,Proliferation,true,false,true
40,70,Proliferation,true,false,true
83,56,Growth_Arrest,false,true,true
44,85,Proliferation,true,false,false
85,90,Growth_Arrest,false,true,true
101,77,Proliferation,true,true,true
86,48,Proliferation,true,false,true
57,103,Proliferation,true,true,true
52,74,Proliferation,true,false,false
78,60,Proliferation,true,true,false
76,49,Proliferation,true,true,false
86,47,Proliferation,true,true,false
78,62,Proliferation,true,true,false
65,90,Growth_Arrest,false,true,true
61,58,Growth_Arrest,false,true,false
58,49,Proliferation,true,true,false
65,61,Proliferation,true,false,false
71,76,Proliferation,true,false,true
62,54,Proliferation,true,false,true
55,48,Proliferation,true,true,true
57,68,Growth_Arrest,false,false,false
94,48,Proliferation,true,true,true
57,85,Proliferation,true,false,false
89,78,Growth_Arrest,false,false,false
102,96,Proliferation,true,false,false
69,78,Growth_Arrest,false,false,false
83,98,Growth_Arrest,false,true,false
82,44,Proliferation,true,false,true
56,93,Growth_Arrest,false,true,false
63,71,Proliferation,true,false,false
62,82,Proliferation,true,false,false
41,71,Proliferation,true,true,true
56,94,Proliferation,true,true,false
44,59,Proliferation,true,true,false
62,80,Proliferation,true,true,false
52,62,Proliferation,true,true,true
66,73,Growth_Arrest,false,false,true
76,107,Growth_Arrest,false,false,false
67,61,Proliferation,true,true,false
55,58,Growth_Arrest,false,false,true
82,99,Proliferation,true,true,true
73,79,Proliferation,true,true,false
64,77,Proliferation,true,false,true
82,98,Growth_Arrest,false,false,true
98,94,Growth_Arrest,false,false,false
84,66,Proliferation,true,true,false
101,67,Proliferation,true,false,true
57,76,Proliferation,true,true,false
53,53,Proliferation,true,false,true
52,56,Proliferation,true,true,true
66,72,Growth_Arrest,false,true,false
83,67,Growth_Arrest,false,true,false
43,87,Proliferation,true,true,true
64,94,Proliferation,true,true,false
86,43,Proliferation,true,true,false
80,100,Growth_Arrest,false,false,false
87,79,Proliferation,true,true,true
72,81,Proliferation,true,false,false
60,52,Growth_Arrest,false,true,true
62,52,Growth_Arrest,false,true,true
87,103,Proliferation,true,true,true
82,107,Proliferation,true,false,true
100,53,Proliferation,true,true,true
82,83,Proliferation,true,true,true
65,49,Proliferation,true,false,true
69,64,Proliferation,true,true,false
98,50,Growth_Arrest,false,true,true
103,77,Growth_Arrest,false,true,true
59,70,Proliferation,true,true,false
65,55,Proliferation,true,true,false
82,67,Proliferation,true,true,false
45,87,Growth_Arrest,false,true,true
77,67,Growth_Arrest,false,false,true
76,92,Proliferation,true,true,false
79,41,Growth_Arrest,false,false,false
46,81,Proliferation,true,false,true
99,93,Growth_Arrest,false,true,false
70,96,Proliferation,true,false,true
75,103,Proliferation,true,false,true
85,95,Proliferation,true,true,true
64,88,Proliferation,true,true,false
58,99,Proliferation,true,true,false
110,72,Growth_Arrest,false,true,false
77,91,Growth_Arrest,false,false,true
83,97,Growth_Arrest,false,true,false
84,91,Proliferation,true,false,false
77,77,Proliferation,true,false,false
90,62,Proliferation,true,false,false
59,94,Growth_Arrest,false,true,true
90,57,Growth_Arrest,false,false,false
58,48,Growth_Arrest,false,false,false
100,56,Proliferation,true,false,false
69,76,Proliferation,true,true,false
75,68,Proliferation,true,true,false
47,93,Proliferation,true,false,false
50,87,Proliferation,true,true,true
90,75,Proliferation,true,false,false
74,85,Growth_Arrest,false,true,false
77,108,Proliferation,true,true,false
66,60,Proliferation,true,false,false
91,72,Proliferation,true,true,false
87,70,Growth_Arrest,false,true,false
70,57,Proliferation,true,true,false
106,61,Growth_Arrest,false,true,false
65,53,Proliferation,true,true,false
99,86,Growth_Arrest,false,true,false
106,91,Proliferation,true,false,false
84,44,Growth_Arrest,false,true,true
76,105,Proliferation,true,false,false
92,77,Proliferation,true,true,false
62,61,Proliferation,true,true,false
63,55,Proliferation,true,false,false
67,71,Proliferation,true,false,true
94,59,Proliferation,true,true,false
74,78,Proliferation,true,true,false
52,59,Proliferation,true,false,true
70,41,Proliferation,true,false,true
82,40,Proliferation,true,true,false
52,52,Growth_Arrest,false,true,false
75,51,Proliferation,true,true,true
89,79,Proliferation,true,false,false
74,57,Proliferation,true,true,false
92,89,Growth_Arrest,false,true,true
81,82,Proliferation,true,true,false
90,93,Proliferation,true,false,false
89,64,Proliferation,true,true,true
97,85,Proliferation,true,true,true
59,63,Proliferation,true,true,false
55,56,Growth_Arrest,false,true,false
106,90,Proliferation,true,true,false
60,65,Proliferation,true,true,false
88,68,Proliferation,true,true,true
106,68,Growth_Arrest,false,true,false
107,76,Proliferation,true,true,true
83,108,Proliferation,true,true,true
74,107,Proliferation,true,false,false
54,71,Proliferation,true,true,true
101,63,Proliferation,true,false,true
70,45,Proliferation,true,false,true
102,95,Proliferation,true,true,true
80,79,Growth_Arrest,false,false,true
75,72,Proliferation,true,false,true
55,73,Proliferation,true,false,true
61,106,Growth_Arrest,false,true,false
50,68,Proliferation,true,false,true
71,93,Growth_Arrest,false,true,false
85,57,Proliferation,true,true,true
93,98,Proliferation,true,true,true
74,77,Proliferation,true,false,true
60,53,Growth_Arrest,false,true,true
52,97,Growth_Arrest,false,true,false
50,61,Growth_Arrest,false,false,false
57,66,Proliferation,true,true,true
89,84,Proliferation,true,true,false
84,53,Proliferation,true,false,true
94,63,Growth_Arrest,false,false,true
53,97,Growth_Arrest,false,true,false
97,59,Growth_Arrest,false,false,true
73,72,Growth_Arrest,false,false,true
50,89,Growth_Arrest,false,false,false
109,78,Proliferation,true,false,true
81,93,Proliferation,true,true,false
70,42,Growth_Arrest,false,false,true
97,47,Proliferation,true,true,true
94,66,Growth_Arrest,false,false,true
70,70,Growth_Arrest,false,false,false
57,73,Growth_Arrest,false,true,true
56,45,Proliferation,true,false,false
67,96,Proliferation,true,false,false
74,59,Growth_Arrest,false,false,true
66,65,Proliferation,true,false,false
83,54,Growth_Arrest,false,true,false
99,87,Proliferation,true,false,true
68,105,Proliferation,true,false,true
80,72,Growth_Arrest,false,true,false
73,46,Proliferation,true,true,false
75,73,Proliferation,true,false,true
72,48,Proliferation,true,false,true
98,56,Proliferation,true,true,false
87,86,Growth_Arrest,false,false,false
102,61,Proliferation,true,false,false
99,74,Growth_Arrest,false,true,true
87,92,Proliferation,true,true,false
77,56,Proliferation,true,true,false
83,41,Growth_Arrest,false,true,true
105,82,Proliferation,true,false,false
89,74,Proliferation,true,false,true
54,90,Growth_Arrest,false,true,true
51,90,Proliferation,true,false,false
62,60,Proliferation,true,false,true
54,94,Proliferation,true,true,true
51,97,Growth_Arrest,false,false,false
84,89,Proliferation,true,false,true
79,84,Proliferation,true,true,false
61,60,Proliferation,true,false,true
97,76,Proliferation,true,false,false
61,68,Proliferation,true,false,true
82,89,Proliferation,true,false,false
75,104,Proliferation,true,true,false
69,50,Proliferation,true,true,false
46,83,Growth_Arrest,false,true,true
57,98,Growth_Arrest,false,true,true
70,49,Growth_Arrest,false,true,false
68,106,Proliferation,true,false,true
46,88,Proliferation,true,true,true
100,70,Proliferation,true,true,false
101,76,Proliferation,true,true,true
85,106,Growth_Arrest,false,true,false
69,81,Proliferation,true,false,true
108,81,Growth_Arrest,false,false,false
57,81,Proliferation,true,true,false
74,63,Proliferation,true,false,false
65,105,Proliferation,true,false,false
41,65,Proliferation,true,false,true
50,51,Proliferation,true,true,true
69,77,Growth_Arrest,false,true,true
79,69,Growth_Arrest,false,true,false
83,77,Proliferation,true,false,false
77,60,Proliferation,true,true,false
66,94,Proliferation,true,true,true
103,60,Growth_Arrest,false,false,false
62,65,Proliferation,true,false,true
86,74,Proliferation,true,false,false
79,40,Proliferation,true,false,true
86,64,Proliferation,true,true,true
63,98,Proliferation,true,true,true
86,81,Proliferation,true,false,false
100,75,Proliferation,true,true,false
77,70,Growth_Arrest,false,false,false
89,80,Proliferation,true,false,true
80,46,Proliferation,true,false,false
89,105,Proliferation,true,false,false
70,52,Growth_Arrest,false,false,false
94,49,Growth_Arrest,false,true,false
68,100,Proliferation,true,true,true
87,44,Proliferation,true,true,false
83,45,Growth_Arrest,false,false,true
70,62,Growth_Arrest,false,true,true
93,72,Growth_Arrest,false,false,false
88,84,Proliferation,true,true,false
64,49,Proliferation,true,false,true
56,54,Growth_Arrest,false,true,false
74,68,Growth_Arrest,false,true,false
77,76,Growth_Arrest,false,true,true
56,46,Growth_Arrest,false,false,false
49,67,Proliferation,true,false,true
47,76,Proliferation,true,false,false
101,70,Growth_Arrest,false,false,true
79,105,Growth_Arrest,false,true,true
52,48,Proliferation,true,true,true
51,49,Proliferation,true,true,true
98,93,Growth_Arrest,false,true,false
95,55,Proliferation,true,true,false
87,55,Growth_Arrest,false,true,true
72,73,Proliferation,true,false,true
82,63,Growth_Arrest,false,true,false
60,60,Proliferation,true,true,false
79,99,Proliferation,true,false,true
72,110,Proliferation,true,false,false
79,81,Growth_Arrest,false,true,true
92,76,Proliferation,true,false,false
83,109,Proliferation,true,true,true
65,77,Proliferation,true,false,false
87,100,Proliferation,true,true,true
56,89,Proliferation,true,false,true
57,78,Proliferation,true,false,false
75,52,Proliferation,true,false,false
77,59,Proliferation,true,true,true
61,78,Growth_Arrest,false,true,true
102,68,Proliferation,true,true,false
93,87,Growth_Arrest,false,true,true
41,78,Proliferation,true,true,true
79,92,Proliferation,true,false,true
50,60,Proliferation,true,true,true
87,104,Proliferation,true,true,true
77,47,Proliferation,true,false,true
105,83,Growth_Arrest,false,false,false
78,49,Proliferation,true,true,true
49,77,Proliferation,true,true,true
47,55,Proliferation,true,true,true
104,59,Proliferation,true,true,false
69,62,Proliferation,true,true,false
68,57,Proliferation,true,false,false
54,70,Growth_Arrest,false,true,false
45,92,Proliferation,true,false,false
101,98,Proliferation,true,true,false
97,62,Proliferation,true,true,false
56,102,Proliferation,true,false,true
73,82,Growth_Arrest,false,true,false
75,78,Proliferation,true,true,false
76,76,Proliferation,true,false,false
68,62,Proliferation,true,false,false
53,71,Proliferation,true,false,false
79,102,Proliferation,true,true,false
95,65,Proliferation,true,true,true
72,100,Proliferation,true,false,true
44,56,Proliferation,true,false,true
87,95,Growth_Arrest,false,false,false
53,67,Proliferation,true,false,false
55,79,Growth_Arrest,false,true,false
98,65,Growth_Arrest,false,false,false
82,97,Proliferation,true,false,true
67,55,Proliferation,true,false,false
45,70,Proliferation,true,true,true
104,89,Proliferation,true,false,false
104,92,Growth_Arrest,false,true,true
72,64,Growth_Arrest,false,true,false
87,52,Proliferation,true,false,false
81,80,Proliferation,true,false,false
61,63,Growth_Arrest,false,true,false
70,64,Proliferation,true,true,false
86,107,Proliferation,true,false,false
60,64,Proliferation,true,true,true
88,50,Proliferation,true,true,true
64,84,Proliferation,true,false,true
84,70,Growth_Arrest,false,true,true
68,101,Proliferation,true,false,false
81,83,Growth_Arrest,false,true,false
101,54,Growth_Arrest,false,false,false
48,78,Proliferation,true,true,true
64,54,Proliferation,true,false,false
89,82,Growth_Arrest,false,true,true
70,109,Proliferation,true,false,false
62,45,Proliferation,true,false,true
96,77,Proliferation,true,true,false
85,61,Growth_Arrest,false,true,true
51,75,Proliferation,true,false,false
83,60,Proliferation,true,false,false
75,82,Proliferation,true,true,false
89,46,Proliferation,true,false,true
91,55,Proliferation,true,false,false
53,83,Growth_Arrest,false,false,false
87,42,Proliferation,true,true,false
70,76,Growth_Arrest,false,false,true
65,76,Proliferation,true,false,false
52,85,Proliferation,true,true,true
95,66,Proliferation,true,false,true
98,78,Proliferation,true,true,true
51,91,Growth_Arrest,false,true,false
58,102,Growth_Arrest,false,true,false
95,101,Proliferation,true,false,true
49,71,Proliferation,true,false,false
55,93,Proliferation,true,false,true
44,83,Growth_Arrest,false,true,true
44,72,Proliferation,true,true,false
57,105,Proliferation,true,true,false
53,81,Proliferation,true,false,false
71,84,Proliferation,true,true,false
90,67,Growth_Arrest,false,true,false
65,107,Proliferation,true,false,true
75,50,Proliferation,true,true,false
85,76,Growth_Arrest,false,false,true
77,41,Growth_Arrest,false,true,true
94,51,Proliferation,true,false,true
90,55,Proliferation,true,false,true
104,74,Growth_Arrest,false,false,false
39,71,Proliferation,true,true,true
92,64,Proliferation,true,true,false
81,55,Growth_Arrest,false,false,true
63,96,Growth_Arrest,false,true,false
75,62,Growth_Arrest,false,true,true
71,106,Growth_Arrest,false,false,true
55,46,Proliferation,true,true,true
54,50,Growth_Arrest,false,true,false
68,88,Growth_Arrest,false,false,false
84,47,Proliferation,true,true,true
87,75,Growth_Arrest,false,false,true
86,56,Proliferation,true,true,true
54,102,Proliferation,true,true,true
77,86,Proliferation,true,false,false
63,73,Proliferation,true,true,true
73,61,Proliferation,true,false,true
63,52,Growth_Arrest,false,true,false
54,82,Growth_Arrest,false,true,true
65,63,Proliferation,true,false,true
84,56,Proliferation,true,false,false
55,82,Proliferation,true,false,true
51,53,Proliferation,true,false,true
58,61,Proliferation,true,true,false
100,99,Proliferation,true,true,false
94,80,Growth_Arrest,false,true,false
99,83,Proliferation,true,false,true
64,57,Proliferation,true,false,false
84,82,Proliferation,true,false,true
81,43,Proliferation,true,false,false
72,46,Proliferation,true,false,true
49,69,Proliferation,true,false,false
71,98,Proliferation,true,true,true
70,51,Growth_Arrest,false,true,false
87,93,Proliferation,true,false,false
64,62,Proliferation,true,false,false
103,73,Proliferation,true,false,false
71,43,Proliferation,true,true,true
84,78,Growth_Arrest,false,false,true
54,76,Proliferation,true,false,false
56,100,Proliferation,true,true,true
45,71,Proliferation,true,false,true
91,93,Proliferation,true,true,true
73,86,Growth_Arrest,false,true,false
73,76,Proliferation,true,false,false
70,56,Proliferation,true,true,false
61,53,Proliferation,true,false,true
89,60,Proliferation,true,true,true
57,50,Proliferation,true,true,true
101,56,Growth_Arrest,false,false,false
79,79,Proliferation,true,false,false
103,68,Proliferation,true,true,false
87,58,Proliferation,true,true,false
67,58,Growth_Arrest,false,true,false
71,78,Growth_Arrest,false,true,false
64,61,Proliferation,true,false,true
88,80,Proliferation,true,true,true
103,93,Proliferation,true,true,false
41,66,Growth_Arrest,false,false,false
59,73,Proliferation,true,false,true
53,84,Proliferation,true,true,false
53,57,Growth_Arrest,false,false,true
73,89,Growth_Arrest,false,true,false
65,85,Growth_Arrest,false,false,true
95,93,Proliferation,true,true,true
60,73,Proliferation,true,false,true
45,56,Proliferation,true,false,true
78,75,Growth_Arrest,false,false,true
73,53,Proliferation,true,true,false
107,75,Proliferation,true,false,false
66,54,Growth_Arrest,false,false,false
66,102,Proliferation,true,true,false
62,44,Proliferation,true,false,false
79,75,Proliferation,true,false,false
98,71,Proliferation,true,true,true
80,83,Proliferation,true,false,false
79,90,Growth_Arrest,false,false,false
49,62,Proliferation,true,false,false
101,69,Proliferation,true,true,true
106,88,Proliferation,true,false,false
49,93,Proliferation,true,false,false
81,50,Growth_Arrest,false,false,true
69,54,Proliferation,true,false,false
81,54,Proliferation,true,false,true
94,62,Proliferation,true,true,false
72,59,Proliferation,true,false,false
62,103,Growth_Arrest,false,false,false
88,93,Growth_Arrest,false,false,true
51,55,Growth_Arrest,false,true,false
79,82,Growth_Arrest,false,true,true
103,64,Proliferation,true,false,true
48,64,Proliferation,true,false,false
58,76,Proliferation,true,false,true
89,75,Growth_Arrest,false,true,true
43,89,Proliferation,true,true,true
88,51,Growth_Arrest,false,false,false
96,64,Growth_Arrest,false,false,true
86,90,Proliferation,true,true,true
82,54,Proliferation,true,false,false
68,104,Proliferation,true,true,false
94,61,Proliferation,true,true,true
49,85,Growth_Arrest,false,false,false
76,82,Growth_Arrest,false,true,true
77,80,Growth_Arrest,false,true,true
99,78,Proliferation,true,true,false
56,63,Growth_Arrest,false,true,true
109,74,Proliferation,true,true,false
54,75,Proliferation,true,false,true
96,72,Proliferation,true,false,false
51,52,Proliferation,true,false,false
96,81,Proliferation,true,true,false
49,60,Proliferation,true,false,true
57,77,Proliferation,true,true,true
105,59,Proliferation,true,true,false
97,70,Proliferation,true,true,false
76,59,Proliferation,true,true,true
41,77,Proliferation,true,false,true
53,82,Growth_Arrest,false,false,false
80,82,Proliferation,true,false,true
84,60,Proliferation,true,true,false
59,46,Proliferation,true,false,false
67,101,Proliferation,true,false,true
93,73,Proliferation,true,false,false
59,66,Growth_Arrest,false,true,true
48,65,Proliferation,true,false,true
43,64,Proliferation,true,true,true
93,58,Growth_Arrest,false,true,true
98,86,Proliferation,true,false,true
94,103,Proliferation,true,false,false
71,50,Proliferation,true,true,true
47,94,Proliferation,true,true,false
78,105,Proliferation,true,false,false
68,63,Proliferation,true,false,true
87,45,Growth_Arrest,false,true,true
52,51,Proliferation,true,true,true
84,61,Proliferation,true,true,true
81,60,Proliferation,true,false,true
91,53,Proliferation,true,true,false
66,78,Proliferation,true,true,false
45,65,Growth_Arrest,false,false,false
80,99,Growth_Arrest,false,true,true
68,67,Proliferation,true,true,true
66,92,Proliferation,true,true,false
55,49,Proliferation,true,true,true
44,87,Proliferation,true,false,false
51,82,Proliferation,true,true,false
70,85,Proliferation,true,false,false
94,102,Proliferation,true,false,false
101,71,Growth_Arrest,false,true,true
88,67,Proliferation,true,true,false
85,101,Proliferation,true,false,true
45,57,Growth_Arrest,false,true,false
52,58,Proliferation,true,true,true
63,104,Proliferation,true,true,false
51,70,Proliferation,true,false,true
56,50,Proliferation,true,true,false
49,56,Proliferation,true,true,false
88,85,Proliferation,true,false,false
98,79,Proliferation,true,false,true
75,93,Proliferation,true,true,true
67,67,Proliferation,true,false,false
43,88,Growth_Arrest,false,true,false
99,92,Proliferation,true,false,false
97,77,Proliferation,true,true,true
108,80,Proliferation,true,true,false
92,60,Growth_Arrest,false,false,true
100,96,Proliferation,true,true,true
77,94,Growth_Arrest,false,false,true
88,48,Proliferation,true,false,false
91,46,Growth_Arrest,false,true,false
75,101,Growth_Arrest,false,false,true
59,99,Proliferation,true,false,false
61,104,Proliferation,true,false,true
86,51,Growth_Arrest,false,true,false
43,59,Proliferation,true,true,true
43,82,Proliferation,true,true,false
97,68,Proliferation,true,false,false
64,98,Growth_Arrest,false,true,true
99,54,Proliferation,true,true,true
46,73,Proliferation,true,true,true
58,94,Proliferation,true,true,true
95,69,Proliferation,true,false,true
59,54,Proliferation,true,false,false
84,73,Proliferation,true,false,true
82,87,Proliferation,true,true,true
101,74,Proliferation,true,true,true
74,79,Proliferation,true,true,false
78,103,Proliferation,true,false,true
68,41,Growth_Arrest,false,false,false
96,60,Proliferation,true,false,true
50,65,Growth_Arrest,false,true,false
61,42,Growth_Arrest,false,false,false
72,60,Proliferation,true,false,true
73,50,Growth_Arrest,false,false,false
97,48,Proliferation,true,false,true
57,55,Proliferation,true,true,false
60,81,Proliferation,true,false,true
75,97,Proliferation,true,false,false
74,96,Proliferation,true,true,false
95,68,Proliferation,true,true,true
95,51,Growth_Arrest,false,true,false
61,97,Proliferation,true,true,false
92,99,Growth_Arrest,false,true,false
96,55,Growth_Arrest,false,false,true
53,75,Proliferation,true,true,true
44,63,Proliferation,true,true,true
61,103,Proliferation,true,false,true
75,95,Proliferation,true,true,false
51,56,Proliferation,true,false,false
54,84,Growth_Arrest,false,true,true
93,47,Proliferation,true,true,false
98,82,Growth_Arrest,false,true,false
100,88,Growth_Arrest,false,true,false
42,65,Proliferation,true,false,true
90,79,Proliferation,true,true,true
92,75,Proliferation,true,true,false
107,74,Proliferation,true,true,true
64,96,Proliferation,true,true,false
56,59,Proliferation,true,true,true
92,84,Proliferation,true,false,true
85,92,Growth_Arrest,false,false,true
103,85,Growth_Arrest,false,true,false
80,75,Proliferation,true,false,true
53,89,Proliferation,true,true,true
83,59,Proliferation,true,false,true
65,91,Proliferation,true,true,true
51,65,Proliferation,true,true,false
83,81,Growth_Arrest,false,false,false
107,80,Proliferation,true,true,false
60,103,Proliferation,true,false,true
59,79,Growth_Arrest,false,false,false
96,99,Growth_Arrest,false,true,true
77,110,Growth_Arrest,false,true,true
94,54,Growth_Arrest,false,true,false
57,56,Proliferation,true,false,true
60,48,Proliferation,true,true,false
67,73,Growth_Arrest,false,false,false
46,60,Growth_Arrest,false,true,false
100,66,Proliferation,true,true,false
72,103,Proliferation,true,false,false
92,66,Growth_Arrest,false,false,true
58,59,Growth_Arrest,false,true,false
94,91,Proliferation,true,false,false
73,56,Proliferation,true,false,true
46,76,Growth_Arrest,false,true,true
73,104,Proliferation,true,true,false
60,55,Growth_Arrest,false,false,true
68,47,Proliferation,true,false,true
44,81,Growth_Arrest,false,true,false
40,83,Proliferation,true,true,true
100,58,Proliferation,true,true,true
77,46,Growth_Arrest,false,true,false
62,68,Proliferation,true,true,true
82,64,Proliferation,true,true,true
102,90,Proliferation,true,false,false
72,58,Growth_Arrest,false,false,true
66,85,Growth_Arrest,false,true,false
78,72,Proliferation,true,false,true
72,92,Growth_Arrest,false,false,true
69,70,Growth_Arrest,false,false,false
90,74,Proliferation,true,true,true
58,77,Growth_Arrest,false,true,true
45,74,Proliferation,true,false,false
76,100,Proliferation,true,false,false
79,85,Proliferation,true,true,false
49,82,Proliferation,true,false,true
95,77,Proliferation,true,false,true
95,80,Growth_Arrest,false,false,true
77,43,Proliferation,true,false,true
55,74,Proliferation,true,true,true
83,104,Proliferation,true,true,false
81,57,Proliferation,true,false,true
77,100,Proliferation,true,false,true
69,86,Proliferation,true,false,true
49,54,Proliferation,true,false,true
65,78,Proliferation,true,true,false
91,81,Proliferation,true,false,true
104,64,Growth_Arrest,false,false,true
82,72,Proliferation,true,false,false
67,105,Growth_Arrest,false,false,true
60,106,Proliferation,true,false,false
59,57,Proliferation,true,false,true
90,45,Growth_Arrest,false,true,false
93,46,Proliferation,true,false,true
59,67,Growth_Arrest,false,true,false
46,79,Proliferation,true,false,true
83,94,Proliferation,true,true,true
110,76,Growth_Arrest,false,false,true
99,55,Growth_Arrest,false,false,false
53,47,Proliferation,true,false,false
81,96,Proliferation,true,false,false
108,78,Growth_Arrest,false,true,false
44,65,Proliferation,true,false,false
87,59,Proliferation,true,true,false
102,83,Growth_Arrest,false,false,true
108,77,Growth_Arrest,false,true,true
68,79,Growth_Arrest,false,true,true
103,58,Proliferation,true,true,true
66,53,Proliferation,true,false,false
67,48,Proliferation,true,false,true
68,66,Proliferation,true,true,false
74,42,Growth_Arrest,false,true,true
103,63,Growth_Arrest,false,true,true
104,81,Proliferation,true,true,false
89,106,Proliferation,true,false,true
69,97,Proliferation,true,true,false
77,42,Proliferation,true,false,false
61,84,Growth_Arrest,false,false,false
93,82,Proliferation,true,true,false
67,79,Proliferation,true,false,false
58,81,Proliferation,true,true,true
63,84,Growth_Arrest,false,false,false
76,85,Proliferation,true,true,false
90,90,Proliferation,true,false,true
62,57,Growth_Arrest,false,false,true
51,92,Proliferation,true,true,true
79,66,Proliferation,true,false,true
55,81,Growth_Arrest,false,false,true
82,84,Proliferation,true,false,true
63,56,Proliferation,true,false,false
103,57,Proliferation,true,true,true
108,68,Growth_Arrest,false,false,true
68,50,Proliferation,true,false,true
91,105,Proliferation,true,false,true
75,94,Proliferation,true,false,false
88,60,Growth_Arrest,false,false,true
95,70,Proliferation,true,false,true
68,77,Proliferation,true,true,false
103,54,Proliferation,true,true,false
47,60,Proliferation,true,true,false
99,79,Growth_Arrest,false,true,false
68,61,Proliferation,true,false,false
53,101,Proliferation,true,false,false
95,97,Proliferation,true,false,true
91,79,Growth_Arrest,false,false,true
85,52,Proliferation,true,false,false
89,63,Proliferation,true,false,true
95,54,Growth_Arrest,false,false,false
69,88,Growth_Arrest,false,false,true
79,74,Proliferation,true,false,false
45,81,Proliferation,true,false,false
81,101,Growth_Arrest,false,true,false
73,80,Proliferation,true,false,false
102,59,Proliferation,true,true,true
103,72,Proliferation,true,true,false
65,99,Proliferation,true,true,false
75,80,Proliferation,true,true,false
59,76,Proliferation,true,false,true
60,99,Growth_Arrest,false,false,false
55,72,Growth_Arrest,false,false,true
95,100,Proliferation,true,false,true
80,74,Proliferation,true,true,true
73,51,Proliferation,true,false,true
66,76,Proliferation,true,true,false
76,52,Proliferation,true,false,true
85,81,Growth_Arrest,false,true,true
65,54,Proliferation,true,true,true
98,62,Proliferation,true,false,true
80,103,Proliferation,true,false,true
53,68,Proliferation,true,true,true
61,55,Proliferation,true,true,false
97,60,Proliferation,true,true,true
69,102,Proliferation,true,true,true
73,57,Proliferation,true,false,false
67,75,Proliferation,true,true,true
100,97,Growth_Arrest,false,false,true
64,107,Proliferation,true,false,false
61,87,Proliferation,true,false,false
65,94,Proliferation,true,false,true
54,83,Proliferation,true,false,true
101,82,Proliferation,true,false,false
105,79,Growth_Arrest,false,false,true
71,77,Growth_Arrest,false,true,true
43,70,Growth_Arrest,false,true,false
68,64,Proliferation,true,false,false
60,69,Growth_Arrest,false,true,true
95,76,Growth_Arrest,false,false,true
87,88,Proliferation,true,false,false
89,42,Growth_Arrest,false,false,false
59,103,Proliferation,true,false,false
75,56,Proliferation,true,false,true
93,101,Growth_Arrest,false,true,true
73,44,Proliferation,true,true,true
72,47,Proliferation,true,true,false
99,82,Proliferation,true,false,false
85,82,Proliferation,true,true,false
65,108,Proliferation,true,false,true
88,44,Proliferation,true,false,false
102,73,Growth_Arrest,false,true,false
96,67,Proliferation,true,true,false
84,52,Growth_Arrest,false,false,false
59,75,Proliferation,true,true,true
89,68,Proliferation,true,true,true
75,91,Proliferation,true,false,true
61,98,Proliferation,true,false,false
90,69,Proliferation,true,true,true
92,92,Proliferation,true,true,false
70,89,Proliferation,true,false,false
89,103,Proliferation,true,true,true
58,65,Growth_Arrest,false,true,false
60,95,Proliferation,true,true,false
88,63,Growth_Arrest,false,false,false
46,59,Proliferation,true,false,true
49,53,Proliferation,true,false,true
64,83,Proliferation,true,true,false
49,98,Growth_Arrest,false,false,true
59,101,Proliferation,true,false,true
56,88,Proliferation,true,true,true
71,90,Proliferation,true,true,false
95,84,Proliferation,true,false,true
102,72,Proliferation,true,false,false
93,94,Proliferation,true,false,false
74,86,Proliferation,true,false,true
70,106,Growth_Arrest,false,false,true
76,104,Proliferation,true,true,false
53,100,Proliferation,true,true,true
58,80,Growth_Arrest,false,false,true
39,78,Proliferation,true,true,true
82,100,Proliferation,true,false,false
104,88,Proliferation,true,false,false
81,77,Proliferation,true,true,false
66,69,Proliferation,true,true,false
56,61,Proliferation,true,false,false
77,101,Growth_Arrest,false,false,false
70,63,Proliferation,true,false,true
74,58,Proliferation,true,false,false
63,108,Proliferation,true,false,false
51,76,Proliferation,true,false,true
61,66,Proliferation,true,false,false
73,110,Proliferation,true,true,true
65,87,Growth_Arrest,false,false,false
49,81,Proliferation,true,true,true
90,97,Proliferation,true,true,true
46,68,Growth_Arrest,false,false,true
46,63,Proliferation,true,false,true
67,104,Proliferation,true,false,false
44,57,Growth_Arrest,false,true,false
69,53,Proliferation,true,true,true
61,91,Proliferation,true,false,false
60,83,Proliferation,true,false,false
52,99,Proliferation,true,true,false
51,71,Proliferation,true,false,false
50,57,Proliferation,true,false,false
55,68,Proliferation,true,true,false
91,68,Proliferation,true,false,false
87,57,Proliferation,true,true,false
64,46,Growth_Arrest,false,true,true
58,82,Growth_Arrest,false,true,false
86,103,Proliferation,true,false,true
58,68,Growth_Arrest,false,false,true
77,97,Growth_Arrest,false,false,true
80,61,Proliferation,true,true,true
102,91,Proliferation,true,true,false
84,106,Growth_Arrest,false,true,false
76,81,Proliferation,true,false,false
45,64,Proliferation,true,false,true
69,56,Proliferation,true,true,false
98,70,Growth_Arrest,false,false,false
107,82,Proliferation,true,true,true
58,78,Proliferation,true,true,true
101,90,Proliferation,true,true,true
108,85,Proliferation,true,false,true
101,91,Growth_Arrest,false,false,false
65,46,Proliferation,true,true,true
78,104,Growth_Arrest,false,false,false
65,47,Growth_Arrest,false,true,true
84,43,Proliferation,true,true,false
73,83,Growth_Arrest,false,false,true
90,53,Proliferation,true,false,false
90,50,Proliferation,true,true,false
73,60,Proliferation,true,true,true
57,99,Growth_Arrest,false,true,false
90,60,Growth_Arrest,false,false,true
73,81,Growth_Arrest,false,false,true
58,44,Proliferation,true,false,false
103,90,Proliferation,true,false,true
87,63,Growth_Arrest,false,true,false
70,54,Proliferation,true,true,true
62,102,Proliferation,true,false,true
79,76,Growth_Arrest,false,true,true
70,75,Proliferation,true,false,true
85,89,Proliferation,true,true,false
65,52,Proliferation,true,false,true
89,76,Proliferation,true,false,false
58,52,Proliferation,true,false,true
90,47,Growth_Arrest,false,true,false
102,80,Proliferation,true,true,true
95,82,Proliferation,true,true,true
78,98,Proliferation,true,true,true
49,76,Proliferation,true,true,false
92,93,Proliferation,true,false,false
101,51,Growth_Arrest,false,true,true
87,50,Growth_Arrest,false,true,false
78,100,Proliferation,true,true,true
75,102,Growth_Arrest,false,false,true
90,89,Growth_Arrest,false,false,false
49,84,Growth_Arrest,false,false,false
97,72,Proliferation,true,true,false
57,57,Proliferation,true,false,false
65,69,Proliferation,true,true,false
76,103,Proliferation,true,false,true
97,75,Growth_Arrest,false,false,true
90,81,Growth_Arrest,false,false,false
91,63,Proliferation,true,false,false
65,66,Proliferation,true,true,false
58,51,Proliferation,true,true,true
90,103,Growth_Arrest,false,false,true
71,63,Proliferation,true,false,false
63,43,Proliferation,true,true,false
106,78,Proliferation,true,false,true
86,85,Proliferation,true,true,true
78,87,Proliferation,true,true,true
95,59,Proliferation,true,true,false
101,87,Proliferation,true,true,true
60,54,Proliferation,true,false,false
102,97,Growth_Arrest,false,true,true
79,65,Proliferation,true,true,true
98,67,Proliferation,true,false,true
102,65,Growth_Arrest,false,false,true
81,94,Proliferation,true,false,false
71,68,Proliferation,true,false,true
58,93,Growth_Arrest,false,true,false
52,92,Growth_Arrest,false,false,false
90,61,Proliferation,true,false,false
69,60,Growth_Arrest,false,true,false
86,99,Proliferation,true,true,false
50,96,Proliferation,true,true,true
68,74,Proliferation,true,false,false
45,86,Proliferation,true,true,false
71,105,Growth_Arrest,false,false,false
101,97,Proliferation,true,true,true
85,45,Proliferation,true,false,true
97,80,Growth_Arrest,false,false,true
91,99,Proliferation,true,false,true
100,76,Proliferation,true,true,false
42,73,Growth_Arrest,false,true,false
56,83,Proliferation,true,false,true
109,81,Proliferation,true,false,false
82,103,Growth_Arrest,false,false,false
50,52,Proliferation,true,false,true
64,63,Proliferation,true,true,false
78,99,Proliferation,true,false,true
64,45,Proliferation,true,false,true
106,85,Proliferation,true,true,true
75,90,Proliferation,true,false,false
75,54,Proliferation,true,false,true
61,51,Proliferation,true,false,false
44,89,Proliferation,true,true,false
46,70,Proliferation,true,true,true
74,67,Growth_Arrest,false,true,false
88,96,Growth_Arrest,false,true,false
63,60,Proliferation,true,true,true
108,64,Proliferation,true,false,false
79,109,Growth_Arrest,false,true,true
54,95,Growth_Arrest,false,false,false
68,49,Proliferation,true,false,false
85,70,Proliferation,true,true,true
78,64,Growth_Arrest,false,false,true
84,92,Growth_Arrest,false,true,true
97,99,Proliferation,true,false,false
66,44,Growth_Arrest,false,false,true
72,79,Proliferation,true,false,false
82,50,Growth_Arrest,false,false,false
91,96,Proliferation,true,false,false
54,85,Growth_Arrest,false,true,true
98,73,Proliferation,true,false,false
82,105,Proliferation,true,true,true
57,54,Proliferation,true,false,false
95,61,Growth_Arrest,false,false,false
103,83,Proliferation,true,false,false
96,80,Proliferation,true,false,false
87,60,Proliferation,true,true,true
61,89,Proliferation,true,false,false
53,58,Proliferation,true,false,true
76,77,Proliferation,true,false,false
45,93,Proliferation,true,false,false
47,56,Growth_Arrest,false,true,false
50,76,Proliferation,true,false,true
67,46,Growth_Arrest,false,true,true
104,67,Proliferation,true,true,true
87,106,Proliferation,true,true,true
104,68,Proliferation,true,true,false
41,74,Growth_Arrest,false,true,true
48,59,Proliferation,true,true,false
71,73,Proliferation,true,false,false
65,68,Proliferation,true,true,false
97,81,Proliferation,true,false,true
52,54,Proliferation,true,true,true
74,46,Growth_Arrest,false,false,true
62,49,Growth_Arrest,false,false,true
44,91,Growth_Arrest,false,true,false
95,99,Proliferation,true,false,true
102,56,Proliferation,true,true,false
78,59,Growth_Arrest,false,false,false
102,85,Proliferation,true,false,false
79,101,Growth_Arrest,false,false,false
95,103,Proliferation,true,false,false
99,81,Proliferation,true,false,true
97,90,Proliferation,true,true,true
109,76,Proliferation,true,false,false
52,75,Proliferation,true,true,false
93,56,Proliferation,true,false,false
42,74,Proliferation,true,false,true
41,75,Proliferation,true,false,false
71,64,Proliferation,true,true,false
44,82,Growth_Arrest,false,true,false
62,105,Proliferation,true,false,false
80,63,Proliferation,true,true,true
101,80,Growth_Arrest,false,true,true
77,54,Proliferation,true,false,true
96,83,Proliferation,true,false,true
78,95,Proliferation,true,false,true
92,97,Growth_Arrest,false,true,true
83,83,Proliferation,true,false,true
103,71,Proliferation,true,false,false
89,45,Proliferation,true,true,false
96,50,Growth_Arrest,false,false,true
48,73,Proliferation,true,true,false
83,76,Proliferation,true,true,true
82,58,Growth_Arrest,false,false,false
103,75,Growth_Arrest,false,false,true
64,87,Proliferation,true,true,false
99,63,Growth_Arrest,false,true,false
72,98,Proliferation,true,true,false
94,56,Proliferation,true,false,true
56,80,Proliferation,true,true,true
85,67,Growth_Arrest,false,false,false
73,64,Proliferation,true,false,false
99,56,Proliferation,true,true,false
99,72,Proliferation,true,true,true
87,76,Proliferation,true,true,false
72,69,Growth_Arrest,false,false,true
96,100,Proliferation,true,false,false
53,70,Proliferation,true,true,true
83,88,Proliferation,true,true,true
76,69,Proliferation,true,false,false
45,83,Proliferation,true,false,false
96,66,Proliferation,true,false,true
103,78,Growth_Arrest,false,true,false
65,42,Proliferation,true,false,true
89,91,Proliferation,true,false,false
55,76,Proliferation,true,true,true
84,83,Proliferation,true,false,true
75,42,Proliferation,true,true,true
48,74,Growth_Arrest,false,false,true
85,94,Growth_Arrest,false,true,false
74,97,Proliferation,true,true,true
75,57,Proliferation,true,false,true
65,89,Proliferation,true,true,false
70,104,Proliferation,true,false,false
66,50,Proliferation,true,true,false
93,91,Proliferation,true,false,true
100,86,Growth_Arrest,false,false,true
94,75,Growth_Arrest,false,true,false
59,52,Growth_Arrest,false,false,true
58,62,Proliferation,true,true,false
43,78,Proliferation,true,false,false
86,105,Growth_Arrest,false,false,false
80,62,Growth_Arrest,false,false,false
42,75,Growth_Arrest,false,true,true
99,59,Proliferation,true,false,true
107,68,Proliferation,true,true,true
68,94,Growth_Arrest,false,true,true
86,41,Proliferation,true,false,false
48,83,Proliferation,true,true,true
57,75,Proliferation,true,true,true
59,44,Proliferation,true,true,false
99,88,Proliferation,true,true,true
91,66,Proliferation,true,true,true
52,49,Growth_Arrest,false,true,true
104,55,Proliferation,true,true,false
71,100,Proliferation,true,false,true
108,69,Proliferation,true,true,true
92,61,Growth_Arrest,false,true,false
41,67,Proliferation,true,true,false
78,55,Proliferation,true,false,false
73,48,Growth_Arrest,false,true,true
60,96,Growth_Arrest,false,false,false
108,70,Proliferation,true,false,true
94,50,Proliferation,true,true,false
63,54,Proliferation,true,false,false
61,73,Proliferation,true,false,false
95,47,Proliferation,true,true,true
95,87,Proliferation,true,true,false
73,69,Proliferation,true,false,false
55,96,Proliferation,true,true,false
56,99,Growth_Arrest,false,true,true
71,56,Growth_Arrest,false,false,false
68,70,Proliferation,true,true,true
87,43,Growth_Arrest,false,false,true
74,43,Growth_Arrest,false,true,true
58,103,Proliferation,true,false,true
98,60,Proliferation,true,true,true
107,86,Proliferation,true,false,false
52,61,Proliferation,true,true,true
88,55,Growth_Arrest,false,true,false
102,62,Proliferation,true,false,true
68,89,Growth_Arrest,false,false,true
76,55,Proliferation,true,false,true
101,85,Growth_Arrest,false,false,true
83,75,Growth_Arrest,false,true,false
72,77,Proliferation,true,true,false
69,42,Growth_Arrest,false,false,true
93,84,Growth_Arrest,false,false,true
88,46,Growth_Arrest,false,true,false
81,95,Proliferation,true,false,true
82,96,Proliferation,true,true,true
105,76,Growth_Arrest,false,true,false
95,90,Proliferation,true,true,false
61,44,Proliferation,true,true,true
108,83,Growth_Arrest,false,false,true
87,67,Growth_Arrest,false,false,false
64,74,Proliferation,true,true,false
68,42,Growth_Arrest,false,true,true
48,63,Proliferation,true,false,true
100,62,Proliferation,true,true,true
103,95,Growth_Arrest,false,true,true
96,58,Proliferation,true,false,true
81,71,Proliferation,true,true,true
59,78,Proliferation,true,true,true
108,86,Growth_Arrest,false,true,true
89,47,Proliferation,true,false,true
46,94,Growth_Arrest,false,true,false
83,101,Proliferation,true,true,true
63,88,Growth_Arrest,false,true,true
87,73,Proliferation,true,false,false
56,87,Growth_Arrest,false,true,true
85,60,Proliferation,true,false,true
81,69,Growth_Arrest,false,true,true
74,39,Proliferation,true,true,false
59,72,Proliferation,true,true,false
89,57,Proliferation,true,true,false
61,71,Growth_Arrest,false,false,true
92,101,Growth_Arrest,false,false,false
96,76,Proliferation,true,true,false
68,69,Proliferation,true,false,false
89,88,Growth_Arrest,false,false,false
88,88,Growth_Arrest,false,false,true
63,103,Proliferation,true,false,false
80,71,Growth_Arrest,false,true,true
76,102,Proliferation,true,true,false
59,102,Proliferation,true,true,true
52,86,Proliferation,true,false,false
80,77,Growth_Arrest,false,true,true
88,97,Proliferation,true,true,false
64,70,Proliferation,true,false,true
68,48,Growth_Arrest,false,false,true
94,46,Proliferation,true,true,true
41,76,Proliferation,true,true,false
91,106,Proliferation,true,false,true
53,63,Growth_Arrest,false,false,false
85,107,Proliferation,true,true,true
83,44,Growth_Arrest,false,false,true
103,70,Proliferation,true,false,false
58,98,Proliferation,true,true,false
80,93,Proliferation,true,false,true
54,81,Proliferation,true,true,false
69,49,Proliferation,true,true,false
108,84,Growth_Arrest,false,true,true
68,107,Proliferation,true,true,false
80,108,Growth_Arrest,false,true,true
66,47,Proliferation,true,true,false
89,48,Growth_Arrest,false,true,true
48,85,Proliferation,true,false,true
81,44,Proliferation,true,false,false
44,71,Growth_Arrest,false,false,false
100,90,Growth_Arrest,false,true,true
86,62,Proliferation,true,false,false
57,104,Proliferation,true,true,false
51,54,Proliferation,true,true,false
65,88,Proliferation,true,false,false
80,87,Proliferation,true,false,false
62,74,Proliferation,true,true,false
86,91,Proliferation,true,true,false
42,89,Proliferation,true,false,false
90,94,Growth_Arrest,false,false,true
71,51,Proliferation,true,true,false
64,82,Growth_Arrest,false,true,true
49,91,Growth_Arrest,false,false,false
70,90,Growth_Arrest,false,true,true
71,42,Proliferation,true,false,false
61,50,Proliferation,true,true,true
50,82,Proliferation,true,false,false
50,98,Growth_Arrest,false,false,false
103,89,Proliferation,true,true,true
46,77,Growth_Arrest,false,true,true
43,91,Growth_Arrest,false,false,true
71,47,Growth_Arrest,false,true,false
75,86,Proliferation,true,false,false
84,49,Proliferation,true,false,true
95,102,Proliferation,true,false,true
75,83,Growth_Arrest,false,true,true
74,106,Proliferation,true,false,false
92,81,Proliferation,true,false,true
59,55,Proliferation,true,false,false
60,79,Growth_Arrest,false,true,false
66,49,Proliferation,true,true,true
94,73,Proliferation,true,true,true
92,88,Proliferation,true,false,false
97,82,Proliferation,true,false,true
76,72,Proliferation,true,true,false
49,78,Proliferation,true,false,true
91,67,Growth_Arrest,false,true,false
63,86,Growth_Arrest,false,true,false
85,63,Growth_Arrest,false,true,true
77,106,Proliferation,true,true,true
58,90,Growth_Arrest,false,false,false
61,86,Proliferation,true,false,false
58,83,Proliferation,true,false,true
78,69,Proliferation,true,true,false
85,75,Proliferation,true,false,true
43,66,Proliferation,true,true,true
76,74,Growth_Arrest,false,true,false
55,57,Proliferation,true,true,true
77,52,Proliferation,true,false,false
49,61,Proliferation,true,false,true
89,107,Proliferation,true,true,false
54,56,Proliferation,true,true,true
45,72,Growth_Arrest,false,true,false
53,94,Proliferation,true,true,true
64,100,Growth_Arrest,false,false,false
91,54,Proliferation,true,false,false
84,86,Growth_Arrest,false,true,false
52,91,Growth_Arrest,false,false,true
101,61,Growth_Arrest,false,true,false
62,63,Growth_Arrest,false,false,true
74,82,Growth_Arrest,false,true,false
81,78,Proliferation,true,false,true
105,80,Proliferation,true,true,true
50,59,Proliferation,true,true,false
68,87,Growth_Arrest,false,false,false
48,52,Proliferation,true,false,true
94,60,Proliferation,true,true,true
53,54,Proliferation,true,false,true
50,75,Proliferation,true,true,false
105,64,Proliferation,true,true,true
94,84,Proliferation,true,false,true
76,64,Growth_Arrest,false,false,true
74,62,Proliferation,true,false,true
73,77,Growth_Arrest,false,true,true
96,87,Proliferation,true,true,false
93,86,Proliferation,true,true,true
95,86,Growth_Arrest,false,false,true
85,56,Proliferation,true,true,false
88,71,Growth_Arrest,false,true,false
57,102,Proliferation,true,true,false
58,46,Proliferation,true,true,false
93,83,Growth_Arrest,false,false,false
102,57,Proliferation,true,false,false
52,82,Growth_Arrest,false,false,false
73,70,Proliferation,true,true,false
77,102,Proliferation,true,true,true
45,68,Growth_Arrest,false,true,false
86,108,Proliferation,true,false,true
44,73,Growth_Arrest,false,false,true
45,69,Proliferation,true,true,true
66,46,Growth_Arrest,false,true,true
92,63,Proliferation,true,false,true
62,48,Growth_Arrest,false,false,false
90,76,Proliferation,true,true,false
54,67,Proliferation,true,false,true
57,80,Proliferation,true,true,false
43,68,Proliferation,true,true,false
77,61,Proliferation,true,false,false
102,75,Growth_Arrest,false,true,false
62,64,Proliferation,true,false,false
106,80,Proliferation,true,false,true
106,69,Proliferation,true,true,false
68,46,Growth_Arrest,false,true,true
73,92,Proliferation,true,true,true
40,81,Proliferation,true,true,false
63,53,Proliferation,true,false,false
88,105,Proliferation,true,false,true
100,65,Proliferation,true,true,false
45,55,Proliferation,true,false,true
98,83,Proliferation,true,false,true
82,45,Growth_Arrest,false,false,true
92,70,Proliferation,true,false,false
106,76,Proliferation,true,false,false
109,82,Growth_Arrest,false,false,true
86,68,Proliferation,true,false,true
69,91,Proliferation,true,true,false
64,53,Proliferation,true,true,true
64,51,Proliferation,true,true,true
89,58,Growth_Arrest,false,false,false
85,98,Proliferation,true,true,false
97,52,Proliferation,true,false,true
108,63,Proliferation,true,false,true
101,86,Proliferation,true,false,false
93,62,Proliferation,true,true,true
54,65,Proliferation,true,false,true
103,74,Proliferation,true,false,true
58,91,Proliferation,true,true,false
107,65,Proliferation,true,false,false
72,99,Growth_Arrest,false,true,true
50,95,Growth_Arrest,false,false,true
72,87,Growth_Arrest,false,true,false
102,81,Proliferation,true,true,true
48,51,Proliferation,true,true,true
66,86,Growth_Arrest,false,true,false
95,57,Proliferation,true,true,true
63,44,Proliferation,true,false,true
86,78,Growth_Arrest,false,true,true
89,65,Proliferation,true,true,false
70,48,Growth_Arrest,false,false,false
88,65,Proliferation,true,false,true
97,51,Proliferation,true,false,true
55,85,Growth_Arrest,false,true,false
57,62,Proliferation,true,true,true
64,85,Growth_Arrest,false,false,true
40,71,Proliferation,true,true,false
49,52,Proliferation,true,true,false
62,55,Proliferation,true,false,true
101,88,Proliferation,true,false,true
97,50,Growth_Arrest,false,true,true
62,50,Growth_Arrest,false,true,false
99,100,Growth_Arrest,false,false,false
83,74,Proliferation,true,false,true
80,64,Proliferation,true,false,true
71,53,Proliferation,true,false,true
58,58,Proliferation,true,true,true
105,78,Proliferation,true,false,true
76,79,Growth_Arrest,false,false,true
96,52,Proliferation,true,true,true
57,82,Proliferation,true,false,false
59,97,Growth_Arrest,false,false,false
77,78,Proliferation,true,true,true
72,85,Proliferation,true,false,true
67,103,Proliferation,true,false,false
88,75,Proliferation,true,false,false
52,79,Proliferation,true,false,true
52,89,Proliferation,true,false,true
50,50,Proliferation,true,true,false
74,49,Proliferation,true,false,false
55,66,Proliferation,true,false,true
76,99,Proliferation,true,false,true
87,107,Growth_Arrest,false,false,false
87,56,Growth_Arrest,false,false,false
75,92,Proliferation,true,false,false
88,59,Proliferation,true,false,true
99,80,Proliferation,true,false,false
106,72,Proliferation,true,false,true
105,71,Proliferation,true,true,false
45,89,Proliferation,true,true,false
58,75,Proliferation,true,false,false
42,72,Proliferation,true,true,false
67,47,Proliferation,true,true,false
63,93,Proliferation,true,true,true
108,76,Proliferation,true,false,false
75,110,Proliferation,true,true,true
71,74,Growth_Arrest,false,false,true
82,78,Growth_Arrest,false,false,false
78,81,Proliferation,true,true,true
90,63,Growth_Arrest,false,true,true
66,98,Proliferation,true,false,true
64,80,Proliferation,true,true,false
77,39,Proliferation,true,true,false
49,92,Growth_Arrest,false,true,true
100,59,Proliferation,true,true,true
75,60,Growth_Arrest,false,false,true
89,66,Growth_Arrest,false,true,true
93,66,Growth_Arrest,false,true,false
40,66,Proliferation,true,false,false
67,45,Proliferation,true,true,false
91,90,Proliferation,true,true,true
109,72,Proliferation,true,true,false
65,82,Proliferation,true,false,false
59,95,Proliferation,true,true,true
104,82,Proliferation,true,false,false
105,66,Growth_Arrest,false,true,false
98,77,Proliferation,true,true,false
99,73,Proliferation,true,true,false
39,75,Proliferation,true,false,false
71,101,Proliferation,true,false,false
74,54,Proliferation,true,true,false
55,104,Growth_Arrest,false,true,true
55,99,Proliferation,true,true,false
71,71,Growth_Arrest,false,false,true
93,93,Proliferation,true,false,true
75,108,Proliferation,true,false,true
95,62,Growth_Arrest,false,true,false
98,89,Proliferation,true,true,false
92,100,Proliferation,true,true,true
86,98,Proliferation,true,true,false
42,76,Proliferation,true,false,false
81,81,Growth_Arrest,false,false,false
47,83,Growth_Arrest,false,true,true
91,103,Proliferation,true,true,true
81,48,Proliferation,true,false,false
75,77,Growth_Arrest,false,true,true
82,92,Proliferation,true,false,false
79,108,Proliferation,true,false,true
60,105,Proliferation,true,false,false
49,94,Proliferation,true,false,true
102,58,Proliferation,true,true,false
65,65,Growth_Arrest,false,true,false
97,66,Proliferation,true,true,false
66,100,Proliferation,true,true,false
62,91,Growth_Arrest,false,false,true
63,50,Growth_Arrest,false,true,false
67,70,Proliferation,true,true,true
71,91,Proliferation,true,true,true
69,85,Proliferation,true,false,false
86,106,Proliferation,true,false,true
65,100,Proliferation,true,false,false
83,62,Proliferation,true,true,true
64,108,Proliferation,true,true,true
84,104,Growth_Arrest,false,true,true
46,69,Proliferation,true,true,true
71,60,Proliferation,true,true,true
69,40,Proliferation,true,true,false
84,57,Proliferation,true,true,true
69,99,Proliferation,true,true,false
53,52,Proliferation,true,true,true
44,79,Proliferation,true,true,false
81,68,Growth_Arrest,false,false,false
42,69,Proliferation,true,false,false
43,84,Growth_Arrest,false,true,true
85,42,Growth_Arrest,false,true,false
60,63,Growth_Arrest,false,true,false
100,54,Proliferation,true,false,true
79,58,Proliferation,true,false,false
74,53,Growth_Arrest,false,false,true
61,107,Proliferation,true,true,false
102,64,Proliferation,true,false,false
50,100,Proliferation,true,true,false
77,95,Proliferation,true,true,true
56,103,Proliferation,true,true,true
80,89,Growth_Arrest,false,false,true
61,72,Proliferation,true,false,false
86,49,Proliferation,true,true,true
71,61,Proliferation,true,true,false
84,54,Proliferation,true,true,false
81,58,Proliferation,true,true,true
89,54,Proliferation,true,true,true
74,40,Proliferation,true,true,true
49,57,Proliferation,true,false,false
93,70,Growth_Arrest,false,true,true
45,79,Growth_Arrest,false,false,true
41,83,Proliferation,true,true,true
66,58,Proliferation,true,true,false
94,71,Growth_Arrest,false,true,false
85,68,Proliferation,true,false,true
71,75,Growth_Arrest,false,false,true
88,70,Proliferation,true,false,false
73,90,Proliferation,true,false,false
50,53,Proliferation,true,false,true
50,85,Proliferation,true,false,true
106,83,Proliferation,true,true,false
50,83,Proliferation,true,true,true
76,47,Growth_Arrest,false,false,true
46,56,Proliferation,true,false,false
95,79,Proliferation,true,true,true
78,61,Proliferation,true,false,true
52,72,Proliferation,true,false,false
58,97,Proliferation,true,false,true
97,95,Proliferation,true,true,true
48,56,Growth_Arrest,false,false,true
82,93,Growth_Arrest,false,false,false
72,68,Growth_Arrest,false,false,true
83,96,Proliferation,true,false,true
101,81,Growth_Arrest,false,false,false
79,87,Proliferation,true,false,false
48,92,Proliferation,true,true,false
56,60,Proliferation,true,false,false
78,52,Growth_Arrest,false,false,true
86,83,Growth_Arrest,false,false,true
59,62,Proliferation,true,false,false
73,52,Proliferation,true,true,false
101,62,Proliferation,true,false,false
64,43,Proliferation,true,false,false
87,47,Proliferation,true,false,false
76,46,Proliferation,true,true,true
57,95,Proliferation,true,false,false
95,89,Growth_Arrest,false,true,false
71,87,Growth_Arrest,false,true,false
75,76,Growth_Arrest,false,false,false
75,99,Growth_Arrest,false,true,true
100,51,Proliferation,true,true,true
61,45,Growth_Arrest,false,false,true
68,72,Proliferation,true,false,false
85,83,Proliferation,true,true,false
92,91,Proliferation,true,false,false
52,84,Growth_Arrest,false,false,true
67,52,Proliferation,true,true,false
96,93,Growth_Arrest,false,false,true
80,78,Growth_Arrest,false,true,false
106,67,Proliferation,true,false,true
45,80,Proliferation,true,false,true
69,95,Proliferation,true,true,true
79,80,Proliferation,true,true,false
93,50,Proliferation,true,true,false
87,82,Growth_Arrest,false,false,true
60,88,Growth_Arrest,false,true,true
63,76,Proliferation,true,false,true
104,87,Proliferation,true,false,false
83,86,Proliferation,true,false,true
76,97,Proliferation,true,true,true
89,44,Proliferation,true,true,true
74,61,Growth_Arrest,false,false,false
52,47,Growth_Arrest,false,true,false
83,72,Proliferation,true,false,false
69,45,Growth_Arrest,false,false,true
47,54,Proliferation,true,true,true
87,96,Proliferation,true,true,true
60,77,Proliferation,true,true,false
68,91,Proliferation,true,true,false
82,106,Proliferation,true,true,false
55,92,Growth_Arrest,false,true,false
80,52,Proliferation,true,true,false
56,72,Proliferation,true,false,true
81,76,Proliferation,true,false,true
96,102,Proliferation,true,false,false
76,65,Growth_Arrest,false,true,false
79,71,Growth_Arrest,false,true,true
65,41,Proliferation,true,true,false
76,54,Proliferation,true,true,false
101,94,Growth_Arrest,false,true,false
80,49,Growth_Arrest,false,false,false
77,53,Proliferation,true,false,true
70,60,Proliferation,true,false,true
78,65,Proliferation,true,false,false
70,84,Proliferation,true,true,false
73,47,Proliferation,true,false,true
70,77,Proliferation,true,true,false
91,94,Growth_Arrest,false,false,false
73,59,Proliferation,true,false,true
78,88,Growth_Arrest,false,false,false
89,53,Proliferation,true,false,true
97,49,Proliferation,true,true,true
76,56,Proliferation,true,false,true
52,66,Proliferation,true,false,false
89,49,Growth_Arrest,false,true,true
43,67,Proliferation,true,true,false
73,97,Proliferation,true,false,false
65,56,Proliferation,true,false,true
85,46,Proliferation,true,true,true
53,49,Proliferation,true,true,false
93,69,Proliferation,true,true,false
74,108,Proliferation,true,false,false
85,93,Growth_Arrest,false,true,false
82,57,Growth_Arrest,false,false,true
90,73,Proliferation,true,false,true
102,66,Growth_Arrest,false,false,false
80,94,Proliferation,true,true,false
74,87,Proliferation,true,true,false
45,58,Proliferation,true,false,true
64,102,Growth_Arrest,false,true,true
70,50,Proliferation,true,true,true
56,70,Growth_Arrest,false,true,true
63,59,Proliferation,true,false,true
76,48,Proliferation,true,true,false
55,95,Growth_Arrest,false,false,false
90,96,Proliferation,true,false,true
49,55,Proliferation,true,true,false
102,71,Proliferation,true,false,false
89,92,Proliferation,true,true,true
76,44,Proliferation,true,false,false
64,89,Proliferation,true,false,false
70,100,Proliferation,true,true,false
55,100,Proliferation,true,true,true
100,84,Proliferation,true,true,false
82,81,Proliferation,true,true,false
82,74,Proliferation,true,false,true
43,79,Proliferation,true,true,false
62,85,Proliferation,true,true,false
64,92,Proliferation,true,true,true
82,66,Proliferation,true,false,false
64,79,Proliferation,true,false,true
50,70,Proliferation,true,false,false
46,90,Proliferation,true,true,false
66,70,Proliferation,true,true,false
65,93,Growth_Arrest,false,true,false
74,103,Growth_Arrest,false,true,true
70,73,Proliferation,true,true,false
95,96,Growth_Arrest,false,false,false
50,73,Proliferation,true,false,true
50,63,Proliferation,true,true,false
76,108,Proliferation,true,true,false
61,100,Proliferation,true,false,false
45,88,Growth_Arrest,false,true,true
76,98,Proliferation,true,true,false
51,89,Proliferation,true,true,false
89,72,Proliferation,true,false,true
85,72,Proliferation,true,true,true
50,80,Growth_Arrest,false,false,true
59,71,Proliferation,true,false,false
58,86,Proliferation,true,true,false
72,80,Proliferation,true,true,false
98,98,Proliferation,true,true,false
97,69,Proliferation,true,true,false
78,94,Growth_Arrest,false,false,false
75,81,Proliferation,true,false,false
93,52,Growth_Arrest,false,false,false
91,52,Proliferation,true,false,false
95,60,Growth_Arrest,false,true,true
90,95,Proliferation,true,false,true
49,66,Growth_Arrest,false,false,true
66,41,Proliferation,true,false,true
96,59,Proliferation,true,false,true
104,93,Proliferation,true,false,true
54,100,Growth_Arrest,false,false,true
62,76,Proliferation,true,false,false
80,55,Growth_Arrest,false,false,false
69,57,Growth_Arrest,false,true,true
72,45,Proliferation,true,true,true
92,80,Proliferation,true,true,false
64,48,Proliferation,true,true,false
96,85,Proliferation,true,false,false
79,52,Growth_Arrest,false,false,false
43,63,Growth_Arrest,false,false,false
85,100,Growth_Arrest,false,false,false
104,90,Growth_Arrest,false,false,true
52,100,Proliferation,true,false,false
87,62,Proliferation,true,false,true
68,54,Proliferation,true,true,false
74,98,Proliferation,true,true,false
57,79,Proliferation,true,false,true
71,49,Proliferation,true,false,false
85,88,Proliferation,true,false,false
46,64,Proliferation,true,true,true
52,67,Proliferation,true,true,false
47,70,Proliferation,true,false,true
73,54,Proliferation,true,false,false
56,48,Proliferation,true,true,false
77,66,Growth_Arrest,false,true,false
39,72,Proliferation,true,true,false
60,43,Proliferation,true,false,true
67,89,Growth_Arrest,false,true,false
93,60,Proliferation,true,false,false
89,101,Proliferation,true,true,false
73,88,Proliferation,true,true,false
78,43,Proliferation,true,false,false
87,65,Proliferation,true,false,false
97,102,Proliferation,true,true,true
96,49,Proliferation,true,true,true
55,98,Proliferation,true,false,false
86,100,Proliferation,true,false,true
61,74,Proliferation,true,false,false
82,42,Proliferation,true,true,true
47,62,Proliferation,true,false,false
66,52,Growth_Arrest,false,true,true
73,74,Proliferation,true,true,false
93,48,Proliferation,true,true,true
51,59,Proliferation,true,true,false
106,66,Proliferation,true,true,true
66,106,Proliferation,true,false,false
94,55,Proliferation,true,false,true
85,62,Proliferation,true,true,false
48,60,Growth_Arrest,false,false,true
50,93,Growth_Arrest,false,true,false
93,78,Proliferation,true,false,false
59,50,Growth_Arrest,false,true,true
88,69,Growth_Arrest,false,false,true
87,68,Proliferation,true,true,false
100,92,Proliferation,true,false,false
71,107,Proliferation,true,true,false
84,55,Proliferation,true,true,true
100,50,Proliferation,true,false,true
57,84,Growth_Arrest,false,false,true
86,44,Proliferation,true,true,true
42,86,Proliferation,true,false,false
106,84,Growth_Arrest,false,true,true
71,52,Proliferation,true,true,true
55,89,Proliferation,true,true,true
94,85,Growth_Arrest,false,false,false
76,68,Growth_Arrest,false,true,true
80,96,Proliferation,true,true,true
91,58,Growth_Arrest,false,false,true
66,95,Proliferation,true,true,true
84,79,Growth_Arrest,false,false,false
44,78,Proliferation,true,false,true
102,78,Proliferation,true,false,false
68,60,Proliferation,true,false,false
105,74,Growth_Arrest,false,true,false
73,98,Proliferation,true,false,false
76,101,Growth_Arrest,false,true,true
104,76,Proliferation,true,false,false
79,106,Growth_Arrest,false,true,true
90,102,Proliferation,true,false,true
83,93,Growth_Arrest,false,false,false
62,59,Proliferation,true,true,false
99,69,Growth_Arrest,false,false,true
63,81,Growth_Arrest,false,false,true
54,89,Growth_Arrest,false,false,true
61,59,Proliferation,true,true,true
89,87,Proliferation,true,true,true
93,81,Proliferation,true,true,true
68,86,Proliferation,true,false,true
73,85,Growth_Arrest,false,true,true
72,42,Proliferation,true,true,false
69,52,Proliferation,true,false,true
75,41,Proliferation,true,true,false
86,92,Proliferation,true,true,true
84,71,Proliferation,true,true,true
69,104,Growth_Arrest,false,false,false
48,71,Proliferation,true,true,true
94,88,Proliferation,true,false,false
76,80,Proliferation,true,true,true
42,63,Proliferation,true,true,false
89,62,Proliferation,true,true,true
58,73,Proliferation,true,false,false
83,42,Growth_Arrest,false,false,true
59,43,Proliferation,true,true,false
80,84,Proliferation,true,true,true
76,62,Proliferation,true,true,true
68,90,Proliferation,true,true,true
85,65,Proliferation,true,true,true
70,72,Proliferation,true,true,false
109,68,Proliferation,true,true,false
94,83,Proliferation,true,true,true
56,47,Proliferation,true,false,true
89,43,Growth_Arrest,false,true,false
57,65,Proliferation,true,false,true
79,97,Proliferation,true,true,false
100,67,Proliferation,true,true,true
59,92,Proliferation,true,false,true
49,96,Proliferation,true,true,true
92,71,Proliferation,true,true,true
67,102,Proliferation,true,false,false
81,102,Proliferation,true,true,false
90,70,Proliferation,true,true,true
98,92,Proliferation,true,true,false
91,45,Proliferation,true,true,true
104,86,Proliferation,true,false,true
89,52,Proliferation,true,true,false
78,85,Proliferation,true,true,true
67,43,Proliferation,true,true,true
68,68,Proliferation,true,false,true
55,101,Proliferation,true,true,false
86,60,Proliferation,true,true,false
73,94,Proliferation,true,false,true
66,81,Growth_Arrest,false,true,true
64,73,Proliferation,true,false,true
61,57,Growth_Arrest,false,true,true
76,53,Proliferation,true,true,true
97,67,Proliferation,true,false,false
93,54,Proliferation,true,false,false
104,84,Growth_Arrest,false,false,true
75,44,Proliferation,true,false,true
97,100,Growth_Arrest,false,false,false
80,56,Proliferation,true,true,true
93,76,Growth_Arrest,false,false,false
91,75,Proliferation,true,false,true
89,96,Proliferation,true,true,false
72,75,Proliferation,true,false,true
97,93,Proliferation,true,false,true
60,102,Proliferation,true,false,false
43,60,Proliferation,true,true,false
95,74,Growth_Arrest,false,true,true
42,64,Proliferation,true,false,true
51,50,Proliferation,true,false,false
77,48,Proliferation,true,true,false
92,90,Growth_Arrest,false,false,false
75,64,Proliferation,true,false,false
88,64,Growth_Arrest,false,true,true
66,90,Proliferation,true,false,false
79,45,Growth_Arrest,false,false,false
41,63,Proliferation,true,false,false
52,93,Proliferation,true,false,true
43,73,Growth_Arrest,false,false,true
73,105,Proliferation,true,true,false
63,99,Growth_Arrest,false,false,true
69,84,Growth_Arrest,false,true,false
69,41,Proliferation,true,false,false
62,86,Proliferation,true,true,false
88,89,Proliferation,true,false,true
78,51,Growth_Arrest,false,false,false
79,56,Proliferation,true,false,false
102,84,Proliferation,true,true,true
42,87,Growth_Arrest,false,false,true
78,76,Proliferation,true,false,false
91,89,Proliferation,true,false,true
51,101,Growth_Arrest,false,true,false
69,66,Proliferation,true,false,false
81,47,Proliferation,true,true,false
45,66,Growth_Arrest,false,false,true
82,95,Growth_Arrest,false,false,true
40,72,Growth_Arrest,false,true,true
89,81,Proliferation,true,true,true
98,72,Proliferation,true,true,false
97,97,Proliferation,true,false,false
60,68,Growth_Arrest,false,true,false
85,49,Growth_Arrest,false,false,false
47,91,Proliferation,true,false,true
88,54,Proliferation,true,false,false
59,60,Growth_Arrest,false,false,true
106,73,Proliferation,true,false,false
56,49,Proliferation,true,false,false
45,94,Proliferation,true,false,true
70,95,Growth_Arrest,false,true,true
110,75,Proliferation,true,true,true
98,74,Proliferation,true,false,true
58,66,Growth_Arrest,false,false,true
88,94,Proliferation,true,false,true
66,79,Proliferation,true,true,true
84,95,Proliferation,true,false,false
110,73,Proliferation,true,true,false
103,59,Proliferation,true,false,false
100,72,Proliferation,true,false,true
68,97,Proliferation,true,true,true
42,61,Growth_Arrest,false,false,false
89,99,Proliferation,true,true,true
55,80,Proliferation,true,false,true
79,48,Growth_Arrest,false,true,false
96,57,Proliferation,true,true,true
72,53,Growth_Arrest,false,true,false
96,79,Proliferation,true,false,true
93,80,Proliferation,true,true,false
78,77,Proliferation,true,true,true
73,99,Growth_Arrest,false,false,true
60,50,Proliferation,true,true,true
64,68,Proliferation,true,false,true
67,77,Proliferation,true,true,false
79,63,Proliferation,true,false,false
61,90,Growth_Arrest,false,false,true
60,42,Proliferation,true,true,true
54,77,Growth_Arrest,false,true,false
42,62,Proliferation,true,false,true
101,89,Growth_Arrest,false,true,false
73,67,Growth_Arrest,false,true,true
50,78,Growth_Arrest,false,true,false
93,92,Growth_Arrest,false,false,false
67,107,Proliferation,true,false,false
56,68,Proliferation,true,true,true
100,80,Proliferation,true,false,true
88,106,Proliferation,true,false,true
57,53,Proliferation,true,false,true
51,66,Proliferation,true,true,true
103,81,Proliferation,true,true,false
47,95,Growth_Arrest,false,false,false
47,86,Proliferation,true,true,false
63,97,Proliferation,true,true,false
53,62,Proliferation,true,true,true
90,43,Proliferation,true,false,false
98,66,Proliferation,true,false,true
106,75,Proliferation,true,false,false
56,86,Proliferation,true,false,true
71,96,Growth_Arrest,false,false,false
83,85,Proliferation,true,false,false
66,88,Proliferation,true,true,true
95,88,Growth_Arrest,false,true,false
92,59,Proliferation,true,true,false
41,85,Growth_Arrest,false,true,false
54,93,Proliferation,true,false,true
57,58,Proliferation,true,false,false
60,84,Growth_Arrest,false,false,true
99,71,Proliferation,true,false,false
46,95,Growth_Arrest,false,false,false
49,68,Growth_Arrest,false,false,true
63,57,Proliferation,true,true,true
68,78,Proliferation,true,false,true
48,77,Proliferation,true,true,false
82,43,Growth_Arrest,false,true,false
62,100,Growth_Arrest,false,true,true
75,59,Proliferation,true,true,false
54,64,Proliferation,true,false,false
100,82,Proliferation,true,true,true
73,71,Proliferation,true,true,true
53,48,Proliferation,true,false,true
96,61,Proliferation,true,false,false
62,89,Growth_Arrest,false,false,true
58,63,Growth_Arrest,false,false,true
107,66,Growth_Arrest,false,true,false
53,90,Growth_Arrest,false,false,false
60,82,Growth_Arrest,false,true,false
67,51,Proliferation,true,false,true
86,72,Proliferation,true,true,true
69,90,Proliferation,true,false,false
96,47,Growth_Arrest,false,false,false
65,101,Growth_Arrest,false,false,true
91,97,Growth_Arrest,false,false,true
69,72,Proliferation,true,false,true
43,75,Proliferation,true,false,false
60,86,Proliferation,true,false,false
63,87,Growth_Arrest,false,false,false
93,99,Growth_Arrest,false,false,true
69,47,Proliferation,true,true,false
95,91,Proliferation,true,true,false
68,40,Proliferation,true,false,true
94,87,Growth_Arrest,false,false,true
82,108,Growth_Arrest,false,false,true
68,96,Proliferation,true,false,false
51,69,Proliferation,true,false,true
83,43,Growth_Arrest,false,true,true
48,84,Proliferation,true,true,false
100,55,Growth_Arrest,false,true,true
93,45,Proliferation,true,true,false
96,101,Proliferation,true,false,true
50,69,Growth_Arrest,false,true,false
63,91,Proliferation,true,true,false
57,97,Growth_Arrest,false,false,true
70,87,Proliferation,true,false,true
59,69,Growth_Arrest,false,false,true
62,81,Growth_Arrest,false,true,true
83,69,Proliferation,true,false,true
48,81,Proliferation,true,true,true
48,89,Proliferation,true,true,true
63,90,Proliferation,true,false,true
44,67,Growth_Arrest,false,false,true
75,71,Proliferation,true,true,true
107,72,Proliferation,true,true,true
75,84,Growth_Arrest,false,true,false
68,108,Growth_Arrest,false,false,false
87,71,Growth_Arrest,false,false,false
101,68,Proliferation,true,true,false
59,106,Proliferation,true,true,false
48,96,Proliferation,true,false,true
75,46,Proliferation,true,false,false
43,86,Proliferation,true,false,false
88,49,Proliferation,true,true,true
51,61,Growth_Arrest,false,true,true
71,108,Proliferation,true,false,false
68,55,Proliferation,true,true,true
61,95,Growth_Arrest,false,false,true
70,58,Growth_Arrest,false,false,false
82,48,Proliferation,true,false,true
106,59,Proliferation,true,true,true
81,66,Proliferation,true,true,false
86,50,Growth_Arrest,false,true,false
97,53,Proliferation,true,true,true
81,40,Proliferation,true,true,false
52,71,Growth_Arrest,false,false,false
84,68,Proliferation,true,false,true
107,64,Growth_Arrest,false,true,true
61,99,Proliferation,true,false,true
57,90,Proliferation,true,false,true
53,76,Proliferation,true,false,true
44,62,Proliferation,true,false,true
71,72,Proliferation,true,true,false
93,96,Proliferation,true,false,true
54,60,Proliferation,true,false,true
74,52,Proliferation,true,false,true
69,43,Growth_Arrest,false,false,false
54,91,Proliferation,true,false,false
44,88,Growth_Arrest,false,false,true
98,61,Growth_Arrest,false,false,true
94,45,Growth_Arrest,false,true,true
80,85,Growth_Arrest,false,false,false
65,86,Growth_Arrest,false,false,false
93,64,Proliferation,true,false,true
50,97,Proliferation,true,true,false
81,109,Proliferation,true,false,false
50,86,Proliferation,true,false,true
69,67,Proliferation,true,false,false
101,60,Growth_Arrest,false,true,true
95,73,Proliferation,true,true,true
87,97,Proliferation,true,true,true
77,90,Proliferation,true,true,false
58,70,Growth_Arrest,false,false,true
101,52,Proliferation,true,true,true
52,76,Growth_Arrest,false,false,true
82,52,Growth_Arrest,false,false,false
86,104,Growth_Arrest,false,false,false
88,72,Proliferation,true,true,true
50,66,Growth_Arrest,false,true,false
72,49,Proliferation,true,true,true
72,74,Growth_Arrest,false,true,false
54,88,Proliferation,true,false,true
63,64,Growth_Arrest,false,false,false
75,96,Proliferation,true,false,false
61,81,Growth_Arrest,false,false,true
95,50,Proliferation,true,false,false
104,66,Proliferation,true,true,true
64,47,Proliferation,true,false,false
92,53,Proliferation,true,false,true
91,49,Proliferation,true,false,true
42,85,Proliferation,true,true,false
75,87,Proliferation,true,true,false
59,58,Growth_Arrest,false,true,false
77,49,Proliferation,true,false,false
77,85,Proliferation,true,true,true
51,72,Growth_Arrest,false,false,false
88,83,Growth_Arrest,false,true,false
88,87,Growth_Arrest,false,true,true
85,91,Growth_Arrest,false,false,true
57,60,Growth_Arrest,false,true,false
74,84,Proliferation,true,false,true
59,91,Growth_Arrest,false,false,true
82,88,Growth_Arrest,false,false,false
81,53,Proliferation,true,true,true
101,84,Proliferation,true,true,true
105,61,Growth_Arrest,false,false,false
102,89,Growth_Arrest,false,true,false
64,56,Proliferation,true,true,false
71,82,Proliferation,true,true,true
105,81,Proliferation,true,true,true
48,82,Proliferation,true,true,true
76,63,Proliferation,true,false,true
76,51,Proliferation,true,false,true
78,84,Proliferation,true,false,false
90,104,Proliferation,true,false,false
99,67,Proliferation,true,false,false
85,66,Proliferation,true,true,true
65,98,Proliferation,true,false,true
48,57,Proliferation,true,true,false
104,65,Growth_Arrest,false,false,true
50,56,Proliferation,true,true,false
82,104,Proliferation,true,true,false
55,70,Proliferation,true,false,true
52,90,Proliferation,true,false,false
89,50,Proliferation,true,false,false
102,67,Proliferation,true,true,false
42,70,Proliferation,true,false,false
59,81,Proliferation,true,false,true
82,90,Growth_Arrest,false,true,false
42,67,Proliferation,true,true,false
46,84,Growth_Arrest,false,true,false
69,93,Proliferation,true,true,true
76,109,Growth_Arrest,false,true,true
65,51,Proliferation,true,true,true
67,56,Proliferation,true,true,false
100,63,Proliferation,true,true,false
80,90,Proliferation,true,false,false
67,85,Proliferation,true,true,false
44,92,Proliferation,true,false,false
85,48,Proliferation,true,true,true
70,78,Growth_Arrest,false,false,false
80,95,Proliferation,true,false,true
48,86,Growth_Arrest,false,true,false
94,98,Proliferation,true,true,true
83,102,Growth_Arrest,false,false,true
50,72,Growth_Arrest,false,false,true
81,51,Proliferation,true,false,true
102,86,Growth_Arrest,false,true,false
62,106,Proliferation,true,false,true
90,68,Proliferation,true,false,true
75,65,Proliferation,true,false,false
85,59,Proliferation,true,false,true
74,81,Proliferation,true,false,true
49,88,Proliferation,true,false,true
63,107,Proliferation,true,false,false
103,82,Proliferation,true,false,true
71,80,Proliferation,true,true,true
68,83,Growth_Arrest,false,false,true
79,77,Proliferation,true,false,true
65,70,Growth_Arrest,false,true,false
95,64,Proliferation,true,false,false
101,73,Proliferation,true,true,true
87,87,Proliferation,true,true,true
98,84,Proliferation,true,false,false
97,84,Growth_Arrest,false,false,true
57,63,Proliferation,true,false,true
93,59,Proliferation,true,true,true
77,87,Proliferation,true,true,false
64,105,Proliferation,true,false,false
97,94,Proliferation,true,false,true
83,64,Growth_Arrest,false,false,false
67,88,Proliferation,true,false,false
73,106,Growth_Arrest,false,true,false
85,54,Growth_Arrest,false,false,false
58,104,Growth_Arrest,false,false,true
66,42,Proliferation,true,true,true
104,71,Proliferation,true,true,true
74,110,Proliferation,true,true,false
67,78,Proliferation,true,true,false
75,49,Proliferation,true,true,true
90,83,Proliferation,true,true,false
80,47,Growth_Arrest,false,true,true
92,52,Proliferation,true,true,false
82,61,Proliferation,true,true,false
77,62,Proliferation,true,false,false
68,81,Proliferation,true,false,false
101,64,Proliferation,true,false,false
54,73,Proliferation,true,false,false
105,89,Proliferation,true,false,true
76,42,Proliferation,true,false,true
81,67,Proliferation,true,false,true
50,49,Proliferation,true,true,true
65,74,Growth_Arrest,false,true,false
67,62,Proliferation,true,false,false
68,95,Proliferation,true,true,true
79,70,Growth_Arrest,false,true,true
103,84,Proliferation,true,true,true
81,46,Growth_Arrest,false,false,true
81,105,Proliferation,true,true,true
84,67,Growth_Arrest,false,false,true
62,92,Proliferation,true,true,true
90,51,Growth_Arrest,false,false,true
68,102,Growth_Arrest,false,true,true
56,92,Proliferation,true,false,false
107,69,Growth_Arrest,false,false,false
83,68,Growth_Arrest,false,false,true
58,89,Proliferation,true,false,false
86,70,Proliferation,true,true,false
57,46,Proliferation,true,false,false
77,105,Proliferation,true,true,true
53,65,Proliferation,true,true,true
76,71,Proliferation,true,true,false
87,91,Proliferation,true,false,false
66,63,Growth_Arrest,false,true,true
74,91,Proliferation,true,true,true
39,74,Proliferation,true,false,false
79,42,Proliferation,true,false,true
44,77,Proliferation,true,true,false
98,49,Proliferation,true,true,false
85,99,Proliferation,true,false,false
62,78,Growth_Arrest,false,true,false
51,78,Growth_Arrest,false,true,false
85,105,Growth_Arrest,false,false,false
94,78,Proliferation,true,true,false
65,79,Growth_Arrest,false,true,true
93,100,Proliferation,true,true,true
84,51,Proliferation,true,true,false
84,62,Growth_Arrest,false,false,false
74,100,Proliferation,true,true,true
104,85,Growth_Arrest,false,false,false
97,86,Proliferation,true,false,false
63,48,Proliferation,true,false,false
46,80,Growth_Arrest,false,false,true
85,108,Growth_Arrest,false,false,true
82,109,Proliferation,true,true,true
55,63,Proliferation,true,true,true
93,57,Proliferation,true,true,true
65,43,Growth_Arrest,false,false,true
69,63,Proliferation,true,true,false
87,69,Growth_Arrest,false,true,false
43,81,Proliferation,true,false,true
78,50,Proliferation,true,true,true
66,83,Proliferation,true,true,false
88,101,Growth_Arrest,false,false,false
87,66,Proliferation,true,false,false
90,105,Proliferation,true,true,true
98,54,Proliferation,true,false,false
48,93,Growth_Arrest,false,false,false
49,95,Proliferation,true,false,false
86,101,Proliferation,true,false,true
69,108,Proliferation,true,false,true
99,62,Proliferation,true,true,false
58,79,Growth_Arrest,false,true,true
48,69,Proliferation,true,true,true
100,89,Proliferation,true,true,false
69,69,Proliferation,true,false,false
73,107,Proliferation,true,true,true
79,59,Proliferation,true,true,true
63,51,Proliferation,true,true,true
63,95,Proliferation,true,true,false
69,92,Growth_Arrest,false,true,false
56,81,Proliferation,true,true,false
78,106,Proliferation,true,true,false
72,65,Growth_Arrest,false,true,true
105,70,Proliferation,true,false,false
94,89,Proliferation,true,true,false
76,45,Growth_Arrest,false,false,true
90,44,Proliferation,true,true,true
71,103,Proliferation,true,true,false
48,88,Growth_Arrest,false,false,true
80,57,Growth_Arrest,false,false,false
75,66,Proliferation,true,true,true
51,64,Growth_Arrest,false,false,false
61,49,Proliferation,true,true,true
62,46,Proliferation,true,false,true
80,86,Proliferation,true,true,false
77,107,Growth_Arrest,false,false,false
73,93,Growth_Arrest,false,true,true
67,93,Proliferation,true,false,true
99,77,Growth_Arrest,false,false,false
59,61,Proliferation,true,true,false
80,104,Growth_Arrest,false,false,true
67,65,Growth_Arrest,false,true,false
94,68,Proliferation,true,true,false
99,85,Proliferation,true,true,true
66,97,Proliferation,true,false,false
98,99,Proliferation,true,true,false
56,76,Proliferation,true,true,true
63,83,Proliferation,true,false,false
101,83,Proliferation,true,true,false
49,64,Proliferation,true,false,false
46,85,Proliferation,true,true,false
77,81,Proliferation,true,false,false
63,102,Growth_Arrest,false,false,true
81,99,Proliferation,true,true,true
73,45,Growth_Arrest,false,false,false
50,90,Growth_Arrest,false,true,false
91,76,Proliferation,true,false,false
108,72,Growth_Arrest,false,true,false
89,71,Growth_Arrest,false,true,false
53,69,Proliferation,true,false,false
79,86,Growth_Arrest,false,false,false
60,85,Growth_Arrest,false,true,false
86,88,Growth_Arrest,false,false,true
73,39,Growth_Arrest,false,false,true
97,57,Proliferation,true,true,false
57,89,Growth_Arrest,false,false,false
56,66,Proliferation,true,true,true
95,46,Growth_Arrest,false,false,true
91,87,Proliferation,true,true,false
100,74,Proliferation,true,true,false
82,60,Proliferation,true,false,false
103,56,Proliferation,true,false,true
59,90,Growth_Arrest,false,false,true
51,88,Proliferation,true,false,false
103,91,Growth_Arrest,false,true,false
77,64,Proliferation,true,true,false
72,39,Proliferation,true,false,false
70,59,Proliferation,true,false,true
71,95,Growth_Arrest,false,true,false
107,83,Proliferation,true,true,true
51,83,Proliferation,true,true,false
57,61,Growth_Arrest,false,false,false
99,49,Proliferation,true,true,false
58,101,Proliferation,true,true,false
79,98,Growth_Arrest,false,true,false
45,76,Proliferation,true,false,true
104,61,Growth_Arrest,false,false,true
60,58,Proliferation,true,true,false
106,64,Growth_Arrest,false,false,true
81,90,Proliferation,true,false,true
60,47,Proliferation,true,false,false
98,81,Proliferation,true,false,true
68,98,Proliferation,true,false,false
54,52,Growth_Arrest,false,true,false
78,78,Growth_Arrest,false,false,false
93,89,Proliferation,true,true,true
51,51,Proliferation,true,false,true
98,63,Growth_Arrest,false,true,true
95,72,Growth_Arrest,false,true,false
90,66,Proliferation,true,false,false
84,103,Proliferation,true,true,true
56,95,Growth_Arrest,false,true,false
86,66,Growth_Arrest,false,false,true
71,88,Growth_Arrest,false,false,true
80,102,Growth_Arrest,false,false,true
53,59,Proliferation,true,true,true
90,65,Proliferation,true,false,false
73,103,Proliferation,true,true,false
89,104,Growth_Arrest,false,false,false
87,80,Proliferation,true,true,false
103,88,Proliferation,true,true,false
80,68,Proliferation,true,true,true
46,55,Growth_Arrest,false,true,false
77,93,Growth_Arrest,false,false,false
82,86,Proliferation,true,false,false
65,67,Proliferation,true,true,true
97,58,Growth_Arrest,false,true,false
88,78,Growth_Arrest,false,true,false
80,107,Growth_Arrest,false,true,false
84,58,Growth_Arrest,false,false,true
77,44,Growth_Arrest,false,true,true
69,75,Proliferation,true,true,true
82,71,Proliferation,true,false,true
69,65,Growth_Arrest,false,false,false
79,50,Proliferation,true,false,true
96,90,Proliferation,true,true,true
71,69,Proliferation,true,true,false
63,106,Proliferation,true,true,true
63,89,Proliferation,true,false,false
99,68,Growth_Arrest,false,true,false
96,73,Growth_Arrest,false,false,false
74,48,Proliferation,true,false,true
102,88,Proliferation,true,false,true
84,45,Growth_Arrest,false,true,false
76,86,Proliferation,true,false,true
44,93,Proliferation,true,true,false
73,40,Growth_Arrest,false,true,true
96,65,Proliferation,true,false,true
46,87,Proliferation,true,false,false
91,57,Proliferation,true,false,true
57,72,Proliferation,true,false,false
52,83,Growth_Arrest,false,false,false
72,101,Growth_Arrest,false,true,true
83,52,Growth_Arrest,false,false,false
98,64,Growth_Arrest,false,false,true
84,105,Proliferation,true,true,true
46,54,Growth_Arrest,false,false,true
66,96,Proliferation,true,true,true
91,43,Proliferation,true,true,true
56,78,Proliferation,true,true,false
66,87,Growth_Arrest,false,false,false
75,89,Proliferation,true,false,false
72,96,Growth_Arrest,false,false,false
75,79,Proliferation,true,false,true
67,41,Proliferation,true,true,true
107,78,Proliferation,true,false,true
93,68,Proliferation,true,false,true
66,93,Proliferation,true,true,true
104,80,Proliferation,true,true,true
106,87,Proliferation,true,true,false
95,98,Growth_Arrest,false,true,false
89,56,Proliferation,true,false,true
56,71,Proliferation,true,true,true
72,51,Proliferation,true,false,false
57,52,Growth_Arrest,false,true,false
92,48,Proliferation,true,true,true
80,106,Proliferation,true,false,false
68,73,Proliferation,true,false,true
90,59,Growth_Arrest,false,false,true
95,78,Proliferation,true,true,false
87,99,Proliferation,true,true,true
82,53,Proliferation,true,false,true
97,87,Proliferation,true,false,true
92,94,Growth_Arrest,false,true,true
89,100,Growth_Arrest,false,false,false
86,73,Proliferation,true,false,false
66,103,Growth_Arrest,false,false,false
84,98,Growth_Arrest,false,false,false
83,100,Proliferation,true,true,true
99,99,Proliferation,true,false,true
86,71,Proliferation,true,false,true
88,52,Growth_Arrest,false,true,false
66,56,Proliferation,true,true,true
53,93,Proliferation,true,true,true
92,87,Proliferation,true,false,false
45,78,Proliferation,true,true,true
95,85,Proliferation,true,false,true
70,44,Proliferation,true,false,true
74,89,Proliferation,true,false,false
71,79,Growth_Arrest,false,false,true
47,74,Growth_Arrest,false,false,false
73,96,Proliferation,true,true,true
42,88,Proliferation,true,true,true
63,42,Proliferation,true,true,false
48,62,Proliferation,true,false,true
98,59,Proliferation,true,false,true
48,58,Proliferation,true,false,true
54,61,Growth_Arrest,false,false,false
84,96,Proliferation,true,false,false
70,65,Proliferation,true,false,false
86,58,Proliferation,true,false,true
69,59,Proliferation,true,false,true
56,62,Growth_Arrest,false,false,false
69,55,Proliferation,true,false,true
83,84,Proliferation,true,false,false
73,42,Proliferation,true,false,false
107,87,Growth_Arrest,false,true,true
93,97,Proliferation,true,true,true
44,84,Proliferation,true,true,true
95,75,Proliferation,true,true,true
70,66,Growth_Arrest,false,false,true
85,79,Proliferation,true,false,false
93,88,Proliferation,true,true,true
80,60,Proliferation,true,false,true
64,86,Proliferation,true,true,false
80,109,Proliferation,true,false,true
90,87,Growth_Arrest,false,true,false
102,63,Proliferation,true,true,true
91,84,Proliferation,true,false,false
72,93,Growth_Arrest,false,true,false
59,80,Growth_Arrest,false,true,false
85,104,Proliferation,true,false,false
100,85,Proliferation,true,true,false
74,55,Growth_Arrest,false,true,true
94,90,Growth_Arrest,false,false,false
64,76,Proliferation,true,true,false
100,94,Growth_Arrest,false,true,false
67,44,Proliferation,true,false,true
77,55,Proliferation,true,true,false
63,46,Proliferation,true,false,true
105,90,Proliferation,true,true,true
71,83,Growth_Arrest,false,true,false
90,52,Growth_Arrest,false,true,false
61,67,Proliferation,true,false,true
67,106,Growth_Arrest,false,true,false
47,77,Growth_Arrest,false,false,true
57,70,Proliferation,true,true,false
98,68,Proliferation,true,false,true
62,94,Proliferation,true,false,true
80,69,Proliferation,true,true,true
69,71,Proliferation,true,false,true
99,64,Proliferation,true,true,false
60,78,Proliferation,true,true,true
93,67,Proliferation,true,true,false
76,84,Proliferation,true,true,false
95,94,Proliferation,true,true,true
104,73,Growth_Arrest,false,false,false
103,65,Proliferation,true,true,true
79,47,Proliferation,true,false,true
49,72,Growth_Arrest,false,false,true
87,105,Proliferation,true,true,true
65,64,Proliferation,true,false,true
70,53,Proliferation,true,true,false
62,90,Proliferation,true,false,true
39,77,Growth_Arrest,false,false,true
101,92,Proliferation,true,false,true
58,45,Growth_Arrest,false,true,false
93,49,Proliferation,true,true,false
80,54,Growth_Arrest,false,false,true
60,90,Proliferation,true,true,true
77,40,Proliferation,true,true,false
51,60,Proliferation,true,false,false
85,51,Growth_Arrest,false,false,true
94,93,Proliferation,true,false,true
58,87,Proliferation,true,false,false
60,89,Proliferation,true,false,true
72,108,Proliferation,true,true,false
63,69,Proliferation,true,false,false
93,63,Proliferation,true,true,true
78,89,Growth_Arrest,false,true,false
104,79,Growth_Arrest,false,true,true
50,79,Proliferation,true,true,true
82,62,Growth_Arrest,false,false,true
81,75,Proliferation,true,true,false
55,87,Growth_Arrest,false,true,false
45,73,Proliferation,true,false,false
67,60,Proliferation,true,true,true
89,73,Proliferation,true,false,false
50,88,Proliferation,true,false,true
87,102,Proliferation,true,true,false
71,55,Proliferation,true,true,true
76,89,Proliferation,true,true,false
99,96,Proliferation,true,true,true
78,68,Growth_Arrest,false,false,false
56,53,Proliferation,true,true,false
59,88,Growth_Arrest,false,true,false
49,97,Proliferation,true,false,false
83,57,Growth_Arrest,false,true,false
97,78,Proliferation,true,false,false
84,90,Proliferation,true,true,true
44,58,Proliferation,true,false,false
55,91,Proliferation,true,false,true
103,92,Proliferation,true,true,false
44,70,Growth_Arrest,false,true,true
80,50,Proliferation,true,false,false
98,48,Proliferation,true,true,true
47,79,Proliferation,true,false,false
58,60,Proliferation,true,true,false
71,62,Proliferation,true,false,false
57,86,Growth_Arrest,false,true,false
72,72,Proliferation,true,false,false
99,97,Proliferation,true,true,false
78,107,Proliferation,true,false,true
77,79,Proliferation,true,false,true
100,69,Proliferation,true,false,false
96,82,Proliferation,true,false,false
95,49,Proliferation,true,true,false
96,62,Growth_Arrest,false,false,false
58,106,Proliferation,true,true,false
104,77,Proliferation,true,false,true
57,94,Growth_Arrest,false,true,false
53,86,Growth_Arrest,false,false,true
100,64,Proliferation,true,true,true
77,71,Growth_Arrest,false,false,true
83,106,Proliferation,true,false,false
86,84,Proliferation,true,true,false
59,85,Proliferation,true,false,true
91,86,Proliferation,true,false,false
86,93,Growth_Arrest,false,false,false
88,99,Proliferation,true,false,false
49,63,Proliferation,true,false,true
76,91,Proliferation,true,false,false
48,66,Proliferation,true,false,false
73,55,Growth_Arrest,false,false,true
82,82,Proliferation,true,false,false
98,90,Proliferation,true,false,true
91,85,Growth_Arrest,false,false,true
57,92,Proliferation,true,true,false
44,68,Proliferation,true,true,true
92,57,Proliferation,true,true,true
70,101,Proliferation,true,false,false
86,94,Proliferation,true,true,false
81,45,Proliferation,true,false,false
103,94,Proliferation,true,false,false
66,80,Growth_Arrest,false,true,false
91,104,Proliferation,true,false,true
84,99,Proliferation,true,true,false
80,67,Growth_Arrest,false,false,false
98,69,Proliferation,true,true,false
52,63,Proliferation,true,false,true
62,56,Proliferation,true,true,false
65,62,Proliferation,true,true,false
88,57,Growth_Arrest,false,true,true
109,67,Proliferation,true,true,true
96,92,Growth_Arrest,false,false,false
67,49,Growth_Arrest,false,true,true
64,103,Growth_Arrest,false,false,false
97,64,Growth_Arrest,false,true,true
52,94,Growth_Arrest,false,false,false
60,49,Proliferation,true,true,false
108,71,Proliferation,true,true,true
69,100,Growth_Arrest,false,true,true
107,89,Proliferation,true,true,false
71,44,Growth_Arrest,false,false,true
58,55,Proliferation,true,true,true
56,74,Proliferation,true,true,false
108,67,Proliferation,true,false,true
91,62,Proliferation,true,false,true
99,53,Growth_Arrest,false,true,true
42,83,Proliferation,true,true,true
100,87,Proliferation,true,false,false
94,77,Growth_Arrest,false,true,false
65,44,Growth_Arrest,false,true,true
40,73,Growth_Arrest,false,true,true
73,109,Proliferation,true,true,true
65,102,Proliferation,true,true,false
69,106,Proliferation,true,false,false
91,69,Proliferation,true,false,true
91,98,Proliferation,true,false,true
99,57,Growth_Arrest,false,false,false
76,83,Proliferation,true,false,true
47,96,Proliferation,true,true,true
78,44,Proliferation,true,false,false
102,77,Proliferation,true,false,true
65,58,Growth_Arrest,false,false,true
69,105,Proliferation,true,true,true
70,55,Growth_Arrest,false,true,true
48,95,Proliferation,true,true,false
97,61,Proliferation,true,true,true
73,41,Proliferation,true,true,true
66,71,Proliferation,true,false,true
75,70,Proliferation,true,true,true
80,53,Proliferation,true,false,true
94,101,Proliferation,true,false,false
88,42,Growth_Arrest,false,true,true
91,64,Proliferation,true,true,true
96,75,Proliferation,true,true,true
105,84,Growth_Arrest,false,true,false
53,61,Growth_Arrest,false,true,false
53,77,Proliferation,true,false,false
47,89,Proliferation,true,true,false
82,51,Proliferation,true,false,false
82,69,Proliferation,true,true,false
70,108,Proliferation,true,false,true
43,80,Growth_Arrest,false,true,false
96,97,Growth_Arrest,false,false,false
102,60,Proliferation,true,true,false
51,48,Proliferation,true,true,false
82,102,Proliferation,true,false,false
91,56,Proliferation,true,false,true
72,56,Proliferation,true,false,true
65,45,Growth_Arrest,false,false,false
76,58,Proliferation,true,false,false
80,92,Proliferation,true,false,true
82,46,Growth_Arrest,false,true,false
61,62,Proliferation,true,false,false
72,109,Proliferation,true,true,true
62,88,Growth_Arrest,false,true,true
98,57,Proliferation,true,false,true
57,83,Growth_Arrest,false,false,true
84,93,Growth_Arrest,false,true,true
59,53,Proliferation,true,true,false
90,78,Growth_Arrest,false,true,true
92,82,Proliferation,true,true,true
73,102,Growth_Arrest,false,false,true
108,79,Proliferation,true,false,false
81,84,Proliferation,true,false,true
90,92,Proliferation,true,true,true
86,76,Growth_Arrest,false,false,false
60,61,Proliferation,true,false,true
90,56,Proliferation,true,true,true
76,73,Proliferation,true,true,true
84,69,Proliferation,true,false,false
88,74,Proliferation,true,true,false
78,48,Proliferation,true,false,false
77,82,Proliferation,true,false,true
88,100,Proliferation,true,false,true
64,95,Proliferation,true,true,true
45,91,Proliferation,true,false,false
55,60,Proliferation,true,false,false
68,43,Proliferation,true,false,true
78,79,Growth_Arrest,false,true,false
104,60,Growth_Arrest,false,false,false
67,94,Proliferation,true,true,true
92,96,Growth_Arrest,false,true,false
59,84,Proliferation,true,false,true
88,45,Proliferation,true,false,true
76,96,Proliferation,true,true,true
48,75,Proliferation,true,true,false
105,92,Proliferation,true,true,false
45,82,Growth_Arrest,false,false,true
87,46,Proliferation,true,false,false
74,44,Proliferation,true,false,true
46,66,Proliferation,true,false,true
81,106,Growth_Arrest,false,true,false
57,44,Proliferation,true,false,false
76,66,Growth_Arrest,false,false,true
69,73,Growth_Arrest,false,false,false
103,66,Proliferation,true,false,true
73,62,Proliferation,true,true,false
42,68,Proliferation,true,true,true
64,60,Proliferation,true,false,true
66,61,Growth_Arrest,false,false,false
56,64,Proliferation,true,true,true
54,72,Proliferation,true,true,false
60,75,Growth_Arrest,false,true,true
80,73,Proliferation,true,false,true
61,65,Growth_Arrest,false,false,false
72,91,Proliferation,true,false,false
40,82,Proliferation,true,true,true
85,47,Proliferation,true,true,false
107,84,Proliferation,true,true,true
46,61,Growth_Arrest,false,false,true
72,89,Proliferation,true,false,true
87,48,Growth_Arrest,false,true,false
97,91,Proliferation,true,true,true
47,84,Growth_Arrest,false,true,false
47,61,Proliferation,true,true,false
79,53,Proliferation,true,true,true
76,60,Proliferation,true,false,true
60,57,Growth_Arrest,false,false,true
70,98,Proliferation,true,false,true
65,50,Growth_Arrest,false,true,false
52,87,Proliferation,true,true,false
55,52,Growth_Arrest,false,true,false
55,83,Proliferation,true,true,false
61,75,Proliferation,true,false,true
92,45,Proliferation,true,false,false
72,43,Growth_Arrest,false,true,true
84,59,Proliferation,true,false,false
68,75,Proliferation,true,false,false
79,103,Growth_Arrest,false,false,false
79,100,Proliferation,true,true,false
86,54,Proliferation,true,false,true
88,86,Proliferation,true,false,true
54,101,Growth_Arrest,false,true,true
81,41,Growth_Arrest,false,true,true
52,95,Proliferation,true,false,true
75,88,Growth_Arrest,false,true,true
67,90,Proliferation,true,true,true
78,91,Growth_Arrest,false,false,false
45,84,Proliferation,true,false,false
64,99,Proliferation,true,false,true
106,60,Proliferation,true,false,false
104,57,Growth_Arrest,false,false,true
42,81,Proliferation,true,false,false
56,85,Growth_Arrest,false,true,true
76,93,Proliferation,true,false,false
106,77,Proliferation,true,true,false
80,51,Growth_Arrest,false,true,false
104,83,Proliferation,true,true,false
49,79,Proliferation,true,true,true
47,52,Proliferation,true,false,true
74,73,Growth_Arrest,false,false,true
98,95,Proliferation,true,true,false
75,69,Growth_Arrest,false,false,false
58,56,Growth_Arrest,false,false,true
59,49,Proliferation,true,false,true
81,97,Proliferation,true,true,false
57,101,Proliferation,true,true,true
96,54,Proliferation,true,false,false
60,67,Growth_Arrest,false,true,true
59,87,Growth_Arrest,false,true,false
73,43,Proliferation,true,false,false
44,69,Growth_Arrest,false,false,true
82,91,Growth_Arrest,false,true,true
92,68,Proliferation,true,true,true
63,105,Proliferation,true,false,true
67,40,Growth_Arrest,false,true,true
72,84,Proliferation,true,true,true
91,82,Proliferation,true,false,false
51,67,Growth_Arrest,false,false,true
58,105,Proliferation,true,false,true
58,69,Growth_Arrest,false,false,false
83,79,Proliferation,true,false,true
108,82,Proliferation,true,false,false
101,53,Proliferation,true,false,false
57,59,Proliferation,true,false,true
42,80,Growth_Arrest,false,true,false
49,87,Proliferation,true,false,false
63,63,Proliferation,true,true,false
66,45,Growth_Arrest,false,false,false
71,45,Proliferation,true,false,false
41,70,Growth_Arrest,false,true,false
53,92,Proliferation,true,false,false
68,44,Proliferation,true,true,false
60,92,Proliferation,true,true,false
105,60,Proliferation,true,false,true
66,43,Proliferation,true,false,false
67,68,Proliferation,true,true,true
98,51,Proliferation,true,false,false
91,95,Growth_Arrest,false,false,true
84,87,Proliferation,true,false,true
84,65,Growth_Arrest,false,false,true
47,63,Proliferation,true,false,true
70,88,Proliferation,true,true,false
81,100,Proliferation,true,true,true
67,84,Proliferation,true,true,true
87,54,Growth_Arrest,false,false,false
56,55,Proliferation,true,false,true
41,69,Proliferation,true,false,true
56,75,Proliferation,true,true,true
85,85,Proliferation,true,false,false
98,55,Growth_Arrest,false,true,true
60,107,Proliferation,true,false,true
41,84,Growth_Arrest,false,false,false
95,63,Proliferation,true,false,true
66,74,Proliferation,true,false,true
52,50,Proliferation,true,true,false
100,73,Proliferation,true,false,true
42,60,Proliferation,true,false,true
51,79,Growth_Arrest,false,false,true
86,65,Proliferation,true,true,true
74,101,Proliferation,true,false,true
60,74,Proliferation,true,true,false
68,103,Growth_Arrest,false,false,true
55,77,Proliferation,true,true,true
57,49,Proliferation,true,false,false
73,75,Proliferation,true,false,true
58,92,Proliferation,true,false,true
64,101,Proliferation,true,true,false
76,78,Proliferation,true,false,false
89,89,Growth_Arrest,false,true,false
64,58,Proliferation,true,false,false
102,69,Proliferation,true,true,false
65,83,Proliferation,true,true,true
58,95,Proliferation,true,false,true
53,91,Proliferation,true,true,true
65,71,Proliferation,true,true,true
63,70,Proliferation,true,false,true
61,64,Growth_Arrest,false,false,true
107,77,Growth_Arrest,false,true,false
68,51,Proliferation,true,true,true
43,72,Proliferation,true,false,true
86,75,Proliferation,true,false,false
89,94,Proliferation,true,false,false
78,54,Proliferation,true,false,true
69,80,Proliferation,true,true,false
79,67,Proliferation,true,true,true
71,99,Proliferation,true,true,false
57,64,Proliferation,true,false,false
57,88,Proliferation,true,false,true
75,39,Proliferation,true,true,false
109,69,Proliferation,true,true,false
76,70,Proliferation,true,true,false
101,72,Proliferation,true,true,true
84,108,Proliferation,true,false,true
99,91,Proliferation,true,true,false
57,47,Proliferation,true,false,true
92,62,Proliferation,true,true,true
90,98,Proliferation,true,true,false
55,97,Proliferation,true,true,true
60,87,Growth_Arrest,false,true,false
62,87,Proliferation,true,false,true
51,57,Proliferation,true,true,true
43,90,Proliferation,true,false,false
70,67,Proliferation,true,false,false
74,69,Growth_Arrest,false,false,false
94,100,Proliferation,true,true,false
68,56,Proliferation,true,true,true
91,60,Growth_Arrest,false,false,true
83,40,Proliferation,true,false,false
53,78,Proliferation,true,false,true
107,73,Growth_Arrest,false,false,true
94,95,Proliferation,true,false,true
79,94,Growth_Arrest,false,true,true
73,84,Proliferation,true,false,true
50,58,Proliferation,true,false,true
82,70,Proliferation,true,false,false
55,45,Growth_Arrest,false,true,false
59,74,Proliferation,true,true,false
55,86,Proliferation,true,false,false
70,47,Proliferation,true,true,false
53,60,Growth_Arrest,false,false,true
90,54,Proliferation,true,false,true
90,48,Proliferation,true,true,false
67,66,Growth_Arrest,false,false,false
53,102,Proliferation,true,true,true
80,41,Proliferation,true,true,true
109,66,Growth_Arrest,false,true,false
90,101,Growth_Arrest,false,false,false
70,46,Proliferation,true,false,false
99,51,Proliferation,true,true,false
71,109,Proliferation,true,true,true
79,61,Growth_Arrest,false,false,true
78,42,Proliferation,true,true,true
76,94,Proliferation,true,true,true
85,71,Growth_Arrest,false,false,false
101,93,Proliferation,true,false,false
66,107,Proliferation,true,false,true
79,62,Proliferation,true,false,false
41,82,Proliferation,true,true,false
76,110,Proliferation,true,true,false
99,76,Proliferation,true,false,true
80,58,Growth_Arrest,false,true,true
57,71,Proliferation,true,false,false
46,62,Proliferation,true,true,true
83,73,Growth_Arrest,false,true,false
65,80,Proliferation,true,true,true
101,95,Growth_Arrest,false,true,true
82,73,Growth_Arrest,false,true,true
68,58,Growth_Arrest,false,false,true
66,109,Proliferation,true,false,false
94,86,Growth_Arrest,false,false,true
78,58,Proliferation,true,true,true
42,66,Growth_Arrest,false,false,true
80,76,Proliferation,true,false,true
77,73,Proliferation,true,true,false
50,62,Proliferation,true,true,true
103,80,Proliferation,true,true,true
83,82,Growth_Arrest,false,false,true
84,64,Growth_Arrest,false,true,false
64,69,Growth_Arrest,false,false,true
85,97,Proliferation,true,true,false
94,74,Proliferation,true,false,false
62,47,Proliferation,true,true,true
81,42,Growth_Arrest,false,true,false
60,76,Proliferation,true,true,false
69,68,Proliferation,true,false,false
64,52,Growth_Arrest,false,false,true
66,51,Growth_Arrest,false,false,true
46,93,Growth_Arrest,false,false,true
75,43,Proliferation,true,false,false
87,64,Proliferation,true,false,false
56,90,Growth_Arrest,false,false,true
91,83,Proliferation,true,true,false
61,80,Proliferation,true,true,true
64,81,Growth_Arrest,false,true,true
53,66,Growth_Arrest,false,false,false
66,89,Proliferation,true,true,true
86,42,Proliferation,true,false,true
54,74,Growth_Arrest,false,true,false
59,98,Proliferation,true,true,false
93,55,Proliferation,true,true,false
79,64,Growth_Arrest,false,true,true
42,77,Growth_Arrest,false,false,true
95,67,Growth_Arrest,false,false,true
88,98,Growth_Arrest,false,true,true
109,73,Growth_Arrest,false,false,true
75,106,Growth_Arrest,false,true,true
63,47,Proliferation,true,false,false
81,63,Proliferation,true,false,false
47,90,Proliferation,true,true,false
50,74,Growth_Arrest,false,true,false
47,85,Growth_Arrest,false,false,true
79,107,Growth_Arrest,false,false,false
55,90,Growth_Arrest,false,false,false
69,58,Proliferation,true,false,true
84,77,Proliferation,true,true,false
63,67,Proliferation,true,true,false
81,56,Proliferation,true,true,true
72,107,Growth_Arrest,false,true,false
52,78,Proliferation,true,true,false
53,87,Proliferation,true,true,false
98,96,Proliferation,true,false,true
88,102,Proliferation,true,true,true
85,87,Proliferation,true,true,false
89,67,Proliferation,true,false,false
93,53,Proliferation,true,false,false
65,84,Proliferation,true,false,false
92,47,Proliferation,true,false,true
65,48,Proliferation,true,false,true
94,94,Growth_Arrest,false,false,false
79,73,Proliferation,true,false,true
57,51,Proliferation,true,false,true
85,43,Proliferation,true,false,true
75,105,Proliferation,true,false,true
102,53,Proliferation,true,true,true
70,74,Growth_Arrest,false,false,true
74,41,Proliferation,true,false,false
87,51,Growth_Arrest,false,true,false
72,76,Proliferation,true,false,true
57,100,Proliferation,true,false,false
51,95,Growth_Arrest,false,true,false
49,74,Proliferation,true,true,true
94,104,Proliferation,true,true,false
58,67,Proliferation,true,true,false
88,62,Proliferation,true,false,true
66,59,Growth_Arrest,false,true,false
79,88,Growth_Arrest,false,true,false
92,69,Proliferation,true,false,true
48,80,Growth_Arrest,false,true,false
91,80,Proliferation,true,true,false
52,101,Proliferation,true,true,false
60,45,Proliferation,true,true,false
46,75,Proliferation,true,true,true
77,84,Growth_Arrest,false,true,true
42,82,Proliferation,true,true,true
84,94,Proliferation,true,true,false
72,102,Proliferation,true,false,false
85,44,Proliferation,true,true,false
55,69,Proliferation,true,true,true
56,97,Proliferation,true,true,true
51,93,Proliferation,true,false,true
79,68,Proliferation,true,false,true
91,88,Proliferation,true,false,true
92,51,Proliferation,true,false,true
66,68,Growth_Arrest,false,true,true
40,74,Growth_Arrest,false,true,false
45,59,Proliferation,true,false,true
71,85,Proliferation,true,true,true
44,60,Proliferation,true,false,true
104,70,Proliferation,true,true,false
94,96,Growth_Arrest,false,true,true
50,71,Proliferation,true,false,true
99,98,Growth_Arrest,false,true,true
80,59,Proliferation,true,true,true
83,91,Growth_Arrest,false,false,false
71,70,Proliferation,true,false,true
79,104,Proliferation,true,false,true
67,97,Growth_Arrest,false,false,true
82,75,Growth_Arrest,false,true,false
100,98,Proliferation,true,false,true
60,71,Proliferation,true,false,true
55,59,Proliferation,true,true,false
64,65,Proliferation,true,true,false
108,75,Proliferation,true,true,false
81,88,Proliferation,true,true,true
103,79,Proliferation,true,true,true
68,53,Proliferation,true,true,false
92,49,Proliferation,true,true,true
101,96,Proliferation,true,true,true
88,95,Growth_Arrest,false,false,false
62,79,Proliferation,true,false,false
55,53,Proliferation,true,true,false
45,62,Proliferation,true,false,true
87,49,Proliferation,true,false,true
81,92,Growth_Arrest,false,false,true
53,64,Proliferation,true,true,false
80,43,Proliferation,true,false,true
55,50,Proliferation,true,false,false
92,72,Proliferation,true,false,true
71,67,Proliferation,true,false,true
86,77,Growth_Arrest,false,false,true
48,68,Proliferation,true,false,false
61,96,Proliferation,true,true,false
61,102,Growth_Arrest,false,true,true
84,42,Proliferation,true,true,true
78,71,Growth_Arrest,false,true,false
85,103,Growth_Arrest,false,true,false
100,81,Growth_Arrest,false,true,true
104,62,Proliferation,true,false,false
106,63,Growth_Arrest,false,true,false
58,47,Proliferation,true,false,true
104,56,Proliferation,true,false,false
96,88,Proliferation,true,true,false
41,80,Growth_Arrest,false,true,true
46,92,Growth_Arrest,false,true,true
110,74,Proliferation,true,true,false
86,96,Proliferation,true,true,false
41,81,Proliferation,true,true,false
59,65,Growth_Arrest,false,true,false
71,46,Proliferation,true,true,false
87,85,Proliferation,true,false,false
91,100,Proliferation,true,false,true
87,78,Proliferation,true,false,true
51,100,Proliferation,true,true,false
70,43,Growth_Arrest,false,false,true
49,65,Proliferation,true,true,false
93,90,Proliferation,true,true,false
82,68,Proliferation,true,false,false
92,102,Growth_Arrest,false,true,false
55,103,Proliferation,true,true,true
87,61,Proliferation,true,true,false
88,90,Proliferation,true,false,false
65,103,Proliferation,true,true,true
54,99,Growth_Arrest,false,true,true
95,71,Proliferation,true,true,false
64,41,Proliferation,true,false,true
92,67,Proliferation,true,true,false
54,53,Growth_Arrest,false,true,true
49,75,Proliferation,true,true,true
66,48,Growth_Arrest,false,true,true
53,79,Proliferation,true,false,true
82,56,Proliferation,true,false,true
59,86,Proliferation,true,false,true
74,99,Proliferation,true,true,false
76,61,Proliferation,true,false,true
77,65,Proliferation,true,false,true
93,79,Proliferation,true,false,false
62,75,Proliferation,true,false,false
86,87,Proliferation,true,false,true
87,81,Proliferation,true,true,false
106,86,Growth_Arrest,false,true,false
74,51,Proliferation,true,true,false
80,105,Proliferation,true,true,true
109,70,Growth_Arrest,false,true,true
75,75,Proliferation,true,true,false
81,61,Proliferation,true,true,true
81,49,Proliferation,true,true,true
94,69,Growth_Arrest,false,false,false
90,46,Proliferation,true,true,true
83,89,Proliferation,true,false,true
52,73,Proliferation,true,true,false
48,70,Proliferation,true,false,false
63,82,Proliferation,true,true,false
74,47,Proliferation,true,true,true
64,44,Proliferation,true,false,true
96,69,Proliferation,true,true,true
56,96,Proliferation,true,true,true
101,65,Growth_Arrest,false,false,true
79,49,Proliferation,true,false,false
86,82,Proliferation,true,true,false
77,99,Growth_Arrest,false,false,false
62,101,Proliferation,true,true,false
64,75,Proliferation,true,true,true
105,67,Growth_Arrest,false,true,false
55,62,Proliferation,true,false,false
72,44,Growth_Arrest,false,true,false
67,83,Proliferation,true,true,true
92,103,Proliferation,true,true,false
51,62,Proliferation,true,false,false
74,80,Growth_Arrest,false,false,false
70,40,Proliferation,true,false,true
105,88,Growth_Arrest,false,false,true
76,88,Growth_Arrest,false,true,true
63,75,Growth_Arrest,false,false,false
47,97,Growth_Arrest,false,false,false
79,43,Proliferation,true,true,true
67,87,Proliferation,true,true,false
88,76,Growth_Arrest,false,true,true
74,71,Growth_Arrest,false,true,true
56,57,Proliferation,true,true,false
72,67,Proliferation,true,false,true
57,48,Proliferation,true,true,false
61,83,Growth_Arrest,false,false,true
75,63,Proliferation,true,false,true
72,90,Growth_Arrest,false,false,true
47,68,Growth_Arrest,false,false,true
40,79,Growth_Arrest,false,false,true
63,77,Proliferation,true,false,true
50,84,Growth_Arrest,false,true,true
57,93,Proliferation,true,false,true
51,73,Proliferation,true,false,false
55,75,Proliferation,true,true,true
91,51,Growth_Arrest,false,true,true
83,103,Proliferation,true,true,false
72,66,Growth_Arrest,false,false,false
81,87,Proliferation,true,false,false
58,71,Proliferation,true,false,false
87,53,Growth_Arrest,false,true,false
78,86,Proliferation,true,true,true
74,72,Proliferation,true,false,false
74,95,Proliferation,true,false,false
46,65,Proliferation,true,true,false
86,89,Proliferation,true,true,false
83,65,Proliferation,true,true,true
84,97,Proliferation,true,true,true
83,87,Proliferation,true,false,false
102,52,Proliferation,true,true,true
56,82,Proliferation,true,false,false
78,92,Proliferation,true,true,false
81,89,Proliferation,true,false,true
91,73,Growth_Arrest,false,false,true
57,91,Growth_Arrest,false,true,false
80,48,Proliferation,true,true,false
98,91,Proliferation,true,false,true
106,71,Growth_Arrest,false,false,false
77,104,Proliferation,true,true,false
106,65,Proliferation,true,false,true
107,67,Proliferation,true,false,false
49,73,Proliferation,true,true,true
81,62,Proliferation,true,true,true
68,109,Growth_Arrest,false,true,false
104,72,Proliferation,true,true,true
40,80,Proliferation,true,false,true
52,70,Proliferation,true,false,false
64,71,Growth_Arrest,false,false,true
53,51,Growth_Arrest,false,true,false
106,82,Growth_Arrest,false,true,true
88,82,Proliferation,true,true,true
68,99,Growth_Arrest,false,false,false
88,104,Growth_Arrest,false,true,false
52,77,Proliferation,true,true,true
43,83,Proliferation,true,false,true
60,101,Proliferation,true,true,false
64,90,Proliferation,true,false,true
83,78,Proliferation,true,false,true
56,65,Proliferation,true,true,false
96,74,Proliferation,true,true,true
105,72,Proliferation,true,false,true
78,70,Proliferation,true,false,true
90,58,Growth_Arrest,false,false,false
71,59,Growth_Arrest,false,false,true
91,48,Growth_Arrest,false,false,true
70,97,Growth_Arrest,false,true,true
48,55,Growth_Arrest,false,false,true
80,80,Proliferation,true,true,false
65,57,Proliferation,true,false,true
103,62,Proliferation,true,true,false
52,68,Proliferation,true,false,true
54,68,Proliferation,true,true,false
96,56,Proliferation,true,false,false
99,58,Growth_Arrest,false,true,false
84,85,Proliferation,true,true,false
83,46,Growth_Arrest,false,false,true
47,92,Proliferation,true,false,false
88,58,Proliferation,true,false,true
48,72,Growth_Arrest,false,false,true
89,97,Proliferation,true,true,false
84,84,Proliferation,true,true,true
50,67,Proliferation,true,true,false
107,71,Growth_Arrest,false,false,false
60,56,Proliferation,true,false,false
62,98,Proliferation,true,false,false
100,93,Growth_Arrest,false,false,false
80,81,Proliferation,true,true,true
77,68,Proliferation,true,false,false
58,64,Proliferation,true,true,false
39,73,Proliferation,true,true,true
67,91,Growth_Arrest,false,true,true
56,58,Proliferation,true,false,true
98,97,Proliferation,true,true,true
83,99,Proliferation,true,false,false
42,71,Proliferation,true,false,true
86,97,Proliferation,true,true,true
91,92,Proliferation,true,true,false
71,92,Growth_Arrest,false,true,false
59,105,Proliferation,true,true,true
98,85,Proliferation,true,true,false
59,56,Proliferation,true,false,false
100,52,Proliferation,true,false,false
100,57,Growth_Arrest,false,true,true
105,58,Proliferation,true,true,true
74,65,Growth_Arrest,false,false,false
91,50,Proliferation,true,false,true
78,56,Growth_Arrest,false,false,true
101,55,Growth_Arrest,false,false,false
94,72,Proliferation,true,true,true
76,87,Proliferation,true,true,true
81,70,Proliferation,true,false,false
64,91,Proliferation,true,true,true
55,102,Proliferation,true,false,false
105,75,Proliferation,true,false,true
53,74,Proliferation,true,false,false
69,107,Proliferation,true,true,true
54,57,Proliferation,true,false,true
81,64,Proliferation,true,false,false
52,60,Proliferation,true,true,true
47,57,Proliferation,true,false,false
75,48,Proliferation,true,false,false
72,50,Proliferation,true,true,false
57,69,Growth_Arrest,false,true,false
80,101,Proliferation,true,false,false
65,75,Proliferation,true,false,true
54,55,Proliferation,true,false,false
88,103,Proliferation,true,false,false
62,95,Growth_Arrest,false,true,true
98,76,Proliferation,true,true,true
55,78,Growth_Arrest,false,true,false
73,87,Proliferation,true,true,true
108,74,Proliferation,true,true,true
84,76,Growth_Arrest,false,true,true
103,76,Proliferation,true,false,true
49,90,Proliferation,true,true,true
86,53,Proliferation,true,true,true
43,77,Growth_Arrest,false,true,false
99,70,Proliferation,true,false,false
74,56,Growth_Arrest,false,false,true
58,74,Proliferation,true,false,true
91,78,Proliferation,true,true,true
44,90,Proliferation,true,false,false
79,78,Growth_Arrest,false,false,true
68,65,Growth_Arrest,false,true,false
60,104,Proliferation,true,true,true
63,92,Proliferation,true,true,true
89,83,Growth_Arrest,false,false,false
54,69,Proliferation,true,true,false
75,107,Proliferation,true,false,true
77,98,Proliferation,true,false,true
80,45,Proliferation,true,true,true
65,92,Proliferation,true,true,false
69,51,Growth_Arrest,false,false,false
49,51,Proliferation,true,false,true
96,68,Proliferation,true,true,false
60,59,Proliferation,true,true,false
81,91,Growth_Arrest,false,true,false
55,54,Growth_Arrest,false,false,true
97,96,Proliferation,true,true,true
48,87,Proliferation,true,true,false
93,104,Proliferation,true,false,false
72,97,Proliferation,true,false,false
92,98,Growth_Arrest,false,false,true
62,43,Proliferation,true,true,true
95,53,Proliferation,true,true,true
69,79,Proliferation,true,true,true
61,61,Proliferation,true,false,true
93,75,Growth_Arrest,false,true,true
78,93,Proliferation,true,false,false
91,71,Proliferation,true,true,false
70,86,Growth_Arrest,false,false,false
71,48,Proliferation,true,true,false
73,91,Proliferation,true,false,true
95,95,Proliferation,true,false,false
57,45,Growth_Arrest,false,false,true
56,77,Proliferation,true,true,true
63,61,Growth_Arrest,false,false,true
102,92,Proliferation,true,false,false
79,95,Proliferation,true,true,false
57,87,Proliferation,true,false,false
65,72,Growth_Arrest,false,true,false
77,89,Proliferation,true,false,true
96,63,Proliferation,true,false,true
77,50,Proliferation,true,false,true
46,72,Proliferation,true,false,true
102,55,Growth_Arrest,false,true,false
61,47,Proliferation,true,true,false
100,71,Growth_Arrest,false,true,true
64,78,Growth_Arrest,false,false,true
62,99,Proliferation,true,true,false
99,90,Growth_Arrest,false,false,false
100,79,Growth_Arrest,false,false,true
50,54,Growth_Arrest,false,false,true
63,68,Proliferation,true,true,false
81,79,Growth_Arrest,false,false,false
83,50,Proliferation,true,false,false
53,95,Proliferation,true,true,true
78,83,Proliferation,true,false,false
104,63,Proliferation,true,true,false
52,57,Proliferation,true,false,true
48,98,Proliferation,true,true,true
60,62,Proliferation,true,true,false
92,44,Growth_Arrest,false,false,true
93,95,Proliferation,true,false,true
93,77,Proliferation,true,false,false
75,61,Growth_Arrest,false,false,false
85,55,Proliferation,true,false,false
105,57,Growth_Arrest,false,false,true
56,69,Proliferation,true,false,true
79,89,Proliferation,true,true,false
82,41,Proliferation,true,true,false
67,72,Proliferation,true,true,false
72,62,Proliferation,true,true,true
65,59,Growth_Arrest,false,false,false
98,75,Proliferation,true,false,true
66,99,Proliferation,true,false,true
101,57,Proliferation,true,true,false
94,97,Proliferation,true,true,false
70,79,Proliferation,true,false,false
77,74,Growth_Arrest,false,true,false
78,101,Growth_Arrest,false,true,true
74,94,Proliferation,true,false,true
58,43,Proliferation,true,false,true
59,68,Growth_Arrest,false,false,true
88,53,Growth_Arrest,false,false,false
59,93,Growth_Arrest,false,true,false
87,90,Proliferation,true,false,true
45,85,Proliferation,true,false,true
60,97,Proliferation,true,false,true
67,100,Growth_Arrest,false,true,false
104,91,Proliferation,true,false,false
71,40,Proliferation,true,true,false
54,58,Proliferation,true,false,true
74,102,Proliferation,true,true,true
66,101,Proliferation,true,true,false
86,61,Growth_Arrest,false,false,true
47,65,Proliferation,true,true,false
61,105,Proliferation,true,true,true
94,64,Proliferation,true,false,true
58,54,Proliferation,true,false,false
89,98,Proliferation,true,true,false
67,42,Growth_Arrest,false,false,true
70,94,Growth_Arrest,false,false,true
105,77,Proliferation,true,true,true
57,67,Growth_Arrest,false,true,false
74,83,Proliferation,true,false,false
47,80,Proliferation,true,false,true
64,67,Proliferation,true,true,false
94,70,Proliferation,true,true,true
62,53,Proliferation,true,true,true
65,97,Growth_Arrest,false,false,true
106,74,Proliferation,true,false,true
77,72,Proliferation,true,false,false
89,70,Proliferation,true,true,true
96,89,Proliferation,true,false,true
76,95,Proliferation,true,false,true
48,94,Growth_Arrest,false,false,true
90,82,Proliferation,true,true,true
54,63,Proliferation,true,true,false
43,65,Proliferation,true,false,true
53,56,Proliferation,true,false,false
79,55,Proliferation,true,true,true
79,83,Growth_Arrest,false,true,true
83,95,Proliferation,true,false,false
72,106,Growth_Arrest,false,true,false
68,52,Proliferation,true,true,true
83,61,Proliferation,true,false,true
104,69,Proliferation,true,false,false
53,96,Proliferation,true,true,false
64,93,Proliferation,true,true,false
96,48,Growth_Arrest,false,true,false
78,82,Proliferation,true,true,false
71,94,Proliferation,true,true,false
102,87,Growth_Arrest,false,false,false
51,94,Proliferation,true,false,true
45,60,Growth_Arrest,false,true,false
67,54,Proliferation,true,true,false
86,67,Growth_Arrest,false,false,false
67,59,Growth_Arrest,false,false,false
48,54,Proliferation,true,true,false
73,108,Growth_Arrest,false,true,false
76,67,Proliferation,true,true,true
78,96,Proliferation,true,false,false
43,71,Proliferation,true,true,true
48,90,Proliferation,true,true,false
64,42,Growth_Arrest,false,false,true
74,45,Growth_Arrest,false,false,false
100,60,Proliferation,true,false,false
69,44,Growth_Arrest,false,true,false
104,78,Growth_Arrest,false,true,true
72,40,Proliferation,true,false,true
81,59,Growth_Arrest,false,true,false
66,62,Proliferation,true,true,true
90,71,Proliferation,true,true,false
74,66,Proliferation,true,false,true
93,74,Growth_Arrest,false,true,true
53,50,Growth_Arrest,false,false,true
91,47,Growth_Arrest,false,false,true
103,67,Proliferation,true,true,false
82,94,Proliferation,true,true,true
66,84,Proliferation,true,false,false
68,45,Proliferation,true,true,false
98,101,Proliferation,true,false,true
99,94,Proliferation,true,false,true
109,77,Proliferation,true,true,true
62,83,Proliferation,true,true,false
85,86,Proliferation,true,false,true
46,82,Proliferation,true,false,true
96,95,Proliferation,true,true,true
45,75,Growth_Arrest,false,false,true
63,100,Growth_Arrest,false,false,true
47,66,Proliferation,true,false,true
87,101,Proliferation,true,true,false
107,62,Proliferation,true,false,true
92,86,Growth_Arrest,false,false,true
99,60,Growth_Arrest,false,false,false
99,89,Proliferation,true,true,true
103,86,Proliferation,true,false,true
72,71,Proliferation,true,false,false
75,74,Proliferation,true,true,true
66,55,Proliferation,true,true,false
46,74,Growth_Arrest,false,false,true
59,100,Growth_Arrest,false,false,false
50,91,Growth_Arrest,false,true,false
91,65,Growth_Arrest,false,false,true
43,62,Proliferation,true,true,true
58,100,Growth_Arrest,false,true,true
97,79,Proliferation,true,false,false
76,75,Proliferation,true,true,false
85,80,Proliferation,true,false,true
59,45,Proliferation,true,false,true
92,78,Proliferation,true,true,false
82,55,Growth_Arrest,false,true,false
94,67,Proliferation,true,false,true
79,60,Growth_Arrest,false,true,false
50,77,Growth_Arrest,false,true,true
69,103,Growth_Arrest,false,false,false
46,57,Proliferation,true,true,false
83,63,Growth_Arrest,false,false,true
96,84,Growth_Arrest,false,true,false
40,67,Proliferation,true,false,false
83,48,Growth_Arrest,false,true,true
91,77,Proliferation,true,false,true
51,85,Proliferation,true,true,false
78,80,Proliferation,true,false,false
109,80,Proliferation,true,false,true
63,85,Growth_Arrest,false,true,true
81,108,Growth_Arrest,false,false,false
47,87,Growth_Arrest,false,false,false
92,105,Growth_Arrest,false,false,false
61,52,Proliferation,true,false,false
69,109,Proliferation,true,true,true
74,50,Growth_Arrest,false,true,true
98,80,Proliferation,true,true,true
88,92,Growth_Arrest,false,true,true
69,46,Proliferation,true,true,false
84,80,Proliferation,true,false,false
83,71,Proliferation,true,true,false
98,88,Proliferation,true,false,false
61,101,Proliferation,true,true,true
58,96,Proliferation,true,true,false
60,44,Proliferation,true,false,true
49,83,Proliferation,true,false,true
64,106,Growth_Arrest,false,false,false
61,79,Proliferation,true,false,false
61,77,Proliferation,true,false,true
52,80,Growth_Arrest,false,false,false
105,69,Growth_Arrest,false,true,true
51,98,Growth_Arrest,false,false,false
44,74,Proliferation,true,false,true
81,85,Proliferation,true,true,false
93,71,Proliferation,true,true,false
52,53,Proliferation,true,false,false
99,65,Proliferation,true,true,false
97,98,Proliferation,true,false,false
73,100,Growth_Arrest,false,true,true
97,74,Proliferation,true,false,true
65,96,Proliferation,true,true,false
92,79,Growth_Arrest,false,true,false
76,40,Growth_Arrest,false,true,false
72,57,Proliferation,true,false,true
71,54,Growth_Arrest,false,false,true
66,77,Proliferation,true,true,true
62,66,Proliferation,true,false,false
92,74,Proliferation,true,false,true
86,63,Proliferation,true,true,true
85,77,Proliferation,true,true,true
86,102,Proliferation,true,false,true
82,79,Growth_Arrest,false,true,true
51,80,Growth_Arrest,false,true,true
106,89,Growth_Arrest,false,true,false
105,63,Growth_Arrest,false,false,true
70,107,Growth_Arrest,false,true,false
67,74,Growth_Arrest,false,false,false
78,57,Proliferation,true,false,false
92,65,Proliferation,true,true,true
70,61,Proliferation,true,false,true
77,103,Proliferation,true,true,true
56,56,Proliferation,true,true,true
69,83,Proliferation,true,true,true
45,63,Proliferation,true,false,true
63,72,Growth_Arrest,false,true,true
42,79,Proliferation,true,false,true
51,84,Proliferation,true,true,false
55,64,Growth_Arrest,false,true,false
97,92,Proliferation,true,true,true
97,88,Proliferation,true,true,true
47,64,Proliferation,true,true,false
63,58,Growth_Arrest,false,false,false
87,98,Proliferation,true,true,true
71,97,Growth_Arrest,false,false,false
54,103,Proliferation,true,false,false
65,73,Proliferation,true,true,true
85,96,Proliferation,true,true,true
58,72,Proliferation,true,false,true
53,85,Proliferation,true,false,false
74,88,Growth_Arrest,false,true,true
94,79,Growth_Arrest,false,true,true
74,75,Proliferation,true,true,true
39,76,Proliferation,true,false,false
97,83,Proliferation,true,true,false
97,56,Growth_Arrest,false,true,true
71,58,Growth_Arrest,false,false,false
82,76,Growth_Arrest,false,true,false
77,83,Growth_Arrest,false,false,true
84,75,Growth_Arrest,false,true,true
70,103,Proliferation,true,true,false
94,76,Proliferation,true,false,false
61,69,Proliferation,true,false,false
40,75,Growth_Arrest,false,true,true
57,96,Growth_Arrest,false,true,false
97,54,Growth_Arrest,false,true,false
79,44,Proliferation,true,true,true
90,64,Proliferation,true,true,true
54,62,Growth_Arrest,false,true,true
83,90,Proliferation,true,false,false
105,86,Proliferation,true,true,true
63,78,Proliferation,true,true,false
101,59,Growth_Arrest,false,false,false
60,66,Proliferation,true,true,true
108,66,Proliferation,true,true,true
77,75,Proliferation,true,true,true
100,68,Growth_Arrest,false,true,true
103,69,Proliferation,true,false,true
77,96,Proliferation,true,true,false
72,82,Growth_Arrest,false,true,true
59,77,Proliferation,true,false,true
48,67,Proliferation,true,false,true
61,94,Proliferation,true,false,false
109,75,Proliferation,true,true,true
72,54,Proliferation,true,false,true
79,46,Proliferation,true,false,false
106,62,Proliferation,true,false,false
50,92,Proliferation,true,false,true
47,73,Proliferation,true,false,true
62,42,Growth_Arrest,false,true,false
95,83,Proliferation,true,true,false
89,61,Proliferation,true,true,false
44,76,Growth_Arrest,false,true,true
106,81,Proliferation,true,false,false
78,41,Proliferation,true,false,false
68,71,Proliferation,true,false,false
85,69,Proliferation,true,false,false
54,54,Growth_Arrest,false,false,true
59,47,Growth_Arrest,false,false,false
75,40,Proliferation,true,true,false
83,70,Proliferation,true,false,true
66,67,Proliferation,true,false,true
79,51,Proliferation,true,true,true
54,97,Growth_Arrest,false,true,false
83,49,Growth_Arrest,false,false,false
56,79,Proliferation,true,true,true
72,70,Growth_Arrest,false,false,false
93,102,Growth_Arrest,false,true,true
54,51,Proliferation,true,false,true
60,80,Proliferation,true,false,true
71,102,Growth_Arrest,false,false,false
83,51,Proliferation,true,true,false
51,63,Growth_Arrest,false,true,false
76,41,Proliferation,true,true,false
86,57,Growth_Arrest,false,false,true
72,88,Growth_Arrest,false,false,false
86,80,Proliferation,true,true,true
68,80,Proliferation,true,false,false
78,102,Proliferation,true,false,true
102,79,Growth_Arrest,false,false,true
61,54,Proliferation,true,false,true
72,55,Proliferation,true,true,true
88,79,Growth_Arrest,false,false,false
85,78,Growth_Arrest,false,false,true
104,58,Proliferation,true,false,true
58,88,Proliferation,true,true,true
66,108,Growth_Arrest,false,true,true
54,66,Proliferation,true,true,true
48,91,Growth_Arrest,false,true,false
41,73,Proliferation,true,false,false
72,104,Proliferation,true,true,true
54,47,Growth_Arrest,false,true,true
93,85,Growth_Arrest,false,true,false
62,58,Proliferation,true,true,true
76,106,Growth_Arrest,false,true,true
97,71,Proliferation,true,true,true
79,93,Proliferation,true,false,true
97,65,Proliferation,true,false,true
52,55,Proliferation,true,false,false
44,80,Proliferation,true,true,true
66,75,Proliferation,true,false,true
74,104,Proliferation,true,false,false
43,61,Proliferation,true,false,false
68,85,Proliferation,true,true,false
74,64,Proliferation,true,false,false
92,50,Proliferation,true,false,true
47,81,Proliferation,true,true,false
62,69,Proliferation,true,true,true
77,63,Proliferation,true,false,true
40,76,Growth_Arrest,false,true,true
81,104,Proliferation,true,false,true
81,52,Proliferation,true,false,false
49,50,Growth_Arrest,false,false,true
67,50,Growth_Arrest,false,false,true
67,53,Growth_Arrest,false,false,false
53,88,Proliferation,true,false,false
99,50,Growth_Arrest,false,false,false
101,79,Growth_Arrest,false,false,true
94,58,Growth_Arrest,false,true,false
107,88,Growth_Arrest,false,false,true
61,93,Proliferation,true,false,true
60,98,Proliferation,true,true,false
51,96,Proliferation,true,false,true
66,104,Proliferation,true,false,false
88,47,Growth_Arrest,false,false,true
76,39,Proliferation,true,false,false
54,46,Proliferation,true,false,false
92,104,Proliferation,true,true,false
81,86,Proliferation,true,false,true
81,73,Proliferation,true,false,false
51,81,Proliferation,true,false,false
75,85,Growth_Arrest,false,true,true
46,89,Proliferation,true,false,true
80,42,Proliferation,true,false,false
62,72,Proliferation,true,true,false
59,104,Proliferation,true,true,false
60,46,Proliferation,true,true,false
47,58,Growth_Arrest,false,false,false
74,60,Proliferation,true,true,false
49,59,Proliferation,true,false,true
75,98,Proliferation,true,false,true
108,65,Growth_Arrest,false,true,true
83,53,Proliferation,true,true,false
46,91,Proliferation,true,false,true
67,109,Proliferation,true,false,false
49,80,Growth_Arrest,false,true,true
106,70,Growth_Arrest,false,false,true
83,58,Growth_Arrest,false,true,true
90,91,Proliferation,true,false,true
101,66,Proliferation,true,false,true
61,88,Proliferation,true,true,true
78,74,Growth_Arrest,false,true,false
71,41,Proliferation,true,true,true
80,65,Proliferation,true,true,true
44,86,Proliferation,true,false,false
70,81,Proliferation,true,false,true
90,99,Proliferation,true,true,false
78,63,Proliferation,true,true,false
55,55,Growth_Arrest,false,true,true
95,92,Proliferation,true,false,true
87,72,Growth_Arrest,false,true,false
104,75,Proliferation,true,true,true
95,48,Proliferation,true,false,true
67,57,Growth_Arrest,false,false,false
52,98,Proliferation,true,true,true
50,94,Proliferation,true,true,false
56,52,Growth_Arrest,false,false,true
65,81,Proliferation,true,false,false
91,74,Proliferation,true,true,false
80,44,Growth_Arrest,false,true,true
90,80,Proliferation,true,false,false
58,57,Growth_Arrest,false,true,true
40,77,Proliferation,true,true,true
83,66,Proliferation,true,true,true
97,63,Proliferation,true,true,true
61,92,Proliferation,true,false,true
55,94,Proliferation,true,true,true
75,45,Proliferation,true,true,false
82,85,Growth_Arrest,false,true,true
103,55,Growth_Arrest,false,false,true
